isin,kind
AEDFXB25D009,corporate
ARARGE3209S6,corporate
AT0000383864,government
AT0000A04967,government
AT0000A0SQY8,corporate
AT0000A0U299,government
AT0000A0V453,corporate
AT0000A0VRQ6,government
AT0000A0Y1R8,corporate
AT0000A0ZJF7,corporate
AT0000A10683,government
AT0000A15807,corporate
AT0000A1AS85,corporate
AT0000A1D301,corporate
AT0000A1DWK5,corporate
AT0000A1HQ72,corporate
AT0000A1K9C8,government
AT0000A1K9F1,government
AT0000A1MC30,corporate
AT0000A1PEF7,government
AT0000A1VGK0,government
AT0000A1XML2,government
AT0000A1Z0R8,corporate
AT0000A1Z676,corporate
AT0000A1Z7U7,corporate
AT0000A1ZGE4,government
AT0000A203S4,corporate
AT0000A205H2,corporate
AT0000A21LA8,corporate
AT0000A21SD7,corporate
AT0000A228U7,corporate
AT0000A22ER5,corporate
AT0000A22NL9,corporate
AT0000A23GN7,corporate
AT0000A23RS3,corporate
AT0000A25J86,corporate
AT0000A25KU9,corporate
AT0000A267T7,corporate
AT0000A26861,corporate
AT0000A269E5,corporate
AT0000A269M8,government
AT0000A26PP6,corporate
AT0000A296C2,corporate
AT0000A29T23,corporate
AT0000A2AE49,corporate
AT0000A2AEA8,corporate
AT0000A2AZA3,corporate
AT0000A2B5T0,corporate
AT0000A2BSV2,corporate
AT0000A2C0J1,corporate
AT0000A2CFT1,corporate
AT0000A2CQD2,government
AT0000A2GGE2,corporate
AT0000A2HB45,corporate
AT0000A2HL84,corporate
AT0000A2HLC4,government
AT0000A2HRV1,corporate
AT0000A2HVF6,corporate
AT0000A2KQ43,government
AT0000A2N6R8,corporate
AT0000A2N852,corporate
AT0000A2NVU3,corporate
AT0000A2NW83,government
AT0000A2QQB6,government
AT0000A2T198,government
AT0000A2TKT5,corporate
AT0000A2TLP1,corporate
AT0000A2VB47,government
AT0000A2WS62,corporate
AT0000A2WSC8,government
AT0000A2X307,corporate
AT0000A2Y8G4,government
AT0000A2YA78,corporate
AT0000A2Z6M5,corporate
AT0000A320H9,corporate
AT0000A324G3,corporate
AT0000A324S8,government
AT0000A325F2,corporate
AT0000A325N6,corporate
AT0000A32620,corporate
AT0000A327J0,corporate
AT0000A32YE0,corporate
AT0000A339G1,corporate
AT0000A33L90,corporate
AT0000A33SH3,government
AT0000A33SK7,government
AT0000A345X3,corporate
AT0000A35MS8,corporate
AT0000A36F20,corporate
AT0000A36W78,corporate
AT0000A36WK2,corporate
AT0000A36WM8,corporate
AT0000A37249,corporate
AT0000A37UE7,corporate
AT0000A38239,government
AT0000A39FE4,corporate
AT0000A39FF1,corporate
AT0000A39P41,corporate
AT0000A39UW5,government
AT0000A3AKD7,corporate
AT0000A3AZV7,corporate
AT0000A3AZW5,corporate
AT0000A3BYL9,corporate
AT0000A3CTG7,corporate
AT0000A3D3Q8,government
AT0000A3EPP2,government
AT0000A3FA05,corporate
AT0000A3GB94,corporate
AT0000A3HG07,corporate
AT0000A3HGM1,corporate
AT0000A3HRE5,corporate
AT0000A3HU25,government
AT0000A3J0N5,corporate
AT0000A3K8Q8,corporate
AT0000A3M5G3,corporate
AT0000A3MXS3,corporate
AT0000A3ND44,corporate
AT0000A3NLP2,corporate
AT0000A3NY15,government
AT0000A3PGY9,corporate
AT0000A3QS02,corporate
AT0000A3QS10,corporate
AT0000A3RCR8,corporate
AT0000A3RVH9,government
AT0000A3T3G1,corporate
AT0000A3UHN0,corporate
AT0000A3USC0,corporate
AT0000A3V234,government
AT000B015409,corporate
AT000B015417,corporate
AT000B015805,corporate
AT000B020995,corporate
AT000B044599,corporate
AT000B079041,corporate
AT000B088398,corporate
AT000B101357,corporate
AT000B101407,corporate
AT000B101431,corporate
AT000B101514,corporate
AT000B101522,corporate
AT000B101605,corporate
AT000B101647,corporate
AT000B101670,corporate
AT000B101712,corporate
AT000B101720,corporate
AT000B101738,corporate
AT000B101753,corporate
AT000B124516,corporate
AT000B124532,corporate
AT000B124565,corporate
AT000B124599,corporate
AT000B124623,corporate
AT000B126032,corporate
AT000B126057,corporate
AT000B126420,corporate
AT000B126909,corporate
AT000B127113,corporate
AT000B127188,corporate
AT000B127238,corporate
AT000B127246,corporate
AT000B127253,corporate
AT000B127329,corporate
AT000B127337,corporate
AT000B127345,corporate
AT000B127352,corporate
AT000B127402,corporate
AT000B127444,corporate
AT000B127477,corporate
AT000B129218,corporate
AT000B129267,corporate
AT000B130356,corporate
AT000B130398,corporate
AU0000013740,government
AU0000018442,government
AU0000040172,corporate
AU0000061327,corporate
AU0000087454,government
AU0000088429,corporate
AU0000097495,government
AU00000CAMG6,corporate
AU0000101792,government
AU0000113839,corporate
AU0000114837,corporate
AU0000120214,corporate
AU0000124042,corporate
AU0000136442,corporate
AU0000138927,corporate
AU0000170284,corporate
AU0000172470,corporate
AU0000173551,corporate
AU0000176901,corporate
AU0000178147,corporate
AU0000182560,corporate
AU0000215618,corporate
AU0000216921,corporate
AU0000226961,corporate
AU0000229452,corporate
AU0000231011,corporate
AU0000247348,corporate
AU0000247926,corporate
AU0000249302,government
AU0000253197,corporate
AU0000261414,corporate
AU0000261422,corporate
AU0000267783,corporate
AU0000270662,corporate
AU0000279804,corporate
AU0000293813,corporate
AU0000300535,government
AU0000301889,corporate
AU0000306557,corporate
AU0000321788,corporate
AU0000323230,corporate
AU0000324014,corporate
AU0000329104,corporate
AU0000333403,corporate
AU0000345241,government
AU0000350043,corporate
AU0000407256,government
AU0000462665,corporate
AU0000RHCPA4,corporate
AU000XCLWAG2,government
AU000XCLWAM0,government
AU000XCLWAR9,government
AU000XCLWAS7,government
AU000XCLWAU3,government
AU3CB0245884,government
AU3CB0246239,corporate
AU3CB0248862,corporate
AU3CB0249373,corporate
AU3CB0253821,government
AU3CB0256915,corporate
AU3CB0272201,government
AU3CB0272227,corporate
AU3CB0275998,government
AU3CB0276160,government
AU3CB0277077,government
AU3CB0277291,government
AU3CB0277796,government
AU3CB0285682,government
AU3CB0287779,government
AU3CB0295509,government
AU3CB0295681,government
AU3CB0295764,government
AU3CB0296754,government
AU3CB0298545,government
AU3CB0299873,government
AU3CB0305803,government
AU3CB0306934,government
AU3CB0307346,government
AU3CB0307742,government
AU3CB0308187,government
AU3CB0317063,government
AU3CB0317923,government
AU3CB0318202,government
AU3CB0319143,government
AU3CB0319218,government
AU3CB0319226,government
AU3CB0325645,corporate
AU3CB0331304,government
AU3CB0334019,government
AU3CB0334613,corporate
AU3CB0334688,government
AU3CB0338218,government
AU3CB0338747,corporate
AU3SG0002702,government
AU3SG0002710,government
AU3SG0002769,government
AU3SG0003064,government
AU3SG0003163,government
AU3SG0003379,government
AU3TB0000135,government
AU3TB0000150,government
AU3TB0000192,government
BD0927011025,government
BD0927171027,government
BD0927311029,government
BD0927351025,government
BD0927471021,government
BD0928101056,government
BD0928161159,government
BD0928261058,government
BD0929151050,government
BD0929241059,government
BD0929431056,government
BD0930101052,government
BD0930401056,government
BD0933071104,government
BD0934401102,government
BD0934481104,government
BD0935031106,government
BD0935291106,government
BD0935451106,government
BD0939371151,government
BD0940381157,government
BD0940441209,government
BD0942241201,government
BD0943281206,government
BD0944051202,government
BE0000291972,government
BE0000304130,government
BE0000320292,government
BE0000326356,government
BE0000331406,government
BE0000333428,government
BE0000335449,government
BE0000341504,government
BE0000344532,government
BE0000347568,government
BE0000349580,government
BE0000350596,government
BE0000351602,government
BE0000352618,government
BE0000354630,government
BE0000357666,government
BE0000358672,government
BE0000360694,government
BE0000361700,government
BE0000362716,government
BE0000363722,government
BE0000364738,government
BE0000365743,government
BE0002644251,corporate
BE0002735166,corporate
BE0002737188,corporate
BE0002775568,corporate
BE0002827088,corporate
BE0002920016,corporate
BE0002924059,corporate
BE0002976570,corporate
BE0312822944,government
BE0365452532,government
BE0390267368,corporate
BE0390287564,corporate
BE0933899800,corporate
BE3871271016,government
BE3871281114,government
BE3871285156,government
BE3871288184,government
BE3871290206,government
BE3871292228,government
BE3871293234,government
BE3871303330,government
BE3871306366,government
BE3871307372,government
BE3871308388,government
BE6221228362,government
BE6239860446,corporate
BE6251142749,corporate
BE6253136319,government
BE6265068328,corporate
BE6265084481,corporate
BE6265365385,government
BE6276040431,corporate
BE6277215545,corporate
BE6285455497,corporate
BE6285457519,corporate
BE6285675755,government
BE6287071169,government
BE6297044958,government
BE6298861699,government
BE6300369251,corporate
BE6300371273,corporate
BE6300372289,corporate
BE6302008154,government
BE6302045529,government
BE6305926535,government
BE6312075912,government
BE6312080961,government
BE6312738758,government
BE6313647149,government
BE6313833061,government
BE6316668282,government
BE6317598850,corporate
BE6318647672,government
BE6318702253,corporate
BE6320935271,corporate
BE6321076711,corporate
BE6321489963,government
BE6321529396,corporate
BE6322084128,corporate
BE6322086149,corporate
BE6322164920,government
BE6324862745,government
BE6325355822,corporate
BE6325493268,corporate
BE6326197512,corporate
BE6326202569,corporate
BE6326460233,corporate
BE6326462254,government
BE6326767397,corporate
BE6326784566,corporate
BE6327721237,corporate
BE6328785207,corporate
BE6328816515,government
BE6330288687,corporate
BE6331175826,corporate
BE6331190973,corporate
BE6331562817,corporate
BE6332786449,corporate
BE6332787454,corporate
BE6333133039,corporate
BE6333477568,corporate
BE6338543786,corporate
BE6339428904,corporate
BE6339715862,government
BE6340794013,corporate
BE6340849569,corporate
BE6342251038,corporate
BE6343192710,corporate
BE6343437255,corporate
BE6343825251,corporate
BE6344187966,corporate
BE6344564859,corporate
BE6349118800,corporate
BE6349638187,corporate
BE6350791073,corporate
BE6350792089,corporate
BE6350897169,government
BE6350898175,government
BE6351290216,corporate
BE6352705782,corporate
BE6352762387,corporate
BE6352800765,corporate
BE6355213644,corporate
BE6355215664,corporate
BE6355549120,corporate
BE6355593565,corporate
BE6356733327,corporate
BE6356934396,corporate
BE6357126372,corporate
BE6357339561,government
BE6357340577,government
BE6359485685,corporate
BE6360448615,corporate
BE6360449621,corporate
BE6362168351,government
BE6362169367,government
BE6362174417,corporate
BE6362798835,government
BE6363767821,corporate
BE6363869874,corporate
BE6364767150,corporate
BE6365314770,corporate
BE6365316791,corporate
BE6365319829,corporate
BE6365838190,corporate
BE6368381404,corporate
BE6369753544,corporate
BE6369832363,corporate
BE6371052927,corporate
BE6371398502,corporate
BE6372081545,corporate
BE6373697216,corporate
BE6374729836,corporate
BE6374825824,corporate
BG1200001235,corporate
BG2100005250,corporate
BG2100008247,corporate
BG2100009252,corporate
BG2100010250,corporate
BG2100021257,corporate
BG2100024251,corporate
BG2100032254,corporate
BG2100033252,corporate
BG2100054241,corporate
CA001181AM88,corporate
CA001181AN61,corporate
CA001181AP10,corporate
CA001181AQ92,corporate
CA00791PAA53,corporate
CA011664AC36,corporate
CA011664AD19,corporate
CA01921DAA33,corporate
CA026695AB20,corporate
CA04041BAA67,corporate
CA045167FD06,government
CA045167GC14,government
CA045167GN78,government
CA04964GAH35,corporate
CA04964GAJ90,corporate
CA110709GJ55,government
CA11777PAJ18,corporate
CA135087D358,government
CA135087H235,government
CA135087J397,government
CA135087R713,government
CA135087S547,government
CA135087U287,government
CA135087XW98,government
CA13509PFL28,corporate
CA13509PFX65,corporate
CA13509PGF41,corporate
CA13509PGL19,corporate
CA13509PHD83,corporate
CA13509PHM82,corporate
CA13509PHQ96,corporate
CA13509PHS52,government
CA13509PHU09,corporate
CA13509PHW64,corporate
CA13509PHX48,corporate
CA13509PHY21,corporate
CA13509PHZ95,corporate
CA13509PJA27,corporate
CA13509PJB00,corporate
CA13509PJC82,corporate
CA13509PJD65,corporate
CA13509PJE49,corporate
CA13509PJF14,corporate
CA13509PJK09,corporate
CA13509PJL81,corporate
CA13509PJN48,corporate
CA13509PJP95,corporate
CA13509PJQ78,corporate
CA13509PJS35,corporate
CA13509PJT18,corporate
CA13509PJW47,corporate
CA13509PJX20,corporate
CA13509PJZ77,corporate
CA13509PKB80,corporate
CA13509PKC63,corporate
CA13509PKD47,corporate
CA13509PKH50,corporate
CA13509PKJ17,corporate
CA13509PKM46,corporate
CA13509PKN29,corporate
CA13766HAA73,corporate
CA14150GAC74,corporate
CA14150GAD57,corporate
CA16387PAP86,corporate
CA17040TAG72,corporate
CA172454AC48,corporate
CA21037XAA87,corporate
CA22821LAB05,corporate
CA23126MAD44,corporate
CA25490HAB20,corporate
CA255331AB66,corporate
CA255331AC40,corporate
CA26154LAB86,corporate
CA26829LAB32,corporate
CA26829LAC15,corporate
CA26829LAD97,corporate
CA31660AAD50,corporate
CA318323AM44,corporate
CA318323AN27,corporate
CA318323AP74,corporate
CA459056HW08,government
CA459058HF31,government
CA459058JK08,government
CA459058KF93,government
CA459058KM45,government
CA459058KV44,government
CA459058LB70,government
CA45950KCY43,government
CA61761EAC45,corporate
CA617914AP17,corporate
CA62910LAA04,corporate
CA639832AB08,government
CA682142AE42,corporate
CA683078FP99,government
CA68333ZAG24,government
CA715792AA54,corporate
CA74061AAJ75,corporate
CA74061AAK49,corporate
CA74061AAL22,corporate
CA74061AAM05,corporate
CA742694AA08,corporate
CA747713AA38,corporate
CA748148SA23,government
CA74814ZFM01,government
CA74814ZFP32,government
CA74814ZFR97,government
CA77519RAF97,corporate
CA77519RAG70,corporate
CA780086XL38,corporate
CA86212HAB11,corporate
CA86212HAC93,corporate
CA86212HAE59,corporate
CA86880YAC36,corporate
CA886453AE91,corporate
CA88709BAE44,corporate
CA88709BAF19,corporate
CA88709BAG91,corporate
CA89117F7G86,corporate
CA92848PAA53,corporate
CAC68012AB64,corporate
CAC68012AD21,corporate
CH0004724545,government
CH0008680370,government
CH0008982974,corporate
CH0020632144,government
CH0024524966,government
CH0031835561,government
CH0115967397,corporate
CH0124138840,corporate
CH0127181193,government
CH0128891105,corporate
CH0135998638,corporate
CH0136611800,government
CH0147144361,corporate
CH0149549575,corporate
CH0181377042,government
CH0184636915,corporate
CH0192241278,corporate
CH0199419992,government
CH0224397171,government
CH0224397346,government
CH0240109618,corporate
CH0253514761,corporate
CH0260067779,government
CH0262881441,corporate
CH0268988182,corporate
CH0270191007,corporate
CH0271288547,corporate
CH0273485398,corporate
CH0292877898,corporate
CH0310646523,corporate
CH0312512715,corporate
CH0316994653,corporate
CH0319415920,corporate
CH0330143188,corporate
CH0337172313,corporate
CH0337645581,corporate
CH0338330472,corporate
CH0343366784,corporate
CH0344583866,corporate
CH0344958688,government
CH0353945394,corporate
CH0360172701,corporate
CH0360172768,corporate
CH0360677287,corporate
CH0361532945,corporate
CH0370943547,corporate
CH0373476123,corporate
CH0373476164,corporate
CH0373476412,corporate
CH0373476636,corporate
CH0373476966,corporate
CH0373945036,government
CH0373945093,corporate
CH0379268698,corporate
CH0380011574,government
CH0383104335,corporate
CH0383104343,corporate
CH0385518045,corporate
CH0389606085,corporate
CH0398633492,corporate
CH0398633922,corporate
CH0398678919,corporate
CH0399611307,corporate
CH0413618361,corporate
CH0419040842,corporate
CH0419040982,corporate
CH0419040990,corporate
CH0419041139,corporate
CH0419041188,corporate
CH0419041220,corporate
CH0419041287,corporate
CH0419041493,corporate
CH0419041527,corporate
CH0419041659,corporate
CH0428194259,corporate
CH0440081567,government
CH0441186506,corporate
CH0446595677,government
CH0449619052,corporate
CH0461238898,government
CH0461239029,corporate
CH0461239060,corporate
CH0461239110,corporate
CH0471297991,corporate
CH0474977698,corporate
CH0479514280,corporate
CH0482172407,corporate
CH0483180979,government
CH0485252784,corporate
CH0485252818,corporate
CH0487087295,corporate
CH0488506681,corporate
CH0496692978,corporate
CH0505011947,corporate
CH0506071163,corporate
CH0506071171,corporate
CH0506071189,corporate
CH0506071239,corporate
CH0508236590,corporate
CH0511762061,corporate
CH0515152467,corporate
CH0517825276,corporate
CH0517825292,corporate
CH0520663672,corporate
CH0521333655,corporate
CH0522158846,corporate
CH0522158887,corporate
CH0525158371,corporate
CH0525158447,corporate
CH0525158462,corporate
CH0536892703,corporate
CH0536892737,government
CH0536893230,corporate
CH0536893321,corporate
CH0536893412,corporate
CH0545766542,government
CH0550413337,corporate
CH0550413345,corporate
CH0553331817,corporate
CH0554992062,corporate
CH0564642079,corporate
CH0566511496,corporate
CH0570576113,corporate
CH0570576121,corporate
CH0570576154,corporate
CH0570576568,corporate
CH0572327002,corporate
CH0576402181,corporate
CH0581947816,corporate
CH0589031035,corporate
CH0591979627,corporate
CH0592087230,corporate
CH0593093211,corporate
CH0593093229,corporate
CH0593893990,corporate
CH0595205524,corporate
CH0597857785,corporate
CH1101825797,corporate
CH1105672658,corporate
CH1105672682,corporate
CH1109638499,corporate
CH1112011536,corporate
CH1112455808,corporate
CH1118483747,corporate
CH1121837244,corporate
CH1121837251,corporate
CH1127263981,corporate
CH1129053786,corporate
CH1130818847,corporate
CH1131931250,corporate
CH1132966263,corporate
CH1132966289,corporate
CH1137122797,corporate
CH1137122847,corporate
CH1137407412,corporate
CH1139995786,corporate
CH1141700547,corporate
CH1142231716,corporate
CH1142754253,corporate
CH1142754311,corporate
CH1142754329,corporate
CH1142754337,corporate
CH1146382481,corporate
CH1148266211,corporate
CH1148308732,corporate
CH1148308740,corporate
CH1148728111,corporate
CH1148728129,corporate
CH1151526204,corporate
CH1154887116,corporate
CH1154887132,corporate
CH1159841332,corporate
CH1159841340,corporate
CH1160382979,corporate
CH1168499775,corporate
CH1170565753,corporate
CH1170565761,corporate
CH1174335740,corporate
CH1177791840,government
CH1179534933,corporate
CH1179534941,corporate
CH1189218006,corporate
CH1191066187,corporate
CH1194000316,corporate
CH1194000357,corporate
CH1194355066,corporate
CH1196217009,corporate
CH1204259779,corporate
CH1206367430,corporate
CH1206367463,corporate
CH1210198136,corporate
CH1210198144,corporate
CH1211713172,government
CH1211713198,corporate
CH1211713230,corporate
CH1212189158,corporate
CH1214797172,corporate
CH1214797206,corporate
CH1218301971,corporate
CH1223665063,corporate
CH1224575899,corporate
CH1224630231,corporate
CH1226543879,corporate
CH1228837907,corporate
CH1231312682,government
CH1231312690,corporate
CH1236363391,corporate
CH1239464709,corporate
CH1242969199,corporate
CH1248666930,corporate
CH1249416087,corporate
CH1253456102,corporate
CH1255915006,corporate
CH1255915014,corporate
CH1255924453,corporate
CH1264414348,corporate
CH1266847149,corporate
CH1267329279,corporate
CH1268922171,corporate
CH1271360583,government
CH1274703144,corporate
CH1277028440,corporate
CH1277582016,corporate
CH1280994281,corporate
CH1280994307,corporate
CH1290222335,corporate
CH1290222467,corporate
CH1290222566,corporate
CH1290870893,corporate
CH1290870901,corporate
CH1290870950,corporate
CH1290871040,corporate
CH1290975528,corporate
CH1291809908,corporate
CH1291809916,corporate
CH1292012775,corporate
CH1293238015,corporate
CH1298957064,corporate
CH1300224875,corporate
CH1300224883,corporate
CH1300277824,corporate
CH1300277865,corporate
CH1300950008,corporate
CH1300950032,corporate
CH1305916731,corporate
CH1305916889,corporate
CH1305916897,corporate
CH1314941381,corporate
CH1314941399,corporate
CH1314941423,corporate
CH1314941431,corporate
CH1314941456,corporate
CH1319968579,corporate
CH1319968595,corporate
CH1321481488,corporate
CH1321481496,corporate
CH1321481546,corporate
CH1321508355,corporate
CH1321737780,corporate
CH1322499612,corporate
CH1323274055,corporate
CH1325807860,corporate
CH1331113469,corporate
CH1331113477,corporate
CH1331113535,corporate
CH1344316745,corporate
CH1344316778,corporate
CH1346742864,corporate
CH1346742930,corporate
CH1346742948,corporate
CH1346743078,corporate
CH1348614061,corporate
CH1350727801,corporate
CH1353015048,corporate
CH1356570338,corporate
CH1357852677,corporate
CH1357852685,corporate
CH1357852735,corporate
CH1357852784,corporate
CH1361401867,corporate
CH1361401875,corporate
CH1361401883,corporate
CH1361401891,corporate
CH1373904411,corporate
CH1373904510,corporate
CH1373904544,corporate
CH1376931536,corporate
CH1376931544,corporate
CH1376931569,corporate
CH1376931577,corporate
CH1376931585,corporate
CH1377955617,corporate
CH1380011291,corporate
CH1380011309,corporate
CH1380011317,corporate
CH1392903592,corporate
CH1396329752,corporate
CH1396329786,corporate
CH1400000019,corporate
CH1400000035,corporate
CH1400064528,corporate
CH1400064551,government
CH1400064569,corporate
CH1400064601,corporate
CH1405471975,corporate
CH1405472015,corporate
CH1405472023,corporate
CH1412302916,corporate
CH1414003520,government
CH1415780134,corporate
CH1415780159,government
CH1416172349,corporate
CH1416797517,corporate
CH1418473448,government
CH1421969317,corporate
CH1423036768,corporate
CH1423036776,corporate
CH1423036842,corporate
CH1423036867,corporate
CH1423036875,corporate
CH1423036891,corporate
CH1423931646,corporate
CH1423931653,corporate
CH1426717240,corporate
CH1427866657,government
CH1428648294,corporate
CH1428855923,corporate
CH1428867092,corporate
CH1433241168,corporate
CH1433241184,corporate
CH1435012104,corporate
CH1446452299,corporate
CH1446452307,corporate
CH1446452356,corporate
CH1449583736,corporate
CH1449583744,corporate
CH1449583785,corporate
CH1450810218,corporate
CH1454185773,corporate
CH1454185781,corporate
CH1454185807,government
CH1455989991,corporate
CH1455990015,corporate
CH1455990098,corporate
CH1455990106,corporate
CH1457716475,corporate
CH1457738016,corporate
CH1461438173,government
CH1471403761,corporate
CH1471403779,corporate
CH1471403787,corporate
CH1471403902,corporate
CH1474856957,corporate
CH1474856965,corporate
CH1474856981,corporate
CH1474857005,government
CH1474857047,corporate
CH1477661255,corporate
CH1477661297,corporate
CH1478430718,corporate
CH1478430791,corporate
CH1484612093,government
CH1485826999,corporate
CH1485827047,corporate
CH1485827070,corporate
CH1485827336,corporate
CH1485827344,corporate
CH1485827385,government
CH1485827419,corporate
CH1487332079,corporate
CH1494626331,corporate
CH1494626398,corporate
CH1498422992,corporate
CH1500439638,corporate
CH1501970607,corporate
CH1503892650,corporate
CH1503892726,corporate
CH1503892783,corporate
CH1504033676,government
CH1504033700,corporate
CH1504033718,corporate
CH1512676839,corporate
CH1512676862,corporate
CH1512676896,corporate
CH1512676904,corporate
CH1513428404,corporate
CH1513428453,corporate
CH1515238470,corporate
CH1515238488,corporate
CH1515238637,corporate
CH1515238660,corporate
CH1515238736,corporate
CH1516795940,corporate
CH1521313051,government
CH1522231211,government
CH1523561939,corporate
CH1523561954,corporate
CH1523561970,corporate
CH1523562002,corporate
CH1523562028,government
CH1525084484,corporate
CH1526684712,corporate
CH1533151044,corporate
CH1537606811,corporate
CH1538715330,corporate
CH1538715363,corporate
CH1538715371,corporate
CH1538715397,corporate
CH1540977266,corporate
CH1540977274,corporate
CH1543592732,corporate
CH1544304103,government
CH1548688279,corporate
CH1548688311,corporate
CH1548688329,corporate
CH1548688378,corporate
CH1548828412,corporate
CH1552014230,corporate
CH1552014370,corporate
CH1562934526,corporate
CH1562934708,corporate
CH1562934716,corporate
CH1562934740,corporate
CH1562934781,corporate
CH1564488588,corporate
CH1564488653,corporate
CH1564488687,corporate
CH1564488737,corporate
CH1564881998,corporate
CH1564882004,corporate
CH1568283811,corporate
CH1571219281,government
CH1571219323,corporate
CH1571219349,corporate
CH1572819972,corporate
CH1574864281,corporate
CH1578978947,corporate
CH1580409089,corporate
CH1580409279,corporate
CH1581468134,corporate
CH1593191021,corporate
CH1593191039,corporate
CH1593191062,corporate
CND100004XT1,corporate
CND100005PV0,government
CND100006QP8,corporate
CND100006YT4,government
CND1000087R2,government
CND100008B01,government
CND100008MW9,government
CND100008T84,government
CND1000095N4,government
CND100009WF1,government
CND10000BLB2,government
CND10000JC38,corporate
CND10000JCG3,corporate
CND100010FD9,corporate
CND10001TSZ6,corporate
CND10001ZCJ1,corporate
CND100023DY3,corporate
CND100024Z45,corporate
CND100028XW4,corporate
CND10002CHV2,corporate
CND10002HTP8,corporate
CND10002JXN1,corporate
CND10002JYR0,corporate
CND10002L152,corporate
CND10002LS42,corporate
CND100031GJ0,corporate
CND1000343Q1,corporate
CND100034461,corporate
CND100035TW7,corporate
CND100038033,corporate
CND10003HJ06,corporate
CND10003JGY1,corporate
CND10003L820,corporate
CND10003N750,government
CND10003NFZ2,corporate
CND10003NZ16,corporate
CND10003S2K8,corporate
CND10003VRC9,corporate
CND10003VRD7,corporate
CND10003VRL0,corporate
CND10003VSH6,corporate
CND10003W0N0,corporate
CND10003Y7H5,corporate
CND1000421S1,corporate
CND1000421W3,corporate
CND100042209,corporate
CND100042266,corporate
CND1000423F4,corporate
CND1000423G2,corporate
CND1000423J6,corporate
CND100042NY2,corporate
CND1000434W6,corporate
CND1000434Y2,corporate
CND1000434Z9,corporate
CND100043504,corporate
CND100043538,corporate
CND100043553,corporate
CND100043587,corporate
CND1000484T7,corporate
CND1000484W1,corporate
CND1000484Y7,corporate
CND100048511,corporate
CND100048529,corporate
CND100048545,corporate
CND100048578,corporate
CND1000494W0,corporate
CND100049LN4,corporate
CND10004DWZ6,corporate
CND10004DX19,corporate
CND10004G869,corporate
CND10004GNB9,corporate
CND10004GNH6,corporate
CND10004JSM9,corporate
CND10004LFN0,corporate
CND10004LFQ3,corporate
CND10004LV60,corporate
CND10004NDY8,corporate
CND10004NF01,corporate
CND10004NF43,corporate
CND10004NF50,corporate
CND10004P6S4,corporate
CND10004QBX7,corporate
CND10004QBZ2,corporate
CND10004QC01,corporate
CND10004QCJ4,corporate
CND10004QD67,corporate
CND10004QDW5,corporate
CND10004QJJ9,corporate
CND10004R4C1,corporate
CND10004R4F4,corporate
CND10004S4D8,corporate
CND10004S4F3,corporate
CND10004SX46,corporate
CND10004SXX7,corporate
CND10004T5S2,corporate
CND10004T5T0,corporate
CND10004T5V6,corporate
CND10004T5W4,corporate
CND10004TJ92,corporate
CND10004TJC8,corporate
CND10004TJW6,government
CND10004V7J3,corporate
CND10004V7L9,corporate
CND10004V7M7,corporate
CND100054LK0,corporate
CND100054NN0,corporate
CND100058NF7,corporate
CND100058NG5,corporate
CND10005G9D0,corporate
CND10005G9F5,corporate
CND10005G9G3,corporate
CND10005G9H1,corporate
CND10005HS60,corporate
CND10005LBJ4,corporate
CND10005LBN6,corporate
CND10005PZM8,corporate
CND10005PZP1,corporate
CND10005PZS5,corporate
CND10005PZT3,corporate
CND10005TC98,corporate
CND10005TCC0,corporate
CND10005TCF3,corporate
CND10005YJS1,corporate
CND10005YJV5,corporate
CND10005YL58,corporate
CND10005ZT18,government
CND100063XD1,government
CND100069PK9,government
CND100069PL7,government
CND10006DQY6,corporate
CND10006Q1T0,corporate
CND10006QB34,corporate
CND10006R8K3,corporate
CND10007BLW3,corporate
CND10007BNN8,corporate
CND10007BRH1,corporate
CND10007BTQ8,corporate
CND10007C2H8,corporate
CND10007LB61,government
CND10007LB79,government
CND10007NT69,government
CND10007PL32,government
CND10007PLY9,government
CND100080977,government
CND100082PB1,government
CND100088GV5,government
CND10008DYH1,government
CND10008DYJ7,government
CND10008GYY9,government
CND10008M2X2,government
CND10008MC01,government
CND10008Q455,government
CND10008RFM0,government
CND10008S8G8,government
CND10008WR28,government
CND10008YMK6,government
CND1000926K6,government
CND100099MQ0,government
CND10009CBG1,government
CND10009H1N1,government
CND10009LC19,government
CND10009MKJ5,government
CND10009N9T3,government
CND10009PB81,government
CND10009PRJ3,government
CND10009PRW6,government
CND10009ST21,government
CND1000B1D42,government
CND1000B4Z50,government
CND1000B5GP1,government
CND1000B7VN1,government
CND1000B8960,government
CND1000B8986,government
CND1000B8994,government
CND1000B89M3,government
CND1000B8G59,government
CND1000B8G67,government
CND1000B8ZL4,government
CND1000B99W1,government
CND1000B9DZ9,government
CND1000B9P81,government
CND1000B9PF5,government
CND1000B9PG3,government
CND1000B9PJ7,government
CND1000B9PM1,government
CND1000B9WH7,government
CND1000BBLD2,government
CND1000BBLF7,government
CND1000BBLG5,government
CND1000BBXB1,government
CND1000BBXC9,government
CND1000BBXF2,government
CND1000BC2W4,government
CND1000BC2Y0,government
CND1000BCBC3,government
CND1000BCK68,government
CND1000BCKL5,government
CND1000BCNG9,government
CND1000BCS52,government
CND1000BCS60,government
CND1000BCS78,government
CND1000BCS86,government
CND1000BCS94,government
CND1000BCSB9,government
CND1000BD7S0,government
CND1000BD7V4,government
CND1000BDS77,government
CND1000BDS85,government
CND1000BDS93,government
CND1000BFPQ6,government
CND1000BG4D6,government
CND1000BG4F1,government
CND1000BG4K1,government
CND1000BG4L9,government
CND1000BG4N5,government
CND1000BG4W6,government
CND1000BH2N8,government
CND1000BH2T5,government
CZ0001006043,government
CZ0001007033,government
CZ0003534596,corporate
CZ0003543092,corporate
CZ0003550378,corporate
CZ0003556177,corporate
CZ0003558579,corporate
CZ0003559841,corporate
CZ0003561441,corporate
CZ0003561748,corporate
CZ0003562910,corporate
CZ0003565251,corporate
CZ0003565723,corporate
CZ0003566770,corporate
CZ0003567588,corporate
CZ0003569089,corporate
CZ0003569667,corporate
CZ0003571051,corporate
CZ0003572695,corporate
CZ0003573180,corporate
CZ0003573842,corporate
CZ0003573859,corporate
CZ0003574014,corporate
CZ0003574196,corporate
CZ0003575326,corporate
CZ0003576159,corporate
CZ0003576480,corporate
CZ0003577058,corporate
CZ0003578510,corporate
CZ0003580300,corporate
CZ0003581316,corporate
CZ0003584740,corporate
CZ0003584864,corporate
DE0001030559,government
DE0001030575,government
DE0001030583,government
DE0001030708,government
DE0001030724,government
DE0001030732,government
DE0001030740,government
DE0001030757,government
DE0001053908,government
DE0001053916,government
DE0001053940,government
DE0001102341,government
DE0001102416,government
DE0001102424,government
DE0001102432,government
DE0001102440,government
DE0001102457,government
DE0001102465,government
DE0001102473,government
DE0001102481,government
DE0001102499,government
DE0001102507,government
DE0001102515,government
DE0001102523,government
DE0001102531,government
DE0001102549,government
DE0001102556,government
DE0001102564,government
DE0001102572,government
DE0001102580,government
DE0001102598,government
DE0001102606,government
DE0001102614,government
DE0001102622,government
DE0001135069,government
DE0001135085,government
DE0001135143,government
DE0001135176,government
DE0001135226,government
DE0001135275,government
DE0001135325,government
DE0001135366,government
DE0001135432,government
DE0001135481,government
DE0001141844,government
DE0001141851,government
DE0001141869,government
DE0001345940,corporate
DE0001789303,government
DE0005229942,corporate
DE000A0D24Z1,corporate
DE000A0DEN75,corporate
DE000A0JND05,corporate
DE000A11QJK8,corporate
DE000A11QJM4,corporate
DE000A11QJR3,corporate
DE000A11QJS1,corporate
DE000A11QTF7,government
DE000A11QTK7,government
DE000A13SL34,corporate
DE000A14JZN7,government
DE000A14JZZ1,government
DE000A168Y48,government
DE000A169NC2,corporate
DE000A180B80,corporate
DE000A185QB3,corporate
DE000A188WW1,corporate
DE000A1919H2,corporate
DE000A194DE7,corporate
DE000A19HCX8,corporate
DE000A19S4V6,corporate
DE000A19S801,corporate
DE000A19UR79,corporate
DE000A19X8B2,corporate
DE000A19X8C0,corporate
DE000A1E8W96,corporate
DE000A1G85D0,corporate
DE000A1HG1K6,corporate
DE000A1HG1L4,corporate
DE000A1K0K53,corporate
DE000A1RQC69,government
DE000A1RQDW4,government
DE000A1RQEK7,government
DE000A1RQEN1,government
DE000A1RQEQ4,government
DE000A1RQET8,government
DE000A1TNA39,corporate
DE000A1UDWN5,corporate
DE000A1ZZ028,corporate
DE000A254P51,corporate
DE000A254P69,corporate
DE000A254PP9,government
DE000A254TM8,corporate
DE000A287179,corporate
DE000A289C48,government
DE000A289DC9,corporate
DE000A289F29,government
DE000A289FK7,corporate
DE000A289N78,corporate
DE000A289NF1,corporate
DE000A289QR9,corporate
DE000A289RK2,government
DE000A289XG8,corporate
DE000A289YC5,corporate
DE000A28RSR6,corporate
DE000A28V301,corporate
DE000A28V319,corporate
DE000A28VQD2,corporate
DE000A28ZQQ5,corporate
DE000A2AASM1,corporate
DE000A2BPA51,corporate
DE000A2DADL9,corporate
DE000A2DAHN6,corporate
DE000A2DAR40,government
DE000A2DAR65,government
DE000A2E4PH3,corporate
DE000A2E4Q88,corporate
DE000A2G8VU3,corporate
DE000A2G9JL5,corporate
DE000A2GSB86,corporate
DE000A2GSCW3,corporate
DE000A2GSCX1,corporate
DE000A2GSE59,government
DE000A2GSFA2,government
DE000A2GSG24,corporate
DE000A2GSLY0,corporate
DE000A2GSNR0,government
DE000A2LQHT2,government
DE000A2LQJ75,corporate
DE000A2LQKU4,corporate
DE000A2LQPD9,government
DE000A2LQQD7,corporate
DE000A2LQRS3,corporate
DE000A2LQSH4,government
DE000A2LQSN2,government
DE000A2NBGG9,government
DE000A2NBY22,corporate
DE000A2NBZ21,corporate
DE000A2R7JD3,corporate
DE000A2R7JE1,corporate
DE000A2R8ND3,corporate
DE000A2R8NE1,corporate
DE000A2R9ZU9,corporate
DE000A2RWAY2,corporate
DE000A2SBDE0,corporate
DE000A2SBDF7,corporate
DE000A2TR083,corporate
DE000A2TSDE2,corporate
DE000A2TSDW4,corporate
DE000A2TSEC4,corporate
DE000A2TSTF5,corporate
DE000A2TSTG3,corporate
DE000A2TSTR0,government
DE000A2YB7B5,corporate
DE000A2YN256,corporate
DE000A2YN2U2,corporate
DE000A2YN2V0,corporate
DE000A2YNXQ5,corporate
DE000A2YNZ16,government
DE000A2YNZW8,corporate
DE000A2YNZX6,corporate
DE000A2YNZY4,corporate
DE000A2YPAK1,corporate
DE000A2YPEZ1,corporate
DE000A2YPFA1,corporate
DE000A2YPFU9,corporate
DE000A30V2U2,corporate
DE000A30V3F1,corporate
DE000A30V5C3,corporate
DE000A30V5F6,corporate
DE000A30V6L2,corporate
DE000A30V877,government
DE000A30V8Q7,government
DE000A30V9J0,government
DE000A30V9M4,government
DE000A30VGD9,corporate
DE000A30VJW3,corporate
DE000A30VJX1,corporate
DE000A30VJZ6,corporate
DE000A30VM78,government
DE000A30VN02,corporate
DE000A30VPL3,corporate
DE000A30VPM1,corporate
DE000A30VQ09,corporate
DE000A30VQB2,corporate
DE000A30VS23,corporate
DE000A30VT06,corporate
DE000A30VT97,corporate
DE000A30VTT8,corporate
DE000A30VUK5,government
DE000A30VUP4,corporate
DE000A30WF84,corporate
DE000A30WFV1,corporate
DE000A31RJZ2,corporate
DE000A3511S2,corporate
DE000A3512U6,government
DE000A351405,corporate
DE000A351488,corporate
DE000A3514E6,corporate
DE000A3514F3,corporate
DE000A351K90,corporate
DE000A351MJ3,corporate
DE000A351MT2,government
DE000A351NK9,corporate
DE000A351NS2,corporate
DE000A351P38,corporate
DE000A351PD9,corporate
DE000A351SC5,government
DE000A351U49,corporate
DE000A351UP3,government
DE000A351WB9,corporate
DE000A351XF8,corporate
DE000A351XK8,corporate
DE000A351XW3,corporate
DE000A351Y94,government
DE000A351ZR8,corporate
DE000A351ZS6,corporate
DE000A351ZT4,corporate
DE000A352ED1,government
DE000A3823H4,corporate
DE000A3823S1,corporate
DE000A382400,government
DE000A382475,government
DE000A3824G4,corporate
DE000A3825T4,corporate
DE000A382616,corporate
DE000A382640,corporate
DE000A382665,corporate
DE000A3826R6,corporate
DE000A3827A0,corporate
DE000A3827B8,corporate
DE000A3827R4,corporate
DE000A382830,corporate
DE000A382897,corporate
DE000A382905,corporate
DE000A382962,corporate
DE000A382988,corporate
DE000A3829D0,corporate
DE000A3829J7,corporate
DE000A383B10,government
DE000A383BE0,corporate
DE000A383BP6,corporate
DE000A383BQ4,corporate
DE000A383C76,corporate
DE000A383DB2,corporate
DE000A383EL9,corporate
DE000A383EM7,corporate
DE000A383FH4,corporate
DE000A383G15,corporate
DE000A383GQ3,corporate
DE000A383HC1,corporate
DE000A383JG8,corporate
DE000A383JS3,corporate
DE000A383KA9,corporate
DE000A383P48,government
DE000A383PT8,corporate
DE000A383QQ2,corporate
DE000A383QR0,corporate
DE000A383QV2,corporate
DE000A383RA4,corporate
DE000A383RQ0,corporate
DE000A383S52,corporate
DE000A383SN5,government
DE000A383SZ9,corporate
DE000A383TD4,government
DE000A383TE2,government
DE000A383V65,corporate
DE000A383VA6,government
DE000A383YA0,corporate
DE000A3E45M6,corporate
DE000A3E46B7,corporate
DE000A3E5FR9,corporate
DE000A3E5L98,corporate
DE000A3E5LU1,government
DE000A3E5MG8,corporate
DE000A3E5MH6,corporate
DE000A3E5MJ2,corporate
DE000A3E5MK0,corporate
DE000A3E5MY1,corporate
DE000A3E5QW6,corporate
DE000A3E5S00,corporate
DE000A3E5TR0,corporate
DE000A3E5VK1,corporate
DE000A3E5VX4,corporate
DE000A3E5WT0,corporate
DE000A3E5WW4,corporate
DE000A3E5XN1,government
DE000A3H2465,corporate
DE000A3H24E1,government
DE000A3H2515,government
DE000A3H2564,government
DE000A3H2580,government
DE000A3H25P4,corporate
DE000A3H25Q2,corporate
DE000A3H26A4,government
DE000A3H26B2,government
DE000A3H2TA0,corporate
DE000A3H2TW4,corporate
DE000A3H2Y24,government
DE000A3H2ZF6,government
DE000A3H3GF4,corporate
DE000A3H3GG2,corporate
DE000A3H3JM4,corporate
DE000A3H3JU7,corporate
DE000A3H3KE9,government
DE000A3K5HW7,corporate
DE000A3KNP96,corporate
DE000A3KNQA0,corporate
DE000A3KPTG6,corporate
DE000A3KWK17,corporate
DE000A3KWKY4,corporate
DE000A3KY342,corporate
DE000A3KY359,corporate
DE000A3L05V6,corporate
DE000A3L05W4,corporate
DE000A3L05X2,corporate
DE000A3L2RQ4,corporate
DE000A3L69X8,corporate
DE000A3L69Y6,corporate
DE000A3L7708,corporate
DE000A3L77X1,corporate
DE000A3L77Y9,corporate
DE000A3L77Z6,corporate
DE000A3LBMY2,corporate
DE000A3LE0J4,corporate
DE000A3LH6U5,corporate
DE000A3LHK80,corporate
DE000A3LJCA6,corporate
DE000A3LJPA8,corporate
DE000A3LNY78,corporate
DE000A3LNY86,corporate
DE000A3LQ9S2,corporate
DE000A3LSYG8,corporate
DE000A3LSYH6,corporate
DE000A3LT423,corporate
DE000A3LT431,corporate
DE000A3LWGE2,corporate
DE000A3LWGF9,corporate
DE000A3LXSR7,corporate
DE000A3LZUB2,corporate
DE000A3MP4U9,corporate
DE000A3MP4V7,corporate
DE000A3MP4W5,corporate
DE000A3MP619,corporate
DE000A3MP6H1,corporate
DE000A3MP7H9,government
DE000A3MP7K3,government
DE000A3MQEN8,corporate
DE000A3MQMD2,corporate
DE000A3MQNP4,corporate
DE000A3MQNQ2,corporate
DE000A3MQQJ0,corporate
DE000A3MQQV5,corporate
DE000A3MQS64,corporate
DE000A3MQS72,corporate
DE000A3MQTG0,government
DE000A3MQVV5,government
DE000A3MQXZ2,corporate
DE000A3R4WW2,corporate
DE000A460A74,corporate
DE000A460A90,corporate
DE000A460AK5,government
DE000A460AT6,corporate
DE000A460C80,government
DE000A460C98,government
DE000A460DG7,corporate
DE000A460DL7,corporate
DE000A460EX0,corporate
DE000A460EY8,corporate
DE000A460EZ5,corporate
DE000A460FV1,corporate
DE000A460GR7,corporate
DE000A460H51,government
DE000A460HM6,government
DE000A460J75,corporate
DE000A460JA7,corporate
DE000A460JB5,corporate
DE000A460JR1,corporate
DE000A460JS9,corporate
DE000A460KL2,government
DE000A460N20,corporate
DE000A460N38,corporate
DE000A460N46,corporate
DE000A460NY9,corporate
DE000A460PC0,corporate
DE000A460Q27,corporate
DE000A460Q43,corporate
DE000A460Q50,corporate
DE000A460QR6,corporate
DE000A460QS4,corporate
DE000A46Z700,corporate
DE000A46Z858,corporate
DE000A46ZW17,corporate
DE000A46ZWZ6,government
DE000A46ZXA7,corporate
DE000A46ZYH0,corporate
DE000A46ZYJ6,corporate
DE000A4D6AJ5,corporate
DE000A4DE123,corporate
DE000A4DE982,corporate
DE000A4DE9K2,government
DE000A4DE9R7,corporate
DE000A4DE9Y3,corporate
DE000A4DFCB7,corporate
DE000A4DFCD3,corporate
DE000A4DFCH4,corporate
DE000A4DFCK8,corporate
DE000A4DFDS9,corporate
DE000A4DFH60,corporate
DE000A4DFK32,corporate
DE000A4DFKS4,corporate
DE000A4DFL98,government
DE000A4DFLK9,corporate
DE000A4DFLN3,corporate
DE000A4DFLP8,corporate
DE000A4DFLQ6,corporate
DE000A4DFMA8,corporate
DE000A4DFMZ5,corporate
DE000A4DFSB3,corporate
DE000A4DFSF4,corporate
DE000A4DFTU1,corporate
DE000A4DFUE3,corporate
DE000A4DFUF0,corporate
DE000A4DFW46,corporate
DE000A4DFW53,corporate
DE000A4DFWA7,corporate
DE000A4DFWM2,corporate
DE000A4DFWV3,corporate
DE000A4DFWY7,corporate
DE000A4EA5P2,corporate
DE000A4EB2X2,corporate
DE000A4EB2Y0,corporate
DE000A4EBMA5,corporate
DE000A4EBMB3,corporate
DE000A4EBMD9,corporate
DE000A4EBME7,corporate
DE000A4ECAU6,corporate
DE000A4EFPS1,corporate
DE000A4EG6N9,corporate
DE000A4EGB98,corporate
DE000A4EGCA5,corporate
DE000A4EGCB3,corporate
DE000A4EMT41,corporate
DE000A4EMT58,corporate
DE000A4EMT66,corporate
DE000A4EMX11,corporate
DE000A4ESRT8,corporate
DE000A4ET6P9,corporate
DE000A4ET6Q7,corporate
DE000A4EUQX8,corporate
DE000A4EUR92,corporate
DE000A4EUSA2,corporate
DE000A4M7VR1,government
DE000A4R2L42,government
DE000A5GS0P0,corporate
DE000A5H27X9,government
DE000AAR0421,corporate
DE000AAR0454,corporate
DE000AAR0496,corporate
DE000BC0K2H7,corporate
DE000BC0K7X3,corporate
DE000BHY0GD1,corporate
DE000BHY0GM2,corporate
DE000BHY0GT7,corporate
DE000BHY0GX9,corporate
DE000BHY0JY1,corporate
DE000BHY0SB0,corporate
DE000BHY0SC8,corporate
DE000BHY0SD6,corporate
DE000BHY0SL9,corporate
DE000BHY3ND1,corporate
DE000BHY4US2,corporate
DE000BLB33C5,corporate
DE000BLB47J0,corporate
DE000BLB48A7,corporate
DE000BLB4UP9,corporate
DE000BLB6000,corporate
DE000BLB6J02,corporate
DE000BLB6J10,corporate
DE000BLB6JV5,corporate
DE000BLB6JZ6,corporate
DE000BLB6XZ7,corporate
DE000BLB73C1,corporate
DE000BLB73D9,corporate
DE000BLB77L3,corporate
DE000BLB77M1,corporate
DE000BLB7WT0,corporate
DE000BLB9PA0,corporate
DE000BLB9W69,corporate
DE000BLB9WN9,corporate
DE000BLB9WQ2,corporate
DE000BLB9X76,corporate
DE000BLB9XB2,corporate
DE000BLB9XC0,corporate
DE000BLB9XG1,corporate
DE000BLB9XK3,corporate
DE000BLB9XS6,corporate
DE000BLB9XT4,corporate
DE000BLB9Y00,corporate
DE000BLB9ZN2,corporate
DE000BU0E337,government
DE000BU0E345,government
DE000BU0E352,government
DE000BU0E360,government
DE000BU0E378,government
DE000BU0E386,government
DE000BU0E394,government
DE000BU0E402,government
DE000BU0E410,government
DE000BU0E428,government
DE000BU0E436,government
DE000BU0E444,government
DE000BU22064,government
DE000BU22072,government
DE000BU22080,government
DE000BU22098,government
DE000BU22106,government
DE000BU22114,government
DE000BU22122,government
DE000BU22130,government
DE000BU22148,government
DE000BU25000,government
DE000BU25018,government
DE000BU25026,government
DE000BU25034,government
DE000BU25042,government
DE000BU25059,government
DE000BU25067,government
DE000BU25075,government
DE000BU27006,government
DE000BU27014,government
DE000BU2D004,government
DE000BU2D012,government
DE000BU2F009,government
DE000BU2T000,government
DE000BU2Z007,government
DE000BU2Z015,government
DE000BU2Z023,government
DE000BU2Z031,government
DE000BU2Z049,government
DE000BU2Z056,government
DE000BU2Z064,government
DE000BU2Z072,government
DE000BU35025,government
DE000BU3F007,government
DE000BU3Z005,government
DE000BU3Z047,government
DE000BYL0A09,corporate
DE000BYL0A74,corporate
DE000BYL0AU2,corporate
DE000BYL0BD6,corporate
DE000BYL0BE4,corporate
DE000BYL0BF1,corporate
DE000BYL0BR6,corporate
DE000BYL0BT2,corporate
DE000BYL0CB8,corporate
DE000BYL0E70,corporate
DE000BYL0EA6,corporate
DE000BYL0EP4,corporate
DE000BYL0FQ9,corporate
DE000BYL0GC7,corporate
DE000BYL0GF0,corporate
DE000BYL0GQ7,corporate
DE000BYL0GS3,corporate
DE000BYL0H02,corporate
DE000BYL0H77,corporate
DE000BYL0HN2,corporate
DE000BYL0RA8,corporate
DE000CB94MF6,corporate
DE000CS8DQ77,corporate
DE000CZ40LW5,corporate
DE000CZ40M39,corporate
DE000CZ439T8,corporate
DE000CZ43Z72,corporate
DE000CZ43ZF4,corporate
DE000CZ43ZN8,corporate
DE000CZ43ZX7,corporate
DE000CZ457V6,corporate
DE000CZ45V82,corporate
DE000CZ45VC5,corporate
DE000CZ45WA7,corporate
DE000CZ45WB5,corporate
DE000CZ45WD1,corporate
DE000CZ45Y30,corporate
DE000CZ45YB1,corporate
DE000CZ45ZK9,corporate
DE000CZ46C35,corporate
DE000CZ46CD1,corporate
DE000DB9U4R9,corporate
DE000DB9U4X7,corporate
DE000DB9U7N1,corporate
DE000DB9U7X0,corporate
DE000DB9U7Z5,corporate
DE000DB9U8W0,corporate
DE000DB9U9D8,corporate
DE000DB9VCB4,corporate
DE000DB9VCK5,corporate
DE000DB9VDD8,corporate
DE000DB9VER6,corporate
DE000DB9VEY2,corporate
DE000DB9VFK8,corporate
DE000DB9VGP5,corporate
DE000DB9VJA1,corporate
DE000DB9VJB9,corporate
DE000DB9VJL8,corporate
DE000DB9VKA9,corporate
DE000DB9VKB7,corporate
DE000DB9VLH2,corporate
DE000DB9VML2,corporate
DE000DB9VMR9,corporate
DE000DB9VMU3,corporate
DE000DB9VNC9,corporate
DE000DB9VNQ9,corporate
DE000DB9VPB6,corporate
DE000DB9VPM3,corporate
DE000DB9VQC2,corporate
DE000DB9VQP4,corporate
DE000DB9VQX8,corporate
DE000DB9VQY6,corporate
DE000DB9VRE6,corporate
DE000DB9VRG1,corporate
DE000DB9VRH9,corporate
DE000DB9VRP2,corporate
DE000DB9VRW8,corporate
DE000DB9VSD6,corporate
DE000DB9VSE4,corporate
DE000DB9VSF1,corporate
DE000DB9VSR6,corporate
DE000DB9VSS4,corporate
DE000DB9VSZ9,corporate
DE000DB9VTJ1,corporate
DE000DB9VTR4,corporate
DE000DB9VTT0,corporate
DE000DB9VTZ7,corporate
DE000DB9VUB6,corporate
DE000DB9VUR2,corporate
DE000DB9VUS0,corporate
DE000DB9VUT8,corporate
DE000DB9VUY8,corporate
DE000DB9VUZ5,corporate
DE000DB9VVC2,corporate
DE000DB9VVD0,corporate
DE000DB9VVP4,corporate
DE000DB9VVQ2,corporate
DE000DB9VWD8,corporate
DE000DB9VWE6,corporate
DE000DB9VWJ5,corporate
DE000DB9VWK3,corporate
DE000DB9VWM9,corporate
DE000DB9VWR8,corporate
DE000DB9VWV0,corporate
DE000DB9VWX6,corporate
DE000DB9VWZ1,corporate
DE000DB9VXA2,corporate
DE000DB9VXC8,corporate
DE000DB9VXE4,corporate
DE000DB9VXP0,corporate
DE000DB9VXR6,corporate
DE000DB9VXZ9,corporate
DE000DB9VYA0,corporate
DE000DB9VYG7,corporate
DE000DB9VYL7,corporate
DE000DB9WBY6,corporate
DE000DB9WCD8,corporate
DE000DB9WCM9,corporate
DE000DB9WDG9,corporate
DE000DB9WDT2,corporate
DE000DB9WDZ9,corporate
DE000DB9WEA0,corporate
DE000DB9WEK9,corporate
DE000DB9WFN0,corporate
DE000DB9WFP5,corporate
DE000DB9WFU5,corporate
DE000DB9WFZ4,corporate
DE000DB9WGL2,corporate
DE000DB9WGR9,corporate
DE000DB9WGS7,corporate
DE000DB9WGT5,corporate
DE000DB9WGZ2,corporate
DE000DB9WHG0,corporate
DE000DB9WHM8,corporate
DE000DB9WHU1,corporate
DE000DB9WJA9,corporate
DE000DB9WKG4,corporate
DE000DB9WKU5,corporate
DE000DB9WKV3,corporate
DE000DB9WLA5,corporate
DE000DB9WLB3,corporate
DE000DB9WLX7,corporate
DE000DB9WMM8,corporate
DE000DB9WNQ7,corporate
DE000DB9WNW5,corporate
DE000DB9WNX3,corporate
DE000DB9WQX6,corporate
DE000DE04Y58,corporate
DE000DFK0GB1,corporate
DE000DFK0RN3,corporate
DE000DG4UDA2,corporate
DE000DJ9AGM8,corporate
DE000DJ9AGP1,corporate
DE000DJ9AJU5,corporate
DE000DJ9AMY1,corporate
DE000DJ9AU39,corporate
DE000DJ9AUF3,corporate
DE000DJ9AVJ3,corporate
DE000DJ9AZ18,corporate
DE000DKB0564,corporate
DE000DL19T26,corporate
DE000DL19U23,corporate
DE000DL19VS4,corporate
DE000DL19VU0,corporate
DE000DL19VZ9,corporate
DE000DL19WG7,corporate
DE000DL19WL7,corporate
DE000DL19WN3,corporate
DE000DL19WU8,corporate
DE000DW6C375,corporate
DE000DW6DAK8,corporate
DE000DW6DAM4,corporate
DE000GQ7BLE5,corporate
DE000HCB0B36,corporate
DE000HCB0B69,corporate
DE000HCB0BZ1,corporate
DE000HCB0CC8,corporate
DE000HCB0CL9,corporate
DE000HEL0DK5,corporate
DE000HEL0JA3,corporate
DE000HEL0QE0,corporate
DE000HEL0TC8,corporate
DE000HEL0UL7,corporate
DE000HEL0WC2,corporate
DE000HLB1GH5,corporate
DE000HLB33W0,corporate
DE000HLB3977,corporate
DE000HLB3T59,corporate
DE000HLB57L2,corporate
DE000HLB5840,corporate
DE000HLB71H1,corporate
DE000HV2A003,corporate
DE000HV2A0A3,corporate
DE000HV2A0L0,corporate
DE000HV2A2F8,corporate
DE000HV5L1S7,corporate
DE000HV5L1T5,corporate
DE000HV5L1Y5,corporate
DE000HVB27Q3,corporate
DE000HVB27R1,corporate
DE000HVB27S9,corporate
DE000KG6NK48,corporate
DE000KH5DA41,corporate
DE000LB11751,corporate
DE000LB125H5,corporate
DE000LB13HZ5,corporate
DE000LB13SY5,corporate
DE000LB1B2E5,corporate
DE000LB1DV90,corporate
DE000LB1P720,corporate
DE000LB2CJT6,corporate
DE000LB2CNE0,corporate
DE000LB2CRG6,corporate
DE000LB2CW16,corporate
DE000LB2V5T1,corporate
DE000LB2V7C3,corporate
DE000LB2V833,corporate
DE000LB387B4,corporate
DE000LB38FM4,corporate
DE000LB39AS0,corporate
DE000LB39BG3,corporate
DE000LB39DP0,corporate
DE000LB39DQ8,corporate
DE000LB39EQ6,corporate
DE000LB405B4,corporate
DE000LB429P4,corporate
DE000LB48DH8,corporate
DE000LB48DM8,corporate
DE000LB4W4W5,corporate
DE000LB4W639,corporate
DE000LB4W7C0,corporate
DE000LB4W9X2,corporate
DE000LB4XE03,corporate
DE000LB4XEN2,corporate
DE000LB4XHX4,corporate
DE000LB4YPT3,corporate
DE000LB4Z731,corporate
DE000LB4ZP81,corporate
DE000LB4ZZ14,corporate
DE000LB51CS1,corporate
DE000LB57N84,corporate
DE000LB57NL0,corporate
DE000LB598G5,corporate
DE000LB5AJS5,corporate
DE000LB5C5U9,corporate
DE000LB5EW03,corporate
DE000LB5EW29,corporate
DE000LB5GFR2,corporate
DE000LB5GFS0,corporate
DE000LB5GFV4,corporate
DE000LB5GG68,corporate
DE000LB5JDD1,corporate
DE000LB5JR54,corporate
DE000LB5K7N0,corporate
DE000LB5LJ76,corporate
DE000LB5WWK9,corporate
DE000LB5Y7K0,corporate
DE000LB5Y7M6,corporate
DE000LB60AJ5,corporate
DE000LB62RP2,corporate
DE000LB64FP3,corporate
DE000LB64G27,corporate
DE000LB66474,corporate
DE000LB66482,corporate
DE000LB664A8,corporate
DE000LB664B6,corporate
DE000LB67YJ0,corporate
DE000LB6F6E7,corporate
DE000LB6GLP2,corporate
DE000LB6GM44,corporate
DE000LB6K5U8,corporate
DE000LFA2162,government
DE000MHB18J6,corporate
DE000MHB34J3,corporate
DE000MHB35J0,corporate
DE000MHB38J4,corporate
DE000NLB4RS5,corporate
DE000NLB5545,corporate
DE000NRW0LQ9,government
DE000NRW0LZ0,government
DE000NRW0ML8,government
DE000NRW0MQ7,government
DE000NRW0MY1,government
DE000NRW0N26,government
DE000NRW0NP7,government
DE000NRW0P57,government
DE000NRW0QM7,government
DE000NRW0QR6,government
DE000NRW0SG5,government
DE000NRW75G5,government
DE000NWB0AD8,government
DE000NWB0AE6,government
DE000NWB0AF3,government
DE000NWB0AG1,government
DE000NWB0AH9,government
DE000NWB0AJ5,government
DE000NWB0AK3,government
DE000NWB0AL1,government
DE000NWB0AM9,government
DE000NWB0AN7,government
DE000NWB0AP2,government
DE000NWB0AQ0,government
DE000NWB0AR8,government
DE000NWB0AS6,government
DE000NWB0AT4,government
DE000NWB0AU2,government
DE000NWB0AV0,government
DE000NWB0AW8,government
DE000NWB0AX6,government
DE000NWB0AY4,government
DE000NWB0AZ1,government
DE000NWB0B08,government
DE000NWB0B16,government
DE000NWB0B24,government
DE000NWB17W8,government
DE000NWB18N5,government
DE000NWB18Q8,government
DE000PD993Z2,corporate
DE000RLP1130,government
DE000RLP1288,government
DE000SCB0013,corporate
DE000SCB0070,corporate
DE000SH9ZUJ7,corporate
DE000SHFM741,government
DE000SKB09A5,corporate
DE000XM1L9D2,corporate
DK0009925182,government
EE0000004109,government
ES0000011868,government
ES00000120N0,government
ES00000121S7,government
ES0000012411,government
ES00000124C5,government
ES00000124H4,government
ES00000127A2,government
ES00000127C8,government
ES00000128C6,government
ES00000128E2,government
ES00000128H5,government
ES00000128P8,government
ES00000128Q6,government
ES0000012932,government
ES0000012A89,government
ES0000012B39,government
ES0000012B88,government
ES0000012E51,government
ES0000012E69,government
ES0000012F43,government
ES0000012F76,government
ES0000012G26,government
ES0000012G34,government
ES0000012G42,government
ES0000012H41,government
ES0000012H58,government
ES0000012I08,government
ES0000012I32,government
ES0000012J15,government
ES0000012K20,government
ES0000012K46,government
ES0000012K53,government
ES0000012K61,government
ES0000012K95,government
ES0000012L52,government
ES0000012L60,government
ES0000012M51,government
ES0000012M77,government
ES0000012M85,government
ES0000012M93,government
ES0000012N35,government
ES0000012N43,government
ES0000012O67,government
ES0000012O75,government
ES0000012P33,government
ES0000012P74,government
ES0000012P90,government
ES0000012Q08,government
ES0000012R56,government
ES0000012S22,government
ES00001010K8,government
ES0000101875,government
ES0224261059,corporate
ES0413900376,corporate
EU000A18VJA3,government
EU000A18YZ05,government
EU000A18Z2D4,government
EU000A1G0AJ7,government
EU000A1G0AT6,government
EU000A1G0BJ5,government
EU000A1G0BL1,government
EU000A1G0D05,government
EU000A1G0D70,government
EU000A1G0D88,government
EU000A1G0D96,government
EU000A1G0DB8,government
EU000A1G0DD4,government
EU000A1G0DJ1,government
EU000A1G0DL7,government
EU000A1G0DN3,government
EU000A1G0DR4,government
EU000A1G0DT0,government
EU000A1G0DW4,government
EU000A1G0DY0,government
EU000A1G0ED2,government
EU000A1G0EE0,government
EU000A1G0EG5,government
EU000A1G0EK7,government
EU000A1G0EL5,government
EU000A1G0EM3,government
EU000A1G0EP6,government
EU000A1G1Q17,government
EU000A1G30R0,government
EU000A1G6TV9,government
EU000A1GVVF8,government
EU000A1GY6W8,government
EU000A1HBXS7,government
EU000A1U9902,government
EU000A1U9928,government
EU000A1U9936,government
EU000A1U9969,government
EU000A1U9977,government
EU000A1Z0AW7,government
EU000A1Z6TV6,government
EU000A1Z99A1,government
EU000A1Z99B9,government
EU000A1Z99D5,government
EU000A1Z99F0,government
EU000A1Z99H6,government
EU000A1Z99L8,government
EU000A1Z99N4,government
EU000A1Z99P9,government
EU000A1Z99Q7,government
EU000A1Z99R5,government
EU000A1Z99S3,government
EU000A1Z99T1,government
EU000A1Z99U9,government
EU000A1Z99V7,government
EU000A1Z99W5,government
EU000A1Z99X3,government
EU000A1Z99Y1,government
EU000A1Z99Z8,government
EU000A1ZR7H3,government
EU000A1ZVYR7,government
EU000A280C46,government
EU000A283859,government
EU000A283867,government
EU000A284469,government
EU000A285VM2,government
EU000A287074,government
EU000A28X702,government
EU000A28Z2F7,government
EU000A2R4FY3,government
EU000A2R99Z3,government
EU000A2R9EC1,government
EU000A2SCAA6,government
EU000A2SCAB4,government
EU000A2SCAC2,government
EU000A2SCAE8,government
EU000A2SCAG3,government
EU000A2SCAH1,government
EU000A2SCAJ7,government
EU000A2SCAK5,government
EU000A2SCAL3,government
EU000A2SCAM1,government
EU000A2SCAN9,government
EU000A2SCAP4,government
EU000A2SCAQ2,government
EU000A2SCAR0,government
EU000A2SCAS8,government
EU000A2SCAT6,government
EU000A2SCAU4,government
EU000A2SCAV2,government
EU000A2SCAW0,government
EU000A2SCAX8,government
EU000A2SCAY6,government
EU000A2SCAZ3,government
EU000A3K4C42,government
EU000A3K4D41,government
EU000A3K4D74,government
EU000A3K4D82,government
EU000A3K4DA4,government
EU000A3K4DC0,government
EU000A3K4DD8,government
EU000A3K4DE6,government
EU000A3K4DG1,government
EU000A3K4DK3,government
EU000A3K4DM9,government
EU000A3K4DP2,government
EU000A3K4DS6,government
EU000A3K4DT4,government
EU000A3K4DV0,government
EU000A3K4DW8,government
EU000A3K4DY4,government
EU000A3K4ED6,government
EU000A3K4EG9,government
EU000A3K4EL9,government
EU000A3K4EN5,government
EU000A3K4ES4,government
EU000A3K4EU0,government
EU000A3K4EW6,government
EU000A3K4EY2,government
EU000A3K7MW2,government
EU000A3KM903,government
EU000A3KNYG5,government
EU000A3KP2Z3,government
EU000A3KRJQ6,government
EU000A3KRJR4,government
EU000A3KSXE1,government
EU000A3KT6A3,government
EU000A3KT6B1,government
EU000A3KTGW6,government
EU000A3KWCF4,government
EU000A3L1CN4,government
EU000A3L1DJ0,government
EU000A3L1TH0,government
EU000A3L1TM0,government
EU000A3L2773,government
EU000A3L4C16,government
EU000A3L6Q00,government
EU000A3L6Q18,government
EU000A3L6Q26,government
EU000A3L6Q59,government
EU000A3L6Q75,government
EU000A3L72Y4,government
EU000A3LNF05,government
EU000A3LS460,government
EU000A3LSRN2,government
EU000A3LT492,government
EU000A3LTF25,government
EU000A3LUMF5,government
EU000A3LVAL6,government
EU000A3LX098,government
EU000A3LZ0X9,government
EU000A4D5QM6,government
EU000A4D6KN5,government
EU000A4D7YA1,government
EU000A4D7YB9,government
EU000A4D7YC7,government
EU000A4D7YH6,government
EU000A4D7YR5,government
EU000A4D7YS3,government
EU000A4D7YT1,government
EU000A4D7ZW2,government
EU000A4D8KD2,government
EU000A4EA8Y7,government
EU000A4EBBP0,government
EU000A4ECKZ8,government
EU000A4ED0K0,government
EU000A4EDR27,government
EU000A4EDR76,government
EU000A4EF4A1,government
EU000A4EG021,government
EU000A4EG039,government
EU000A4EG781,government
EU000A4EHML3,government
EU000A4EJ3Q5,government
EU000A4EJ8B6,government
EU000A4EJ8C4,government
EU000A4EJ8E0,government
EU000A4EJ8Q4,government
EU000A4EJ8R2,government
EU000A4EJF17,government
EU000A4ELKS4,government
EU000A4EM8H8,government
EU000A4EMTG8,government
EU000A4ENP68,government
EU000A4EPCA0,government
EU000A4EPCJ1,government
EU000A4EQY56,government
EU000A4EQY98,government
EU000A4ERVC2,government
EU000A4ES497,government
EU000A4ET792,government
EU000A4ETDC6,government
EU000A4ETDD4,government
EU000A4ETDG7,government
EU000A4ETUZ1,government
EU000A4EUY43,government
EU000A4EUYE6,government
EU000A4EUYH9,government
EU000A4EUYK3,government
EU000A4EUYQ0,government
EU000A4EV1G4,government
EU000A4EVJR7,government
EU000A4EW8B9,government
EU000A4EXVK3,government
EU000A4EYPS6,government
FI4000037635,government
FI4000046545,government
FI4000148630,government
FI4000278551,government
FI4000513932,corporate
FI4000527551,government
FI4000546528,government
FI4000546627,corporate
FI4000550249,government
FI4000571104,government
FI4000571260,corporate
FI4000587415,government
FI4000591862,government
FR0000047722,corporate
FR0000186413,government
FR0000187635,government
FR0000188799,government
FR0000471930,corporate
FR0000486763,corporate
FR0000571218,government
FR0000572646,corporate
FR0010014845,corporate
FR0010033381,corporate
FR0010039008,corporate
FR0010070060,government
FR0010171975,government
FR0010292169,corporate
FR0010322792,corporate
FR0010371401,government
FR0010379255,corporate
FR0010422535,corporate
FR0010447367,government
FR0010471334,corporate
FR0010504761,corporate
FR0010680041,corporate
FR0010763177,corporate
FR0010773192,government
FR0010870956,government
FR0011008705,government
FR0011022474,corporate
FR0011071299,corporate
FR0011093632,corporate
FR0011102672,corporate
FR0011199967,corporate
FR0011242700,corporate
FR0011265487,corporate
FR0011285402,corporate
FR0011317783,government
FR0011346402,corporate
FR0011461037,government
FR0011539832,corporate
FR0011580588,corporate
FR0011710284,corporate
FR0011883966,government
FR0011916220,corporate
FR0011982776,government
FR0011994755,corporate
FR0012034718,corporate
FR0012146801,corporate
FR0012159796,corporate
FR0012304442,corporate
FR0012314573,corporate
FR0012401636,corporate
FR0012467942,corporate
FR0012616894,corporate
FR0012758266,corporate
FR0012770063,corporate
FR0012859692,corporate
FR0012942696,corporate
FR0012952596,corporate
FR0012993103,government
FR0013088432,corporate
FR0013143351,corporate
FR0013154028,government
FR0013154044,government
FR0013160959,corporate
FR0013179314,corporate
FR0013182847,corporate
FR0013192762,corporate
FR0013192903,corporate
FR0013196854,corporate
FR0013196995,corporate
FR0013200813,government
FR0013201134,corporate
FR0013201449,corporate
FR0013204609,corporate
FR0013208774,corporate
FR0013209871,government
FR0013210267,corporate
FR0013217015,corporate
FR0013217817,corporate
FR0013218849,corporate
FR0013219631,corporate
FR0013220258,corporate
FR0013220266,corporate
FR0013221389,corporate
FR0013224714,corporate
FR0013227998,corporate
FR0013230133,corporate
FR0013230703,corporate
FR0013231099,corporate
FR0013231768,corporate
FR0013233087,corporate
FR0013233236,corporate
FR0013236544,corporate
FR0013238268,government
FR0013239274,corporate
FR0013241346,corporate
FR0013241478,corporate
FR0013244399,corporate
FR0013245230,corporate
FR0013245578,corporate
FR0013248721,corporate
FR0013250560,government
FR0013254083,corporate
FR0013254505,corporate
FR0013255866,corporate
FR0013257094,corporate
FR0013257185,corporate
FR0013257227,corporate
FR0013260338,corporate
FR0013260551,corporate
FR0013268174,corporate
FR0013274339,corporate
FR0013274669,corporate
FR0013274743,corporate
FR0013279635,corporate
FR0013284072,corporate
FR0013284908,corporate
FR0013286192,government
FR0013286788,corporate
FR0013289139,corporate
FR0013291465,corporate
FR0013295052,corporate
FR0013295722,corporate
FR0013296159,corporate
FR0013296969,corporate
FR0013297009,corporate
FR0013297173,corporate
FR0013297207,corporate
FR0013297389,corporate
FR0013299419,corporate
FR0013300332,corporate
FR0013305620,corporate
FR0013306859,corporate
FR0013308335,corporate
FR0013308392,corporate
FR0013309549,corporate
FR0013310018,corporate
FR0013310455,corporate
FR0013310729,corporate
FR0013313582,government
FR0013317526,corporate
FR0013317716,corporate
FR0013322823,corporate
FR0013327491,government
FR0013329216,corporate
FR0013330693,corporate
FR0013331121,corporate
FR0013335445,corporate
FR0013336005,corporate
FR0013336229,corporate
FR0013341575,corporate
FR0013341682,government
FR0013345147,corporate
FR0013345485,corporate
FR0013346137,corporate
FR0013351756,corporate
FR0013351848,corporate
FR0013353042,corporate
FR0013353893,corporate
FR0013355260,corporate
FR0013357399,corporate
FR0013357407,corporate
FR0013358223,corporate
FR0013358843,corporate
FR0013370962,corporate
FR0013372703,corporate
FR0013378312,corporate
FR0013382348,corporate
FR0013382744,corporate
FR0013383882,corporate
FR0013391836,corporate
FR0013396363,corporate
FR0013396645,corporate
FR0013396652,corporate
FR0013397288,corporate
FR0013399243,corporate
FR0013400538,corporate
FR0013403433,corporate
FR0013404571,corporate
FR0013406154,corporate
FR0013407236,government
FR0013407418,corporate
FR0013410552,government
FR0013413341,corporate
FR0013413382,corporate
FR0013421369,corporate
FR0013422573,corporate
FR0013423753,corporate
FR0013428067,corporate
FR0013433281,corporate
FR0013435716,corporate
FR0013441219,corporate
FR0013444759,corporate
FR0013445129,corporate
FR0013449261,corporate
FR0013450822,corporate
FR0013451507,government
FR0013455862,corporate
FR0013457058,corporate
FR0013459757,corporate
FR0013459849,corporate
FR0013460417,corporate
FR0013464740,corporate
FR0013464922,corporate
FR0013464963,corporate
FR0013466018,corporate
FR0013467214,corporate
FR0013476090,corporate
FR0013478047,corporate
FR0013482189,corporate
FR0013482833,corporate
FR0013482841,corporate
FR0013482866,corporate
FR0013505567,corporate
FR0013506516,corporate
FR0013511227,corporate
FR0013512621,corporate
FR0013513645,corporate
FR0013515715,corporate
FR0013516176,corporate
FR0013516549,government
FR0013517307,corporate
FR0013518057,corporate
FR0013519568,corporate
FR0013521267,corporate
FR0013521564,corporate
FR0013524014,government
FR0013524865,corporate
FR0013533254,corporate
FR0013534278,corporate
FR0013535101,corporate
FR0013535820,corporate
FR0013536950,corporate
FR00140005C6,corporate
FR00140006K7,corporate
FR00140009U0,corporate
FR0014000TV0,corporate
FR0014000Y93,corporate
FR0014001GV5,corporate
FR0014001N38,government
FR0014001NN8,government
FR0014001V04,corporate
FR0014001YB0,corporate
FR0014001ZD3,corporate
FR0014002BJ9,corporate
FR0014002RQ0,corporate
FR0014002WK3,government
FR0014002X50,corporate
FR00140033E4,corporate
FR0014003513,government
FR0014003C54,corporate
FR0014003GX7,corporate
FR0014003N51,government
FR0014003N69,corporate
FR0014003RK1,corporate
FR0014003UF5,corporate
FR0014003UV2,corporate
FR0014003XY0,corporate
FR0014003XZ7,corporate
FR0014003Y09,corporate
FR00140047W6,corporate
FR00140049N1,corporate
FR0014004A22,corporate
FR0014004DL7,corporate
FR0014004J31,government
FR0014004JA7,corporate
FR0014004LY3,corporate
FR0014004YK5,corporate
FR00140050B4,corporate
FR0014005EE7,corporate
FR0014005HY8,corporate
FR0014005MV4,corporate
FR0014005N34,corporate
FR0014005SE7,corporate
FR0014005SP3,corporate
FR0014005SR9,corporate
FR0014005XX7,corporate
FR0014006268,corporate
FR0014006276,corporate
FR00140065E6,corporate
FR00140068X0,corporate
FR0014006HV2,corporate
FR0014006IG1,corporate
FR0014006IV0,corporate
FR0014006XO4,corporate
FR0014007C76,corporate
FR0014007L00,government
FR0014007PX9,corporate
FR0014007PY7,corporate
FR0014007Q96,corporate
FR0014008181,government
FR0014008E08,corporate
FR00140095D5,corporate
FR0014009GQ8,corporate
FR0014009HF9,corporate
FR0014009HV6,corporate
FR0014009N55,corporate
FR0014009OM1,corporate
FR0014009PY3,corporate
FR0014009YE7,corporate
FR001400A5Y2,corporate
FR001400A639,corporate
FR001400A878,corporate
FR001400ABK6,corporate
FR001400ADT3,corporate
FR001400AIN5,government
FR001400AJT0,corporate
FR001400ALZ3,corporate
FR001400AN98,corporate
FR001400AOL7,corporate
FR001400AQH0,government
FR001400B1L7,corporate
FR001400B934,corporate
FR001400BG54,corporate
FR001400BKZ3,government
FR001400BTN0,corporate
FR001400BXZ6,corporate
FR001400C254,corporate
FR001400CFW8,corporate
FR001400CH94,corporate
FR001400CHR4,corporate
FR001400CM22,corporate
FR001400CND2,corporate
FR001400COI9,corporate
FR001400CQ85,corporate
FR001400CRG6,corporate
FR001400CWI2,corporate
FR001400CYH0,corporate
FR001400CYX7,corporate
FR001400CZO3,corporate
FR001400D0F9,corporate
FR001400D1M3,corporate
FR001400D9X3,corporate
FR001400DAI6,corporate
FR001400DC72,corporate
FR001400DJV0,corporate
FR001400DKS4,corporate
FR001400DNT6,corporate
FR001400DTB1,corporate
FR001400DXH0,corporate
FR001400DXR9,corporate
FR001400E946,corporate
FR001400EBK8,corporate
FR001400EE95,corporate
FR001400EEH8,corporate
FR001400EEX5,corporate
FR001400EFL7,corporate
FR001400EHD0,corporate
FR001400EHH1,corporate
FR001400EMK5,corporate
FR001400EQ34,corporate
FR001400EUB7,corporate
FR001400EX68,corporate
FR001400EZL5,corporate
FR001400F067,corporate
FR001400F075,corporate
FR001400F1U4,corporate
FR001400F406,corporate
FR001400F8Z8,corporate
FR001400FFW1,corporate
FR001400FJM4,corporate
FR001400FOM4,corporate
FR001400FTH3,government
FR001400FTI1,corporate
FR001400FV85,corporate
FR001400FYQ4,government
FR001400G1P3,corporate
FR001400GDU8,corporate
FR001400GI73,corporate
FR001400GM85,corporate
FR001400GQX4,corporate
FR001400H2O3,corporate
FR001400H7V7,government
FR001400HH81,corporate
FR001400HI98,government
FR001400HOF4,corporate
FR001400HZD5,corporate
FR001400HZX3,corporate
FR001400I0C1,corporate
FR001400I145,corporate
FR001400I186,corporate
FR001400ICR2,corporate
FR001400IEQ0,corporate
FR001400IG08,corporate
FR001400IKW5,government
FR001400J507,corporate
FR001400JI88,government
FR001400KGC1,corporate
FR001400KJO0,corporate
FR001400KJP7,corporate
FR001400KLT5,corporate
FR001400KWR6,corporate
FR001400KXW4,corporate
FR001400KY69,corporate
FR001400KZZ2,corporate
FR001400L2J7,corporate
FR001400L362,corporate
FR001400L834,government
FR001400L933,corporate
FR001400LAV2,corporate
FR001400LBA4,corporate
FR001400LDK9,corporate
FR001400LX28,corporate
FR001400LZO4,corporate
FR001400M1S9,corporate
FR001400M1X9,corporate
FR001400M6F5,corporate
FR001400M998,corporate
FR001400MCE2,corporate
FR001400MLX3,corporate
FR001400MML6,corporate
FR001400MQS2,corporate
FR001400MTN7,corporate
FR001400N3F1,corporate
FR001400N4G7,corporate
FR001400N9Z6,corporate
FR001400NBC6,government
FR001400NE03,corporate
FR001400NEF3,government
FR001400NFA1,corporate
FR001400NJA3,government
FR001400NK21,corporate
FR001400NNC1,corporate
FR001400O9E0,corporate
FR001400OHF4,government
FR001400OM10,corporate
FR001400OOK0,corporate
FR001400OVW0,corporate
FR001400P1Y4,corporate
FR001400P3D4,corporate
FR001400P3E2,corporate
FR001400P728,corporate
FR001400P9A7,corporate
FR001400PA13,corporate
FR001400PG66,corporate
FR001400PIA0,corporate
FR001400PM68,government
FR001400PMS4,corporate
FR001400PMU0,corporate
FR001400PRQ7,corporate
FR001400PU68,corporate
FR001400PZV0,corporate
FR001400Q130,corporate
FR001400Q494,corporate
FR001400QB37,corporate
FR001400QC85,corporate
FR001400QCA1,government
FR001400QHO1,corporate
FR001400QHS2,corporate
FR001400QJ13,corporate
FR001400QJ21,corporate
FR001400QMF9,government
FR001400QQ30,corporate
FR001400RE90,corporate
FR001400RIT6,corporate
FR001400RLS2,corporate
FR001400SD82,government
FR001400SGD2,corporate
FR001400SSO4,corporate
FR001400SXM8,corporate
FR001400SZ78,corporate
FR001400SZ86,corporate
FR001400T0B0,corporate
FR001400T2O9,corporate
FR001400TB83,corporate
FR001400TL81,corporate
FR001400TL99,corporate
FR001400TM31,corporate
FR001400TSJ2,corporate
FR001400TSK0,corporate
FR001400U2E7,corporate
FR001400U4M6,corporate
FR001400UCA3,corporate
FR001400UM87,corporate
FR001400UR33,corporate
FR001400WIO7,corporate
FR001400WJI7,corporate
FR001400WK95,corporate
FR001400WO83,corporate
FR001400WOJ5,corporate
FR001400WTD7,corporate
FR001400WVN2,corporate
FR001400WYO4,government
FR001400X706,corporate
FR001400X8V5,government
FR001400XJJ3,government
FR001400XLW2,government
FR001400XS05,corporate
FR001400XS13,corporate
FR001400Y969,corporate
FR001400YNZ9,corporate
FR001400YQA5,corporate
FR001400YWV9,corporate
FR001400Z2L7,government
FR001400ZBI7,corporate
FR001400ZEB6,corporate
FR001400ZED2,corporate
FR001400ZGF2,corporate
FR001400ZPC0,corporate
FR001400ZPD8,corporate
FR001400ZR04,corporate
FR001400ZT69,corporate
FR001400ZUD8,corporate
FR001400ZUE6,corporate
FR001400ZY96,corporate
FR00140106Z3,corporate
FR0014010A08,corporate
FR0014010HG5,corporate
FR0014010NX8,corporate
FR0014010TD7,corporate
FR0014011243,corporate
FR00140112W8,corporate
FR0014011839,corporate
FR0014011DH0,corporate
FR0014012EW5,corporate
FR0014012HQ0,corporate
FR0014012I73,corporate
FR0014012IF1,corporate
FR0014012IH7,corporate
FR0014012II5,government
FR0014012PN0,corporate
FR0014012V68,corporate
FR00140138V5,corporate
FR0014013O90,corporate
FR0014013VS5,corporate
FR0014013VW7,corporate
FR0014013VX5,corporate
FR0014013VY3,corporate
FR0014013Y56,corporate
FR0014013ZG1,corporate
FR00140141X5,corporate
FR00140142Q7,corporate
FR00140148B6,corporate
FR0014014CT1,corporate
FR0014014IQ4,corporate
FR0014014LG9,corporate
FR0014014MD4,corporate
FR0014014T11,corporate
FR0014014T29,corporate
FR00140152F9,corporate
FR0014015AA2,corporate
FR0014015EI7,corporate
FR0014015GP7,corporate
FR0014015HK6,corporate
FR0014015J53,corporate
FR0014015MU5,government
FR0014015XD8,corporate
FR00140160U1,corporate
FR0014016408,corporate
FR0014016B43,corporate
FR0014016BD2,corporate
FR0014016CV2,government
FR0014016GC3,corporate
FR0014016GD1,corporate
FR0014016LD1,corporate
FR0014016MI8,corporate
FR0014016ML2,corporate
FR0014016WB2,corporate
FR0014017356,corporate
FR00140176N2,corporate
FR0014017IM6,corporate
FR0014017Z10,government
FR00140182G4,corporate
FR0014018DA0,corporate
FR0014018LT3,corporate
FR0014018ML8,corporate
FR0014018OI0,government
FR0014018PB2,corporate
FR0014018PQ0,corporate
FR0014018PR8,corporate
FR0014018V39,corporate
FR0014018YR0,government
FR0014019139,corporate
FR00140191J9,corporate
FR00140196B5,corporate
FR0014019MR3,corporate
FR0014019WJ9,corporate
FR0014019WY8,corporate
FR01CASA0019,corporate
FR01CASA0050,corporate
FR01CASA0068,corporate
FR1CACIB0049,corporate
FR1CACIB0098,corporate
FR1CACIB0106,corporate
FR1CACIB0213,corporate
FR1CACIB0288,corporate
FR1CACIB0403,corporate
FR1CIBFS0020,corporate
FR1CIBFS0038,corporate
FR1CIBFS1358,corporate
FR1CIBFS8932,corporate
FR1CIBLU0291,corporate
FR1CIBLU0309,corporate
FR1CIBLU0317,corporate
FR1CIBLU0788,corporate
FR1CIBLU1091,corporate
FR5272AB0296,corporate
FR5272AB0973,corporate
FR5272AB1641,corporate
FR5272AB1658,corporate
FR7271CA2447,corporate
FR7271CA2678,corporate
FR7271CA2702,corporate
FR7271CA2736,corporate
FR7271CA2769,corporate
FR7271CA2868,corporate
FR7271CA2918,corporate
FR7271CA2959,corporate
FR7271CA2991,corporate
FR9347FS4628,corporate
FR9348FS3900,corporate
FRCASA010084,corporate
FRCASA010092,corporate
FRCASA010134,corporate
FRCASA010142,corporate
FRCASA010233,corporate
FRCASA010316,corporate
FRCASA010415,corporate
FRCASA010423,corporate
FRCASA010431,corporate
FRCASA010449,corporate
FRCASA010456,corporate
FRCASA010480,corporate
FRCASA010506,corporate
FRCASA010514,corporate
FRCASA010522,corporate
FRCASA010530,corporate
FRCASA010589,corporate
FRCASA010605,corporate
FRCASA010613,corporate
FRCASA010647,corporate
FRCASA010670,corporate
FRCASA010688,corporate
FRCASA010696,corporate
FRCASA010720,corporate
FRCASA010738,corporate
FRCASA010753,corporate
FRCASA010761,corporate
FRCASA010787,corporate
FRCASA010837,corporate
FRCASA010852,corporate
FRCASA010886,corporate
FRCASA010928,corporate
FRCASA010944,corporate
FRIP00000193,corporate
FRIP000004X3,corporate
FRIP00000730,corporate
FRIP00000A40,corporate
FRIP00000KM5,corporate
FRIP00000P19,corporate
FRSG00010HC0,corporate
FRSG000309A2,corporate
FRSG000309E4,corporate
FRSG000309F1,corporate
FRSG00030A59,corporate
FRSG00030A91,corporate
FRSG00030B17,corporate
FRSG00030B66,corporate
FRSG00030EI2,corporate
FRSG00030GV0,corporate
FRSG00030H37,corporate
FRSG00030IB8,corporate
FRSG00030LD8,corporate
FRSG00030NM5,corporate
FRSG00030OA8,corporate
GB0000044221,corporate
GB0000064393,corporate
GB0001111284,corporate
GB0001257988,corporate
GB0001385250,corporate
GB0001385474,corporate
GB0003035382,corporate
GB0004339296,corporate
GB0004893086,government
GB0006227051,corporate
GB0007185639,corporate
GB0008399700,corporate
GB0008401324,corporate
GB0032452392,government
GB0047524268,corporate
GB00B00NY175,government
GB00B16NNR78,government
GB00B19RX541,corporate
GB00B1VWPJ53,government
GB00B3KJDS62,government
GB00B3KS9W93,corporate
GB00B3KSB238,corporate
GB00B52WS153,government
GB00B84Z9V04,government
GB00BD0XH204,government
GB00BDRHNP05,government
GB00BL6C7720,government
GB00BLH38158,government
GB00BLPK7227,government
GB00BMBL1D50,government
GB00BMF9LF76,government
GB00BMF9LG83,government
GB00BMGR2809,government
GB00BMGR2916,government
GB00BMV7TC88,government
GB00BN65R313,government
GB00BPCJD997,government
GB00BPJJKN53,government
GB00BPSNBB36,government
GB00BQC4R999,government
GB00BQC82C90,government
GB00BSQNRC93,government
GB00BT7J0027,government
GB00BT7J0241,government
GB00BTXS1K06,government
GB00BVP99566,government
GB00BVP99897,government
GB00BW6SJT35,corporate
GB00BZVQZ408,corporate
GR0114033583,government
GR0124036709,government
GR0124039737,government
GR0124040743,government
GR0124041758,government
GR0128014710,government
GR0128017747,government
GR0133006198,government
GR0133007204,government
GR0133010232,government
GR0138010765,government
GR0138012787,government
GR0138014809,government
GR0138017836,government
GR0138018842,government
GRC1451207D3,corporate
GRC145121CD2,corporate
GRC148123CB9,corporate
GRC245125BD4,corporate
GRC281121BD8,corporate
GRC3371241B9,corporate
GRC3431242B5,corporate
GRC3931237D6,corporate
GRC432125CB9,corporate
GRC5611262D6,corporate
GRC5731267B4,corporate
GRC8231227D3,corporate
GRC824121CD0,corporate
GRC8261222B1,corporate
HK0000159993,government
HK0000646957,government
HK0000778206,government
HK0000778214,government
HK0000789559,government
HK0000951001,government
HK0000957925,corporate
HK0000993342,corporate
HK0000997624,corporate
HK0001001186,corporate
HK0001020822,government
HK0001031977,government
HK0001034476,corporate
HK0001038576,corporate
HK0001045795,government
HK0001055620,corporate
HK0001074969,corporate
HK0001082160,corporate
HK0001082178,corporate
HK0001086013,government
HK0001092268,government
HK0001106043,government
HK0001106373,corporate
HK0001106381,corporate
HK0001121083,corporate
HK0001127510,corporate
HK0001127528,corporate
HK0001127551,government
HK0001155644,corporate
HK0001160941,corporate
HK0001166955,corporate
HK0001166971,corporate
HK0001167169,corporate
HK0001173688,corporate
HK0001173696,corporate
HK0001173811,corporate
HK0001173902,corporate
HK0001178836,government
HK0001186011,government
HK0001193041,corporate
HK0001193066,corporate
HK0001193108,corporate
HK0001201927,government
HK0001206843,corporate
HK0001220976,corporate
HK0001221297,government
HK0001221305,government
HK0001241626,corporate
HK0001241931,government
HK0001249470,corporate
HK0001249496,government
HK0001256152,corporate
HK0001285094,corporate
HK0001285102,corporate
HK0001293205,corporate
HK0001293221,corporate
HK0001293387,corporate
HK0001293650,corporate
HK0001302535,corporate
HK0001302691,corporate
HK0001302766,corporate
HK0001302774,government
HK0001306932,corporate
HK0001306940,corporate
HK0001306957,corporate
HK0001307179,corporate
HK0001307187,corporate
HK0001314506,government
HK0001314514,government
HK0001314522,government
HK0001314589,corporate
HK0001323937,corporate
HK0001323945,corporate
HK0001325270,corporate
HRRHMFO273N4,government
HRRHMFT638N3,government
HRRHMFT647N4,government
HRRHMFT708N4,government
HRZGHOO287A8,corporate
HU0000403001,government
HU0000403696,government
HU0000405550,government
IE00080U68D3,government
IE000LQ7YWY4,government
IE00BDHDPR44,government
IE00BFZRPZ02,government
IE00BFZRQ242,corporate
IE00BH3SQ895,government
IE00BJ38CR43,government
IE00BKFVC899,government
IE00BMQ5JL65,government
IE00BV8C9186,government
IE00BV8C9B83,government
IL0012338161,corporate
IL0012343849,corporate
IL0012348483,corporate
IL0012431792,corporate
IL0028103310,corporate
IL0060406878,corporate
IL0066204707,corporate
IT0001086567,government
IT0001174611,government
IT0001278511,government
IT0001444378,government
IT0003256820,government
IT0003535157,government
IT0003685093,government
IT0003874523,government
IT0003877310,government
IT0003934657,government
IT0004286966,government
IT0004532559,government
IT0004889033,government
IT0004923998,government
IT0005024234,government
IT0005094088,government
IT0005210650,government
IT0005212987,corporate
IT0005216616,corporate
IT0005217390,government
IT0005240350,government
IT0005240830,government
IT0005246415,corporate
IT0005259988,corporate
IT0005274805,government
IT0005315046,corporate
IT0005319949,corporate
IT0005323032,government
IT0005340929,government
IT0005358806,government
IT0005363111,government
IT0005365165,government
IT0005366288,corporate
IT0005377152,government
IT0005378036,corporate
IT0005383309,government
IT0005386922,corporate
IT0005388647,corporate
IT0005390874,government
IT0005396863,corporate
IT0005397028,corporate
IT0005397036,corporate
IT0005398406,government
IT0005399586,government
IT0005402117,government
IT0005403396,government
IT0005408098,government
IT0005413171,government
IT0005421703,government
IT0005422032,government
IT0005422891,government
IT0005425233,government
IT0005433690,government
IT0005433757,corporate
IT0005436693,government
IT0005436875,corporate
IT0005437733,corporate
IT0005438004,government
IT0005441883,government
IT0005445306,government
IT0005449969,government
IT0005451197,government
IT0005451759,corporate
IT0005456188,corporate
IT0005456303,corporate
IT0005459067,corporate
IT0005461626,corporate
IT0005466013,government
IT0005466229,corporate
IT0005467482,government
IT0005480980,government
IT0005481038,corporate
IT0005481046,corporate
IT0005484552,government
IT0005489932,corporate
IT0005490955,corporate
IT0005491250,government
IT0005493652,corporate
IT0005494239,government
IT0005495731,government
IT0005495889,corporate
IT0005496770,government
IT0005499543,corporate
IT0005500068,government
IT0005507832,corporate
IT0005507840,corporate
IT0005518128,government
IT0005519787,government
IT0005520470,corporate
IT0005521171,corporate
IT0005521981,government
IT0005523896,corporate
IT0005530032,government
IT0005534141,government
IT0005538837,corporate
IT0005539504,corporate
IT0005542359,government
IT0005542797,government
IT0005544082,government
IT0005545287,corporate
IT0005548315,government
IT0005549362,corporate
IT0005549370,corporate
IT0005549396,corporate
IT0005552507,corporate
IT0005554578,corporate
IT0005555112,corporate
IT0005556011,government
IT0005560948,government
IT0005561243,corporate
IT0005561888,government
IT0005562142,corporate
IT0005568529,corporate
IT0005568719,government
IT0005569964,corporate
IT0005570988,corporate
IT0005571309,corporate
IT0005571952,corporate
IT0005572166,corporate
IT0005579294,corporate
IT0005579492,corporate
IT0005579807,corporate
IT0005579997,corporate
IT0005580045,government
IT0005580094,government
IT0005580102,corporate
IT0005580136,corporate
IT0005580276,corporate
IT0005580656,corporate
IT0005580771,corporate
IT0005581530,corporate
IT0005582421,government
IT0005583460,corporate
IT0005584856,government
IT0005584880,corporate
IT0005585051,corporate
IT0005585341,corporate
IT0005585622,corporate
IT0005586729,corporate
IT0005586968,corporate
IT0005593212,corporate
IT0005595373,corporate
IT0005595597,corporate
IT0005595803,government
IT0005596207,corporate
IT0005596363,corporate
IT0005596470,government
IT0005597379,corporate
IT0005597395,corporate
IT0005597916,corporate
IT0005598989,corporate
IT0005603367,corporate
IT0005604803,corporate
IT0005605180,corporate
IT0005605669,corporate
IT0005607970,government
IT0005611048,corporate
IT0005611055,government
IT0005611063,corporate
IT0005611253,corporate
IT0005611287,corporate
IT0005611550,corporate
IT0005611741,government
IT0005611758,corporate
IT0005611790,corporate
IT0005614612,corporate
IT0005619546,government
IT0005621450,corporate
IT0005622409,corporate
IT0005622912,corporate
IT0005623837,corporate
IT0005630147,corporate
IT0005631491,corporate
IT0005631590,government
IT0005631608,government
IT0005631822,corporate
IT0005631921,corporate
IT0005632267,corporate
IT0005633513,corporate
IT0005636532,corporate
IT0005636797,corporate
IT0005637126,corporate
IT0005637399,government
IT0005637761,corporate
IT0005643249,corporate
IT0005644312,corporate
IT0005646374,corporate
IT0005647265,government
IT0005648149,government
IT0005648917,corporate
IT0005649824,corporate
IT0005650335,corporate
IT0005651788,corporate
IT0005652448,corporate
IT0005654584,corporate
IT0005654592,corporate
IT0005655334,corporate
IT0005656282,corporate
IT0005657850,corporate
IT0005659146,corporate
IT0005660094,corporate
IT0005668238,government
IT0005668626,corporate
IT0005669715,corporate
IT0005671273,government
IT0005671539,corporate
IT0005671547,corporate
IT0005671588,corporate
IT0005675126,corporate
IT0005676249,corporate
IT0005678054,corporate
IT0005678773,corporate
IT0005678955,corporate
IT0005685562,government
IT0005686180,corporate
IT0005689168,corporate
IT0005689978,corporate
IT0005689986,corporate
IT0005690026,corporate
IT0005690471,corporate
IT0005690547,corporate
IT0005690869,corporate
IT0005690893,corporate
IT0005691081,corporate
IT0005691354,corporate
IT0005694382,corporate
IT0005695454,corporate
IT0005696668,corporate
IT0005697591,corporate
IT0005700726,corporate
IT0005704447,government
IT0005706285,government
IT0005706822,corporate
IT0005707085,corporate
IT0005710782,corporate
IT0005713612,corporate
IT0005715724,corporate
IT0005716797,corporate
IT0005716805,corporate
IT0005716888,corporate
IT0005717589,corporate
IT0005717688,corporate
IT0005717902,corporate
IT0005717944,corporate
IT0005719494,corporate
IT0005720542,corporate
IT0005723066,corporate
IT0006736869,corporate
IT0006737214,corporate
KYG1144AAA31,corporate
LU0905090048,government
LU0962396452,government
LU1556942974,government
LU2076841712,government
LU2162831981,government
LU2228213398,government
LU2320463339,government
LU2475493826,government
LU2475494477,government
LU2591860569,government
LU2591861021,government
LU2773894873,government
LU3182454440,government
LU3315368814,government
MYL1163PA000,corporate
MYL5099LA8C1,corporate
MYL7108PA9C0,corporate
MYL7145PA035,corporate
MYL7219PA6A6,corporate
MYL8664PA000,corporate
NGFG19203827,government
NGFG202034S8,government
NGFGS2026683,government
NGFGS2027640,government
NGFGS2027749,government
NGFGS2027780,government
NGFGS2027806,government
NGFGS2027913,government
NGFGS2028010,government
NGFGS2028085,government
NGFGS2028101,government
NGFGS2028861,government
NGFGS2028887,government
NGFGS2028945,government
NGFGS2029075,government
NGFGSUK20279,government
NGFGSUK20329,corporate
NGFGSUK20337,corporate
NL0000102234,government
NL0000102317,government
NL0000116150,corporate
NL0000116168,corporate
NL0009446418,government
NL0010071189,government
NL0010721999,government
NL0012171458,government
NL0012818504,government
NL0013332430,government
NL0013552060,government
NL0014555419,government
NL00150006U0,government
NL0015000B11,government
NL0015000LS8,corporate
NL0015000RP1,government
NL00150012X2,government
NL0015001AM2,government
NL0015001DQ7,government
NL0015001RG8,government
NL0015001XZ6,government
NL0015002F72,government
NL0015002P70,government
NL0015031501,government
NL0015073TQ2,government
NL0015073VV8,government
NL0015614579,government
NO0010635428,corporate
NO0010683832,corporate
NO0010786288,government
NO0010816150,corporate
NO0010821598,government
NO0010823792,corporate
NO0010844079,government
NO0010869316,corporate
NO0010870017,corporate
NO0010871643,corporate
NO0010873003,corporate
NO0010875230,government
NO0010875271,corporate
NO0010886740,corporate
NO0010895329,corporate
NO0010895527,corporate
NO0010895592,corporate
NO0010905474,corporate
NO0010905490,corporate
NO0010930522,government
NO0010947963,corporate
NO0010984180,corporate
NO0010993017,government
NO0011008377,corporate
NO0011009086,corporate
NO0011013096,corporate
NO0011029399,corporate
NO0011035313,corporate
NO0011035321,corporate
NO0011087595,corporate
NO0011091282,corporate
NO0011095465,corporate
NO0011096281,corporate
NO0011096299,corporate
NO0011097222,corporate
NO0011100778,corporate
NO0011104077,corporate
NO0011108284,corporate
NO0011108896,corporate
NO0011108904,corporate
NO0011109571,corporate
NO0011110439,corporate
NO0011112880,corporate
NO0011114381,corporate
NO0011115487,corporate
NO0011121808,corporate
NO0011129561,corporate
NO0011140428,corporate
NO0011147076,corporate
NO0011151151,corporate
NO0011151904,corporate
NO0011155855,corporate
NO0011156614,corporate
NO0011157349,corporate
NO0011160962,corporate
NO0011161580,corporate
NO0011173601,corporate
NO0011179731,corporate
NO0011184731,corporate
NO0011199390,corporate
NO0011202814,corporate
NO0011203457,corporate
NO0011203549,corporate
NO0011207300,corporate
NO0012422908,corporate
NO0012435736,corporate
NO0012440397,government
NO0012444613,corporate
NO0012446485,corporate
NO0012446493,corporate
NO0012478397,corporate
NO0012484387,corporate
NO0012493909,corporate
NO0012493941,corporate
NO0012495268,corporate
NO0012513581,corporate
NO0012523119,corporate
NO0012530965,corporate
NO0012534025,corporate
NO0012540063,corporate
NO0012548850,corporate
NO0012548900,corporate
NO0012548918,corporate
NO0012552324,corporate
NO0012552365,corporate
NO0012552977,corporate
NO0012555541,corporate
NO0012559337,corporate
NO0012622721,corporate
NO0012626060,corporate
NO0012626946,corporate
NO0012627118,corporate
NO0012629379,corporate
NO0012637372,corporate
NO0012662362,corporate
NO0012662404,corporate
NO0012693680,corporate
NO0012696527,corporate
NO0012702614,corporate
NO0012703380,corporate
NO0012703455,corporate
NO0012708900,corporate
NO0012721804,corporate
NO0012724808,corporate
NO0012724824,corporate
NO0012738642,corporate
NO0012747080,corporate
NO0012755828,corporate
NO0012757733,corporate
NO0012767294,corporate
NO0012780032,corporate
NO0012780909,corporate
NO0012780917,corporate
NO0012781923,corporate
NO0012784547,corporate
NO0012810490,corporate
NO0012811860,corporate
NO0012813080,corporate
NO0012816224,corporate
NO0012818006,corporate
NO0012819954,corporate
NO0012820622,corporate
NO0012820648,corporate
NO0012832791,corporate
NO0012837642,government
NO0012838210,corporate
NO0012838962,corporate
NO0012841800,corporate
NO0012843061,corporate
NO0012864489,corporate
NO0012868803,corporate
NO0012883133,corporate
NO0012888769,corporate
NO0012894577,corporate
NO0012898040,corporate
NO0012898651,corporate
NO0012902123,corporate
NO0012902792,corporate
NO0012903402,corporate
NO0012903451,corporate
NO0012904194,corporate
NO0012917592,corporate
NO0012928185,corporate
NO0012933532,corporate
NO0012935412,corporate
NO0012938325,corporate
NO0012940396,corporate
NO0012942590,corporate
NO0012947433,corporate
NO0012948977,corporate
NO0012982745,corporate
NO0012989971,corporate
NO0012990680,corporate
NO0012991266,corporate
NO0012997446,corporate
NO0013004523,corporate
NO0013004531,corporate
NO0013004572,corporate
NO0013005322,corporate
NO0013008052,corporate
NO0013008771,corporate
NO0013010322,corporate
NO0013012633,corporate
NO0013014019,corporate
NO0013027938,corporate
NO0013030965,corporate
NO0013042465,corporate
NO0013056200,corporate
NO0013058602,corporate
NO0013071571,corporate
NO0013075721,corporate
NO0013081364,corporate
NO0013081943,corporate
NO0013091751,corporate
NO0013091769,corporate
NO0013091777,corporate
NO0013095026,corporate
NO0013095653,corporate
NO0013115782,corporate
NO0013116368,corporate
NO0013116376,corporate
NO0013119206,corporate
NO0013119263,corporate
NO0013119875,corporate
NO0013121160,corporate
NO0013132993,corporate
NO0013133843,corporate
NO0013139931,corporate
NO0013140137,corporate
NO0013140665,corporate
NO0013148338,government
NO0013149658,corporate
NO0013163485,corporate
NO0013172148,corporate
NO0013176628,corporate
NO0013177949,corporate
NO0013178707,corporate
NO0013181420,corporate
NO0013182741,corporate
NO0013182766,corporate
NO0013182816,corporate
NO0013185801,corporate
NO0013185835,corporate
NO0013185850,corporate
NO0013188086,corporate
NO0013210476,corporate
NO0013215509,corporate
NO0013220228,corporate
NO0013225706,corporate
NO0013228528,corporate
NO0013234492,corporate
NO0013250647,corporate
NO0013252452,corporate
NO0013256099,corporate
NO0013256834,corporate
NO0013257543,corporate
NO0013261107,corporate
NO0013261743,corporate
NO0013262428,corporate
NO0013310136,corporate
NO0013311373,corporate
NO0013311902,corporate
NO0013311944,corporate
NO0013311977,corporate
NO0013314658,corporate
NO0013314674,corporate
NO0013314708,corporate
NO0013315937,corporate
NO0013319418,corporate
NO0013320747,corporate
NO0013321380,corporate
NO0013321398,corporate
NO0013323485,corporate
NO0013325407,corporate
NO0013326066,corporate
NO0013329276,corporate
NO0013330514,corporate
NO0013330613,corporate
NO0013331223,corporate
NO0013331231,corporate
NO0013333435,corporate
NO0013334763,corporate
NO0013335497,government
NO0013336206,corporate
NO0013339770,corporate
NO0013339812,corporate
NO0013350462,corporate
NO0013355230,corporate
NO0013358127,corporate
NO0013364398,corporate
NO0013364976,corporate
NO0013374470,corporate
NO0013379487,corporate
NO0013383356,corporate
NO0013383448,corporate
NO0013383992,corporate
NO0013387316,corporate
NO0013387860,corporate
NO0013389528,corporate
NO0013391631,corporate
NO0013392498,corporate
NO0013393348,corporate
NO0013405704,corporate
NO0013406371,corporate
NO0013407072,corporate
NO0013407106,corporate
NO0013415786,corporate
NO0013418863,corporate
NO0013426718,corporate
NO0013429324,corporate
NO0013431148,corporate
NO0013457291,corporate
NO0013460147,corporate
NO0013461384,corporate
NO0013464792,corporate
NO0013465393,corporate
NO0013465997,corporate
NO0013469957,corporate
NO0013470674,corporate
NO0013471219,corporate
NO0013479964,corporate
NO0013484733,corporate
NO0013489351,corporate
NO0013501122,corporate
NO0013501759,corporate
NO0013502385,corporate
NO0013511113,corporate
NO0013512335,corporate
NO0013512343,corporate
NO0013512384,corporate
NO0013513598,corporate
NO0013528281,corporate
NO0013530501,corporate
NO0013530527,corporate
NO0013531590,corporate
NO0013535468,corporate
NO0013536169,corporate
NO0013546945,corporate
NO0013546952,corporate
NO0013554857,corporate
NO0013572420,corporate
NO0013572461,corporate
NO0013576355,corporate
NO0013577098,corporate
NO0013577114,corporate
NO0013577627,corporate
NO0013581892,corporate
NO0013582601,corporate
NO0013583179,corporate
NO0013586024,corporate
NO0013586602,corporate
NO0013598078,corporate
NO0013600684,corporate
NO0013601302,corporate
NO0013602540,corporate
NO0013607036,corporate
NO0013618587,corporate
NO0013625368,corporate
NO0013627950,corporate
NO0013629667,corporate
NO0013629675,corporate
NO0013631713,corporate
NO0013633701,corporate
NO0013633776,corporate
NO0013637777,corporate
NO0013639112,corporate
NO0013643767,corporate
NO0013660357,corporate
NO0013665786,corporate
NO0013669929,corporate
NO0013670562,corporate
NO0013671107,corporate
NO0013673921,corporate
NO0013673970,corporate
NO0013683466,corporate
NO0013684209,corporate
NO0013684597,corporate
NO0013684993,corporate
NO0013685016,corporate
NO0013685131,corporate
NO0013685776,corporate
NO0013688275,corporate
NO0013696633,corporate
NO0013697250,corporate
NO0013697268,corporate
NO0013697334,corporate
NO0013697508,corporate
NO0013697896,corporate
NO0013698159,corporate
NO0013698365,corporate
NO0013698530,corporate
NO0013699843,corporate
NO0013700039,corporate
NO0013708933,corporate
NO0013710632,corporate
NO0013710665,corporate
NO0013710673,corporate
NO0013710749,corporate
NO0013710814,corporate
NO0013710996,corporate
NO0013711648,corporate
NO0013711689,corporate
NO0013712281,corporate
NO0013713123,government
NO0013725903,corporate
NO0013728295,corporate
NO0013735571,corporate
NO0013735969,corporate
NO0013736413,corporate
NO0013737064,corporate
NO0013737361,corporate
NO0013737973,government
NO0013738237,corporate
NO0013738484,corporate
NO0013740753,corporate
NO0013741843,corporate
NO0013741892,corporate
NO0013741900,corporate
NO0013750810,corporate
NO0013750935,corporate
NO0013750976,corporate
NO0013751701,corporate
NO0013752816,corporate
NO0013752949,corporate
NO0013753673,corporate
NO0013754473,corporate
NO0013754648,corporate
NO0013755462,corporate
NO0013755819,corporate
NO0013756072,corporate
NO0013756312,corporate
NO0013757203,corporate
NO0013757864,corporate
NO0013758433,corporate
NO0013759043,corporate
NZFCND0004S9,corporate
NZGOVDT427C1,government
NZGOVDT429C7,government
NZGOVDT437C0,government
NZGOVDT534C4,government
NZGOVDT554C2,government
NZIBDDT015C9,government
NZIBDDT017C5,government
NZIBDDT018C3,government
NZIBDDT019C1,government
NZIBDDT020C9,government
NZIBDDT021C7,government
NZIBDDT024C1,government
NZWNZD0831L6,corporate
PL0000104857,government
PL0000109427,government
PL0000109765,government
PL0000110383,government
PL0000111498,government
PL0000111928,government
PL0000113213,government
PL0000113783,government
PL0000114559,government
PL0000115028,government
PL0000115192,government
PL0000115291,government
PL0000115697,government
PL0000116760,government
PL0000116851,government
PL0000117024,government
PL0000117289,government
PL0000117743,government
PL0000117990,government
PL0000118089,government
PL0000118188,government
PL0000118519,government
PL0000118980,government
PL0000118998,government
PL0000119087,government
PL0000119178,government
PL0000500260,government
PL0000500278,government
PL0000500310,government
PL0000500328,government
PL0000500443,government
PL0000500468,government
PL0000500476,government
PL7RSA000027,corporate
PLARCHE00062,corporate
PLBDXFN00012,corporate
PLBDXFN00020,corporate
PLBEST000341,corporate
PLBEST000416,corporate
PLBEST000432,corporate
PLBEST000457,corporate
PLBEST000473,corporate
PLBNFTS00141,corporate
PLCFRPT00070,corporate
PLCRDPF00025,corporate
PLCVTNH00172,corporate
PLCVTNH00180,corporate
PLCVTNH00214,corporate
PLCVTNH00222,corporate
PLCVTNH00255,corporate
PLDEKPL00164,corporate
PLDEKPL00180,corporate
PLDMEST00035,corporate
PLECHPS00399,corporate
PLGFPRE00396,corporate
PLGFPRE00446,corporate
PLGFPRE00487,corporate
PLGHLMC00560,corporate
PLGHLMC00586,corporate
PLGHLMC00602,corporate
PLGHLMC00610,corporate
PLKRK0000689,corporate
PLKRK0000697,corporate
PLKRK0000705,corporate
PLKRK0000739,corporate
PLKRK0000754,corporate
PLKRK0000846,corporate
PLKRK0000879,corporate
PLKRK0000887,corporate
PLMRVDV00110,corporate
PLO023600011,corporate
PLO110200014,corporate
PLO145900109,corporate
PLO163600029,corporate
PLO173600019,corporate
PLO173600027,corporate
PLO183400087,corporate
PLO199200042,corporate
PLO202600014,corporate
PLO314700082,corporate
PLO321100078,corporate
PLOLVFN00038,corporate
PLOLVFN00061,corporate
PLPEKAO00289,corporate
PLRNSER00235,corporate
PLUNBEP00114,corporate
PLVCTDM00215,corporate
PLVCTDM00231,corporate
PLVCTDM00249,corporate
PLVCTDM00256,corporate
PLVHSFN00037,corporate
PLWAN0000023,corporate
PTBSSLOM0002,corporate
PTCGDCOM0037,corporate
PTCGDDOM0036,corporate
PTCGDFOM0034,corporate
PTCGDMOM0035,corporate
PTCMG3OM0038,corporate
PTCMGAOM0046,corporate
PTCMGBOM0045,corporate
PTCMKAOM0008,corporate
PTCON2OE0007,government
PTFCPCOM0018,corporate
PTFCPYOM0004,corporate
PTFCPZOM0011,corporate
PTGNVAOM0000,corporate
PTGNVGOM0004,corporate
PTGNVKOM0008,corporate
PTJLLDOM0016,corporate
PTMEN2OM0007,corporate
PTMENAOM0029,corporate
PTMENWOM0015,corporate
PTMENYOM0005,corporate
PTMENZOM0004,corporate
PTOTE3OE0025,government
PTOTE5OE0007,government
PTOTEAOE0005,government
PTOTEBOE0020,government
PTOTECOE0037,government
PTOTEEOE0019,government
PTOTELOE0028,government
PTOTEOOE0033,government
PTOTEPOE0032,government
PTOTEROE0014,government
PTOTEVOE0018,government
PTOTEWOE0017,government
PTOTEXOE0024,government
PTOTEYOE0031,government
PTOTEZOE0014,government
PTOTVNOE0009,government
PTSCPAOM0007,corporate
PTSCPJOM0008,corporate
PTSINCOM0001,corporate
PTSLBAOM0028,corporate
PTSLBOOM0006,corporate
PTSLBPOM0005,corporate
PTVAACOM0009,corporate
PTVAIAOM0003,corporate
RO088TAIB227,government
RO0OCX6C4XC5,government
RO172N64ZFV5,corporate
RO19BOY5XHP0,corporate
RO227QBL98P9,government
RO24GY7S0U54,government
RO2RNGFETGY1,government
RO350WCG52F3,corporate
RO3537MMT1B7,government
RO37APNZ74Z0,corporate
RO3MPPQ2N608,government
RO3OR8IVDER8,government
RO3SA4F87IT4,government
RO46T3V3B2W6,government
RO4BEW3ZCCI4,government
RO4UOH6AFY33,government
RO52CQA3C829,government
RO5D4DNJGLK0,government
RO5D5RX35QO7,government
RO5U8HYGYHX8,government
RO5W46FHTRU7,government
RO6NDIVKWUM2,government
RO773WJCMQ25,government
RO7ME2F4N6J4,government
RO8RVBRK4M42,corporate
RO9P01XXG005,government
RO9PPT8AXOV1,government
ROA0GOCOANU8,government
ROAFKL8W9QE5,government
ROBB6AOJEMD9,government
ROBK9EB2A2D8,government
ROC14H6U70H3,government
ROCH8FS9GK90,government
ROCHUHLJ51R5,government
ROD3DG6RDI98,government
ROD970PU41A7,government
RODE7888PH79,government
ROE5YA2DZUA8,government
ROERZSYG42J1,government
ROEYHZ8PDNA9,government
ROF1JEO56VX1,government
ROF1QD89E0Z9,corporate
ROFFXW47BSR5,government
ROFIH9DER1W7,government
ROFM5R7FQWV5,government
ROFO4YBT7LL8,government
ROFVG9JN0B82,government
ROFWCWVUUWU1,government
ROG7CTZ7I9J2,government
ROGHO1093E63,government
ROGWHMPF3TX8,government
ROHIGDV2GZL6,government
ROHJWQ1AI036,government
ROJ6O1WX8EN5,government
ROKWH01WMN73,government
ROKZLUKMGN59,government
ROLYE7K276R7,government
ROMWZQ4CEV91,government
RON6WVVB8CK0,government
RONRFDOG47F4,government
RONZTPTHWXX5,government
ROOBSYD57S94,government
ROOH5OS3YJ34,government
ROOUNDU25V29,government
ROP2VPULO136,government
ROP6PWH0TFR8,government
ROPOCDN18MP3,government
ROPSFR9TVB18,government
ROQ8X2LBA629,corporate
ROQHRYERUPM6,government
ROQUDEYGJVB6,corporate
ROQXZUL7YYM7,government
RORCFVY72V16,government
ROROPQC7AIC0,government
RORVG1BGEDM4,government
ROS2QW8ADYI0,government
ROSLNO9KS3O1,government
ROSRETDBL011,government
ROSSLQ9LCF50,government
ROT6O538BBB8,government
ROTDI264MAU5,government
ROV33IZK0XP8,government
ROV4289T5QU6,government
ROV4S3LM2JJ9,government
ROVMSL8DL3F3,government
ROW1WT1KVBM6,government
ROW8XKLW70G3,government
ROW93W0GN3L9,government
ROWF8VKLR6R9,government
ROWSNY06IUC9,government
ROX3J77OFL16,government
ROXC47R5KNF9,government
ROXZP5TZUW61,government
ROY61GNL5YW8,government
ROYBEZSSXQ73,government
ROYXKB42YAO8,government
ROYZCEDPZ539,government
ROZH3OWXL435,government
SA14OVK2ID31,government
SA14QFK2IG36,government
SA151G0IIIJ5,government
SA153G0IIRJ4,government
SA15P00IEBJ5,corporate
SA160G0IJDJ3,government
SA16100IEDJ2,corporate
SA16900IEEJ3,corporate
SA16A00IEF37,corporate
SA16DG0IEFJ6,corporate
SA16GG0IK1J2,government
SA16H00IEG39,corporate
SA16HG0IEGJ0,corporate
SE0011281922,government
SE0016785794,corporate
SE0017483829,corporate
SE0017484579,corporate
SE0020975449,corporate
SE0021629516,corporate
SE0022758918,corporate
SE0023848429,corporate
SE0024172993,corporate
SG7J60932174,government
SGXF33080817,government
SGXF46767848,government
SGXF89085702,government
SI0002103487,government
SI0002105052,government
SI0002105227,government
SK4000015475,corporate
SK4000016069,corporate
SK4000019634,corporate
SK4000020491,corporate
SK4000021986,government
SK4000022539,government
SK4000022547,government
SK4000022828,corporate
SK4000023685,corporate
SK4000025938,corporate
SK4000026845,government
SK4000027355,corporate
SK4000027942,corporate
SK4000028858,government
SK4120014150,government
TW0001101B05,corporate
TW0002348A07,corporate
TW0002836A06,corporate
TW0002883B07,corporate
TW0002887E00,corporate
TW0002887F09,corporate
TW0002887G08,corporate
TW0002887I06,corporate
TW0002887Z13,corporate
TW0002897B01,corporate
TW0006592A01,corporate
TW0006592B00,corporate
TW0006958A09,corporate
TW0008112A08,corporate
US00037BAC63,corporate
US00037BAF94,corporate
US00077TAB08,corporate
US00084EAE86,corporate
US00084EAF51,corporate
US00084EAH18,corporate
US00084EAJ73,corporate
US00084EAK47,corporate
US00084EAM03,corporate
US00084EAN85,corporate
US00084EAP34,corporate
US00084EAQ17,corporate
US000852AE37,corporate
US00101JAG13,corporate
US001055AD49,corporate
US001055AF96,corporate
US001055AQ51,corporate
US001055AR35,corporate
US001055AY85,corporate
US001055BJ00,corporate
US001055CH35,corporate
US001084AR30,corporate
US001084AS13,corporate
US00108WAF77,corporate
US00108WAH34,corporate
US00108WAJ99,corporate
US00108WAK62,corporate
US00108WAM29,corporate
US00108WAN02,corporate
US00108WAP59,corporate
US00108WAQ33,corporate
US00108WAR16,corporate
US00108WAS98,corporate
US00108WAT71,corporate
US00108WAU45,corporate
US00108WAV28,corporate
US0010EPAF55,corporate
US00115AAE91,corporate
US00115AAF66,corporate
US00115AAH23,corporate
US00115AAJ88,corporate
US00115AAK51,corporate
US00115AAL35,corporate
US00115AAM18,corporate
US00115AAN90,corporate
US00115AAP49,corporate
US00115AAQ22,corporate
US00115AAR05,corporate
US00115AAS87,corporate
US00115AAT60,corporate
US001192AD50,corporate
US001192AH64,corporate
US001192AK93,corporate
US001306AB55,corporate
US001306AC39,corporate
US00130HCG83,corporate
US00130HCH66,corporate
US00130HCK95,corporate
US00130HCL78,corporate
US00130HCM51,corporate
US00130HCN35,corporate
US00130HCP82,corporate
US00131M2B87,corporate
US00131MAE30,corporate
US00131MAH60,corporate
US00131MAJ27,corporate
US00131MAK99,corporate
US00131MAN39,corporate
US00131MAP86,corporate
US00131MAQ69,corporate
US00131MAR43,corporate
US00131MAS26,corporate
US00138EAV65,corporate
US00138EAX22,corporate
US00138EBA10,corporate
US00138EBD58,corporate
US00138EBJ29,corporate
US00138EBK91,corporate
US00138EBN31,corporate
US00138EBP88,corporate
US00138GAA76,corporate
US00164VAF04,corporate
US00164VAJ26,corporate
US00182CAC73,corporate
US00182FBM77,corporate
US00182FBU93,corporate
US00182FBW59,corporate
US00184AAC99,corporate
US00184AAG04,corporate
US00185AAB08,corporate
US00185AAC80,corporate
US00185AAG94,corporate
US00185AAH77,corporate
US001957AW94,corporate
US001957BD05,corporate
US00206RAB87,corporate
US00206RAD44,corporate
US00206RAG74,corporate
US00206RAN26,corporate
US00206RAS13,corporate
US00206RBA95,corporate
US00206RBH49,corporate
US00206RBK77,corporate
US00206RCG56,corporate
US00206RCP55,corporate
US00206RCQ39,corporate
US00206RCU41,corporate
US00206RDE99,corporate
US00206RDF64,corporate
US00206RDG48,corporate
US00206RDH21,corporate
US00206RDJ86,corporate
US00206RDK59,corporate
US00206RDQ20,corporate
US00206RDR03,corporate
US00206RDS85,corporate
US00206RDT68,corporate
US00206RFS67,corporate
US00206RFU14,corporate
US00206RFW79,corporate
US00206RGL06,corporate
US00206RGM88,corporate
US00206RGN61,corporate
US00206RGQ92,corporate
US00206RGR75,corporate
US00206RGT32,corporate
US00206RGU05,corporate
US00206RGV87,corporate
US00206RGW60,corporate
US00206RGX44,corporate
US00206RHA32,corporate
US00206RHD70,corporate
US00206RHJ41,corporate
US00206RHK14,corporate
US00206RHW51,corporate
US00206RHX35,corporate
US00206RHY18,corporate
US00206RHZ82,corporate
US00206RJA14,corporate
US00206RJC79,corporate
US00206RJD52,corporate
US00206RJE36,corporate
US00206RJF01,corporate
US00206RJG83,corporate
US00206RJH66,corporate
US00206RJJ23,corporate
US00206RJK95,corporate
US00206RJL78,corporate
US00206RJX17,corporate
US00206RJY99,corporate
US00206RJZ64,corporate
US00206RKA94,corporate
US00206RKB77,corporate
US00206RKD34,corporate
US00206RKE17,corporate
US00206RKF81,corporate
US00206RKG64,corporate
US00206RKH48,corporate
US00206RKJ04,corporate
US00206RLJ94,corporate
US00206RLV23,corporate
US00206RMM15,corporate
US00206RMN97,corporate
US00206RMT67,corporate
US00206RMX79,corporate
US00206RMY52,corporate
US00206RMZ28,corporate
US00206RNB41,corporate
US00206RNC24,corporate
US00206RND07,corporate
US00206RNE89,corporate
US00206RNF54,corporate
US00206RNG38,corporate
US00206RNH11,corporate
US00206RNJ76,corporate
US00206RNK40,corporate
US00206RNN88,corporate
US00206RNP37,corporate
US00206RNQ10,corporate
US00206RNX60,corporate
US00209AAF30,corporate
US002121AB72,corporate
US00216NAE94,corporate
US00216NAJ81,corporate
US00217GAB95,corporate
US00217GAC78,corporate
US00258Y2037,corporate
US002819AC45,corporate
US002824AV29,corporate
US002824AY67,corporate
US002824BF69,corporate
US002824BG43,corporate
US002824BH26,corporate
US002824BN93,corporate
US002824BP42,corporate
US002824BQ25,corporate
US002824BR08,corporate
US002824BS80,corporate
US002824BT63,corporate
US002824BU37,corporate
US002824BV10,corporate
US002824BW92,corporate
US002824BX75,corporate
US002824BY58,corporate
US00287YAM12,corporate
US00287YAR09,corporate
US00287YAS81,corporate
US00287YAV11,corporate
US00287YAW93,corporate
US00287YBD04,corporate
US00287YBF51,corporate
US00287YBV02,corporate
US00287YBX67,corporate
US00287YCA55,corporate
US00287YCB39,corporate
US00287YCY32,corporate
US00287YCZ07,corporate
US00287YDA47,corporate
US00287YDB20,corporate
US00287YDR71,corporate
US00287YDS54,corporate
US00287YDT38,corporate
US00287YDU01,corporate
US00287YDV83,corporate
US00287YDW66,corporate
US00287YDX40,corporate
US00287YDY23,corporate
US00287YDZ97,corporate
US00287YEA38,corporate
US00287YEB11,corporate
US00287YEC93,corporate
US00287YED76,corporate
US00287YEE59,corporate
US00287YEF25,corporate
US00287YEG08,corporate
US00287YEH80,corporate
US00287YEJ47,corporate
US00287YEK10,corporate
US00287YEL92,corporate
US00287YEM75,corporate
US00287YEN58,corporate
US00287YEP07,corporate
US00287YEQ89,corporate
US00287YER62,corporate
US00287YES46,corporate
US00287YET29,corporate
US002920AC09,corporate
US00440EAC12,corporate
US00440EAH09,corporate
US00440EAQ08,corporate
US00440EAW75,corporate
US00440FAA21,corporate
US00440KAA16,corporate
US00440KAB98,corporate
US00440KAC71,corporate
US00440KAD54,corporate
US00440KAE38,corporate
US00440KAF03,corporate
US00440KAG85,corporate
US00440KAH68,corporate
US00440KAJ25,corporate
US00507UAH41,corporate
US00507UAT88,corporate
US00507VAK52,corporate
US00507VAM19,corporate
US00507VAN91,corporate
US00507VAP40,corporate
US00507VAQ23,corporate
US00510RAD52,corporate
US00547J1088,corporate
US00547J2078,corporate
US00724PAC32,corporate
US00724PAD15,corporate
US00724PAE97,corporate
US00724PAF62,corporate
US00724PAG46,corporate
US00724PAH29,corporate
US00724PAJ84,corporate
US00724PAK57,corporate
US00751YAE68,corporate
US00751YAF34,corporate
US00751YAG17,corporate
US00751YAJ55,corporate
US007589AB01,corporate
US007589AD66,corporate
US007589AE40,corporate
US00774MAB19,corporate
US00774MAE57,corporate
US00774MAR60,corporate
US00774MAV72,corporate
US00774MAW55,corporate
US00774MAX39,corporate
US00774MAY12,corporate
US00774MAZ86,corporate
US00774MBC82,corporate
US00774MBD65,corporate
US00774MBE49,corporate
US00774MBG96,corporate
US00774MBH79,corporate
US00774MBJ36,corporate
US00774MBK09,corporate
US00774MBL81,corporate
US00774MBM64,corporate
US00774MBN48,corporate
US00774MBP95,corporate
US00774MBQ78,corporate
US00774MBR51,corporate
US00774MBS35,corporate
US00774MBT18,corporate
US00774MBU80,corporate
US00775CAB28,corporate
US00775CAC01,corporate
US00775V1044,corporate
US00775VAB09,corporate
US00778XAA54,corporate
US00784MAA18,corporate
US00786PAE43,corporate
US007903BF39,corporate
US007903BG12,corporate
US007903BH94,corporate
US007903BJ50,corporate
US007903BK24,corporate
US007903BL07,corporate
US007903BM89,corporate
US007903BN62,corporate
US007924AJ23,corporate
US007944AF80,corporate
US007944AG63,corporate
US007944AJ03,corporate
US007944AK75,corporate
US007944AL58,corporate
US007944AN15,corporate
US007944AP62,corporate
US007973AE02,corporate
US008073AA60,corporate
US008117AJ28,corporate
US00817YAF51,corporate
US00817YAG35,corporate
US00817YAJ73,corporate
US00817YAM03,corporate
US00817YAP34,corporate
US00817YAZ16,corporate
US0082528276,corporate
US0082528433,corporate
US0082528508,corporate
US008252AP33,corporate
US008252AR98,corporate
US008252AS71,corporate
US00827BAB27,corporate
US00827BAD82,corporate
US008281BF39,government
US008281BK24,government
US008281BL07,government
US00828EEP07,government
US00828EER62,government
US00828EEY14,government
US00828EEZ88,government
US00828EFD67,government
US00828EFF16,government
US00828EFH71,government
US00828EFJ38,government
US00828EFN40,government
US00846UAK79,corporate
US00846UAL52,corporate
US00846UAM36,corporate
US00846UAN19,corporate
US00846UAQ40,corporate
US00846UAR23,corporate
US008513AA19,corporate
US008513AB91,corporate
US008513AC74,corporate
US008513AD57,corporate
US008513AE31,corporate
US008513AF06,corporate
US008685AB51,corporate
US008916AC28,corporate
US009066AC57,corporate
US009066AD31,corporate
US009066AE14,corporate
US00912XAV64,corporate
US00912XAY04,corporate
US00912XBF06,corporate
US00912XBJ28,corporate
US00912XBK90,corporate
US00912XBQ60,corporate
US00914AAE29,corporate
US00914AAG76,corporate
US00914AAK88,corporate
US00914AAQ58,corporate
US00914AAR32,corporate
US00914AAS15,corporate
US00914AAT97,corporate
US00914AAU60,corporate
US00914AAV44,corporate
US00914AAX00,corporate
US009158AY27,corporate
US009158AZ91,corporate
US009158BA32,corporate
US009158BC97,corporate
US009158BF29,corporate
US009158BH84,corporate
US009158BJ41,corporate
US009158BK14,corporate
US009158BN52,corporate
US009158BP01,corporate
US00922RAD70,corporate
US00971TAL52,corporate
US00971TAN19,corporate
US00971TAQ40,corporate
US01021XAC48,corporate
US010392EC80,corporate
US010392EE47,corporate
US010392EZ75,corporate
US010392FB98,corporate
US010392FD54,corporate
US010392FF03,corporate
US010392FG85,corporate
US010392FJ25,corporate
US010392FL70,corporate
US010392FM53,corporate
US010392FP84,corporate
US010392FR41,corporate
US010392FS24,corporate
US010392FT07,corporate
US010392FU79,corporate
US010392FV52,corporate
US010392FW36,corporate
US010392FX19,corporate
US010392FY91,corporate
US010392FZ66,corporate
US010392GB89,corporate
US010392GC62,corporate
US010392GE29,corporate
US011642AD71,corporate
US012653AE17,corporate
US012653AF81,corporate
US012725AD95,corporate
US01273PAB85,corporate
US012873AH83,corporate
US012873AK13,corporate
US013051EA13,government
US013051EM50,government
US013051ET04,government
US013051EV59,government
US013051EY98,government
US013104AF19,corporate
US013104AH74,corporate
US013104AL86,corporate
US01310QCH65,corporate
US01310QCW33,corporate
US01310QCY98,corporate
US01310QCZ63,corporate
US01310QDA04,corporate
US01310QDB86,corporate
US013716AN50,corporate
US013716AQ81,corporate
US013716AU93,corporate
US013716AW59,corporate
US013817AK77,corporate
US015271AG44,corporate
US015271AJ82,corporate
US015271AK55,corporate
US015271AN94,corporate
US015271AQ26,corporate
US015271AR09,corporate
US015271AS81,corporate
US015271AT64,corporate
US015271AU38,corporate
US015271AV11,corporate
US015271AW93,corporate
US015271AX76,corporate
US015271AY59,corporate
US015271BA64,corporate
US015271BB48,corporate
US015271BC21,corporate
US015271BD04,corporate
US015271BE86,corporate
US015271BF51,corporate
US015271BG35,corporate
US015398AC46,corporate
US0158578080,corporate
US015857AH86,corporate
US01609WAR34,corporate
US01609WAT99,corporate
US01609WAU62,corporate
US01609WAV46,corporate
US01609WAW29,corporate
US01609WAX02,corporate
US01609WAY84,corporate
US01609WAZ59,corporate
US01609WBA99,corporate
US01609WBG69,corporate
US01609WBM38,corporate
US01609WBP68,corporate
US01609WBQ42,corporate
US01625VAB09,corporate
US01644JAB44,corporate
US017175AD24,corporate
US017175AE07,corporate
US017175AF71,corporate
US01741RAL69,corporate
US01741RAM43,corporate
US01741RAN26,corporate
US01741RAP73,corporate
US017475AC89,corporate
US01748NAE40,corporate
US01748NAF15,corporate
US01748TAB70,corporate
US01748TAC53,corporate
US018802AE89,corporate
US018802AF54,corporate
US018820AB64,corporate
US018820AC48,corporate
US018820AD21,corporate
US018820AE04,corporate
US018820AF78,corporate
US01959LAA08,corporate
US01959LAC63,corporate
US01959LAE20,corporate
US020002AJ05,corporate
US020002AP64,corporate
US020002AQ48,corporate
US020002AS04,corporate
US020002AT86,corporate
US020002AU59,corporate
US020002AY71,corporate
US020002BA86,corporate
US020002BB69,corporate
US020002BC43,corporate
US020002BD26,corporate
US020002BG56,corporate
US020002BJ95,corporate
US020002BK68,corporate
US020002BL42,corporate
US020039AJ28,corporate
US020039DC48,corporate
US02005NBN93,corporate
US02005NBP42,corporate
US02005NBQ25,corporate
US02005NBR08,corporate
US02005NBS80,corporate
US02005NBT63,corporate
US02005NBU37,corporate
US02005NBV10,corporate
US02005NBW92,corporate
US02005NBY58,corporate
US02005NBZ24,corporate
US02005NCA63,corporate
US02005NCB47,corporate
US02006DC336,corporate
US02006DF487,corporate
US02006DG626,corporate
US02006DH202,corporate
US02006DH467,corporate
US02006DL410,corporate
US02006DL667,corporate
US02006DL824,corporate
US02006DM244,corporate
US02006DV401,corporate
US02006DV575,corporate
US02006DV658,corporate
US02006DV732,corporate
US02006DW722,corporate
US02006DW805,corporate
US02006DY397,corporate
US02006DY884,corporate
US02006DY967,corporate
US02006DYJ44,corporate
US02006DZU89,corporate
US02043QAB32,corporate
US02079KAD90,corporate
US02079KAE73,corporate
US02079KAF49,corporate
US02079KAG22,corporate
US02079KAJ60,corporate
US02079KAK34,corporate
US02079KAL17,corporate
US02079KAM99,corporate
US02079KAN72,corporate
US02079KAU16,corporate
US02079KAV98,corporate
US02079KAW71,corporate
US02079KAX54,corporate
US02079KAY38,corporate
US02079KAZ03,corporate
US02079KBA43,corporate
US02079KBB26,corporate
US02079KBJ51,corporate
US02079KBK25,corporate
US02079KBL08,corporate
US02079KBM80,corporate
US02079KBN63,corporate
US02079KBP12,corporate
US02079KBQ94,corporate
US02079KCL98,corporate
US02079KCM71,corporate
US02079KCN54,corporate
US02079KCP03,corporate
US02079KCQ85,corporate
US02079KCR68,corporate
US02079KCS42,corporate
US02079KCT25,corporate
US02079KCU97,corporate
US02079KCV70,corporate
US02081GAD43,corporate
US02090DAD03,corporate
US02090DAE85,corporate
US02209SAE37,corporate
US02209SAH67,corporate
US02209SAM52,corporate
US02209SAQ66,corporate
US02209SAR40,corporate
US02209SAU78,corporate
US02209SAV51,corporate
US02209SBD45,corporate
US02209SBE28,corporate
US02209SBF92,corporate
US02209SBG75,corporate
US02209SBJ15,corporate
US02209SBK87,corporate
US02209SBL60,corporate
US02209SBM44,corporate
US02209SBN27,corporate
US02209SBP74,corporate
US02209SBQ57,corporate
US02209SBR31,corporate
US02209SBS14,corporate
US02209SBT96,corporate
US02209SBU69,corporate
US02209SBV43,corporate
US022249AU09,corporate
US022671AA91,corporate
US023135AP19,corporate
US023135AQ91,corporate
US023135BC96,corporate
US023135BF28,corporate
US023135BJ40,corporate
US023135BM78,corporate
US023135BR65,corporate
US023135BS49,corporate
US023135BT22,corporate
US023135BU94,corporate
US023135BY17,corporate
US023135BZ81,corporate
US023135CA22,corporate
US023135CB05,corporate
US023135CC87,corporate
US023135CF19,corporate
US023135CG91,corporate
US023135CH74,corporate
US023135CJ31,corporate
US023135CK04,corporate
US023135CP90,corporate
US023135CQ73,corporate
US023135CR56,corporate
US023135CS30,corporate
US023135CT13,corporate
US023135CU85,corporate
US023135CV68,corporate
US023135CW42,corporate
US023135CY08,corporate
US023135CZ72,corporate
US023135DA13,corporate
US023135DB95,corporate
US023135DC78,corporate
US023135DD51,corporate
US023135DE35,corporate
US023135DF00,corporate
US023135DG82,corporate
US023135DH65,corporate
US023135DJ22,corporate
US023135DK94,corporate
US023135EA04,corporate
US023135EB86,corporate
US023135EC69,corporate
US023135ED43,corporate
US023135EE26,corporate
US023135EF90,corporate
US023135EG73,corporate
US023135EH56,corporate
US02342TAE91,corporate
US02343UAH86,corporate
US02343UAJ43,corporate
US02344AAA60,corporate
US02344AAF57,corporate
US02344AAG31,corporate
US02344AAH14,corporate
US02344AAJ79,corporate
US02344AAK43,corporate
US02344BAA44,corporate
US023551AF16,corporate
US023551AJ38,corporate
US023551AM66,corporate
US023608AJ15,corporate
US023608AK87,corporate
US023608AL60,corporate
US023608AP74,corporate
US023608AQ57,corporate
US023608AR31,corporate
US023608AS14,corporate
US02360FAB22,corporate
US02361DAC48,corporate
US02361DAM20,corporate
US02361DAN03,corporate
US02361DAQ34,corporate
US02361DAR17,corporate
US02361DAS99,corporate
US02361DAT72,corporate
US02361DAU46,corporate
US02361DAV29,corporate
US02361DAX84,corporate
US02361DAY67,corporate
US02361DAZ33,corporate
US02361DBA72,corporate
US02361DBB55,corporate
US02361DBC39,corporate
US02361DBD12,corporate
US02364WAJ45,corporate
US02364WAP05,corporate
US02364WAW55,corporate
US02364WBE49,corporate
US02364WBG96,corporate
US02364WBH79,corporate
US02364WBJ36,corporate
US02364WBK09,corporate
US02364WBM64,corporate
US023663AB31,corporate
US023761AA74,corporate
US023764AA14,corporate
US023765AA88,corporate
US02376AAA79,corporate
US02376LAA35,corporate
US02376UAA34,corporate
US02376WAA99,corporate
US023770AA81,corporate
US023771R919,corporate
US023771S255,corporate
US02377BAA44,corporate
US02377BAB27,corporate
US02377CAA27,corporate
US02377LAA26,corporate
US02377NAA81,corporate
US02377PAA30,corporate
US02377TAA51,corporate
US02377TAB35,corporate
US02378AAA51,corporate
US02378MAA99,corporate
US02379DAA81,corporate
US02379KAA25,corporate
US02379VAA89,corporate
US02380KAA97,corporate
US023940AA78,corporate
US02401LAA26,corporate
US02401LAB09,corporate
US02406PBB58,corporate
US025537AJ08,corporate
US025537AM37,corporate
US025537AN10,corporate
US025537AP67,corporate
US025537AU52,corporate
US025537AV36,corporate
US025537AW19,corporate
US025537AX91,corporate
US025537AY74,corporate
US025537AZ40,corporate
US025537BA89,corporate
US02557TAE91,corporate
US02557TAF66,corporate
US025676AM95,corporate
US025676AN78,corporate
US025676AQ00,corporate
US025676AR82,corporate
US025816AZ26,corporate
US025816BF52,corporate
US025816CH00,corporate
US025816CL12,corporate
US025816CM94,corporate
US025816CP26,corporate
US025816CS64,corporate
US025816CW76,corporate
US025816CX59,corporate
US025816DA48,corporate
US025816DB21,corporate
US025816DF35,corporate
US025816DH90,corporate
US025816DK20,corporate
US025816DN68,corporate
US025816DP17,corporate
US025816DQ99,corporate
US025816DR72,corporate
US025816DU02,corporate
US025816DV84,corporate
US025816DW67,corporate
US025816DX41,corporate
US025816DY24,corporate
US025816DZ98,corporate
US025816EA39,corporate
US025816ED77,corporate
US025816EE50,corporate
US025816EF26,corporate
US025816EH81,corporate
US025816EJ48,corporate
US025816EK11,corporate
US025816EL93,corporate
US025816EM76,corporate
US025816EN59,corporate
US025816EP08,corporate
US025816EQ80,corporate
US025816ES47,corporate
US025816ET20,corporate
US025816EV75,corporate
US0258M0EL96,corporate
US025932AL88,corporate
US025932AP92,corporate
US025932AQ75,corporate
US026351AZ90,corporate
US02665WBH34,corporate
US02665WCE93,corporate
US02665WDJ71,corporate
US02665WDT53,corporate
US02665WDW82,corporate
US02665WDZ14,corporate
US02665WEB37,corporate
US02665WED92,corporate
US02665WEH07,corporate
US02665WEM91,corporate
US02665WER88,corporate
US02665WEV90,corporate
US02665WEZ05,corporate
US02665WFC01,corporate
US02665WFD83,corporate
US02665WFE66,corporate
US02665WFJ53,corporate
US02665WFK27,corporate
US02665WFL00,corporate
US02665WFN65,corporate
US02665WFP14,corporate
US02665WFQ96,corporate
US02665WFS52,corporate
US02665WFT36,corporate
US02665WFU09,corporate
US02665WFW64,corporate
US02665WFX48,corporate
US02665WFY21,corporate
US02665WFZ95,corporate
US02665WGA36,corporate
US02665WGD74,corporate
US02665WGE57,corporate
US02665WGF23,corporate
US02665WGG06,corporate
US02665WGJ45,corporate
US02665WGK18,corporate
US02665WGL90,corporate
US02665WGM73,corporate
US02665WGN56,corporate
US02665WGP05,corporate
US02665WGQ87,corporate
US02665WGR60,corporate
US02665WGS44,corporate
US02665WGT27,corporate
US02665WGV72,corporate
US02665WGX39,corporate
US02665WGY12,corporate
US02665WHA27,corporate
US02665WHB00,corporate
US02665WHC82,corporate
US02666TAA51,corporate
US02666TAB35,corporate
US02666TAC18,corporate
US02666TAD90,corporate
US02666TAE73,corporate
US02666TAF49,corporate
US02666TAG22,corporate
US02666TAH05,corporate
US02666TAJ60,corporate
US02666TAK34,corporate
US026874AZ07,corporate
US026874BS54,corporate
US026874DA29,corporate
US026874DB02,corporate
US026874DC84,corporate
US026874DE41,corporate
US026874DK01,corporate
US026874DL83,corporate
US026874DM66,corporate
US026874DN40,corporate
US026874DP97,corporate
US026874DR53,corporate
US026874DS37,corporate
US026874DW49,corporate
US026874DX22,corporate
US02766PAG90,corporate
US02771E2D34,corporate
US02771E2G64,corporate
US03027XAK63,corporate
US03027XAM20,corporate
US03027XAP50,corporate
US03027XAR17,corporate
US03027XAU46,corporate
US03027XAW02,corporate
US03027XAX84,corporate
US03027XAY67,corporate
US03027XBA72,corporate
US03027XBC39,corporate
US03027XBD12,corporate
US03027XBG43,corporate
US03027XBJ81,corporate
US03027XBK54,corporate
US03027XBM11,corporate
US03027XBR08,corporate
US03027XBS80,corporate
US03027XBV10,corporate
US03027XBW92,corporate
US03027XBY58,corporate
US03027XBZ24,corporate
US03027XCC20,corporate
US03027XCD03,corporate
US03027XCE85,corporate
US03027XCF50,corporate
US03027XCG34,corporate
US03027XCH17,corporate
US03027XCL29,corporate
US03027XCM02,corporate
US03027XCN84,corporate
US03027XCP33,corporate
US03027XCR98,corporate
US030360AB73,corporate
US030360AC56,corporate
US030360AD30,corporate
US03040WAD74,corporate
US03040WAJ45,corporate
US03040WAM73,corporate
US03040WAN56,corporate
US03040WAP05,corporate
US03040WAQ87,corporate
US03040WAR60,corporate
US03040WAS44,corporate
US03040WAT27,corporate
US03040WAU99,corporate
US03040WAV72,corporate
US03040WAW55,corporate
US03040WAX39,corporate
US03040WAY12,corporate
US03040WAZ86,corporate
US03040WBA27,corporate
US03040WBC82,corporate
US03040WBD65,corporate
US03040WBF14,corporate
US03040WBG96,corporate
US03040WBH79,corporate
US03040WBJ36,corporate
US03063UAA97,corporate
US03063UAB70,corporate
US03073EAN58,corporate
US03073EAP07,corporate
US03073EAQ89,corporate
US03073EAR62,corporate
US03073EAT29,corporate
US03073EAU91,corporate
US03073EAV74,corporate
US03073EAW57,corporate
US03073EAY14,corporate
US03073EBB02,corporate
US03073EBC84,corporate
US03073EBD67,corporate
US03073EBE41,corporate
US03073EBF16,corporate
US03076CAH97,corporate
US03076CAL00,corporate
US03076CAM82,corporate
US03076CAN65,corporate
US03076CAP14,corporate
US03076CAR79,corporate
US03076CAS52,corporate
US030955AJ76,corporate
US030955AN88,corporate
US030955AP37,corporate
US031162AA80,corporate
US031162AW01,corporate
US031162AY66,corporate
US031162BA71,corporate
US031162BC38,corporate
US031162BE93,corporate
US031162BH25,corporate
US031162BK53,corporate
US031162BP41,corporate
US031162BZ23,corporate
US031162CD02,corporate
US031162CF59,corporate
US031162CQ15,corporate
US031162CR97,corporate
US031162CS70,corporate
US031162CT53,corporate
US031162CU27,corporate
US031162CW82,corporate
US031162CY49,corporate
US031162CZ14,corporate
US031162DA53,corporate
US031162DB37,corporate
US031162DC10,corporate
US031162DD92,corporate
US031162DE75,corporate
US031162DF41,corporate
US031162DG24,corporate
US031162DH07,corporate
US031162DJ62,corporate
US031162DK36,corporate
US031162DP23,corporate
US031162DQ06,corporate
US031162DR88,corporate
US031162DS61,corporate
US031162DT45,corporate
US031162DU18,corporate
US031162DV90,corporate
US031162DW73,corporate
US031162DX56,corporate
US031162DY30,corporate
US032095AH42,corporate
US032095AJ08,corporate
US032095AL53,corporate
US032095AN10,corporate
US032095AP67,corporate
US032095AQ41,corporate
US032095AR24,corporate
US032095AS07,corporate
US032095AT89,corporate
US032095AV36,corporate
US032095AW19,corporate
US032095AX91,corporate
US032095AY74,corporate
US032095AZ40,corporate
US032095BA89,corporate
US032095BB62,corporate
US03209RAB96,corporate
US032479AD91,corporate
US032511AJ61,corporate
US032511AK35,corporate
US032511AL18,corporate
US032511AN73,corporate
US032511AY39,corporate
US032511BB27,corporate
US032654AK16,corporate
US032654AN54,corporate
US032654AP03,corporate
US032654AU97,corporate
US032654AV70,corporate
US032654AW53,corporate
US032654AX37,corporate
US032654BA25,corporate
US032654BB08,corporate
US032654BC80,corporate
US032654BD63,corporate
US032654BE47,corporate
US03349MAA36,corporate
US03349MAD74,corporate
US03350WAC38,corporate
US03444RAB42,corporate
US03464Y3062,corporate
US034863BG48,corporate
US034863BH21,corporate
US034863BJ86,corporate
US03512TAB70,corporate
US03512TAE10,corporate
US03512TAF84,corporate
US035229BP76,corporate
US035229BQ59,corporate
US035229CF85,corporate
US035229CG68,corporate
US035229CJ08,corporate
US035229CL53,corporate
US035229CM37,corporate
US035229CN10,corporate
US035229CQ41,corporate
US035229DA89,corporate
US035229DC46,corporate
US03522AAH32,corporate
US03522AAJ97,corporate
US03523TAP30,corporate
US03523TBF49,corporate
US03523TBJ60,corporate
US03523TBQ04,corporate
US03523TBT43,corporate
US03523TBU16,corporate
US03523TBV98,corporate
US03523TBW71,corporate
US03523TBY38,corporate
US035240AE00,corporate
US035240AF74,corporate
US035240AG57,corporate
US035240AM26,corporate
US035240AN09,corporate
US035240AP56,corporate
US035240AQ30,corporate
US035240AR13,corporate
US035240AS95,corporate
US035240AT78,corporate
US035240AU42,corporate
US035240AV25,corporate
US035242AB27,corporate
US03524BAF31,corporate
US03674XAU00,corporate
US036752AB92,corporate
US036752AD58,corporate
US036752AG89,corporate
US036752AH62,corporate
US036752AK91,corporate
US036752AL74,corporate
US036752AM57,corporate
US036752AN31,corporate
US036752AP88,corporate
US036752AS28,corporate
US036752AT01,corporate
US036752AU73,corporate
US036752AW30,corporate
US036752AX13,corporate
US036752AY95,corporate
US036752AZ60,corporate
US036752BA01,corporate
US036752BB83,corporate
US036752BC66,corporate
US036752BD40,corporate
US036752BE23,corporate
US036752BF97,corporate
US036752BG70,corporate
US036752BH53,corporate
US036752BJ10,corporate
US036752BK82,corporate
US036752BL65,corporate
US037389AK90,corporate
US037389AU72,corporate
US037389BB82,corporate
US037389BC65,corporate
US037389BE22,corporate
US03740LAA08,corporate
US03740LAB80,corporate
US03740LAC63,corporate
US03740LAD47,corporate
US03740LAE20,corporate
US03740LAF94,corporate
US03740LAG77,corporate
US03740MAA80,corporate
US03740MAB63,corporate
US03740MAC47,corporate
US03740MAD20,corporate
US03740MAF77,corporate
US037411AL91,corporate
US037411AM74,corporate
US037411AR61,corporate
US037411AW56,corporate
US037411AY13,corporate
US037411BA28,corporate
US037411BC83,corporate
US037411BG97,corporate
US03743QAR92,corporate
US03743QAT58,corporate
US03743QAY44,corporate
US03743QAZ19,corporate
US03743QBA58,corporate
US03743QBB32,corporate
US03743QBC15,corporate
US03743QBD97,corporate
US03743QBF46,corporate
US03743QBG29,corporate
US03746AAA88,corporate
US03769M2052,corporate
US03769MAA45,corporate
US03769MAC01,corporate
US03769MAD83,corporate
US03769MAE66,corporate
US03769MAF32,corporate
US03769MAG15,corporate
US03770DAB91,corporate
US03770DAD57,corporate
US03770DAF06,corporate
US03770DAK90,corporate
US037735BZ93,corporate
US037735CE55,corporate
US037735CG04,corporate
US037735CK16,corporate
US037735CM71,corporate
US037735CT25,corporate
US037735CV70,corporate
US037735CW53,corporate
US037735CX37,corporate
US037735CY10,corporate
US037735CZ84,corporate
US037735DA25,corporate
US037735DB08,corporate
US037833AL42,corporate
US037833AT77,corporate
US037833BA77,corporate
US037833BH21,corporate
US037833BW97,corporate
US037833BX70,corporate
US037833CD08,corporate
US037833CH12,corporate
US037833CJ77,corporate
US037833CR93,corporate
US037833CX61,corporate
US037833DB33,corporate
US037833DD98,corporate
US037833DG20,corporate
US037833DK32,corporate
US037833DN70,corporate
US037833DP29,corporate
US037833DQ02,corporate
US037833DU14,corporate
US037833DW79,corporate
US037833DY36,corporate
US037833DZ01,corporate
US037833EA41,corporate
US037833EC07,corporate
US037833ED89,corporate
US037833EE62,corporate
US037833EF38,corporate
US037833EG11,corporate
US037833EH93,corporate
US037833EJ59,corporate
US037833EK23,corporate
US037833EL06,corporate
US037833EN61,corporate
US037833EP10,corporate
US037833EQ92,corporate
US037833ER75,corporate
US037833ET32,corporate
US037833EU05,corporate
US037833EV87,corporate
US037833EW60,corporate
US037833EY27,corporate
US037833EZ91,corporate
US037833FA32,corporate
US037833FB15,corporate
US038169AB46,corporate
US038222AG04,corporate
US038222AK16,corporate
US038222AL98,corporate
US038222AM71,corporate
US038222AN54,corporate
US038222AP03,corporate
US038222AS42,corporate
US038222AT25,corporate
US038222AU97,corporate
US03823UAF93,corporate
US03831WAB46,corporate
US03831WAC29,corporate
US03831WAD02,corporate
US03831WAE84,corporate
US038336AA11,corporate
US038336AB93,corporate
US03835VAF31,corporate
US03835VAH96,corporate
US03835VAJ52,corporate
US03836WAB90,corporate
US03836WAC73,corporate
US03837AAB61,corporate
US03837AAC45,corporate
US03837AAD28,corporate
US038461AL31,government
US038461AM14,government
US03937LAA35,corporate
US03938JAA79,corporate
US03938LAP94,corporate
US03938LAS34,corporate
US03938LBC72,corporate
US03938LBE39,corporate
US03938LBF04,corporate
US03938LBG86,corporate
US03938LBH69,corporate
US03938LBM54,corporate
US03939AAA51,corporate
US03939AAB35,corporate
US03939AAC18,corporate
US03939CAA18,corporate
US039482AB02,corporate
US039482AC84,corporate
US039482AD67,corporate
US039482AE41,corporate
US039482AF16,corporate
US039482AG98,corporate
US039483AM40,corporate
US039483AN23,corporate
US039483AP70,corporate
US039483AR37,corporate
US039483AS10,corporate
US039483AT92,corporate
US039483AU65,corporate
US039483AX05,corporate
US039483BC58,corporate
US039483BE15,corporate
US039483BH46,corporate
US039483BM31,corporate
US039483BQ45,corporate
US03965TAC71,corporate
US03990BAA98,corporate
US03990BAB71,corporate
US04010LBB80,corporate
US04010LBC63,corporate
US04010LBD47,corporate
US04010LBE20,corporate
US04010LBF94,corporate
US04010LBG77,corporate
US04010LBH50,corporate
US04010LBK89,corporate
US04010LBL62,corporate
US04010LBM46,corporate
US04010LBN29,corporate
US040114HS26,corporate
US040114HT09,corporate
US040114HU71,government
US040114HV54,corporate
US040114HW38,corporate
US040114HX11,corporate
US04020EAB39,corporate
US04020EAD94,corporate
US04020EAG26,corporate
US04020EAJ64,corporate
US04020EAM93,corporate
US04020EAN76,corporate
US04020EAQ08,corporate
US04020EAS63,corporate
US04020EAW75,corporate
US040555CF97,corporate
US040555CH53,corporate
US040555CM49,corporate
US040555CN22,corporate
US040555CP79,corporate
US040555CT91,corporate
US040555CU64,corporate
US040555CV48,corporate
US040555CW21,corporate
US040555CY86,corporate
US040555CZ51,corporate
US040555DA91,corporate
US040555DB74,corporate
US040555DC57,corporate
US040555DD31,corporate
US040555DE14,corporate
US040555DH45,corporate
US040555DJ01,corporate
US040555DK73,corporate
US040555DL56,corporate
US04271TAB61,corporate
US042735AK67,corporate
US042735BF63,corporate
US04273WAC55,corporate
US04273WAE12,corporate
US04273WAF86,corporate
US04280AAC45,corporate
US04316JAA79,corporate
US04316JAB52,corporate
US04316JAD19,corporate
US04316JAE91,corporate
US04316JAF66,corporate
US04316JAG40,corporate
US04316JAH23,corporate
US04316JAJ88,corporate
US04316JAK51,corporate
US04316JAL35,corporate
US04316JAM18,corporate
US04316JAN90,corporate
US04316JAP49,corporate
US043436AU81,corporate
US043436AV64,corporate
US04351LAA89,corporate
US04351LAB62,corporate
US04351LAC46,corporate
US04351LAD29,corporate
US04351LAE02,corporate
US04352EAA38,corporate
US04352EAB11,corporate
US044209AM68,corporate
US045167DU47,government
US045167EC30,government
US045167EE95,government
US045167EG44,government
US045167EJ82,government
US045167EP43,government
US045167ER09,government
US045167EY59,government
US045167FB48,government
US045167FF51,government
US045167FH18,government
US045167FL20,government
US045167FN85,government
US045167FP34,government
US045167FT55,government
US045167FV02,government
US045167FW84,government
US045167FZ16,government
US045167GA55,government
US045167GB39,government
US045167GD94,government
US045167GH09,government
US045167GJ64,government
US045167GK38,government
US045167GL11,government
US045167GP25,government
US045167GQ08,government
US045167GR80,government
US045167GS63,government
US04517PBK75,government
US04517PBT84,government
US04517PBZ45,government
US04522KAG13,government
US04530DAE22,corporate
US04546CAB28,corporate
US0454876006,corporate
US045487AD77,corporate
US04609QAK58,corporate
US04609QAM15,corporate
US04621WAA80,corporate
US04621WAD20,corporate
US04621WAE03,corporate
US04621WAF77,corporate
US04621X3061,corporate
US04621XAD03,corporate
US04621XAJ72,corporate
US04621XAK46,corporate
US04621XAM02,corporate
US04621XAN84,corporate
US04621XAQ16,corporate
US04622DAA90,corporate
US046353AD01,corporate
US046353AG32,corporate
US046353AM00,corporate
US046353AN82,corporate
US046353AT52,corporate
US046353AU26,corporate
US046353AW81,corporate
US046353AX64,corporate
US046353AZ13,corporate
US04636NAB91,corporate
US04636NAE31,corporate
US04636NAF06,corporate
US04636NAG88,corporate
US04636NAH61,corporate
US04636NAK90,corporate
US04636NAL73,corporate
US04636NAM56,corporate
US04636NAN30,corporate
US04636NAQ60,corporate
US04636NAR44,corporate
US04636NAS27,corporate
US04650NAB01,corporate
US04686E2L57,corporate
US04686E2R28,corporate
US04686E2U56,corporate
US04686E2Y78,corporate
US04686E3B66,corporate
US04686E3H37,corporate
US04686E3K65,corporate
US04686E3L49,corporate
US04686E3N05,corporate
US04686E3S91,corporate
US04686E3W04,corporate
US04686E3Z35,corporate
US04686E4E96,corporate
US04686E4G45,corporate
US04686E4N95,corporate
US04686E4P44,corporate
US04686E4Q27,corporate
US04686E4R00,corporate
US04686E4Y50,corporate
US04686E5E87,corporate
US04686E5N86,corporate
US04686E5P35,corporate
US04686J8383,corporate
US04686JAA97,corporate
US04686JAB70,corporate
US04686JAC53,corporate
US04686JAD37,corporate
US04686JAE10,corporate
US04686JAF84,corporate
US04686JAG67,corporate
US04686JAH41,corporate
US04686JAJ07,corporate
US04686JAL52,corporate
US04686JAM36,corporate
US04686JAN19,corporate
US04775HCJ41,corporate
US048303CH28,corporate
US048303CJ83,corporate
US04911AAA51,corporate
US04911AAB35,corporate
US04914Y3009,corporate
US049468AA91,corporate
US049468AB74,corporate
US049560AA31,corporate
US049560AG01,corporate
US049560AK13,corporate
US049560AL95,corporate
US049560AM78,corporate
US049560AN51,corporate
US049560AP00,corporate
US049560AQ82,corporate
US049560AR65,corporate
US049560AS49,corporate
US049560AT22,corporate
US049560AW50,corporate
US049560AX34,corporate
US049560AY17,corporate
US049560AZ81,corporate
US049560BA22,corporate
US049560BB05,corporate
US049560BC87,corporate
US049560BE44,corporate
US049560BF19,corporate
US051473AB24,corporate
US051473AC07,corporate
US051473AD89,corporate
US051473AE62,corporate
US051473AF38,corporate
US05252BDL09,corporate
US05252BDM81,corporate
US05252BDN64,corporate
US05252BDP13,corporate
US05252BDS51,corporate
US05252BDV80,corporate
US05253JAZ49,corporate
US05253JB348,corporate
US05253JB421,corporate
US05253JB595,corporate
US05253JB678,corporate
US05253JB751,corporate
US05253JB835,corporate
US052591AS38,government
US052769AE63,corporate
US052769AG12,corporate
US052769AH94,corporate
US052769AJ50,corporate
US053015AF05,corporate
US053015AG87,corporate
US053015AH60,corporate
US053015AJ27,corporate
US053015AK99,corporate
US05329RAA14,corporate
US05329WAP77,corporate
US05329WAQ50,corporate
US05329WAR34,corporate
US05329WAS17,corporate
US05329WAT99,corporate
US05329WAU62,corporate
US053332AV43,corporate
US053332AW26,corporate
US053332AZ56,corporate
US053332BA96,corporate
US053332BB79,corporate
US053332BC52,corporate
US053332BD36,corporate
US053332BF83,corporate
US053332BG66,corporate
US053332BH40,corporate
US053332BJ06,corporate
US053332BK78,corporate
US053332BM35,corporate
US053332BN18,corporate
US053484AB76,corporate
US053484AC59,corporate
US053484AD33,corporate
US053484AE16,corporate
US053484AF80,corporate
US053484AG63,corporate
US053484AH47,corporate
US05348EAY59,corporate
US05348EAZ25,corporate
US05348EBA64,corporate
US05348EBB48,corporate
US05348EBC21,corporate
US05348EBE86,corporate
US05348EBF51,corporate
US05348EBG35,corporate
US05348EBH18,corporate
US05351WAB90,corporate
US053611AB56,corporate
US053611AJ82,corporate
US053611AK55,corporate
US053611AM12,corporate
US053611AN94,corporate
US05379BAK35,corporate
US05379BAM90,corporate
US05379BAQ05,corporate
US05379BAR87,corporate
US053807AU73,corporate
US053807AV56,corporate
US053807AW30,corporate
US053807BA01,corporate
US054561AJ49,corporate
US054561AM77,corporate
US05463HAB78,corporate
US05463HAC51,corporate
US05464HAB69,corporate
US05464HAC43,corporate
US05465CAB63,corporate
US05465CAC47,corporate
US054989AA67,corporate
US054989AB41,corporate
US054989AC24,corporate
US054989AD07,corporate
US054989AF54,corporate
US054989AG38,corporate
US054989AH11,corporate
US05518UAA51,corporate
US05518VAA35,corporate
US05526DBB01,corporate
US05526DBD66,corporate
US05526DBF15,corporate
US05526DBH70,corporate
US05526DBJ37,corporate
US05526DBK00,corporate
US05526DBN49,corporate
US05526DBP96,corporate
US05526DBQ79,corporate
US05526DBR52,corporate
US05526DBS36,corporate
US05526DBT19,corporate
US05526DBU81,corporate
US05526DBV64,corporate
US05526DBW48,corporate
US05526DBX21,corporate
US05526DBY04,corporate
US05526DBZ78,corporate
US05526DCB91,corporate
US05526DCC74,corporate
US05526DCD57,corporate
US05530QAP54,corporate
US05530QAQ38,corporate
US05531GAB77,corporate
US055451AR98,corporate
US055451AV01,corporate
US055451AZ15,corporate
US055451BA54,corporate
US055451BB38,corporate
US055451BC11,corporate
US055451BD93,corporate
US055451BE76,corporate
US055451BF42,corporate
US055451BJ63,corporate
US055451BK37,corporate
US055451BL10,corporate
US055451BM92,corporate
US055451BN75,corporate
US05552WMS60,corporate
US05552WNG14,corporate
US05552WY959,corporate
US05554T4B88,corporate
US05554T4F92,corporate
US05554T4G75,corporate
US05554T4Q57,corporate
US05554TV932,corporate
US05554TW351,corporate
US05554TX268,corporate
US05554TZH12,corporate
US05555LAB71,corporate
US05555LAD38,corporate
US05556ACJ16,corporate
US05556ADB70,corporate
US05556AFT60,corporate
US05556AFX72,corporate
US05556AFY55,corporate
US05556AFZ21,corporate
US05556AGK43,corporate
US05556AJH86,corporate
US05556NDY94,corporate
US05556NL790,corporate
US05565QDH83,corporate
US05565QDM78,corporate
US05565QDN51,corporate
US05565QDV77,corporate
US05565QDW50,corporate
US05565QDX34,corporate
US05574LHU52,corporate
US05578BAJ52,corporate
US05578BAN64,corporate
US05578BHP40,corporate
US05578DAX03,corporate
US05578UAF12,corporate
US05578UAG94,corporate
US05578UAH77,corporate
US05580M7939,corporate
US05580M8010,corporate
US05581LAC37,corporate
US05581LAF67,corporate
US05581LAG41,corporate
US05581LAH24,corporate
US05583BAA70,corporate
US05584KAC27,corporate
US05584KAE82,corporate
US05584KAJ79,corporate
US05584KAK43,corporate
US05584KAM09,corporate
US05591F2H28,government
US05591F2S82,government
US05591F2U39,government
US05591F2W94,government
US05591F2X77,government
US05591F2Y50,government
US05591F2Z26,government
US05591F3A65,government
US05591F3B49,government
US05591F3C22,government
US05591F3E87,government
US05602XQQ42,corporate
US05602XQR25,corporate
US05602XQS08,corporate
US05602XQU53,corporate
US05612CMA70,corporate
US05612CMM19,corporate
US05613FYG35,corporate
US05614BX565,corporate
US05615GTP53,corporate
US05615H7B89,corporate
US05616URV25,corporate
US05616UU632,corporate
US05617VNZ49,corporate
US05618YH843,corporate
US05618YMJ46,corporate
US05618YNT19,corporate
US056732AJ97,government
US056732AL44,government
US056752AJ76,corporate
US056752AL23,corporate
US056752AN88,corporate
US056752AR92,corporate
US056752AT58,corporate
US056752AU22,corporate
US05684BAC19,corporate
US05684BAD91,corporate
US05684BAF40,corporate
US057224AK30,corporate
US057224AZ09,corporate
US05723KAE01,corporate
US05723KAF75,corporate
US05723KAG58,corporate
US05724BAA70,corporate
US05724BAD10,corporate
US05724BAL36,corporate
US05724BAM19,corporate
US05724BAN91,corporate
US05724BAP40,corporate
US05724BAQ23,corporate
US058498AW66,corporate
US058498AX40,corporate
US058498AZ97,corporate
US058498BA38,corporate
US05890MAA18,corporate
US05890MAB90,corporate
US05890MAC73,corporate
US05890PAB22,corporate
US05890PAC05,corporate
US05890PZA73,corporate
US059165DX54,corporate
US059165EC09,corporate
US059165EH95,corporate
US059165EK25,corporate
US059165EL08,corporate
US059165EM80,corporate
US059165EN63,corporate
US059165EP12,corporate
US059165EQ94,corporate
US059165ER77,corporate
US059165ES50,corporate
US059165ET34,corporate
US059165EV89,corporate
US059165EW62,corporate
US059438AH41,corporate
US059438AK79,corporate
US05946KAF84,corporate
US05946KAL52,corporate
US05946KAM36,corporate
US05946KAN19,corporate
US05946KAQ40,corporate
US05946KAR23,corporate
US05946KAS06,corporate
US05946KAT88,corporate
US05946KAU51,corporate
US05946KAV35,corporate
US05946KAW18,corporate
US05946KAX90,corporate
US05946KAY73,corporate
US05946KAZ49,corporate
US05946KBA88,corporate
US05947KBA79,corporate
US05947KBC36,corporate
US05947LBA52,corporate
US05947LBB36,corporate
US05947LBD91,corporate
US059514AE90,corporate
US059520AC03,corporate
US05956NAF96,corporate
US059578AF19,corporate
US059578AG91,corporate
US059578AK04,corporate
US05957AAC36,corporate
US059593AC70,corporate
US05959LAH69,corporate
US05959LAJ26,corporate
US059626AC55,corporate
US05963GAH11,corporate
US05964HAB15,corporate
US05964HAF29,corporate
US05964HAJ41,corporate
US05964HAM79,corporate
US05964HAN52,corporate
US05964HAQ83,corporate
US05964HAS40,corporate
US05964HAU95,corporate
US05964HAV78,corporate
US05964HAX35,corporate
US05964HAY18,corporate
US05964HAZ82,corporate
US05964HBA23,corporate
US05964HBB06,corporate
US05964HBC88,corporate
US05964HBD61,corporate
US05964HBE45,corporate
US05964HBF10,corporate
US05964HBG92,corporate
US05964HBH75,corporate
US05964HBJ32,corporate
US05964HBK05,corporate
US05968DAC48,corporate
US05968DAF78,corporate
US05968DAG51,corporate
US05968DAH35,corporate
US05968LAK89,corporate
US05968LAN29,corporate
US05969AAB17,corporate
US05971AAK79,corporate
US05971AAL52,corporate
US05971AAM36,corporate
US05971BAK52,corporate
US05971BAL36,corporate
US05971BAM19,corporate
US05971KAC36,corporate
US05971KAF66,corporate
US05971KAG40,corporate
US05971KAH23,corporate
US05971KAL35,corporate
US05971KAP49,corporate
US05971KAQ22,corporate
US05971KAR05,corporate
US05971KAS87,corporate
US05971KAT60,corporate
US05971KAU34,corporate
US05971KAV17,corporate
US05971KAW99,corporate
US05971KAX72,corporate
US05971KAY55,corporate
US05971KAZ21,corporate
US05971KBA60,corporate
US05971U2D82,corporate
US05971U2E65,corporate
US05971U2H96,corporate
US05971U2J52,corporate
US05971U2K26,corporate
US05971V2D64,corporate
US05971V2E48,corporate
US05971V2H78,corporate
US05971V2J35,corporate
US05971V2K08,corporate
US05971WAD56,corporate
US05973P2A32,corporate
US05974EAA82,corporate
US05990KAD81,corporate
US06048WF543,corporate
US06048WH606,corporate
US06048WHF05,corporate
US06048WHN39,corporate
US06048WJ768,corporate
US06048WM804,corporate
US06048WM986,corporate
US06048WN554,corporate
US06048WN638,corporate
US06048WN711,corporate
US06048WN893,corporate
US06048WN976,corporate
US06048WP534,corporate
US06048WP799,corporate
US06048WPC81,corporate
US06048WPN47,corporate
US06048WQ292,corporate
US06048WQ789,corporate
US06048WR365,corporate
US06048WS272,corporate
US06048WS843,corporate
US06048WS926,corporate
US06048WT429,corporate
US06048WT759,corporate
US06048WU401,corporate
US06048WU575,corporate
US06048WWA43,corporate
US06048WWN63,corporate
US06048WZQ67,corporate
US06048WZU79,corporate
US0605051798,corporate
US060505DL55,corporate
US060505FL38,corporate
US060505GB47,corporate
US060505GP33,corporate
US060505GQ16,corporate
US060505GR98,corporate
US06050TJZ66,corporate
US06050WFA80,corporate
US06050WFC47,corporate
US06050WFD20,corporate
US06050WFE03,corporate
US06050WFF77,corporate
US06050WFG50,corporate
US06050WFH34,corporate
US06050WFJ99,corporate
US06050WFL46,corporate
US06050WFN02,corporate
US06050WFQ33,corporate
US06050WFS98,corporate
US06050WFU45,corporate
US06050WFW01,corporate
US06050WFX83,corporate
US06050WFZ32,corporate
US06050WGB54,corporate
US06050WGD11,corporate
US06050WGE93,corporate
US06050WGG42,corporate
US06050WGH25,corporate
US06050WGK53,corporate
US06050WGL37,corporate
US06050WGM10,corporate
US06050WGN92,corporate
US06050WGP41,corporate
US06050WGQ24,corporate
US06050WGS89,corporate
US06050WGT62,corporate
US06050WGU36,corporate
US06050WGV19,corporate
US06050WGW91,corporate
US06050WGX74,corporate
US06050WGZ23,corporate
US06050WHA62,corporate
US06050WHB46,corporate
US06050WHC29,corporate
US06050WHD02,corporate
US06050WHE84,corporate
US06050WHF59,corporate
US06050WHG33,corporate
US06050WHH16,corporate
US06050WHJ71,corporate
US06050WHK45,corporate
US06050WHM01,corporate
US06050WHN83,corporate
US06050WHP32,corporate
US06050XA944,corporate
US06051GEN51,corporate
US06051GFC87,corporate
US06051GFG91,corporate
US06051GFL86,corporate
US06051GFQ73,corporate
US06051GGA13,corporate
US06051GGC78,corporate
US06051GGF00,corporate
US06051GGG82,corporate
US06051GGL77,corporate
US06051GGM50,corporate
US06051GGR48,corporate
US06051GHA04,corporate
US06051GHD43,corporate
US06051GHG73,corporate
US06051GHM42,corporate
US06051GHP72,corporate
US06051GHQ55,corporate
US06051GHS12,corporate
US06051GHU67,corporate
US06051GHV41,corporate
US06051GHX07,corporate
US06051GHZ54,corporate
US06051GJA85,corporate
US06051GJB68,corporate
US06051GJE08,corporate
US06051GJF72,corporate
US06051GJL41,corporate
US06051GJM24,corporate
US06051GJN07,corporate
US06051GJP54,corporate
US06051GJT76,corporate
US06051GJW06,corporate
US06051GJZ37,corporate
US06051GKB40,corporate
US06051GKC23,corporate
US06051GKD06,corporate
US06051GKH10,corporate
US06051GKJ75,corporate
US06051GKK49,corporate
US06051GKL22,corporate
US06051GKP36,corporate
US06051GKQ19,corporate
US06051GKW86,corporate
US06051GKY43,corporate
US06051GLC14,corporate
US06051GLG28,corporate
US06051GLH01,corporate
US06051GLS65,corporate
US06051GLU12,corporate
US06051GLV94,corporate
US06051GLX50,corporate
US06051GMA49,corporate
US06051GMB22,corporate
US06051GMD87,corporate
US06051GMK21,corporate
US06051GML04,corporate
US06051GMM86,corporate
US06051GMN69,corporate
US06051GMP18,corporate
US06051GMQ90,corporate
US06051GMT30,corporate
US06051GMU03,corporate
US06051GMW68,corporate
US06051GMY25,corporate
US06051GMZ99,corporate
US06051GNA30,corporate
US06051GNC95,corporate
US06055HAB96,corporate
US06055HAH66,corporate
US06055HAK95,corporate
US06055JAE91,corporate
US06055JAV17,corporate
US06055JAZ21,corporate
US06055JBH14,corporate
US06055JCA51,corporate
US06055JCT43,corporate
US06055JDF30,corporate
US06055JDK25,corporate
US06055JDY29,corporate
US06055JFK07,corporate
US06055JFR59,corporate
US06055JFX28,corporate
US06055JGB98,corporate
US06055JGG85,corporate
US06055JGL70,corporate
US06055JGM53,corporate
US06055JGT07,corporate
US06055JGZ66,corporate
US06055JHB89,corporate
US06055JHG76,corporate
US06055JHH59,corporate
US06055JHJ16,corporate
US06055JHM45,corporate
US06055JHQ58,corporate
US06055JHR32,corporate
US06055JJA88,corporate
US06055JJD28,corporate
US06055JJE01,corporate
US06055JJF75,corporate
US06055JJS96,corporate
US06055JJT79,corporate
US06055JJU43,corporate
US06055JKB43,corporate
US06055JKK42,corporate
US06055JKN80,corporate
US06055JKR94,corporate
US06055JKV07,corporate
US06055JKZ11,corporate
US06055JLA50,corporate
US06055JLH04,corporate
US06055JLQ03,corporate
US06055JLT42,corporate
US06055JLU15,corporate
US06055JLW70,corporate
US06055JMD80,corporate
US06055JME63,corporate
US06055JMF39,corporate
US06055JMQ93,corporate
US06055JMR76,corporate
US06055JMS59,corporate
US06055JMT33,corporate
US06055JMU06,corporate
US06055JMX45,corporate
US06055JMZ92,corporate
US06055JNB16,corporate
US06055JNE54,corporate
US06055JNF20,corporate
US06055JNJ42,corporate
US06055JNL97,corporate
US06055JNM70,corporate
US06055JNN53,corporate
US06055JNP02,corporate
US06055JNQ84,corporate
US06055JNR67,corporate
US06055JNT24,corporate
US06055JNU96,corporate
US06055JNV79,corporate
US06055JNW52,corporate
US06055JNY19,corporate
US06055JPB97,corporate
US06055JPC70,corporate
US06055JPD53,corporate
US06055JPE37,corporate
US06055JPJ24,corporate
US06055JPL79,corporate
US06055JPP83,corporate
US06055JPQ66,corporate
US06055JPR40,corporate
US06055JPT06,corporate
US06055JPU78,corporate
US06055JPV51,corporate
US06055JPW35,corporate
US06055JPY90,corporate
US06055JPZ65,corporate
US06055JQA06,corporate
US06055JQB88,corporate
US06055JQC61,corporate
US06055JQE28,corporate
US06055JQF92,corporate
US06055JQG75,corporate
US06055JQJ15,corporate
US06055JQN27,corporate
US06055JQQ57,corporate
US06055JQS14,corporate
US06055JQT96,corporate
US06055JQY81,corporate
US06055JQZ56,corporate
US06055JRD36,corporate
US06055JRE19,corporate
US06055JRF83,corporate
US06055JRG66,corporate
US06055JRH40,corporate
US06055JRP65,corporate
US06055JRQ49,corporate
US06055JRT87,corporate
US06055JRX99,corporate
US06055JRY72,corporate
US06055JSA87,corporate
US06055JSC44,corporate
US06055JSF74,corporate
US06055JSG57,corporate
US06055JSH31,corporate
US06055JSL43,corporate
US06055JSM26,corporate
US06055JSR13,corporate
US06055JSS95,corporate
US06055JST78,corporate
US06055JSU42,corporate
US06055JSX80,corporate
US06055JSZ39,corporate
US06055JTB51,corporate
US06055JTC35,corporate
US06055JTD18,corporate
US06055JTE90,corporate
US06055JTG49,corporate
US06055JTH22,corporate
US06055JTJ87,corporate
US06237MAA18,government
US06237MAB90,government
US06237MAC73,government
US06237MAD56,government
US06367WYB35,corporate
US06368B5P91,corporate
US06368BGS16,corporate
US06368DH723,corporate
US06368EBW12,corporate
US06368ECG52,corporate
US06368EED04,corporate
US06368FAC32,corporate
US06368FAD15,corporate
US06368FAJ84,corporate
US06368G4U86,corporate
US06368GC545,corporate
US06368GF449,corporate
US06368GNT03,corporate
US06368GQN06,corporate
US06368GVC85,corporate
US06368L3K06,corporate
US06368L3L88,corporate
US06368L3M61,corporate
US06368L5Q57,corporate
US06368L8K50,corporate
US06368L8L34,corporate
US06368L8M17,corporate
US06368L8V16,corporate
US06368LAQ95,corporate
US06368LC537,corporate
US06368LC610,corporate
US06368LGV27,corporate
US06368LQ586,corporate
US06368LWU69,corporate
US06368MC691,corporate
US06368ME671,corporate
US06368MJG06,corporate
US06368MJH88,corporate
US06368MK785,corporate
US06368MS473,corporate
US06368MS622,corporate
US06368MS705,corporate
US06368MXU34,corporate
US06368MXV17,corporate
US06368MXW99,corporate
US06374VK214,corporate
US06374VKD72,corporate
US06374VRZ12,corporate
US06375MCH60,corporate
US06375MGF68,corporate
US06375MP821,corporate
US06375MPJ89,corporate
US06375MPQ23,corporate
US06376A5B27,corporate
US06376A5P13,corporate
US06376AHH68,corporate
US06376AHJ25,corporate
US06376AHN37,corporate
US06376AHP84,corporate
US06376AHS24,corporate
US06376AHY91,corporate
US06376BN389,corporate
US06376BN538,corporate
US06376BN876,corporate
US06376BN959,corporate
US06376BNC80,corporate
US06376BND63,corporate
US06376BNJ34,corporate
US06376BNK07,corporate
US06376BNL89,corporate
US06376BNM62,corporate
US06376BNN46,corporate
US06376BNT16,corporate
US06376BNX28,corporate
US06376BYF92,corporate
US06376BYL60,corporate
US06376BYP74,corporate
US06376BYS14,corporate
US06376BYV43,corporate
US06376CH587,corporate
US06376CHL37,corporate
US06376D6T61,corporate
US06376DN344,corporate
US06376DN674,corporate
US06376DN757,corporate
US06376DNB63,corporate
US06376DNJ99,corporate
US06376DNW01,corporate
US06376DNX83,corporate
US06376F2N82,corporate
US06376F2R96,corporate
US06376F2W81,corporate
US06376F2Z13,corporate
US06376FE397,corporate
US06376FE546,corporate
US06376FE967,corporate
US06376FEA30,corporate
US06376FEG00,corporate
US06376FEJ49,corporate
US06376FEP09,corporate
US06376FEQ81,corporate
US06376FEW59,corporate
US06376FEX33,corporate
US06376FEY16,corporate
US06376J2B62,corporate
US06376J2U44,corporate
US06376J2W00,corporate
US06376JH871,corporate
US06376JHD63,corporate
US06376JHF12,corporate
US06376JHH77,corporate
US06376JHR59,corporate
US06376JHW45,corporate
US06376JWE71,corporate
US06376JWJ68,corporate
US06376JWK32,corporate
US06376JWL15,corporate
US06376JWP29,corporate
US06376JWT41,corporate
US06376JWW79,corporate
US06376JWX52,corporate
US06376KE538,corporate
US06376KE793,corporate
US06376KEB08,corporate
US06376KEG94,corporate
US06376KEJ34,corporate
US06376KEM62,corporate
US06376KEN46,corporate
US06376KYN26,corporate
US06376LF350,corporate
US06376LF434,corporate
US06376LF509,corporate
US06376LF764,corporate
US06376LF848,corporate
US06376LF921,corporate
US06376LFB71,corporate
US06376LFC54,corporate
US06376LFD38,corporate
US06376LFG68,corporate
US06376LFJ08,corporate
US06376LFK70,corporate
US06376LFM37,corporate
US06376LFN10,corporate
US06376LZS86,corporate
US06376LZU33,corporate
US06376LZV16,corporate
US063941EX23,corporate
US063941FG80,corporate
US063941GZ52,corporate
US064058AF75,corporate
US064058AL44,corporate
US064058AN00,corporate
US064058AR14,corporate
US064058AS96,corporate
US064058AW09,corporate
US06405LAH42,corporate
US06405LAK70,corporate
US06405LAL53,corporate
US06405LAM37,corporate
US06406GAA94,corporate
US06406RAB33,corporate
US06406RAD98,corporate
US06406RAF47,corporate
US06406RAH03,corporate
US06406RAR84,corporate
US06406RAU14,corporate
US06406RAV96,corporate
US06406RAW79,corporate
US06406RAZ01,corporate
US06406RBA41,corporate
US06406RBB24,corporate
US06406RBD89,corporate
US06406RBG11,corporate
US06406RBH93,corporate
US06406RBK23,corporate
US06406RBL06,corporate
US06406RBM88,corporate
US06406RBN61,corporate
US06406RBP10,corporate
US06406RBR75,corporate
US06406RBT32,corporate
US06406RBU05,corporate
US06406RBV87,corporate
US06406RBW60,corporate
US06406RBX44,corporate
US06406RBY27,corporate
US06406RBZ91,corporate
US06406RCA32,corporate
US06406RCB15,corporate
US06406RCD70,corporate
US06406RCG02,corporate
US06406RCH84,corporate
US06406RCJ41,corporate
US06406RCK14,corporate
US06406RCL96,corporate
US06406RCM79,corporate
US06406RCN52,corporate
US06406RCP01,corporate
US06406RCQ83,corporate
US06406YAA01,corporate
US06406YAB83,corporate
US06407F2E11,corporate
US0641592F22,corporate
US0641594B99,corporate
US0641594G86,corporate
US0641598K52,corporate
US0641598M19,corporate
US0641598N91,corporate
US0641598S88,corporate
US0641598V18,corporate
US0641598X73,corporate
US064159CP95,corporate
US064159DF05,corporate
US064159KJ44,corporate
US064159Q257,corporate
US064159Q828,corporate
US064159T632,corporate
US06417NA946,corporate
US06417XAD30,corporate
US06417XAE13,corporate
US06417XAG60,corporate
US06417XAP69,corporate
US06417YM716,corporate
US06418BAE83,corporate
US06418GAD97,corporate
US06418GAG29,corporate
US06418GAH02,corporate
US06418GAJ67,corporate
US06418GAK31,corporate
US06418GAL14,corporate
US06418GAM96,corporate
US06418GAN79,corporate
US06418GAP28,corporate
US06418GAQ01,corporate
US06418GAR83,corporate
US06418GAT40,corporate
US06418GAU13,corporate
US06418GAW78,corporate
US06418GAX51,corporate
US06418GAY35,corporate
US06418GAZ00,corporate
US06418GBD88,corporate
US06418GBF37,corporate
US06418H1968,corporate
US06418JAA97,corporate
US06418JAC53,corporate
US06418V2L73,corporate
US06418VGD01,corporate
US06418VGE83,corporate
US06418VHG23,corporate
US06418VKK97,corporate
US06418VKL70,corporate
US06418VNQ31,corporate
US06418VXQ21,corporate
US06418VY731,corporate
US06418VZZ02,corporate
US06419GEE26,corporate
US06419HCD44,corporate
US06419HE672,corporate
US06423AAJ25,corporate
US06652KAB98,corporate
US06654DAA54,corporate
US06654DAB38,corporate
US06654DAC11,corporate
US06654DAD93,corporate
US06654DAE76,corporate
US06654DAG25,corporate
US066716AB78,government
US06675GAY17,corporate
US06675GBB05,corporate
US06675QAC78,government
US06675QAE35,government
US066836AB32,corporate
US06684NAG43,corporate
US06684NAK54,corporate
US06684NAL38,corporate
US06684QAB86,corporate
US067070AH54,government
US067070AK83,government
US067383AA79,corporate
US06738C8284,corporate
US06738EAJ47,corporate
US06738EAU91,corporate
US06738EAV74,corporate
US06738EAW57,corporate
US06738EBD67,corporate
US06738EBK01,corporate
US06738EBM66,corporate
US06738EBP97,corporate
US06738EBR53,corporate
US06738EBS37,corporate
US06738EBT10,corporate
US06738EBU82,corporate
US06738EBV65,corporate
US06738EBW49,corporate
US06738EBX22,corporate
US06738EBY05,corporate
US06738ECA10,corporate
US06738ECD58,corporate
US06738ECE32,corporate
US06738ECG89,corporate
US06738ECH62,corporate
US06738ECJ29,corporate
US06738ECK91,corporate
US06738ECL74,corporate
US06738ECM57,corporate
US06738ECN31,corporate
US06738ECP88,corporate
US06738ECQ61,corporate
US06738ECR45,corporate
US06738ECS28,corporate
US06738ECT01,corporate
US06738ECU73,corporate
US06738ECV56,corporate
US06738ECX13,corporate
US06738ECY95,corporate
US06738ECZ60,corporate
US06738EDC66,corporate
US06738EDD40,corporate
US06738EDE23,corporate
US06738EDF97,corporate
US06738EDG70,corporate
US06738EDH53,corporate
US06738EDJ10,corporate
US06738EDK82,corporate
US06738EDL65,corporate
US06738EDM49,corporate
US06738EDN22,corporate
US06738JGY47,corporate
US06738JQQ03,corporate
US06738JR970,corporate
US06738JYZ10,corporate
US06738KMX62,corporate
US06741RFV87,corporate
US06741UFM18,corporate
US06741UKP83,corporate
US06744EDH71,corporate
US06745M4Y14,corporate
US06745M5Y05,corporate
US06745MDY12,corporate
US06745MN200,corporate
US06745MQP67,corporate
US06745MQQ41,corporate
US06745MUU07,corporate
US06745MVG04,corporate
US06745N2B11,corporate
US06745P5W75,corporate
US06745PB349,corporate
US06745PH205,corporate
US06745PH387,corporate
US06745PKZ35,corporate
US06745PLX77,corporate
US06745PPX32,corporate
US06745PTW13,corporate
US06745PTX95,corporate
US06745PY549,corporate
US06745PZ389,corporate
US06745PZV65,corporate
US06745Q6C84,corporate
US06745Q6Q70,corporate
US06745Q7J29,corporate
US06745QGP81,corporate
US06745QJ340,corporate
US06745QSY60,corporate
US06745QWX32,corporate
US06745U5Z98,corporate
US06745UGU88,corporate
US06745UHY91,corporate
US06745UKM17,corporate
US06745UL991,corporate
US06745UQZ65,corporate
US06745UVS67,corporate
US06745Y2T83,corporate
US06745Y3T74,corporate
US06745YC596,corporate
US06745YDP43,corporate
US06745YGU01,corporate
US06745YPG16,corporate
US06745YU341,corporate
US06745YYU09,corporate
US06745YZ969,corporate
US06746AB364,corporate
US06746AJX28,corporate
US06746AN666,corporate
US06746ASR58,corporate
US06746ASY00,corporate
US06746AT606,corporate
US06746AYP29,corporate
US06746AYQ02,corporate
US06746C3V90,corporate
US06746CFU80,corporate
US06746CVJ51,corporate
US06746EHV02,corporate
US06746ENC56,corporate
US06746EUQ69,corporate
US06746EVS17,corporate
US06747A2502,corporate
US06747PV483,corporate
US06747PVH99,corporate
US06747PXX22,corporate
US06747PZ286,corporate
US06747Q3D74,corporate
US06747QB897,corporate
US06747QHV23,corporate
US06747QM613,corporate
US06747W1466,corporate
US06748X4A62,corporate
US06748XSC64,corporate
US06749F6A24,corporate
US06749F7K96,corporate
US06749FLT48,corporate
US06749FMH90,corporate
US06749FSM22,corporate
US06749GBV86,corporate
US06749GHJ94,corporate
US06749GHK67,corporate
US06749H3V51,corporate
US06749HFR12,corporate
US06749HFS94,corporate
US06749HFW07,corporate
US06749HGX70,corporate
US06749HJA41,corporate
US06749HNL59,corporate
US06749HNP63,corporate
US06749HTZ81,corporate
US06749HWF80,corporate
US06749J2R13,corporate
US06749JEW71,corporate
US06749JEX54,corporate
US06749JEY38,corporate
US06749JJR32,corporate
US06749JJS15,corporate
US06749NVK52,corporate
US06759LAC72,corporate
US06759LAD55,corporate
US06759LAE39,corporate
US06763AAF84,corporate
US06763AAH41,corporate
US06769QAA85,corporate
US067901AA64,corporate
US067901AH18,corporate
US06849RAC60,corporate
US06849RAG74,corporate
US06849RAK86,corporate
US06849UAD72,corporate
US06849VAA17,corporate
US070101AK64,corporate
US071707AG82,corporate
US07177MAN39,corporate
US071813AM10,corporate
US071813AX74,corporate
US071813BE84,corporate
US071813BG33,corporate
US071813BP32,corporate
US071813BY49,corporate
US071813CB37,corporate
US071813CL19,corporate
US071813CP23,corporate
US071813CS61,corporate
US071813CV90,corporate
US071813DC01,corporate
US071813DD83,corporate
US071813DE66,corporate
US072722AE18,corporate
US072863AC76,corporate
US072863AE33,corporate
US072863AF08,corporate
US072863AH63,corporate
US072863AJ20,corporate
US07330MAA53,corporate
US07330MAC10,corporate
US07556QBT13,corporate
US075887AN94,corporate
US075887AQ26,corporate
US075887AV11,corporate
US075887AX76,corporate
US075887BG35,corporate
US075887BM03,corporate
US075887BW84,corporate
US075887BX67,corporate
US075887CE77,corporate
US075887CJ64,corporate
US075887CK38,corporate
US075887CL11,corporate
US075887CP25,corporate
US075887CQ08,corporate
US075887CR80,corporate
US075887CS63,corporate
US075887CU10,corporate
US07786DAA46,corporate
US0778FPAA77,corporate
US0778FPAB50,corporate
US0778FPAG48,corporate
US0778FPAL33,corporate
US0778FPAM16,corporate
US0778FPAN98,corporate
US0778FPAP47,corporate
US0778FPAQ20,corporate
US0778FPAS85,corporate
US078167AZ61,corporate
US079857AF50,corporate
US079857AH17,corporate
US079860AD40,corporate
US079860AE23,corporate
US079860AK82,corporate
US079867AN74,corporate
US079867AP23,corporate
US079867AS61,corporate
US079867AW73,corporate
US080555AE54,corporate
US080555AF20,corporate
US081437AJ44,corporate
US081437AS43,corporate
US081437AT26,corporate
US08265TAD19,corporate
US084423AP79,corporate
US084423AT91,corporate
US084423AU64,corporate
US084423AV48,corporate
US084423AW21,corporate
US084659AF84,corporate
US084659AM36,corporate
US084659AP66,corporate
US084659AR23,corporate
US084659AV35,corporate
US084659AX90,corporate
US084659BC45,corporate
US084659BD28,corporate
US084659BF75,corporate
US084664BL47,corporate
US084664BU46,corporate
US084664BV29,corporate
US084664CQ25,corporate
US084664CR08,corporate
US084664CU37,corporate
US084664CV10,corporate
US084664CW92,corporate
US084664CX75,corporate
US084664CZ24,corporate
US084664DA63,corporate
US084664DB47,corporate
US084670BK32,corporate
US084680AC15,corporate
US085209AD62,government
US085209AF11,government
US085209AG93,government
US085209AH76,government
US085209AJ33,government
US08576BAB80,corporate
US08576PAF80,corporate
US08576PAL58,corporate
US08576PAQ46,corporate
US08652BAA70,corporate
US08652BAB53,corporate
US08658EAA55,corporate
US08661UAA43,corporate
US08661UAB26,corporate
US08862EAB56,corporate
US08862EAD13,corporate
US088929AC82,corporate
US090043AD21,corporate
US090043AF78,corporate
US090572AQ17,corporate
US090572AR99,corporate
US09061GAK76,corporate
US09062XAD57,corporate
US09062XAG88,corporate
US09062XAH61,corporate
US09062XAK90,corporate
US09062XAL73,corporate
US09062XAM56,corporate
US09062XAN30,corporate
US092113AM13,corporate
US092113AN95,corporate
US092113AQ27,corporate
US092113AR00,corporate
US092113AS82,corporate
US092113AT65,corporate
US092113AV12,corporate
US092113AW94,corporate
US092113AX77,corporate
US092113AY50,corporate
US09239BAF67,corporate
US09247XAN12,corporate
US09247XAP69,corporate
US09247XAQ43,corporate
US09247XAR26,corporate
US09247XAS09,corporate
US09247XAT81,corporate
US09257WAE03,corporate
US09259EAC21,corporate
US09261HAD98,corporate
US09261HAK32,corporate
US09261HAR84,corporate
US09261HBC07,corporate
US09261HBG11,corporate
US09261HBN61,corporate
US09261HBR75,corporate
US09261HBS58,corporate
US09261HBU05,corporate
US09261HBW60,corporate
US09261HBX44,corporate
US09261HBY27,corporate
US09261HBZ91,corporate
US09261HCC97,corporate
US09261HCD70,corporate
US09261XAB82,corporate
US09261XAD49,corporate
US09261XAG79,corporate
US09261XAH52,corporate
US09261XAJ19,corporate
US09261XAK81,corporate
US09261XAL64,corporate
US09261XAM48,corporate
US09261XAN21,corporate
US09290DAA90,corporate
US09290DAB73,corporate
US09290DAC56,corporate
US09290DAH44,corporate
US09290DAJ00,corporate
US09290DAK72,corporate
US092914AA83,corporate
US092914AB66,corporate
US092914AC40,corporate
US093662AH70,corporate
US093662AJ37,corporate
US093662AK00,corporate
US09581CAB72,corporate
US09581CAD39,corporate
US09581CAF86,corporate
US09581JAR77,corporate
US09581JAS50,corporate
US09581JAT34,corporate
US09581JAU07,corporate
US09581JAV89,corporate
US095924AB26,corporate
US095924AC09,corporate
US095924AD81,corporate
US09659DAA46,corporate
US09659DAB29,corporate
US09659DAC02,corporate
US09659X2C50,corporate
US09659X2F81,corporate
US09659X2H48,corporate
US09659X2K76,corporate
US09659X2M33,corporate
US09659X2P63,corporate
US09659X2R20,corporate
US09659X2S03,corporate
US09659X2T85,corporate
US09659X2U58,corporate
US09659X2V32,corporate
US09659X2W15,corporate
US09659X2X97,corporate
US09659X2Y70,corporate
US09659X2Z46,corporate
US09659X3A85,corporate
US09659X3B68,corporate
US09659X3C42,corporate
US09659X3D25,corporate
US09660V2A05,corporate
US09660V2B87,corporate
US09660V2C60,corporate
US09660V2D44,corporate
US096630AF58,corporate
US096630AG32,corporate
US096630AH15,corporate
US096630AJ70,corporate
US096630AK44,corporate
US096630AL27,corporate
US09664GR385,corporate
US09664HB908,corporate
US09664KA458,corporate
US09664MT330,corporate
US09681MAE84,corporate
US09681MAT53,corporate
US097023AE52,corporate
US097023AG01,corporate
US097023AK13,corporate
US097023AN51,corporate
US097023AQ82,corporate
US097023AS49,corporate
US097023AU94,corporate
US097023AX34,corporate
US097023BA22,corporate
US097023BK04,corporate
US097023BL86,corporate
US097023BS30,corporate
US097023BU85,corporate
US097023BV68,corporate
US097023BX25,corporate
US097023BY08,corporate
US097023BZ72,corporate
US097023CA13,corporate
US097023CB95,corporate
US097023CD51,corporate
US097023CE35,corporate
US097023CF00,corporate
US097023CJ22,corporate
US097023CK94,corporate
US097023CM50,corporate
US097023CN34,corporate
US097023CP81,corporate
US097023CQ64,corporate
US097023CR48,corporate
US097023CU76,corporate
US097023CV59,corporate
US097023CW33,corporate
US097023CX16,corporate
US097023CY98,corporate
US097023DB86,corporate
US097023DC69,corporate
US097023DP72,corporate
US097023DQ55,corporate
US097023DR39,corporate
US097023DS12,corporate
US097023DT94,corporate
US097023DU67,corporate
US09709T6A42,corporate
US09709TAA97,corporate
US09709UV704,corporate
US09710D7315,corporate
US09711BER33,corporate
US09711CAF14,corporate
US09711CAJ36,corporate
US09711CAU80,corporate
US09711MJL72,corporate
US09778PAA30,corporate
US09778PAB13,corporate
US09857LBN73,corporate
US09951LAC72,corporate
US09951LAD55,corporate
US09951LAE39,corporate
US09951LAF04,corporate
US099724AC03,corporate
US099724AH99,corporate
US099724AL02,corporate
US099724AP16,corporate
US099724AQ98,corporate
US10103DAB29,corporate
US10112RAY09,corporate
US10112RBA14,corporate
US10112RBB96,corporate
US10112RBC79,corporate
US10112RBD52,corporate
US10112RBE36,corporate
US10112RBF01,corporate
US10112RBG83,corporate
US10112RBH66,corporate
US10112RBJ23,corporate
US10112RBP82,corporate
US101137AE71,corporate
US101137AL15,corporate
US101137AS67,corporate
US101137AT41,corporate
US101137AU14,corporate
US101137AX52,corporate
US101137BA41,corporate
US10115PAA30,corporate
US102291AA91,corporate
US10240LAA08,corporate
US10316TAD63,corporate
US103304BU40,corporate
US10373QAC42,corporate
US10373QAE08,corporate
US10373QAV23,corporate
US10373QAZ37,corporate
US10373QBG47,corporate
US10373QBK58,corporate
US10373QBL32,corporate
US10373QBM15,corporate
US10373QBN97,corporate
US10373QBP46,corporate
US10373QBQ29,corporate
US10373QBR02,corporate
US10373QBS84,corporate
US10373QBT67,corporate
US10373QBU31,corporate
US10373QBV14,corporate
US10373QBW96,corporate
US10373QBX79,corporate
US10373QBY52,corporate
US10373QBZ28,corporate
US10373QCA67,corporate
US10373QCB41,corporate
US105340AP80,corporate
US105340AQ63,corporate
US105340AR47,corporate
US105340AS20,corporate
US105340AT03,corporate
US10549PAG63,corporate
US10552TAG22,corporate
US10552TAH05,corporate
US105756AE07,government
US105756AL40,government
US105756BB58,government
US105756BK57,government
US105756BN96,government
US105756BR01,government
US105756BW95,government
US105756BY51,government
US105756BZ27,government
US105756CA66,government
US105756CB40,government
US105756CF53,government
US105756CG37,government
US105756CH10,government
US105756CJ75,government
US10806CAA62,corporate
US10806XAB82,corporate
US10806XAD49,corporate
US10806XAJ19,corporate
US10921V2E53,corporate
US10921V2J41,corporate
US10921V2L96,corporate
US10922NAC74,corporate
US10922NAF06,corporate
US10922NAG88,corporate
US10922NAH61,corporate
US110122AB49,corporate
US110122AC22,corporate
US110122AP35,corporate
US110122AQ18,corporate
US110122AU20,corporate
US110122AX68,corporate
US110122BB30,corporate
US110122CP17,corporate
US110122CQ99,corporate
US110122CR72,corporate
US110122DD77,corporate
US110122DE50,corporate
US110122DG09,corporate
US110122DH81,corporate
US110122DJ48,corporate
US110122DK11,corporate
US110122DL93,corporate
US110122DP08,corporate
US110122DQ80,corporate
US110122DR63,corporate
US110122DS47,corporate
US110122DU92,corporate
US110122DV75,corporate
US110122DW58,corporate
US110122DX32,corporate
US110122DY15,corporate
US110122DZ89,corporate
US110122EB03,corporate
US110122EC85,corporate
US110122EF17,corporate
US110122EG99,corporate
US110122EH72,corporate
US110122EJ39,corporate
US110122EK02,corporate
US110122EL84,corporate
US110709AE21,government
US110709AJ18,government
US110709AL63,government
US110709AN20,government
US110709AQ50,government
US110709GQ96,government
US11070TAM09,government
US11070TAN81,government
US11070TAP30,government
US111021AE12,corporate
US111021AL54,corporate
US11120BAA52,corporate
US11120VAE39,corporate
US11120VAH69,corporate
US11120VAJ26,corporate
US11120VAK98,corporate
US11120VAL71,corporate
US11120VAM54,corporate
US11120VAN38,corporate
US11120VAP85,corporate
US11120VAQ68,corporate
US11133TAD54,corporate
US11133TAE38,corporate
US11133TAF03,corporate
US11134GAA85,corporate
US11134LAR06,corporate
US11135EAA29,corporate
US11135FAN15,corporate
US11135FAQ46,corporate
US11135FAS02,corporate
US11135FBA84,corporate
US11135FBD24,corporate
US11135FBM23,corporate
US11135FBN06,corporate
US11135FBS92,corporate
US11135FBU49,corporate
US11135FBY60,corporate
US11135FCB58,corporate
US11135FCC32,corporate
US11135FCD15,corporate
US11135FCE97,corporate
US11135FCF62,corporate
US11135FCG46,corporate
US11135FCK57,corporate
US11135FCL31,corporate
US11135FCM14,corporate
US11135FCP45,corporate
US11135FCQ28,corporate
US11135FCR01,corporate
US11135FCS83,corporate
US11135FCT66,corporate
US11135FCU30,corporate
US11135FCV13,corporate
US11135FCW95,corporate
US11135FCX78,corporate
US11135FCY51,corporate
US11135FCZ27,corporate
US11135FDA66,corporate
US11135FDB40,corporate
US11135FDD06,corporate
US112586AB85,corporate
US11259NAA28,corporate
US11259P1093,corporate
US11259P3073,corporate
US11271L1026,corporate
US11271LAB80,corporate
US11271LAC63,corporate
US11271LAD47,corporate
US11271LAE20,corporate
US11271LAF94,corporate
US11271LAH50,corporate
US11271LAJ17,corporate
US11271LAK89,corporate
US11271LAL62,corporate
US11271LAM46,corporate
US11271LAN29,corporate
US11271LAP76,corporate
US11271LAQ59,corporate
US11271RAB50,corporate
US11272B1035,corporate
US11272BAA17,corporate
US11276B1098,corporate
US11276B2088,corporate
US11276BAA70,corporate
US113004AA39,corporate
US113004AB12,corporate
US113004AC94,corporate
US113004AE50,corporate
US115236AB74,corporate
US115236AC57,corporate
US115236AE14,corporate
US115236AF88,corporate
US115236AG61,corporate
US115236AH45,corporate
US115236AJ01,corporate
US115236AK73,corporate
US115236AL56,corporate
US115236AM30,corporate
US115236AN13,corporate
US115637AL44,corporate
US115637AP57,corporate
US115637AT79,corporate
US115637AU43,corporate
US11575TAB44,corporate
US11575TAC27,corporate
US115885AK10,corporate
US1170436042,corporate
US117043AT65,corporate
US117043AU39,corporate
US117043AV12,corporate
US117043AW94,corporate
US118230AC57,corporate
US118230AM30,corporate
US118230AP60,corporate
US118230AQ44,corporate
US118230AR27,corporate
US11943HAD17,government
US119807AG05,corporate
US119807AN55,corporate
US119807AP04,corporate
US120568AZ33,corporate
US120568BC39,corporate
US120568BD12,corporate
US120568BE94,corporate
US120568BF69,corporate
US120568BM11,corporate
US120568BN93,corporate
US120568BP42,corporate
US120568BQ25,corporate
US120568BR08,corporate
US120568BS80,corporate
US120568BT63,corporate
US120568BU37,corporate
US121899CH98,corporate
US12189LAA98,corporate
US12189LAC54,corporate
US12189LAE11,corporate
US12189LAG68,corporate
US12189LAJ08,corporate
US12189LAK70,corporate
US12189LAN10,corporate
US12189LAP67,corporate
US12189LAS07,corporate
US12189LAU52,corporate
US12189LAW19,corporate
US12189LAX91,corporate
US12189LAZ40,corporate
US12189LBA89,corporate
US12189LBB62,corporate
US12189LBC46,corporate
US12189LBD29,corporate
US12189LBE02,corporate
US12189LBF76,corporate
US12189LBG59,corporate
US12189LBH33,corporate
US12189LBJ98,corporate
US12189LBK61,corporate
US12189LBL45,corporate
US12189LBM28,corporate
US12189LBN01,corporate
US12189QAB68,corporate
US12189TAD63,corporate
US12189TAF12,corporate
US12189TAG94,corporate
US12189TAJ34,corporate
US12189TAK07,corporate
US12189TAN46,corporate
US12189TAR59,corporate
US12189TAX28,corporate
US12189TAZ75,corporate
US122014AL76,corporate
US122017AD81,corporate
US12201PAB22,corporate
US12201PAN69,corporate
US124857AF05,corporate
US124857AJ27,corporate
US124857AK99,corporate
US124857AN39,corporate
US124857AR43,corporate
US124857AT09,corporate
US124857AX11,corporate
US124857AZ68,corporate
US1248EPCN14,corporate
US12503MAA62,corporate
US12503MAC29,corporate
US12503MAD02,corporate
US12505BAE02,corporate
US12505BAG59,corporate
US12505BAH33,corporate
US12505BAJ98,corporate
US12505BAK61,corporate
US12505BAL45,corporate
US12505BAM28,corporate
US12508EAF88,corporate
US125094BL55,corporate
US12513GBD07,corporate
US12513GBF54,corporate
US12513GBG38,corporate
US12513GBH11,corporate
US12513GBJ76,corporate
US12513GBK40,corporate
US12513GBL23,corporate
US12527GAD51,corporate
US12527GAE35,corporate
US12527GAF00,corporate
US12527GAL77,corporate
US12531QAA31,corporate
US12532HAC88,corporate
US12532HAF10,corporate
US12532HAM60,corporate
US12541WAA80,corporate
US125491AN04,corporate
US125491AP51,corporate
US125509AZ26,corporate
US125509BT56,corporate
US125509BV03,corporate
US125509BW85,corporate
US125523AH38,corporate
US125523AJ93,corporate
US125523AK66,corporate
US125523AX87,corporate
US125523AZ36,corporate
US125523BD15,corporate
US125523BF62,corporate
US125523BH29,corporate
US125523BK57,corporate
US125523CB40,corporate
US125523CD06,corporate
US125523CF53,corporate
US125523CJ75,corporate
US125523CK49,corporate
US125523CL22,corporate
US125523CM05,corporate
US125523CQ19,corporate
US125523CS74,corporate
US125523CT57,corporate
US125523CU21,corporate
US125523CV04,corporate
US125523CW86,corporate
US125523CX69,corporate
US125523CY43,corporate
US125523CZ18,corporate
US125523DA57,corporate
US125581AY44,corporate
US125581GX07,corporate
US12570TAA97,corporate
US12572QAF28,corporate
US12572QAH83,corporate
US12572QAJ40,corporate
US12572QAK13,corporate
US12572QAL95,corporate
US1258968528,corporate
US125896BL30,corporate
US125896BN95,corporate
US125896BR00,corporate
US125896BS82,corporate
US125896BU39,corporate
US125896BV12,corporate
US125896BX77,corporate
US125896BY50,corporate
US12591DAD30,corporate
US12592BAQ77,corporate
US12592BAR50,corporate
US12592BAS34,corporate
US12592BAT17,corporate
US12592BAU89,corporate
US12592BAV62,corporate
US12592BAW46,corporate
US12592BAX29,corporate
US12594KAB89,corporate
US126117AU49,corporate
US126117AV22,corporate
US126117AW05,corporate
US126117AX87,corporate
US126117AY60,corporate
US126117AZ36,corporate
US12612WAB00,corporate
US126149AD59,corporate
US12614QAK13,corporate
US12621E3018,corporate
US12621EAL74,corporate
US12621EAM57,corporate
US12625GAD60,corporate
US12626PAF09,corporate
US12636YAE23,corporate
US12636YAF97,corporate
US12636YAG70,corporate
US12636YAH53,corporate
US12636YAJ10,corporate
US12636YAK82,corporate
US126408BM46,corporate
US126408BP76,corporate
US126408GH06,corporate
US126408GK35,corporate
US126408GP22,corporate
US126408GS60,corporate
US126408GU17,corporate
US126408GW72,corporate
US126408GX55,corporate
US126408GY39,corporate
US126408HA44,corporate
US126408HC00,corporate
US126408HE65,corporate
US126408HF31,corporate
US126408HG14,corporate
US126408HH96,corporate
US126408HJ52,corporate
US126408HK26,corporate
US126408HL09,corporate
US126408HM81,corporate
US126408HN64,corporate
US126408HP13,corporate
US126408HQ95,corporate
US126408HR78,corporate
US126408HS51,corporate
US126408HT35,corporate
US126408HU08,corporate
US126408HV80,corporate
US126408HW63,corporate
US126408HY20,corporate
US126408HZ94,corporate
US126410LL17,corporate
US12641LBU61,corporate
US12659BAA26,corporate
US126650BC35,corporate
US126650BJ87,corporate
US126650BP48,corporate
US126650BR04,corporate
US126650BX71,corporate
US126650CD09,corporate
US126650CM08,corporate
US126650CN80,corporate
US126650CX62,corporate
US126650CY46,corporate
US126650CZ11,corporate
US126650DG21,corporate
US126650DH04,corporate
US126650DJ69,corporate
US126650DK33,corporate
US126650DL16,corporate
US126650DM98,corporate
US126650DN71,corporate
US126650DP20,corporate
US126650DQ03,corporate
US126650DR85,corporate
US126650DT42,corporate
US126650DU15,corporate
US126650DV97,corporate
US126650DW70,corporate
US126650DX53,corporate
US126650DY37,corporate
US126650DZ02,corporate
US126650EA42,corporate
US126650EB25,corporate
US126650EC08,corporate
US126650ED80,corporate
US126650EE63,corporate
US126650EF39,corporate
US126650EG12,corporate
US126650EH94,corporate
US126650EJ50,corporate
US126650EK24,corporate
US126650EL07,corporate
US126650EM89,corporate
US12685JAG04,corporate
US12686LAA70,corporate
US12704PAA66,corporate
US12704PAB40,corporate
US127055AK76,corporate
US127055AL59,corporate
US127055AM33,corporate
US127055AN16,corporate
US127097AG80,corporate
US127097AK92,corporate
US127097AL75,corporate
US127097AM58,corporate
US127097AN32,corporate
US12713UAA43,corporate
US127387AM08,corporate
US127387AN80,corporate
US127387AP39,corporate
US12803Y2A67,corporate
US12804DAA28,corporate
US128195AP96,corporate
US129466AM08,corporate
US1301ETAA03,corporate
US13034VAA26,corporate
US13034VAC81,corporate
US13034VAD64,corporate
US130789AF70,corporate
US13161GHM78,corporate
US13161GT770,corporate
US13162ECU82,corporate
US13162EDM57,corporate
US13162EEC66,corporate
US13162ENY85,corporate
US13162EPL47,corporate
US13162EQB55,corporate
US13162ESY31,corporate
US13162EVD56,corporate
US13162EVE30,corporate
US133131AW29,corporate
US133131AX02,corporate
US133131AY84,corporate
US133131AZ59,corporate
US133131BA99,corporate
US133131BB72,corporate
US133131BC55,corporate
US13342BAD73,corporate
US13342BAF22,corporate
US13342BAM72,corporate
US134429AZ25,corporate
US134429BG35,corporate
US134429BH18,corporate
US134429BJ73,corporate
US134429BK47,corporate
US134429BM03,corporate
US134429BN85,corporate
US134429BP34,corporate
US134429BQ17,corporate
US134429BR99,corporate
US134462AA89,corporate
US135087Q560,government
US135087U513,government
US13605WK590,corporate
US13607GRZ99,corporate
US13607GSE51,corporate
US13607HR535,corporate
US13607HR618,corporate
US13607L8C03,corporate
US13607L8D85,corporate
US13607LNG40,corporate
US13607LWT69,corporate
US13607LWU33,corporate
US13607LWV16,corporate
US13607LWW98,corporate
US13607P7Y41,corporate
US13607PH984,corporate
US13607PHS65,corporate
US13607PHT49,corporate
US13607PHU12,corporate
US13607PJ212,corporate
US13607PNF70,corporate
US13607PVP60,corporate
US13607PVQ44,corporate
US13607PVR27,corporate
US13607PVU55,corporate
US13607Q3Y68,corporate
US13607Q3Z34,corporate
US13607Q7E68,corporate
US13607QD742,corporate
US13607QFC15,corporate
US13607QFD97,corporate
US13607QFE70,corporate
US13607QUM22,corporate
US13607QWA65,corporate
US13607QWB49,corporate
US13607X4M67,corporate
US13607X7K74,corporate
US13607XAW74,corporate
US13607XC542,corporate
US13607XDB01,corporate
US13607XDY04,corporate
US13607XEB91,corporate
US13607XFR35,corporate
US13607XHK63,corporate
US13607XNG87,corporate
US13607XNN39,corporate
US13607XPT80,corporate
US13607XR664,corporate
US13607XTA53,corporate
US13607XWN38,corporate
US13607XX696,corporate
US13607XXG77,corporate
US13607XXJ17,corporate
US13607XXU61,corporate
US13607XY439,corporate
US13607XZ758,corporate
US13607XZQ32,corporate
US13608JAA51,corporate
US13609FAM68,corporate
US13609FAY07,corporate
US13609FBD50,corporate
US13609FBQ63,corporate
US13609FCD42,corporate
US13609FCP71,corporate
US13609FDD33,corporate
US13609FDE16,corporate
US13609FDZ45,corporate
US13609FEN06,corporate
US13609FFW95,corporate
US13609FGU21,corporate
US13609FGZ18,corporate
US13609FHC14,corporate
US13609FHH01,corporate
US13609FHV94,corporate
US13609FHW77,corporate
US13609FJX33,corporate
US13609FKW31,corporate
US13609FLH54,corporate
US13609FLN23,corporate
US13609FME15,corporate
US136375BD37,corporate
US136375BE10,corporate
US136375BG67,corporate
US136375BL52,corporate
US136375BN19,corporate
US136375BQ40,corporate
US136375BW18,corporate
US136375BZ49,corporate
US136375CK60,corporate
US136375CP57,corporate
US136375CV26,corporate
US136375CZ30,corporate
US136375DB52,corporate
US136375DC36,corporate
US136375DH23,corporate
US136375DJ88,corporate
US136375DR05,corporate
US136375DV17,corporate
US136375DW99,corporate
US136375DX72,corporate
US136375DY55,corporate
US136385AC52,corporate
US136385AE19,corporate
US136385AG66,corporate
US136385AJ06,corporate
US136385AL51,corporate
US136385AP65,corporate
US136385AX99,corporate
US136385AY72,corporate
US136385BA87,corporate
US136385BD27,corporate
US136385BE00,corporate
US136420AF31,corporate
US136447AW96,corporate
US13645RAD61,corporate
US13645RAE45,corporate
US13645RAF10,corporate
US13645RAQ74,corporate
US13645RAU86,corporate
US13645RAV69,corporate
US13645RAX26,corporate
US13645RAY09,corporate
US13645RBE36,corporate
US13645RBF01,corporate
US13645RBG83,corporate
US13645RBH66,corporate
US13645RBJ23,corporate
US13645RBK95,corporate
US13645RBP82,corporate
US13645RBS22,corporate
US13648TAA51,corporate
US13648TAC18,corporate
US13648TAD90,corporate
US13648TAE73,corporate
US13648TAF49,corporate
US13648TAG22,corporate
US13648TAH05,corporate
US13804MAA09,corporate
US140192AA34,corporate
US140192AB17,corporate
US14020A2C72,corporate
US14020AAJ34,corporate
US14020ABP84,corporate
US14020ACQ58,corporate
US14020ACW27,corporate
US14020ADF84,corporate
US14020AE673,corporate
US14020AE756,corporate
US14020AEH32,corporate
US14020AET79,corporate
US14020AEV26,corporate
US14020AFA79,corporate
US14040HBN44,corporate
US14040HBW43,corporate
US14040HCE36,corporate
US14040HCF01,corporate
US14040HCG83,corporate
US14040HCH66,corporate
US14040HCJ23,corporate
US14040HCN35,corporate
US14040HCS22,corporate
US14040HCT05,corporate
US14040HCV50,corporate
US14040HCX17,corporate
US14040HCY99,corporate
US14040HCZ64,corporate
US14040HDA05,corporate
US14040HDB87,corporate
US14040HDC60,corporate
US14040HDE27,corporate
US14040HDF91,corporate
US14040HDG74,corporate
US14040HDH57,corporate
US14040HDJ14,corporate
US14040HDK86,corporate
US14040HDM43,corporate
US14040HDN26,corporate
US14040HDP73,corporate
US14040HDQ56,corporate
US140501AE77,corporate
US140501AF43,corporate
US14149YAW84,corporate
US14149YBB39,corporate
US14149YBD94,corporate
US14149YBJ64,corporate
US14149YBM93,corporate
US14149YBN76,corporate
US14149YBP25,corporate
US14149YBQ08,corporate
US14149YBR80,corporate
US14149YBS63,corporate
US14149YBT47,corporate
US14149YBU10,corporate
US14149YBV92,corporate
US14215GAA40,corporate
US142339AH37,corporate
US142339AJ92,corporate
US142339AL49,corporate
US142339AM22,corporate
US142339AN05,corporate
US14314C1053,corporate
US14316JAA60,corporate
US143658AH53,corporate
US144141CU08,corporate
US144141CV80,corporate
US144141CY20,corporate
US144141DB18,corporate
US144141DD73,corporate
US14448CAL81,corporate
US14448CAP95,corporate
US14448CAQ78,corporate
US14448CAR51,corporate
US14448CAS35,corporate
US14448CBC73,corporate
US14448CBD56,corporate
US14745XAA63,corporate
US149123BE00,corporate
US149123BF74,corporate
US149123BJ96,corporate
US149123BK69,corporate
US149123BL43,corporate
US149123BN09,corporate
US149123BR13,corporate
US149123BS95,corporate
US149123CB51,corporate
US149123CD18,corporate
US149123CE90,corporate
US149123CF65,corporate
US149123CG49,corporate
US149123CH22,corporate
US149123CJ87,corporate
US149123CK50,corporate
US149123CL34,corporate
US149123CM17,corporate
US14912HRT94,corporate
US14913R2G11,corporate
US14913R2Q92,corporate
US14913R2U05,corporate
US14913R3A32,corporate
US14913UAE01,corporate
US14913UAJ97,corporate
US14913UAL44,corporate
US14913UAM27,corporate
US14913UAN00,corporate
US14913UAP57,corporate
US14913UAQ31,corporate
US14913UAR14,corporate
US14913UAS96,corporate
US14913UAT79,corporate
US14913UAU43,corporate
US14913UAV26,corporate
US14913UAW09,corporate
US14913UAX81,corporate
US14913UAY64,corporate
US14913UAZ30,corporate
US14913UBA79,corporate
US14913UBB52,corporate
US14913UBC36,corporate
US14913UBD19,corporate
US14913UBE91,corporate
US14913UBF66,corporate
US14913UBG40,corporate
US14913UBH23,corporate
US14913UBJ88,corporate
US14913UBK51,corporate
US14913V2A50,corporate
US14913V2B34,corporate
US14913V2C17,corporate
US14913V2D99,corporate
US14913V2E72,corporate
US14913V2F48,corporate
US14916RAD61,corporate
US150190AE64,corporate
US150190AK25,corporate
US15073LAA17,corporate
US15089QAM69,corporate
US15089QAN43,corporate
US15089QAP90,corporate
US15089QAW42,corporate
US15089QAX25,corporate
US15089QAY08,corporate
US15089QAZ72,corporate
US15089QBA13,corporate
US15089QBC78,corporate
US15089QBD51,corporate
US151020AL85,corporate
US151020AW41,corporate
US151020AY07,corporate
US151020AZ71,corporate
US151020BB94,corporate
US15102KAA88,corporate
US15102KAB61,corporate
US151191BB89,corporate
US151191BD46,corporate
US151290CD37,corporate
US15132HAG65,corporate
US15135BAR24,corporate
US15135BAT89,corporate
US15135BAV36,corporate
US15135BAW19,corporate
US15135BAX91,corporate
US15135BAY74,corporate
US15135BAZ40,corporate
US15135UAF66,corporate
US15135UAP49,corporate
US15135UAR05,corporate
US15135UAW99,corporate
US15135UAX72,corporate
US15135UBA60,corporate
US15135UBB44,corporate
US15189T2069,corporate
US15189TAV98,corporate
US15189TAX54,corporate
US15189TBB26,corporate
US15189TBG13,corporate
US15189TBH95,corporate
US15189TBJ51,corporate
US15189TBP12,corporate
US15189TBR77,corporate
US15189TBS50,corporate
US15189TBV89,corporate
US15189WAD20,corporate
US15189WAH34,corporate
US15189WAJ99,corporate
US15189WAL46,corporate
US15189WAP59,corporate
US15189WAS98,corporate
US15189XAD03,corporate
US15189XAM02,corporate
US15189XAN84,corporate
US15189XAQ16,corporate
US15189XAR98,corporate
US15189XAS71,corporate
US15189XAT54,corporate
US15189XAU28,corporate
US15189XAV01,corporate
US15189XAW83,corporate
US15189XAX66,corporate
US15189XAY40,corporate
US15189XAZ15,corporate
US15189XBA54,corporate
US15189XBB38,corporate
US15189XBC11,corporate
US15189XBD93,corporate
US15189XBE76,corporate
US15189XBF42,corporate
US15189XBG25,corporate
US15189XBH08,corporate
US15189XBL10,corporate
US15189YAD85,corporate
US15189YAF34,corporate
US15189YAG17,corporate
US15189YAH99,corporate
US15201GAA76,corporate
US15202GAA67,corporate
US15202GAB41,corporate
US15202GAC24,corporate
US15234VAA52,corporate
US15236FAB67,corporate
US15238PAJ57,government
US15238PAK21,government
US15238PAL04,government
US15238RAJ14,government
US15238RAK86,government
US15238RAL69,government
US153527AM88,corporate
US153527AN61,corporate
US153609AW20,corporate
US15361GAP00,corporate
US156431AQ17,corporate
US15643UAE47,corporate
US15654VAF58,corporate
US15654VB316,corporate
US15654VBR87,corporate
US15654VBV99,corporate
US15654VBW72,corporate
US15654VCD82,corporate
US156686AM96,corporate
US156700AM80,corporate
US156700AT34,corporate
US156727AD15,corporate
US157214AB31,corporate
US158525AT25,corporate
US15953PAE97,corporate
US15953PAM14,corporate
US15987TAM36,corporate
US161175AZ73,corporate
US161175BA14,corporate
US161175BC79,corporate
US161175BL78,corporate
US161175BM51,corporate
US161175BN35,corporate
US161175BR49,corporate
US161175BS22,corporate
US161175BT05,corporate
US161175BU77,corporate
US161175BV50,corporate
US161175BX17,corporate
US161175BY99,corporate
US161175BZ64,corporate
US161175CA05,corporate
US161175CC60,corporate
US161175CD44,corporate
US161175CE27,corporate
US161175CG74,corporate
US161175CJ14,corporate
US161175CK86,corporate
US161175CL69,corporate
US161175CP73,corporate
US161175CQ56,corporate
US161175CR30,corporate
US161175CS13,corporate
US161175CT95,corporate
US161175CY80,corporate
US161175CZ55,corporate
US161175DA95,corporate
US161175DB78,corporate
US163072AC54,corporate
US163086AE15,corporate
US163092AF65,corporate
US16411QAG64,corporate
US16411QAK76,corporate
US16411QAN16,corporate
US16411QAQ47,corporate
US16411QAS03,corporate
US16411QAW15,corporate
US16411RAK59,corporate
US16411RAN98,corporate
US16412XAG07,corporate
US16412XAJ46,corporate
US16412XAL91,corporate
US165069AP00,corporate
US165069AQ82,corporate
US165167DH73,corporate
US166756AH97,corporate
US166756AL00,corporate
US166756AQ96,corporate
US166756AR79,corporate
US166756AS52,corporate
US166756AT36,corporate
US166756AU09,corporate
US166756AV81,corporate
US166756AW64,corporate
US166756AZ95,corporate
US166756BA36,corporate
US166756BB19,corporate
US166756BC91,corporate
US166756BD74,corporate
US166756BE57,corporate
US166756BF23,corporate
US166756BG06,corporate
US166756BJ45,corporate
US166756BK18,corporate
US166756BL90,corporate
US166756BN56,corporate
US166764BX70,corporate
US166764BY53,corporate
US166764BZ29,corporate
US166764CA68,corporate
US16876AAA25,corporate
US16876AAB08,corporate
US16876BAA08,corporate
US16876BAB80,corporate
US16876DAA63,corporate
US16876HAA77,corporate
US16876HAB50,corporate
US16876YAA01,corporate
US16877PAA84,corporate
US168863BP27,government
US168863CE60,government
US168863CF36,government
US168863DL94,government
US16934Q8693,corporate
US16934Q8776,corporate
US169905AF36,corporate
US169905AG19,corporate
US169905AH91,corporate
US17108JAA16,corporate
US171232AE11,corporate
US171232AQ41,corporate
US171232AS07,corporate
US171239AG12,corporate
US171239AH94,corporate
US171239AJ50,corporate
US171239AK24,corporate
US171239AL07,corporate
US171239AM89,corporate
US171239AN62,corporate
US171340AL60,corporate
US171340AN27,corporate
US17136MAA09,corporate
US17136MAB81,corporate
US17136MAC64,corporate
US171798AD34,corporate
US171798AE17,corporate
US172062AC57,corporate
US172062AE14,corporate
US172062AF88,corporate
US172070CP76,corporate
US172070CQ59,corporate
US17248RAJ59,corporate
US17252MAG50,corporate
US17252MAN02,corporate
US17252MAQ33,corporate
US17252MAR16,corporate
US17253JAA43,corporate
US17259U3032,corporate
US17259U4022,corporate
US17275RAD44,corporate
US17275RAF91,corporate
US17275RBL50,corporate
US17275RBQ48,corporate
US17275RBR21,corporate
US17275RBS04,corporate
US17275RBT86,corporate
US17275RBU59,corporate
US17275RBV33,corporate
US17275RBW16,corporate
US17275RBX98,corporate
US17275RBY71,corporate
US17275RBZ47,corporate
US17275RCA86,corporate
US17290A2A70,corporate
US17290A2B53,corporate
US17290A2C37,corporate
US17290A2G41,corporate
US17290A2J89,corporate
US17290A2K52,corporate
US17290A2S88,corporate
US17290A2V18,corporate
US17290A3J70,corporate
US17290A3L27,corporate
US17290A3M00,corporate
US17290A3Q14,corporate
US17290A3S79,corporate
US17290A3W81,corporate
US17290A3Z13,corporate
US17290A4A52,corporate
US17290A4D91,corporate
US17290A4F40,corporate
US17290A4G23,corporate
US17290A4H06,corporate
US17290A4K35,corporate
US17290A4M90,corporate
US17290A4Q05,corporate
US17290A4V99,corporate
US17290A4Z04,corporate
US17290A5B27,corporate
US17290A5D82,corporate
US17290A5E65,corporate
US17290A5P13,corporate
US17290A5T35,corporate
US17290A5W63,corporate
US17290A6B18,corporate
US17290A6F22,corporate
US17290A6N55,corporate
US17290A6Q86,corporate
US17290A6R69,corporate
US17290A6V71,corporate
US17290A6Y11,corporate
US17290A7B09,corporate
US17290A7F13,corporate
US17290A7K08,corporate
US17290A7L80,corporate
US17290AA263,corporate
US17290AA917,corporate
US17290AAC45,corporate
US17290AAE01,corporate
US17290AAF75,corporate
US17290AAM27,corporate
US17290AAP57,corporate
US17290AAQ31,corporate
US17290AAU43,corporate
US17290AAV26,corporate
US17290AB584,corporate
US17290AB667,corporate
US17290AB741,corporate
US17290ABH23,corporate
US17290ABJ88,corporate
US17290ABP49,corporate
US17290ABR05,corporate
US17290ABX72,corporate
US17290AC400,corporate
US17290AC731,corporate
US17290ACA60,corporate
US17290ACC27,corporate
US17290ACH14,corporate
US17290ACJ79,corporate
US17290ACP30,corporate
US17290ACQ13,corporate
US17290ACR95,corporate
US17290ACT51,corporate
US17290ACU25,corporate
US17290ACX63,corporate
US17290ACY47,corporate
US17290AD234,corporate
US17290AD317,corporate
US17290AD499,corporate
US17290AD564,corporate
US17290ADD90,corporate
US17290ADN72,corporate
US17290ADQ04,corporate
US17290ADR86,corporate
US17290ADT43,corporate
US17290ADW71,corporate
US17290ADY38,corporate
US17290AE224,corporate
US17290AE307,corporate
US17290AE711,corporate
US17290AE976,corporate
US17290AEA43,corporate
US17290AEM80,corporate
US17290AEV89,corporate
US17290AEW62,corporate
US17290AF544,corporate
US17290AFB17,corporate
US17290AFD72,corporate
US17290AFG04,corporate
US17290AFH86,corporate
US17290AFM71,corporate
US17290AFP03,corporate
US17290AFR68,corporate
US17290AFT25,corporate
US17290AFV70,corporate
US17290AFY10,corporate
US17290AG203,corporate
US17290AG534,corporate
US17290AG617,corporate
US17290AGC80,corporate
US17290AGE47,corporate
US17290AGF12,corporate
US17290AGM62,corporate
US17290AGN46,corporate
US17290AGQ76,corporate
US17290AGR59,corporate
US17290AGS33,corporate
US17290AGT16,corporate
US17290AGX28,corporate
US17290AGZ75,corporate
US17290AH292,corporate
US17290AH524,corporate
US17290AH789,corporate
US17290AH862,corporate
US17290AH946,corporate
US17290AHA16,corporate
US17290AHB98,corporate
US17290AHE38,corporate
US17290AHK97,corporate
US17290AHM53,corporate
US17290AHR41,corporate
US17290AHY91,corporate
US17290AJ843,corporate
US17290AJ926,corporate
US17290AJC53,corporate
US17290AJE10,corporate
US17290AJL52,corporate
US17290AJP66,corporate
US17290AJU51,corporate
US17290AJW18,corporate
US17290AK411,corporate
US17290AK585,corporate
US17290AKG49,corporate
US17290AKK50,corporate
US17290AKM17,corporate
US17290AKS86,corporate
US17290AKT69,corporate
US17290AKU33,corporate
US17290AL658,corporate
US17290ALE81,corporate
US17290ALM08,corporate
US17290ALR94,corporate
US17290ALV07,corporate
US17290ALY46,corporate
US17290AMC17,corporate
US17290AMD99,corporate
US17290AMJ69,corporate
US17290AML16,corporate
US17290AMR85,corporate
US17290AMV97,corporate
US17290AMW70,corporate
US17290JAE10,corporate
US17290JAN19,corporate
US17290JBE01,corporate
US17290JBN00,corporate
US17290JCA79,corporate
US17290JCN90,corporate
US17290JCS87,corporate
US17290JDE82,corporate
US17290JDJ79,corporate
US17290JEA51,corporate
US17290JEJ60,corporate
US17290JES69,corporate
US17290JEW71,corporate
US17290JFA43,corporate
US17291LX344,corporate
US17291QVW13,corporate
US17291W2W01,corporate
US17291W3G42,corporate
US17291W4H16,corporate
US17291W5N74,corporate
US17291W6F32,corporate
US17291W6Z95,corporate
US17291W7E57,corporate
US17291WA505,corporate
US17291WAM38,corporate
US17291WAY75,corporate
US17291WB594,corporate
US17291WB750,corporate
US17291WBA80,corporate
US17292GAA31,corporate
US17292GAB14,corporate
US17292GAC96,corporate
US17292GAD79,corporate
US17292GAE52,corporate
US17292GAF28,corporate
US17292GAG01,corporate
US17292GAK13,corporate
US17292GAM78,corporate
US17292GAQ82,corporate
US17292GAU94,corporate
US17292GAV77,corporate
US17292GAW50,corporate
US17292GAX34,corporate
US17292GBE44,corporate
US17292GBF19,corporate
US17292GBG91,corporate
US17292GBH74,corporate
US17292GBJ31,corporate
US17292GBL86,corporate
US17292GBR56,corporate
US17292GBT13,corporate
US17292GBU85,corporate
US17292GBV68,corporate
US17292GCA13,corporate
US17292GCE35,corporate
US17292GCG82,corporate
US17292GCH65,corporate
US17292GCJ22,corporate
US17292GCK94,corporate
US17292GCL77,corporate
US17292GCT04,corporate
US17292GCU76,corporate
US17292GCX16,corporate
US17292GDC69,corporate
US17292GDY89,corporate
US17292GEC50,corporate
US17292GED34,corporate
US17292GEJ04,corporate
US17292GEN16,corporate
US17292GFB68,corporate
US17292GFY61,corporate
US17292GFZ37,corporate
US17292GGA76,corporate
US17292GGE98,corporate
US17292GGH20,corporate
US17292GGS84,corporate
US17292GHN88,corporate
US17292GHT58,corporate
US17292GHU22,corporate
US17292GJA40,corporate
US17292GJC06,corporate
US17292GJD88,corporate
US17292GJF37,corporate
US17292GKA21,corporate
US17292GKG90,corporate
US17292GKS39,corporate
US17292GKT12,corporate
US17292GKV67,corporate
US17292GKZ71,corporate
US17292GLM59,corporate
US17292GLR47,corporate
US17292GLS20,corporate
US17292GMA03,corporate
US17292GMF99,corporate
US17292GMK84,corporate
US17292GMN24,corporate
US17292GMV40,corporate
US17292GMW23,corporate
US17292GNA93,corporate
US17292GNG63,corporate
US17292GNM32,corporate
US17292GNV31,corporate
US17292GPG46,corporate
US17292GPH29,corporate
US17292GPR01,corporate
US17292GPV13,corporate
US17292GPY51,corporate
US17292GQB40,corporate
US17292GQQ19,corporate
US17292GRG28,corporate
US17292GRH01,corporate
US17292GRQ00,corporate
US172967AR23,corporate
US172967AS06,corporate
US172967BL44,corporate
US172967BU43,corporate
US172967CC36,corporate
US172967CT60,corporate
US172967DR95,corporate
US172967DS78,corporate
US172967EC18,corporate
US172967EP21,corporate
US172967EW71,corporate
US172967FX46,corporate
US172967HA25,corporate
US172967HE47,corporate
US172967HS33,corporate
US172967JC62,corporate
US172967JU60,corporate
US172967KA87,corporate
US172967KR13,corporate
US172967KU42,corporate
US172967KY63,corporate
US172967LD18,corporate
US172967LJ87,corporate
US172967LP48,corporate
US172967LS86,corporate
US172967LU33,corporate
US172967LW98,corporate
US172967MD09,corporate
US172967ME81,corporate
US172967ML25,corporate
US172967MM08,corporate
US172967MP39,corporate
US172967MS77,corporate
US172967MY46,corporate
US172967NB34,corporate
US172967NE72,corporate
US172967NF48,corporate
US172967NG21,corporate
US172967NH04,corporate
US172967NN71,corporate
US172967NS68,corporate
US172967NU15,corporate
US172967PA33,corporate
US172967PC98,corporate
US172967PE54,corporate
US172967PF20,corporate
US172967PG03,corporate
US172967PJ42,corporate
US172967PK15,corporate
US172967PL97,corporate
US172967PM70,corporate
US172967PN53,corporate
US172967PR67,corporate
US172967PU96,corporate
US172967PY19,corporate
US172967PZ83,corporate
US172967QA24,corporate
US172967QB07,corporate
US172967QF11,corporate
US172967QG93,corporate
US172967QH76,corporate
US172967QJ33,corporate
US172967QK06,corporate
US17298CCL00,corporate
US17298CFA18,corporate
US17298CFP86,corporate
US17298CGR34,corporate
US17298CGT99,corporate
US17298CGV46,corporate
US17298CH689,corporate
US17298CH762,corporate
US17298CH846,corporate
US17298CHC55,corporate
US17298CHD39,corporate
US17298CHE12,corporate
US17298CHF86,corporate
US17298CHH43,corporate
US17298CHK71,corporate
US17298CHM38,corporate
US17298CHS08,corporate
US17298CHT80,corporate
US17298CHU53,corporate
US17298CHV37,corporate
US17298CHW10,corporate
US17298CHX92,corporate
US17298CJ669,corporate
US17298CJ826,corporate
US17298CJ909,corporate
US17298CJB54,corporate
US17298CJD11,corporate
US17298CJH25,corporate
US17298CJJ80,corporate
US17298CJR07,corporate
US17298CJS89,corporate
US17298CJT62,corporate
US17298CJU36,corporate
US17298CJW91,corporate
US17298CJY57,corporate
US17298CK238,corporate
US17298CK493,corporate
US17298CK725,corporate
US17298CKA52,corporate
US17298CKB36,corporate
US17298CKC19,corporate
US17298CKD91,corporate
US17298CKF40,corporate
US17298CKL18,corporate
US17298CKT44,corporate
US17298CKW72,corporate
US17298CKX55,corporate
US17298CKY39,corporate
US17298CL228,corporate
US17298CL301,corporate
US17298CL632,corporate
US17298CL970,corporate
US17298CLB27,corporate
US17298CLD82,corporate
US17298CLL09,corporate
US17298CLM81,corporate
US17298CLN64,corporate
US17298CLQ95,corporate
US17298CLS51,corporate
US17298CLV80,corporate
US17298CLX47,corporate
US17298CLY20,corporate
US17298CMB18,corporate
US17305HAA68,corporate
US173074C603,corporate
US173074UE30,corporate
US17308CC539,corporate
US1730T02V05,corporate
US1730T03W78,corporate
US1730T0A904,corporate
US1730T0E963,corporate
US1730T0L646,corporate
US1730T0LH04,corporate
US1730T0N626,corporate
US1730T0UB33,corporate
US1730T0V488,corporate
US1730T0X203,corporate
US1730T32A04,corporate
US1730T32D43,corporate
US1730T32E26,corporate
US1730T32F90,corporate
US1730T32H56,corporate
US1730T32K85,corporate
US1730T32L68,corporate
US1730T32M42,corporate
US1730T32R39,corporate
US1730T3AV55,corporate
US1730T3BB82,corporate
US1730T3BD49,corporate
US1730T3BE22,corporate
US1730T3BG79,corporate
US1730T3BH52,corporate
US1730T3BJ19,corporate
US1730T3BL64,corporate
US1730T3BM48,corporate
US1730T3BP78,corporate
US1730T3BQ51,corporate
US1730T3BR35,corporate
US1730T3BS18,corporate
US1730T3BV47,corporate
US1730T3BX03,corporate
US1730T3BY85,corporate
US1730T3BZ50,corporate
US1730T3C276,corporate
US1730T3C359,corporate
US17324C2B15,corporate
US17324CP348,corporate
US17324CZR05,corporate
US17325FBB31,corporate
US17325FBC14,corporate
US17325FBD96,corporate
US17325FBG28,corporate
US17325FBK30,corporate
US17325FBL13,corporate
US17325FBM95,corporate
US17325FBN78,corporate
US17325FBP27,corporate
US17325FBQ00,corporate
US17325FBR82,corporate
US17325FBS65,corporate
US17325FBT49,corporate
US17325FBU12,corporate
US17325FBV94,corporate
US17326YL957,corporate
US17327CAQ69,corporate
US17327CAR43,corporate
US17327CAT09,corporate
US17327CAU71,corporate
US17327CAV54,corporate
US17327CAW38,corporate
US17327CAX11,corporate
US17327CAY93,corporate
US17327CBA09,corporate
US17327CBC64,corporate
US17327TJ231,corporate
US17328VH940,corporate
US17328VM312,corporate
US17328VNR77,corporate
US17328VYX27,corporate
US17328WAE84,corporate
US17328WP446,corporate
US17328WYQ58,corporate
US17328Y7K48,corporate
US17328YPR98,corporate
US17328YYU27,corporate
US17329FEG54,corporate
US17329UBJ97,corporate
US17329UD402,corporate
US17330A6Z06,corporate
US17330AFT43,corporate
US17330AR469,corporate
US17330L2236,corporate
US17330PYL74,corporate
US17330YUV00,corporate
US17331CKH96,corporate
US17331H5G78,corporate
US17332MSU98,corporate
US17332ULN45,corporate
US174610AP06,corporate
US174610AQ88,corporate
US174610AS45,corporate
US174610AT28,corporate
US174610AW56,corporate
US174610BD66,corporate
US174610BE40,corporate
US174610BF15,corporate
US174610BG97,corporate
US174610BH70,corporate
US174610BJ37,corporate
US174610BK00,corporate
US174610BL82,corporate
US177376AE06,corporate
US17858PAA93,corporate
US17858PAB76,corporate
US18013RAB33,corporate
US18452BAC46,corporate
US185508AE83,corporate
US185508AG32,corporate
US18551PAD15,corporate
US18551PAE97,corporate
US18600TAA07,corporate
US186108CE42,corporate
US18683KAC53,corporate
US189054AV17,corporate
US189054AW99,corporate
US189054AX72,corporate
US189054AY55,corporate
US189054AZ21,corporate
US189054BA60,corporate
US189054BB44,corporate
US189054BC27,corporate
US18915MAF41,corporate
US189754AC88,corporate
US18977X2A57,corporate
US18977X2C14,corporate
US18977X2D96,corporate
US18977X2J66,corporate
US19075QAF90,corporate
US19075QAG73,corporate
US19075QAH56,corporate
US191098AM46,corporate
US191098AP76,corporate
US191216AF75,corporate
US191216CE82,corporate
US191216CM09,corporate
US191216CP30,corporate
US191216CQ13,corporate
US191216CR95,corporate
US191216CT51,corporate
US191216CU25,corporate
US191216CV08,corporate
US191216CW80,corporate
US191216CX63,corporate
US191216CY47,corporate
US191216DC18,corporate
US191216DD90,corporate
US191216DE73,corporate
US191216DJ60,corporate
US191216DK34,corporate
US191216DL17,corporate
US191216DP21,corporate
US191216DQ04,corporate
US191216DR86,corporate
US191216DS69,corporate
US191216DT43,corporate
US191216DY38,corporate
US191216DZ03,corporate
US191219AW48,corporate
US191219AY04,corporate
US191219BC74,corporate
US191219BE31,corporate
US191241AF58,corporate
US191241AH15,corporate
US191241AJ70,corporate
US191241AK44,corporate
US19240QAA04,corporate
US19260QAF46,corporate
US19260QAH02,corporate
US19260QAK31,corporate
US194014AB28,corporate
US194162AN32,corporate
US194162AP89,corporate
US194162AR46,corporate
US194162AS29,corporate
US194162AT02,corporate
US19416QCE89,corporate
US19416QEJ58,corporate
US19416QEK22,corporate
US19459JAC80,corporate
US195325BB02,government
US195325BK01,government
US195325BM66,government
US195325BR53,government
US195325CU73,government
US195325DL65,government
US195325DP79,government
US195325DQ52,government
US195325DR36,government
US195325DS19,government
US195325DT91,government
US195325DX04,government
US195325DZ51,government
US195325EA91,government
US195325EF88,government
US195325EG61,government
US195325EL56,government
US195325EM30,government
US195325EP60,government
US195325EQ44,government
US195325ER27,government
US195325ES00,government
US195325ET82,government
US195325EU55,government
US195325EV39,government
US196522AE66,corporate
US197677AH07,corporate
US197677AJ62,corporate
US19767QAS49,corporate
US198280AH20,corporate
US198643AD00,corporate
US198643AE82,corporate
US198643AF57,corporate
US199575AT85,corporate
US199575AV32,corporate
US20029PAH29,corporate
US20030NAC56,corporate
US20030NAF87,corporate
US20030NAK72,corporate
US20030NAM39,corporate
US20030NAV38,corporate
US20030NAX93,corporate
US20030NAY76,corporate
US20030NBB64,corporate
US20030NBE04,corporate
US20030NBG51,corporate
US20030NBH35,corporate
US20030NBK63,corporate
US20030NBM20,corporate
US20030NBP50,corporate
US20030NBQ34,corporate
US20030NBT72,corporate
US20030NBU46,corporate
US20030NBW02,corporate
US20030NBY67,corporate
US20030NBZ33,corporate
US20030NCA72,corporate
US20030NCC39,corporate
US20030NCE94,corporate
US20030NCG43,corporate
US20030NCH26,corporate
US20030NCJ81,corporate
US20030NCK54,corporate
US20030NCL38,corporate
US20030NCM11,corporate
US20030NCN93,corporate
US20030NCT63,corporate
US20030NCU37,corporate
US20030NCY58,corporate
US20030NCZ24,corporate
US20030NDA63,corporate
US20030NDG34,corporate
US20030NDH17,corporate
US20030NDK46,corporate
US20030NDL29,corporate
US20030NDM02,corporate
US20030NDN84,corporate
US20030NDP33,corporate
US20030NDQ16,corporate
US20030NDS71,corporate
US20030NDU28,corporate
US20030NDW83,corporate
US20030NEB38,corporate
US20030NEC11,corporate
US20030NED93,corporate
US20030NEE76,corporate
US20030NEF42,corporate
US20030NEG25,corporate
US20030NEH08,corporate
US20030NEJ63,corporate
US20030NEK37,corporate
US20030NEP24,corporate
US20030NEQ07,corporate
US20030NER89,corporate
US200339AJ80,corporate
US200339EX39,corporate
US200340AT44,corporate
US200340AW72,corporate
US20035AAA25,corporate
US200447AE01,corporate
US200447AH32,corporate
US200447AJ97,corporate
US200447AK60,corporate
US200447AL44,corporate
US200447AM27,corporate
US200447AN00,corporate
US200447AP57,corporate
US200447AQ31,corporate
US200447AR14,corporate
US201723AP84,corporate
US201723AQ67,corporate
US201723AR41,corporate
US20268JAB98,corporate
US20268JAC71,corporate
US20268JAD54,corporate
US20268JAF03,corporate
US20268JAG85,corporate
US20268JAK97,corporate
US20268JAM53,corporate
US20268JAP84,corporate
US20268JAR41,corporate
US20268JAS24,corporate
US20268JAT07,corporate
US20268JAU79,corporate
US20268JAY91,corporate
US20268JBB89,corporate
US20268JBC62,corporate
US20268JBD46,corporate
US20268JBE29,corporate
US20271RAU41,corporate
US20271RAV24,corporate
US20271RAW07,corporate
US20271RAX89,corporate
US202795HG89,corporate
US202795HK91,corporate
US202795HT01,corporate
US202795JA91,corporate
US202795JB74,corporate
US202795JD31,corporate
US202795JF88,corporate
US202795JG61,corporate
US202795JJ01,corporate
US202795JK73,corporate
US202795JL56,corporate
US202795JM30,corporate
US202795JN13,corporate
US202795JP60,corporate
US202795JQ44,corporate
US202795JR27,corporate
US202795JS00,corporate
US202795JT82,corporate
US202795JU55,corporate
US202795JV39,corporate
US202795JW12,corporate
US202795JX94,corporate
US202795JY77,corporate
US202795JZ43,corporate
US202795KA72,corporate
US202795KB55,corporate
US202795KC39,corporate
US202795KD12,corporate
US2027A1HY65,corporate
US2027A1JN82,corporate
US2027A1JT52,corporate
US2027A1JZ13,corporate
US2027A1KF30,corporate
US2027A1KK25,corporate
US2027A1KZ93,corporate
US2027A1LB17,corporate
US20369EAD40,corporate
US20369EAE23,corporate
US20402CAA36,corporate
US205887AF97,corporate
US205887AR36,corporate
US205887AX04,corporate
US205887BN13,corporate
US205887BS00,corporate
US205887CC49,corporate
US205887CD22,corporate
US205887CE05,corporate
US205887CF79,corporate
US205887CJ91,corporate
US205887CK64,corporate
US205887CL48,corporate
US205887CM21,corporate
US20602DAB73,corporate
US20602DAC56,corporate
US20602DAD30,corporate
US20605PAH47,corporate
US20605PAK75,corporate
US20731J3005,corporate
US207410AH48,corporate
US207597DV42,corporate
US207597EG65,corporate
US207597EH49,corporate
US207597EJ05,corporate
US207597EL50,corporate
US207597EN17,corporate
US207597EP64,corporate
US207597EQ48,corporate
US207597ER21,corporate
US207597ES04,corporate
US207597ET86,corporate
US20786WAF41,corporate
US208251AE82,corporate
US20825CAF14,corporate
US20825CAP95,corporate
US20825CAQ78,corporate
US20825CAW47,corporate
US20825CAY03,corporate
US20825CBA18,corporate
US20825CBC73,corporate
US20825CBE30,corporate
US20825UAC80,corporate
US20825VAB80,corporate
US20826FAC05,corporate
US20826FAF36,corporate
US20826FAR73,corporate
US20826FAV85,corporate
US20826FBC95,corporate
US20826FBD78,corporate
US20826FBE51,corporate
US20826FBF27,corporate
US20826FBG00,corporate
US20826FBH82,corporate
US20826FBJ49,corporate
US20826FBK12,corporate
US20826FBL94,corporate
US20826FBM77,corporate
US20826FBN50,corporate
US20826FBV76,corporate
US20826FBW59,corporate
US20826FBX33,corporate
US20826FBZ80,corporate
US20848FAA84,corporate
US209111EB55,corporate
US209111ED12,corporate
US209111EF69,corporate
US209111EH26,corporate
US209111EJ81,corporate
US209111EL38,corporate
US209111EM11,corporate
US209111EQ25,corporate
US209111ES80,corporate
US209111EU37,corporate
US209111EY58,corporate
US209111FA63,corporate
US209111FB47,corporate
US209111FC20,corporate
US209111FD03,corporate
US209111FF50,corporate
US209111FG34,corporate
US209111FH17,corporate
US209111FJ72,corporate
US209111FK46,corporate
US209111FL29,corporate
US209111FM02,corporate
US209111FN84,corporate
US209111FP33,corporate
US209111FQ16,corporate
US209111FS71,corporate
US209111FT54,corporate
US209111FV01,corporate
US209111FW83,corporate
US209111FX66,corporate
US209111FY40,corporate
US209111FZ15,corporate
US209111GA54,corporate
US209111GB38,corporate
US209111GC11,corporate
US209111GD93,corporate
US209111GE76,corporate
US209111GF42,corporate
US209111GG25,corporate
US209111GH08,corporate
US209111GK37,corporate
US209111GL10,corporate
US209111GM92,corporate
US209111GN75,corporate
US209111GP24,corporate
US209111GQ07,corporate
US209111GR89,corporate
US20914UAF30,corporate
US209615BS19,corporate
US209864AU14,corporate
US210314AB60,corporate
US210314AD27,corporate
US21036PAS74,corporate
US21036PAT57,corporate
US21036PAY43,corporate
US21036PAZ18,corporate
US21036PBC14,corporate
US21036PBD96,corporate
US21036PBE79,corporate
US21036PBF45,corporate
US21036PBG28,corporate
US21036PBH01,corporate
US21036PBK30,corporate
US21036PBL13,corporate
US21036PBP27,corporate
US21036PBQ00,corporate
US21036PBS65,corporate
US21036PBT49,corporate
US21036PBU12,corporate
US210371AF74,corporate
US210385AB64,corporate
US210385AC48,corporate
US210385AD21,corporate
US210385AE04,corporate
US210385AF78,corporate
US210385AH35,corporate
US210385AK63,corporate
US210385AM20,corporate
US210385AN03,corporate
US210385AP50,corporate
US210385AQ34,corporate
US210385AR17,corporate
US210385AS99,corporate
US210385AT72,corporate
US210385AU46,corporate
US21038R2A97,corporate
US210518CP90,corporate
US210518CU85,corporate
US210518CX25,corporate
US210518CZ72,corporate
US210518DA13,corporate
US210518DB95,corporate
US210518DC78,corporate
US210518DD51,corporate
US210518DE35,corporate
US210518DF00,corporate
US210518DH65,corporate
US210518DJ22,corporate
US210518DN34,corporate
US210518DP81,corporate
US210518DQ64,corporate
US210518DS21,corporate
US210518DU76,corporate
US210518DV59,corporate
US210518DW33,corporate
US210518DX16,corporate
US210518DY98,corporate
US210518DZ63,corporate
US210518EA04,corporate
US210518EB86,corporate
US210518EC69,corporate
US21071BAB18,corporate
US212015AQ46,corporate
US212015AS02,corporate
US216831AB38,corporate
US21684AAB26,corporate
US21684AAD81,corporate
US21685WCJ45,corporate
US21688AAY82,corporate
US21688AAZ57,corporate
US21688ABC53,corporate
US21688ABD37,corporate
US21688ABE10,corporate
US21688ABF84,corporate
US21688ABG67,corporate
US21688ABH41,corporate
US21688ABJ07,corporate
US21688ABK79,corporate
US21688ABL52,corporate
US21688ABM36,corporate
US21688ABN19,corporate
US21688ABP66,corporate
US21688ABQ40,corporate
US21688ABR23,corporate
US21688ABS06,corporate
US21688ABT88,corporate
US21688ABU51,corporate
US21688ABV35,corporate
US21688ABW18,corporate
US21688ABX90,corporate
US21688ABY73,corporate
US21688ABZ49,corporate
US21871NAC56,corporate
US21871X2080,corporate
US21871XAD12,corporate
US21871XAF69,corporate
US21871XAH26,corporate
US21871XAK54,corporate
US21871XAM11,corporate
US21871XAP42,corporate
US21871XAR08,corporate
US21871XAS80,corporate
US21871XAT63,corporate
US21871XAU37,corporate
US21871XAV10,corporate
US219023AC21,corporate
US219207AC11,corporate
US219207AD93,corporate
US219207AF42,corporate
US219350AH86,corporate
US219350AV70,corporate
US219350AW53,corporate
US219350AX37,corporate
US219350BF12,corporate
US219350BK07,corporate
US219350BL89,corporate
US219350BP93,corporate
US219350BQ76,corporate
US21987BAR96,corporate
US21987BAT52,corporate
US21987BAU26,corporate
US21987BAW81,corporate
US21987BAX64,corporate
US21987BAY48,corporate
US21987BAZ13,corporate
US21987BBB36,corporate
US21987BBC19,corporate
US21987BBD91,corporate
US21987BBG23,corporate
US21987BBH06,corporate
US21987BBK35,corporate
US21987BBL18,corporate
US21987BBM90,corporate
US21987BBQ05,corporate
US21987DAG97,corporate
US21987DAH70,corporate
US22003BAM81,corporate
US22003BAN64,corporate
US22003BAP13,corporate
US220062AA15,corporate
US221597BT31,government
US221597BV86,government
US221597CP00,government
US221602AC91,government
US22160KAM71,corporate
US22160KAN54,corporate
US22160KAP03,corporate
US22160KAQ85,corporate
US22170QAA85,corporate
US222213AY60,government
US222213BB58,government
US222213BE97,government
US222213BF62,government
US222213BG46,government
US222213BJ84,government
US222213BK57,government
US222213BL31,government
US222793AA90,corporate
US222793AB73,corporate
US222793AC56,corporate
US222793AD30,corporate
US22282EAJ10,corporate
US224044AN72,corporate
US22404QAG38,corporate
US22410JAD81,corporate
US22411VBJ61,corporate
US22411WAD83,corporate
US22411WAQ96,corporate
US22411WAZ95,corporate
US22411WBD74,corporate
US22411WBG06,corporate
US224399AP06,corporate
US224399AT28,corporate
US22533ASK42,corporate
US22533ASS77,corporate
US22535EAB39,corporate
US22535EAC12,corporate
US22535EAG26,corporate
US22535EAH09,corporate
US22535EAJ64,corporate
US22535EAK38,corporate
US22535WAV90,corporate
US22536PAB76,corporate
US22536PAJ03,corporate
US22536PAK75,corporate
US22536PAL58,corporate
US22536PAM32,corporate
US22536PAN15,corporate
US22536PAP62,corporate
US22536PAQ46,corporate
US22536PAR29,corporate
US22536PAS02,corporate
US22536PAT84,corporate
US22536PAU57,corporate
US22536PAV31,corporate
US22541LAE39,corporate
US22546VJG23,corporate
US22548Q4C68,corporate
US22550L2K67,corporate
US22550L2M24,corporate
US22552XXR96,corporate
US22553Q3Z88,corporate
US22788CAA36,corporate
US228180AB14,corporate
US22819CAA62,corporate
US22819KAB61,corporate
US22822VAE11,corporate
US22822VAF85,corporate
US22822VAH42,corporate
US22822VAK70,corporate
US22822VAL53,corporate
US22822VAM37,corporate
US22822VAN10,corporate
US22822VAP67,corporate
US22822VAQ41,corporate
US22822VAR24,corporate
US22822VAT89,corporate
US22822VAU52,corporate
US22822VAW19,corporate
US22822VAX91,corporate
US22822VAY74,corporate
US22822VAZ40,corporate
US22822VBA89,corporate
US22822VBB62,corporate
US22822VBC46,corporate
US22822VBD29,corporate
US22822VBE02,corporate
US22822VBF76,corporate
US22822VBG59,corporate
US228255AJ40,corporate
US22966RAD89,corporate
US22966RAE62,corporate
US22966RAF38,corporate
US22966RAG11,corporate
US22966RAH93,corporate
US22966RAJ59,corporate
US22966RAK23,corporate
US229899AB55,corporate
US229917AA70,corporate
US231021AD84,corporate
US231021AJ54,corporate
US231021AK28,corporate
US231021AQ97,corporate
US231021AS53,corporate
US231021AT37,corporate
US231021AV82,corporate
US231021AW65,corporate
US231021AX49,corporate
US231021AY22,corporate
US231021AZ96,corporate
US231021BA37,corporate
US23204G8033,corporate
US23204GAH39,corporate
US23248VAD73,corporate
US23282WAC47,corporate
US23291KAH86,corporate
US23291KAJ43,corporate
US23291KAK16,corporate
US23304SAC70,corporate
US23311VAF40,corporate
US23311VAH06,corporate
US23311VAJ61,corporate
US23311VAK35,corporate
US233293AQ29,corporate
US23330AAC45,corporate
US23331ABP30,corporate
US23331ABQ13,corporate
US23331ABS78,corporate
US23331ABT51,corporate
US23331ABU25,corporate
US233331AY31,corporate
US233331AZ06,corporate
US233331BC02,corporate
US233331BF33,corporate
US233331BJ54,corporate
US233331BK28,corporate
US233331BL01,corporate
US233331BM83,corporate
US233331BN66,corporate
US233331BP15,corporate
US233331BQ97,corporate
US23338VAA44,corporate
US23338VAD82,corporate
US23338VAE65,corporate
US23338VAF31,corporate
US23338VAG14,corporate
US23338VAH96,corporate
US23338VAJ52,corporate
US23338VAK26,corporate
US23338VAL09,corporate
US23338VAM81,corporate
US23338VAN64,corporate
US23338VAP13,corporate
US23338VAQ95,corporate
US23338VAR78,corporate
US23338VAS51,corporate
US23338VAT35,corporate
US23338VAU08,corporate
US23338VAV80,corporate
US23338VAW63,corporate
US23338VAY20,corporate
US23338VAZ94,corporate
US23338VBA35,corporate
US23338VBB18,corporate
US23345GAA85,corporate
US23346TAA97,corporate
US23346TAB70,corporate
US23355LAL09,corporate
US23355LAM81,corporate
US233835AQ08,corporate
US235825AH97,corporate
US235825AJ53,corporate
US235851AR35,corporate
US235851AV47,corporate
US235851AW20,corporate
US23636BAQ23,corporate
US23636BBB45,corporate
US23636BBC28,corporate
US23636BBG32,corporate
US23636BBH15,corporate
US23636BBJ70,corporate
US23636BBK44,corporate
US23636BBN82,corporate
US237194AE57,corporate
US237194AH88,corporate
US237194AL90,corporate
US237194AM73,corporate
US237194AN56,corporate
US237194AP05,corporate
US237194AQ87,corporate
US23745QAA22,corporate
US23745QAB05,corporate
US23804LAD55,corporate
US239753DJ25,corporate
US239753DL70,corporate
US240019BV03,corporate
US240019BX68,corporate
US24023LAF31,corporate
US24023LAL09,corporate
US24023LAM81,corporate
US24023LAP13,corporate
US244199AW56,corporate
US244199AZ87,corporate
US244199BA28,corporate
US244199BD66,corporate
US244199BF15,corporate
US244199BG97,corporate
US244199BJ37,corporate
US244199BK00,corporate
US244199BL82,corporate
US244199BM65,corporate
US24422ETW92,corporate
US24422EUB37,corporate
US24422EUU18,corporate
US24422EUY30,corporate
US24422EVB28,corporate
US24422EVD83,corporate
US24422EVF32,corporate
US24422EVL00,corporate
US24422EVP14,corporate
US24422EVS52,corporate
US24422EVW64,corporate
US24422EWA36,corporate
US24422EWD74,corporate
US24422EWE57,corporate
US24422EWH88,corporate
US24422EWK18,corporate
US24422EWL90,corporate
US24422EWN56,corporate
US24422EWR60,corporate
US24422EWV72,corporate
US24422EWZ86,corporate
US24422EXB00,corporate
US24422EXD65,corporate
US24422EXE49,corporate
US24422EXF14,corporate
US24422EXH79,corporate
US24422EXM64,corporate
US24422EXN48,corporate
US24422EXP95,corporate
US24422EXQ78,corporate
US24422EXR51,corporate
US24422EXS35,corporate
US24422EXT18,corporate
US24422EXU80,corporate
US24422EXV63,corporate
US24422EXW47,corporate
US24422EXX20,corporate
US24422EXY03,corporate
US24422EXZ77,corporate
US24422EYA18,corporate
US24422EYB90,corporate
US24422EYD56,corporate
US24422EYE30,corporate
US24422EYF05,corporate
US24422EYG87,corporate
US24422EYH60,corporate
US24422EYJ27,corporate
US24422EYK99,corporate
US24422EYL72,corporate
US24422EYM55,corporate
US24422EYN39,corporate
US24422EYP86,corporate
US2442GAAA00,corporate
US2442GAAB82,corporate
US246688AF27,corporate
US24668PAE79,corporate
US247025AE93,corporate
US24702RAF82,corporate
US24702RAM34,corporate
US24703DBF78,corporate
US24703DBH35,corporate
US24703DBJ90,corporate
US24703DBL47,corporate
US24703DBN03,corporate
US24703DBP50,corporate
US24703DBQ34,corporate
US24703DBR17,corporate
US24703DBS99,corporate
US24703DBT72,corporate
US24703DBU46,corporate
US24703DBV29,corporate
US24703DBW02,corporate
US24703DBX84,corporate
US24703TAE64,corporate
US24703TAF30,corporate
US24703TAG13,corporate
US24703TAH95,corporate
US24703TAJ51,corporate
US24703TAK25,corporate
US24703TAL08,corporate
US24703TAM80,corporate
US24703TAN63,corporate
US24703TAP12,corporate
US247109BR13,corporate
US247109BT78,corporate
US2471313039,corporate
US247361A246,corporate
US247361A329,corporate
US247361ZN12,corporate
US247361ZT81,corporate
US247361ZV38,corporate
US247361ZW11,corporate
US24736XAA63,corporate
US24736YAA47,corporate
US24906PAA75,corporate
US24906PAB58,corporate
US24951RAF64,corporate
US250847DU17,corporate
US250847DZ04,corporate
US250847EA44,corporate
US250847EB27,corporate
US250847EH96,corporate
US250847EK26,corporate
US251526BN89,corporate
US251526CD98,corporate
US251526CF47,corporate
US251526CK32,corporate
US251526CN70,corporate
US251526CP29,corporate
US251526CS67,corporate
US251526CT41,corporate
US251526CU14,corporate
US251526CV96,corporate
US251526CW79,corporate
US251526CX52,corporate
US251526CY36,corporate
US251526DA41,corporate
US251526DB24,corporate
US251526DC07,corporate
US251526DD89,corporate
US25152RXF53,corporate
US25152RYF45,corporate
US25156PAC77,corporate
US25156PAD50,corporate
US25156PAR47,corporate
US25159MAS61,government
US25159MAU18,government
US25159MAW73,government
US25159MAY30,government
US25159MBA45,government
US25159MBB28,government
US25159MBD83,government
US25159MBE66,government
US25159MBG15,government
US25159MBK27,government
US25159MBL00,government
US25159MBM82,government
US25159MBP14,government
US25159MBQ96,government
US25159MBR79,government
US25159MBT36,government
US25159MBU09,government
US25160PAE79,corporate
US25160PAG28,corporate
US25160PAH01,corporate
US25160PAM95,corporate
US25160PAP27,corporate
US25160PAQ00,corporate
US25160PAR82,corporate
US25160PAS65,corporate
US25160YAJ73,corporate
US25160YAM03,corporate
US25160YAR99,corporate
US25160YAS72,corporate
US25160YFG89,corporate
US25160YFN31,corporate
US25160YFP88,corporate
US25160YFR45,corporate
US25160YFS28,corporate
US25160YFT01,corporate
US25160YFV56,corporate
US25160YFW30,corporate
US25161F2A56,corporate
US25161F2D95,corporate
US25161F2K39,corporate
US25161F2M94,corporate
US25161F2P26,corporate
US25161F2T48,corporate
US25161F3B21,corporate
US25161F3J56,corporate
US25161F3P17,corporate
US25161F3X41,corporate
US25161F4H81,corporate
US25161F4K11,corporate
US25161F4M76,corporate
US25161F4V75,corporate
US25161F4W58,corporate
US25161F4X32,corporate
US25161F5D68,corporate
US25161F5U83,corporate
US25161F5W40,corporate
US25161F5Z70,corporate
US25161F6H63,corporate
US25161F6J20,corporate
US25161F6L75,corporate
US25161F6M58,corporate
US25161F6R46,corporate
US25161F6T02,corporate
US25161F6U74,corporate
US25161F6Z61,corporate
US25161F7K83,corporate
US25161FA323,corporate
US25161FA406,corporate
US25161FA737,corporate
US25161FAP36,corporate
US25161FAV04,corporate
US25161FAY43,corporate
US25161FAZ18,corporate
US25161FB313,corporate
US25161FB495,corporate
US25161FB644,corporate
US25161FB727,corporate
US25161FBA57,corporate
US25161FBC14,corporate
US25161FBD96,corporate
US25161FBE79,corporate
US25161FBJ66,corporate
US25161FBQ00,corporate
US25161FBX50,corporate
US25161FBY34,corporate
US25161FC899,corporate
US25161FCB22,corporate
US25161FCC05,corporate
US25161FCJ57,corporate
US25161FCK21,corporate
US25161FCM86,corporate
US25161FCV85,corporate
US25161FCZ99,corporate
US25161FD210,corporate
US25161FD392,corporate
US25161FDB13,corporate
US25161FDC95,corporate
US25161FDE51,corporate
US25161FDR64,corporate
US25161FE200,corporate
US25161FE614,corporate
US25161FED69,corporate
US25161FEJ30,corporate
US25161FEP99,corporate
US25161FF520,corporate
US25161FFC77,corporate
US25161FFJ21,corporate
US25161FFK93,corporate
US25161FFM59,corporate
US25161FFT03,corporate
US25161FFU75,corporate
US25161FFW32,corporate
US25161FFY97,corporate
US25161FG775,corporate
US25161FGK84,corporate
US25161FGM41,corporate
US25161FGS11,corporate
US25161FGV40,corporate
US25161FGZ53,corporate
US25161FH278,corporate
US25161FH682,corporate
US25161FHC59,corporate
US25161FHG63,corporate
US25161FHU57,corporate
US25161FJ415,corporate
US25161FJ902,corporate
US25161FJA75,corporate
US25161FJK57,corporate
US25161FJS83,corporate
US25161FJV13,corporate
US25161FJX78,corporate
US25161FK645,corporate
US25161FK728,corporate
US25161FKC13,corporate
US25161FKD95,corporate
US25161FKG27,corporate
US25161FKU11,corporate
US25161FKW76,corporate
US25161FKX59,corporate
US25161FL551,corporate
US25161FLC04,corporate
US25161FLF35,corporate
US25161FLL03,corporate
US25161FLM85,corporate
US25161FLN68,corporate
US25161FM625,corporate
US25161FMC94,corporate
US25161FMJ48,corporate
US25161FMN59,corporate
US25161FMQ80,corporate
US25161FMT20,corporate
US25161FMU92,corporate
US25161FMX32,corporate
US25161FN532,corporate
US25161FNH72,corporate
US25161FNN41,corporate
US25161FNP98,corporate
US25161FNR54,corporate
US25161FNY06,corporate
US25161FNZ70,corporate
US25161FP511,corporate
US25161FP859,corporate
US25161FPD41,corporate
US25161FPL66,corporate
US25161FPM40,corporate
US25161FPT92,corporate
US25161FQ923,corporate
US25161FQB75,corporate
US25161FQD32,corporate
US25161FQE15,corporate
US25161FQL57,corporate
US25161FQZ44,corporate
US25161FR269,corporate
US25161FR913,corporate
US25161FRG53,corporate
US25161FRJ92,corporate
US25161FRL49,corporate
US25161FRP52,corporate
US25161FRV21,corporate
US25161FRZ35,corporate
US25161FS259,corporate
US25161FS333,corporate
US25161FS663,corporate
US25161FS903,corporate
US25161FSQ27,corporate
US25161FSR00,corporate
US25161FSV12,corporate
US25161FTB49,corporate
US25161FTH19,corporate
US25161FTL21,corporate
US25161FTM04,corporate
US25161FTR90,corporate
US25161FTT56,corporate
US25161FTY42,corporate
US25161FTZ17,corporate
US25161FU222,corporate
US25161FU891,corporate
US25161FUE68,corporate
US25161FUF34,corporate
US25161FUK29,corporate
US25161FUP16,corporate
US25161FV394,corporate
US25161FV626,corporate
US25161FV881,corporate
US25161FVA38,corporate
US25161FVB11,corporate
US25161FVK10,corporate
US25161FVR62,corporate
US25161FVX31,corporate
US25161FVZ88,corporate
US25161FW533,corporate
US25161FW616,corporate
US25161FW798,corporate
US25161FWH71,corporate
US25161FWK01,corporate
US25161FWQ70,corporate
US25161FWW49,corporate
US25161FWY05,corporate
US25161FX457,corporate
US25161FX945,corporate
US25161FXF07,corporate
US25161FXG89,corporate
US25161FXK91,corporate
US25161FXN31,corporate
US25161FXQ61,corporate
US25161FXT01,corporate
US25161FXW30,corporate
US25161FY778,corporate
US25161FYA01,corporate
US25161FYH53,corporate
US25161FYS19,corporate
US25161FYW21,corporate
US25161FYX04,corporate
US25161FYY86,corporate
US25161FYZ51,corporate
US25161FZ353,corporate
US25161FZ924,corporate
US25161FZB74,corporate
US25161FZL56,corporate
US25161FZM30,corporate
US25161FZQ44,corporate
US25161FZU55,corporate
US25161FZV39,corporate
US25161FZX94,corporate
US251799AA02,corporate
US25179MAL72,corporate
US25179MAN39,corporate
US25179MAU71,corporate
US25179MBD48,corporate
US25179MBE21,corporate
US25179MBF95,corporate
US25179MBG78,corporate
US25179MBH51,corporate
US25179MBJ18,corporate
US25179SAD27,corporate
US252131AM94,corporate
US25214BBC72,corporate
US25214BBD55,corporate
US25243YAH27,corporate
US25243YAV11,corporate
US25243YAZ25,corporate
US25243YBB48,corporate
US25243YBD04,corporate
US25243YBE86,corporate
US25243YBG35,corporate
US25243YBH18,corporate
US25243YBK47,corporate
US25243YBN85,corporate
US25245BAA52,corporate
US25245BAC19,corporate
US25245BAE74,corporate
US25278XAM11,corporate
US25278XAN93,corporate
US25278XAQ25,corporate
US25278XAR08,corporate
US25278XAV10,corporate
US25278XAW92,corporate
US25278XAX75,corporate
US25278XAY58,corporate
US25278XAZ24,corporate
US25278XBA63,corporate
US25278XBB47,corporate
US25278XBC20,corporate
US253393AF94,corporate
US253393AG77,corporate
US253393AJ17,corporate
US25389JAR77,corporate
US25389JAT34,corporate
US25389JAU07,corporate
US25389JAV89,corporate
US254010AB73,corporate
US254010AE13,corporate
US25402DAB82,corporate
US25402DAD49,corporate
US254063AW09,corporate
US254067AN14,corporate
US25432X3008,corporate
US25432XAA00,corporate
US25459HAQ83,corporate
US25459HAX35,corporate
US25459HAZ82,corporate
US25459HBG92,corporate
US25466AAN19,corporate
US25466AAP66,corporate
US25466AAR23,corporate
US254687DH68,corporate
US254687DK97,corporate
US254687DM53,corporate
US254687DP84,corporate
US254687DR41,corporate
US254687DT07,corporate
US254687DV52,corporate
US254687DX19,corporate
US254687DZ66,corporate
US254687EB89,corporate
US254687ED46,corporate
US254687EF93,corporate
US254687EH59,corporate
US254687EK88,corporate
US254687ER32,corporate
US254687ET97,corporate
US254687EV44,corporate
US254687EX00,corporate
US254687EZ57,corporate
US254687FB70,corporate
US254687FL52,corporate
US254687FM36,corporate
US254687FP66,corporate
US254687FQ40,corporate
US254687FR23,corporate
US254687FS06,corporate
US254687FW18,corporate
US254687FX90,corporate
US254687FY73,corporate
US254687FZ49,corporate
US254687GA88,corporate
US254687GB61,corporate
US254687GC45,corporate
US254687GD28,corporate
US254687GE01,corporate
US25468PBW59,corporate
US25468PCP99,corporate
US25468PCR55,corporate
US25468PCX24,corporate
US25468PDB94,corporate
US25468PDN33,corporate
US25468PDV58,corporate
US254709AM01,corporate
US254709AS70,corporate
US254709AT53,corporate
US25470DAR08,corporate
US25470DBF50,corporate
US25470DBG34,corporate
US25470DBH17,corporate
US25470DBJ72,corporate
US25470DBL29,corporate
US25470DBS71,corporate
US25470DBV01,corporate
US25470DBY40,corporate
US25470DCA54,corporate
US25470DCC11,corporate
US25470DCP24,corporate
US25470DCQ07,corporate
US25470DCR89,corporate
US25470DCS62,corporate
US25470DCT46,corporate
US25470DCW74,corporate
US25470XBB01,corporate
US25470XBD66,corporate
US25472CAM10,corporate
US25472CAS89,corporate
US25472CAY57,corporate
US25472CBA62,corporate
US25472CBJ71,corporate
US25472CBM01,corporate
US25472CBS70,corporate
US254948AP74,corporate
US254948AQ57,corporate
US254948AR31,corporate
US254948AS14,corporate
US25525PAB31,corporate
US25601C2B81,corporate
US256677AF29,corporate
US256677AG02,corporate
US256677AH84,corporate
US256677AL96,corporate
US256677AM79,corporate
US256677AN52,corporate
US256677AP01,corporate
US256746AH16,corporate
US256746AJ71,corporate
US256746AK45,corporate
US25714PCF36,government
US25714PCW68,government
US25714PDT21,government
US25714PDW59,government
US25714PDZ80,government
US25714PEB04,government
US25714PEE43,government
US25714PEF18,government
US25714PEG90,government
US25714PEN42,government
US25714PET12,government
US25714PEW41,government
US25714PFB94,government
US25714PFC77,government
US25714PFD50,government
US25714PFF09,government
US25714PFG81,government
US25714PFH64,government
US25731VAA26,corporate
US25731VAB09,corporate
US25731VAC81,corporate
US257375AF22,corporate
US257375AJ44,corporate
US257375AP04,corporate
US257375AQ86,corporate
US257469AG10,corporate
US257469AJ58,corporate
US25746UAN90,corporate
US25746UAV17,corporate
US25746UBD00,corporate
US25746UBM09,corporate
US25746UBQ13,corporate
US25746UCC18,corporate
US25746UCY38,corporate
US25746UCZ03,corporate
US25746UDF30,corporate
US25746UDG13,corporate
US25746UDK25,corporate
US25746UDL08,corporate
US25746UDM80,corporate
US25746UDP12,corporate
US25746UDQ94,corporate
US25746UDR77,corporate
US25746UDT34,corporate
US25746UDU07,corporate
US25746UDV89,corporate
US25746UDW62,corporate
US25746UDX46,corporate
US25746UDY29,corporate
US25746UDZ93,corporate
US25746UEA34,corporate
US25746UEB17,corporate
US25746UEC99,corporate
US25746UED72,corporate
US257559AJ34,corporate
US257559AK07,corporate
US257867AF84,corporate
US257867AG67,corporate
US25809KAB17,corporate
US260003AC29,corporate
US260003AF59,corporate
US260003AG33,corporate
US260003AK45,corporate
US260003AP32,corporate
US260543BJ10,corporate
US260543BY86,corporate
US260543CE14,corporate
US260543CG61,corporate
US260543CK73,corporate
US260543CL56,corporate
US260543CR27,corporate
US260543CV39,corporate
US260543CY77,corporate
US260543DC49,corporate
US260543DD22,corporate
US260543DG52,corporate
US260543DH36,corporate
US260543DJ91,corporate
US260543DK64,corporate
US260543DL48,corporate
US260543DM21,corporate
US260543DN04,corporate
US260543DP51,corporate
US26054L2E23,corporate
US26054L3E14,corporate
US26054L3N13,corporate
US26054L3P60,corporate
US26054L4A82,corporate
US26054L4B65,corporate
US26054L4D22,corporate
US26054L4G52,corporate
US26054L4P51,corporate
US26054L4T73,corporate
US26054L4U47,corporate
US26054L5B56,corporate
US26054L5M12,corporate
US26054L5R09,corporate
US26054L5Z25,corporate
US26054L6F51,corporate
US26054L6K47,corporate
US26054L6M03,corporate
US26054L6Q17,corporate
US26054L6U29,corporate
US26054L6Z16,corporate
US26054L7C12,corporate
US26054L7E77,corporate
US26054L7F43,corporate
US26054L7J64,corporate
US26054LJ872,corporate
US26054LK367,corporate
US26054LK698,corporate
US26054LK938,corporate
US26054LL761,corporate
US26054LM264,corporate
US26054LM595,corporate
US26054LM835,corporate
US26054LN338,corporate
US26054LN668,corporate
US26054LP499,corporate
US26054LQ224,corporate
US26054LQ554,corporate
US26054LQ711,corporate
US26054LQ893,corporate
US26054LR966,corporate
US26054LS469,corporate
US26054LS790,corporate
US26054LT863,corporate
US26054LU358,corporate
US26054LU507,corporate
US26054LU846,corporate
US26054LU929,corporate
US26054LV422,corporate
US26054LV752,corporate
US26054LV919,corporate
US26054LW586,corporate
US26054LW743,corporate
US26054LW826,corporate
US26054LX659,corporate
US26054LX998,corporate
US26054LY319,corporate
US26054LY566,corporate
US26054LZ480,corporate
US26054M2A82,corporate
US26054MA358,corporate
US26054MA432,corporate
US26054MA846,corporate
US26054MAH43,corporate
US26054MAN11,corporate
US26054MAU53,corporate
US26054MAV37,corporate
US26054MAX92,corporate
US26054MAY75,corporate
US26054MAZ41,corporate
US26054MB679,corporate
US26054MBB63,corporate
US26054MBE03,corporate
US26054MBJ99,corporate
US26054MBM29,corporate
US26054MBR16,corporate
US26054MBU45,corporate
US26054MBX83,corporate
US26054MBZ32,corporate
US26054MCL37,corporate
US26054MCS89,corporate
US26054MCV19,corporate
US26054MD246,corporate
US26054MD576,corporate
US26054MDJ71,corporate
US26054MDR97,corporate
US26054MDS70,corporate
US26054MDT53,corporate
US26054MDX65,corporate
US26054MDZ14,corporate
US26054ME236,corporate
US26054ME319,corporate
US26054ME566,corporate
US26054MF225,corporate
US26054MF977,corporate
US26054MFB28,corporate
US26054MFF32,corporate
US26054MFZ95,corporate
US26054MGC91,corporate
US26054MGH88,corporate
US26054MGL90,corporate
US26054MGM73,corporate
US26054MGN56,corporate
US26054MGW55,corporate
US26054MH536,corporate
US26054MH619,corporate
US26054MH957,corporate
US26054MHE49,corporate
US26054MHH79,corporate
US26054MHJ36,corporate
US26054MHK09,corporate
US26054MHL81,corporate
US26054MHM64,corporate
US26054MHN48,corporate
US26054MHP95,corporate
US26054MHR51,corporate
US26054MHU80,corporate
US26054MHX20,corporate
US26054MHZ77,corporate
US26054MJ284,corporate
US26054MJ367,corporate
US26054MJ698,corporate
US26054MJA09,corporate
US26054MJB81,corporate
US26054MJE21,corporate
US26054MJF95,corporate
US26054MJH51,corporate
US26054MJL63,corporate
US26054MJN20,corporate
US26054MJP77,corporate
US26054MJQ50,corporate
US26054MJS17,corporate
US26054MJT99,corporate
US26054MJU62,corporate
US26054MJV46,corporate
US26054MJW29,corporate
US26054MJX02,corporate
US26054MJZ59,corporate
US26054MK423,corporate
US26054MKC46,corporate
US26054MKE02,corporate
US26054MKF76,corporate
US26054MKK61,corporate
US26054MKL45,corporate
US26054MKP58,corporate
US26054MKQ32,corporate
US26054MKZ31,corporate
US26054ML256,corporate
US26054ML330,corporate
US26054ML413,corporate
US26054ML587,corporate
US26054MLG41,corporate
US26054MLN91,corporate
US26054MLP40,corporate
US26054MLQ23,corporate
US26054MLR06,corporate
US26054MLS88,corporate
US26054MLX73,corporate
US26054MLY56,corporate
US26054MLZ22,corporate
US26078JAD28,corporate
US26078JAE01,corporate
US26078JAF75,corporate
US26138EAT64,corporate
US26138EAU38,corporate
US26138EAX76,corporate
US26138EAY59,corporate
US26142RAB06,corporate
US261597AG33,corporate
US26210CAD65,corporate
US263534CP24,corporate
US263534CR89,corporate
US263534CS62,corporate
US263901AA85,corporate
US263901AB68,corporate
US263901AD25,corporate
US263901AF72,corporate
US264399DK95,corporate
US264399ED44,corporate
US26439RAK23,corporate
US26439XAC74,corporate
US26441C4024,corporate
US26441CAP05,corporate
US26441CAS44,corporate
US26441CAT27,corporate
US26441CAX39,corporate
US26441CAY12,corporate
US26441CBE49,corporate
US26441CBF14,corporate
US26441CBH79,corporate
US26441CBL81,corporate
US26441CBM64,corporate
US26441CBN48,corporate
US26441CBP95,corporate
US26441CBS35,corporate
US26441CBT18,corporate
US26441CBU80,corporate
US26441CBW47,corporate
US26441CBZ77,corporate
US26441CCA18,corporate
US26441CCB90,corporate
US26441CCC73,corporate
US26441CCE30,corporate
US26441CCF05,corporate
US26441CCG87,corporate
US26441CCJ27,corporate
US26441CCK99,corporate
US26441YBC03,corporate
US26442CAA27,corporate
US26442CAB00,corporate
US26442CAE49,corporate
US26442CAH79,corporate
US26442CAM64,corporate
US26442CAN48,corporate
US26442CAP95,corporate
US26442CAR51,corporate
US26442CAS35,corporate
US26442CAT18,corporate
US26442CAU80,corporate
US26442CAX20,corporate
US26442CAY03,corporate
US26442CAZ77,corporate
US26442CBA18,corporate
US26442CBB90,corporate
US26442CBC73,corporate
US26442CBG87,corporate
US26442CBH60,corporate
US26442CBJ27,corporate
US26442CBK99,corporate
US26442CBL72,corporate
US26442CBM55,corporate
US26442CBP86,corporate
US26442CBQ69,corporate
US26442CBR43,corporate
US26442CBS26,corporate
US26442CBT09,corporate
US26442EAE05,corporate
US26442EAF79,corporate
US26442EAG52,corporate
US26442EAH36,corporate
US26442EAJ91,corporate
US26442EAK64,corporate
US26442EAL48,corporate
US26442EAM21,corporate
US26442KAC09,corporate
US26442KAE64,corporate
US26442KAG13,corporate
US26442RAB78,corporate
US26442RAD35,corporate
US26442TAC18,corporate
US26442TAE73,corporate
US26442TAF49,corporate
US26442TAG22,corporate
US26442TAH05,corporate
US26442UAB08,corporate
US26442UAC80,corporate
US26442UAE47,corporate
US26442UAG94,corporate
US26442UAH77,corporate
US26442UAK07,corporate
US26442UAL89,corporate
US26442UAM62,corporate
US26442UAN46,corporate
US26442UAP93,corporate
US26442UAQ76,corporate
US26442UAR59,corporate
US26442UAS33,corporate
US26442UAT16,corporate
US26442UAU88,corporate
US26442UAV61,corporate
US26443CAA18,corporate
US26443CAH60,corporate
US26443CAK99,corporate
US26443CAL72,corporate
US26443CAQ69,corporate
US26443KAB17,corporate
US26443NAA72,corporate
US26443TAA43,corporate
US26443TAB26,corporate
US26443TAC09,corporate
US26443TAD81,corporate
US26443TAE64,corporate
US26443TAF30,corporate
US26443TAG13,corporate
US26443UAA16,corporate
US26443UAB98,corporate
US26443YAA38,corporate
US26444BAA26,corporate
US26444BAC81,corporate
US26444GAC78,corporate
US26444GAD51,corporate
US26444HAA95,corporate
US26444HAC51,corporate
US26444HAE18,corporate
US26444HAF82,corporate
US26444HAH49,corporate
US26444HAJ05,corporate
US26444HAK77,corporate
US26444HAL50,corporate
US26444HAN17,corporate
US26444HAQ48,corporate
US26444HAR21,corporate
US26444HAT86,corporate
US26444HAU59,corporate
US26445CAA99,corporate
US266233AB11,corporate
US268317AY01,corporate
US268317AZ75,corporate
US26875PAN15,corporate
US26875PAQ46,corporate
US26875PAT84,corporate
US26875PAU57,corporate
US26875PAW14,corporate
US26875PAX96,corporate
US26875PAY79,corporate
US26875PAZ45,corporate
US26875PBA84,corporate
US26875PBB67,corporate
US26884ABB89,corporate
US26884ABE29,corporate
US26884ABF93,corporate
US26884ABG76,corporate
US26884ABH59,corporate
US26884ABJ16,corporate
US26884ABK88,corporate
US26884ABL61,corporate
US26884ABM45,corporate
US26884ABN28,corporate
US26884ABP75,corporate
US26884ABQ58,corporate
US26884ABR32,corporate
US26884ABS15,corporate
US26884LAF67,corporate
US26884LAG41,corporate
US26884LAL36,corporate
US26884LAQ23,corporate
US26884LAR06,corporate
US26884LAV18,corporate
US26884LAX73,corporate
US26884LAZ22,corporate
US26884LBB45,corporate
US26884LBD01,corporate
US26884LBF58,corporate
US26884UAC36,corporate
US26884UAD19,corporate
US26884UAE91,corporate
US26884UAF66,corporate
US26884UAG40,corporate
US26884UAH23,corporate
US268948AE69,corporate
US26942GAF72,corporate
US26951TAA88,corporate
US26969PAB40,corporate
US26969PAC23,corporate
US2698098850,corporate
US27636AAA07,corporate
US27636AAB89,corporate
US27636AAC62,corporate
US276480AB69,corporate
US276480AD26,corporate
US276480AF73,corporate
US276480AH30,corporate
US276682AB73,corporate
US277432AD23,corporate
US277432AL49,corporate
US277432AP52,corporate
US277432AW04,corporate
US277432AX86,corporate
US277432AY69,corporate
US277432AZ35,corporate
US277432BB57,corporate
US278058AW21,corporate
US278058AY86,corporate
US278058DB56,corporate
US278058DV11,corporate
US278058DW93,corporate
US278058DX76,corporate
US278058DY59,corporate
US278058DZ25,corporate
US278058EA64,corporate
US278062AD69,corporate
US278062AE43,corporate
US278062AG90,corporate
US278062AH73,corporate
US278062AJ30,corporate
US278062AK03,corporate
US27806HAA95,corporate
US278265AE30,corporate
US278642AF09,corporate
US278642AU75,corporate
US278642AW32,corporate
US278642AY97,corporate
US278642AZ62,corporate
US278642BA03,corporate
US278642BB85,corporate
US278642BD42,corporate
US278642BE25,corporate
US278768AA44,corporate
US278768AB27,corporate
US278768AC00,corporate
US278865AM26,corporate
US278865AV25,corporate
US278865BA78,corporate
US278865BD18,corporate
US278865BE90,corporate
US278865BF65,corporate
US278865BG49,corporate
US278865BJ87,corporate
US278865BL34,corporate
US278865BM17,corporate
US278865BN99,corporate
US278865BP48,corporate
US278865BQ21,corporate
US278865BS86,corporate
US278865BU33,corporate
US278865BV16,corporate
US278865BW98,corporate
US278865BX71,corporate
US279158AE95,corporate
US279158AJ82,corporate
US279158AN94,corporate
US279158AP43,corporate
US279158AQ26,corporate
US279158AS81,corporate
US279158AT64,corporate
US279158AV11,corporate
US279158AW93,corporate
US281020AM97,corporate
US281020AN70,corporate
US281020AT41,corporate
US281020AW79,corporate
US281020AX52,corporate
US281020AY36,corporate
US281020AZ01,corporate
US281020BA41,corporate
US281020BB24,corporate
US281020BC07,corporate
US281020BD89,corporate
US281020BE62,corporate
US28176EAD04,corporate
US282914AE03,corporate
US28336LBB45,corporate
US28336LBD01,corporate
US28336LBH15,corporate
US283677AW22,corporate
US28368EAA47,corporate
US28368EAD85,corporate
US28368EAE68,corporate
US283695BE39,corporate
US283695BK98,corporate
US28370TAD19,corporate
US28370TAF66,corporate
US283875AQ53,government
US283875BW13,government
US283875BZ44,government
US283875CB66,government
US283875CE06,government
US28414HAG83,corporate
US284697AC38,corporate
US285039AP86,corporate
US285039AQ69,corporate
US285039AR43,corporate
US28504DAB91,corporate
US28504DAC74,corporate
US28504DAD57,corporate
US28504KAA51,corporate
US285512AE93,corporate
US285512AF68,corporate
US285659AF53,corporate
US28622HAB78,corporate
US28622HAC51,corporate
US2885782068,corporate
US29078EAA38,corporate
US29082HAE27,corporate
US29082HAF91,corporate
US291011AK08,corporate
US291011AQ77,corporate
US291011BB99,corporate
US291011BD55,corporate
US291011BL71,corporate
US291011BM54,corporate
US291011BN38,corporate
US291011BP85,corporate
US291011BQ68,corporate
US291011BR42,corporate
US291011BS25,corporate
US291011BT08,corporate
US29103DAM83,corporate
US29103HAA59,corporate
US29103HAB33,corporate
US29103HAC16,corporate
US29103HAD98,corporate
US29157TAD81,corporate
US29164RAA95,corporate
US29244AAN28,corporate
US29244TAA97,corporate
US29244TAB70,corporate
US29245HAH93,corporate
US29245JAK88,corporate
US29245JAL61,corporate
US29245JAM45,corporate
US29245JAN28,corporate
US29245JAP75,corporate
US29246BAE83,corporate
US29246BAF58,corporate
US29246QAD79,government
US29246QAE52,government
US292480AJ92,corporate
US292480AK65,corporate
US292480AL49,corporate
US292480AM22,corporate
US292487AA37,corporate
US292487AB10,corporate
US29249BAA35,corporate
US29249EAA73,corporate
US29249FAA49,corporate
US292505AD65,corporate
US292505AE49,corporate
US292505AG96,corporate
US292505AK09,corporate
US29250NAJ46,corporate
US29250NAL91,corporate
US29250NAM74,corporate
US29250NAN57,corporate
US29250NAR61,corporate
US29250NAS45,corporate
US29250NAW56,corporate
US29250NAZ87,corporate
US29250NBA28,corporate
US29250NBC83,corporate
US29250NBE40,corporate
US29250NBF15,corporate
US29250NBH70,corporate
US29250NBN49,corporate
US29250NBP96,corporate
US29250NBR52,corporate
US29250NBS36,corporate
US29250NBT19,corporate
US29250NBW48,corporate
US29250NBX21,corporate
US29250NBY04,corporate
US29250NBZ78,corporate
US29250NCA19,corporate
US29250NCB91,corporate
US29250NCC74,corporate
US29250NCD57,corporate
US29250NCF06,corporate
US29250NCG88,corporate
US29250NCH61,corporate
US29250NCJ28,corporate
US29250NCK90,corporate
US29250NCM56,corporate
US29250NCN30,corporate
US29250NCP87,corporate
US29250NCQ60,corporate
US29250NCR44,corporate
US29250RAD89,corporate
US29250RAG11,corporate
US29250RAP10,corporate
US29250RAT32,corporate
US29250RAX44,corporate
US292554AP79,corporate
US292554AS19,corporate
US29261AAA88,corporate
US29261AAB61,corporate
US29261AAE01,corporate
US29265AAS50,corporate
US29266MAE93,corporate
US29266MAF68,corporate
US29267HAA77,corporate
US29273RAF64,corporate
US29273RAJ86,corporate
US29273RAP47,corporate
US29273RAR03,corporate
US29273RAT68,corporate
US29273RAZ29,corporate
US29273RBA68,corporate
US29273RBC25,corporate
US29273RBE80,corporate
US29273RBF55,corporate
US29273RBJ77,corporate
US29273RBK41,corporate
US29273RBL24,corporate
US29273VAF76,corporate
US29273VAJ98,corporate
US29273VAM28,corporate
US29273VAP58,corporate
US29273VAQ32,corporate
US29273VAR15,corporate
US29273VAS97,corporate
US29273VAT70,corporate
US29273VAU44,corporate
US29273VAW00,corporate
US29273VAX82,corporate
US29273VAY65,corporate
US29273VAZ31,corporate
US29273VBA70,corporate
US29273VBB53,corporate
US29273VBC37,corporate
US29273VBD10,corporate
US29273VBE92,corporate
US29273VBF67,corporate
US29273VBG41,corporate
US29273VBH24,corporate
US29273VBJ89,corporate
US29273VBK52,corporate
US29273VBL36,corporate
US29273VBM19,corporate
US29273VBN91,corporate
US29274FAF18,corporate
US29278DAA37,corporate
US29278NAD57,corporate
US29278NAE31,corporate
US29278NAF06,corporate
US29278NAG88,corporate
US29278NAN30,corporate
US29278NAQ60,corporate
US29278NAR44,corporate
US29279FAA75,corporate
US292845AE48,corporate
US29286DAA37,corporate
US29286DAB10,corporate
US29286DAC92,corporate
US29287TAA79,corporate
US29287TAB52,corporate
US29355AAK34,corporate
US293562AD63,corporate
US29357JAF30,corporate
US29357KAL70,corporate
US29359UAB52,corporate
US29359UAC36,corporate
US29360AAB61,corporate
US29364DAV29,corporate
US29364GAJ22,corporate
US29364GAK94,corporate
US29364GAL77,corporate
US29364GAN34,corporate
US29364GAP81,corporate
US29364GAQ64,corporate
US29364GAR48,corporate
US29364GAS21,corporate
US29364GAT04,corporate
US29364GAU76,corporate
US29364NAT54,corporate
US29364NAU28,corporate
US29364WAW82,corporate
US29364WAX65,corporate
US29364WAY49,corporate
US29364WAZ14,corporate
US29364WBA53,corporate
US29364WBB37,corporate
US29364WBC10,corporate
US29364WBD92,corporate
US29364WBE75,corporate
US29364WBH07,corporate
US29364WBJ62,corporate
US29364WBL19,corporate
US29364WBM91,corporate
US29364WBN74,corporate
US29364WBP23,corporate
US29364WBQ06,corporate
US29364WBR88,corporate
US29364WBS61,corporate
US29364WBT45,corporate
US29364WBU18,corporate
US29365TAF12,corporate
US29365TAG94,corporate
US29365TAH77,corporate
US29365TAJ34,corporate
US29365TAK07,corporate
US29365TAL89,corporate
US29365TAM62,corporate
US29365TAN46,corporate
US29365TAP93,corporate
US29365TAQ76,corporate
US29365TAR59,corporate
US29366MAA62,corporate
US29366MAB46,corporate
US29366MAC29,corporate
US29366MAD02,corporate
US29366MAE84,corporate
US29366MAF59,corporate
US29366MAG33,corporate
US29366MAH16,corporate
US29366MAJ71,corporate
US29366WAA45,corporate
US29366WAB28,corporate
US29366WAD83,corporate
US29366WAE66,corporate
US29366WAG15,corporate
US29366WAH97,corporate
US293712AC97,corporate
US293791AF64,corporate
US293791AP47,corporate
US293791AT68,corporate
US29379VAG86,corporate
US29379VAM54,corporate
US29379VAQ68,corporate
US29379VAT08,corporate
US29379VAV53,corporate
US29379VAW37,corporate
US29379VAY92,corporate
US29379VBA08,corporate
US29379VBC63,corporate
US29379VBF94,corporate
US29379VBJ17,corporate
US29379VBL62,corporate
US29379VBM46,corporate
US29379VBN29,corporate
US29379VBQ59,corporate
US29379VBR33,corporate
US29379VBT98,corporate
US29379VBU61,corporate
US29379VBV45,corporate
US29379VBW28,corporate
US29379VBX01,corporate
US29379VBY83,corporate
US29379VBZ58,corporate
US29379VCA98,corporate
US29379VCB71,corporate
US29379VCD38,corporate
US29379VCE11,corporate
US29379VCF85,corporate
US29379VCG68,corporate
US29379VCH42,corporate
US29379VCJ08,corporate
US29379VCK70,corporate
US29379VCL53,corporate
US29384NAA28,government
US29390XAA28,corporate
US29390XAG97,corporate
US29390XAH70,corporate
US29390XAK00,corporate
US29404KAG13,corporate
US29415FAD69,corporate
US29439EAA73,corporate
US294429AC99,corporate
US294429AG04,corporate
US294429AS42,corporate
US294429AT25,corporate
US294429AV70,corporate
US294429AW53,corporate
US294429AX37,corporate
US294429AY10,corporate
US294429AZ84,corporate
US29444GAJ67,corporate
US29444UBD72,corporate
US29444UBE55,corporate
US29444UBG04,corporate
US29444UBH86,corporate
US29444UBJ43,corporate
US29444UBL98,corporate
US29444UBM71,corporate
US29444UBR68,corporate
US29444UBS42,corporate
US29444UBT25,corporate
US29444UBU97,corporate
US29444UBV70,corporate
US29444UBX37,corporate
US29444UBY10,corporate
US29446MAB81,corporate
US29446MAC64,corporate
US29446MAE21,corporate
US29446MAF95,corporate
US29446MAG78,corporate
US29446MAH51,corporate
US29446MAK80,corporate
US29446MAL63,corporate
US29446MAM47,corporate
US29446MAN20,corporate
US29446MAP77,corporate
US29446YAC03,corporate
US29447KAA34,corporate
US29450LAB36,corporate
US29450LAR87,corporate
US29450LAW72,corporate
US29452EAC57,corporate
US29452EAD31,corporate
US29669JAA79,corporate
US29670GAD43,corporate
US29670GAE26,corporate
US29670GAF90,corporate
US29670GAG73,corporate
US29670GAH56,corporate
US29670GAJ13,corporate
US29670GAK85,corporate
US29670GAL68,corporate
US29670VAA70,corporate
US29670VAB53,corporate
US29670VAC37,corporate
US29717PAR82,corporate
US29717PAS65,corporate
US29717PAT49,corporate
US29717PAU12,corporate
US29717PAV94,corporate
US29717PAW77,corporate
US29717PAY34,corporate
US29717PAZ09,corporate
US29717PBA49,corporate
US29717PBB22,corporate
US29717PBD87,corporate
US29731QAC15,government
US29731QAE70,government
US29731QAF46,government
US29736RAA86,corporate
US29736RAC43,corporate
US29736RAF73,corporate
US29736RAG56,corporate
US29736RAJ95,corporate
US29736RAK68,corporate
US29736RAM25,corporate
US29736RAP55,corporate
US29736RAQ39,corporate
US29736RAR12,corporate
US29736RAS94,corporate
US29736RAT77,corporate
US29736RAU41,corporate
US29736RAV24,corporate
US29786AAJ51,corporate
US29786AAL08,corporate
US29786AAN63,corporate
US29786AAQ94,corporate
US298736AL30,corporate
US298785DV50,government
US298785HM16,government
US298785JA59,government
US298785JE71,government
US298785JH03,government
US298785JJ68,government
US298785JL15,government
US298785JN70,government
US298785JP29,government
US298785JQ02,government
US298785JR84,government
US298785JT41,government
US298785JU14,government
US298785JV96,government
US298785JW79,government
US298785JY36,government
US298785JZ01,government
US298785KA31,government
US298785KB14,government
US298785KC96,government
US298785KD79,government
US298785KE52,government
US298785KF28,government
US298785KG01,government
US298785KH83,government
US298785KJ40,government
US298785KK13,government
US298785KL95,government
US298785KM78,government
US298785KN51,government
US298785KP00,government
US298785KR65,government
US298785KS49,government
US298785KT22,government
US29878TAD63,government
US29878TFD19,government
US29878TFE91,government
US29881WAF95,government
US29881WAG78,government
US29882DAB91,corporate
US29882DAC74,corporate
US299808AF21,corporate
US299808AH86,corporate
US299808AJ43,corporate
US30034WAB28,corporate
US30034WAD83,corporate
US30034WAE66,corporate
US30034WAF32,corporate
US30034WAG15,corporate
US30036FAA93,corporate
US30036FAB76,corporate
US30036FAC59,corporate
US30036FAD33,corporate
US30036FAE16,corporate
US30036FAF80,corporate
US30037DAA37,corporate
US30037DAB10,corporate
US30037DAD75,corporate
US30037DAE58,corporate
US30040WAE84,corporate
US30040WAF59,corporate
US30040WAH16,corporate
US30040WAK45,corporate
US30040WAL28,corporate
US30040WAP32,corporate
US30040WAQ15,corporate
US30040WAR97,corporate
US30040WAT53,corporate
US30040WAU27,corporate
US30040WAW82,corporate
US30040WAX65,corporate
US30040WAY49,corporate
US30040WAZ14,corporate
US30040WBA53,corporate
US30040WBB37,corporate
US30040WBC10,corporate
US30040WBD92,corporate
US30050BAH42,corporate
US30161MAG87,corporate
US30161MAJ27,corporate
US30161MAN39,corporate
US30161NAC56,corporate
US30161NAQ43,corporate
US30161NAS09,corporate
US30161NAV38,corporate
US30161NAX93,corporate
US30161NAY76,corporate
US30161NBB64,corporate
US30161NBE04,corporate
US30161NBH35,corporate
US30161NBJ90,corporate
US30161NBK63,corporate
US30161NBL47,corporate
US30161NBM20,corporate
US30161NBN03,corporate
US30161NBQ34,corporate
US30161NBR17,corporate
US30161NBS99,corporate
US30161NBV29,corporate
US30190A2033,corporate
US30190A6091,corporate
US30190AAC80,corporate
US30190AAF12,corporate
US30190AAG94,corporate
US30212PAP09,corporate
US30212PAR64,corporate
US30212PBH73,corporate
US30212PBK03,corporate
US30212PBL85,corporate
US30212PBM68,corporate
US302154EH84,government
US302154EJ41,government
US302154EK14,government
US302154EL96,government
US302154EQ83,government
US302154ER66,government
US302154ES40,government
US302154ET23,government
US302154EV78,government
US302154EW51,government
US30216BJR42,government
US30216BJW37,government
US30216BKC53,government
US30216BKF84,government
US30216BKG67,government
US30216BKH41,government
US30216BKK79,government
US30216BKT88,government
US30219GAN88,corporate
US30219GAP37,corporate
US30225VAF40,corporate
US30225VAG23,corporate
US30225VAH06,corporate
US30225VAJ61,corporate
US30225VAK35,corporate
US30225VAM90,corporate
US30225VAN73,corporate
US30225VAP22,corporate
US30225VAQ05,corporate
US30225VAR87,corporate
US30225VAS60,corporate
US30225VAT44,corporate
US30225VAU17,corporate
US30225VAV99,corporate
US30225VAW72,corporate
US30231GAN25,corporate
US30231GAW24,corporate
US30231GAY89,corporate
US30231GAZ54,corporate
US30231GBE17,corporate
US30231GBF81,corporate
US30231GBG64,corporate
US30231GBJ04,corporate
US30231GBK76,corporate
US30231GBM33,corporate
US30231GBN16,corporate
US302445AE15,corporate
US302491AU91,corporate
US302491AV74,corporate
US302491AX31,corporate
US302491AY14,corporate
US302491AZ88,corporate
US302520AD30,corporate
US302570AW69,corporate
US302635AH04,corporate
US302635AK33,corporate
US302635AL16,corporate
US302635AM98,corporate
US302635AN71,corporate
US302635AP20,corporate
US302635AQ03,corporate
US30263YAC84,corporate
US30303M8G02,corporate
US30303M8H84,corporate
US30303M8J41,corporate
US30303M8K14,corporate
US30303M8L96,corporate
US30303M8M79,corporate
US30303M8N52,corporate
US30303M8Q83,corporate
US30303M8R66,corporate
US30303M8S40,corporate
US30303M8T23,corporate
US30303M8U95,corporate
US30303M8V78,corporate
US30303M8W51,corporate
US30303M8X35,corporate
US30303M8Y18,corporate
US30303MAB81,corporate
US30303MAC64,corporate
US30303MAD48,corporate
US30303MAE21,corporate
US30303MAF95,corporate
US30303MAG78,corporate
US30303MAH51,corporate
US30303MAJ18,corporate
US30303MAK80,corporate
US30303MAL63,corporate
US303075AA30,corporate
US303075AB13,corporate
US30321M2C38,corporate
US30321M2D11,corporate
US303901AE28,corporate
US303901BB79,corporate
US303901BF83,corporate
US303901BJ06,corporate
US303901BL51,corporate
US303901BN18,corporate
US303901BR22,corporate
US303901BU50,corporate
US303901BX99,corporate
US303901BY72,corporate
US305734AB11,corporate
US305734AC93,corporate
US30767EAE95,corporate
US30767EAF60,corporate
US31188VAD29,corporate
US3128X75U40,government
US3128X9MF45,government
US3128X9MG28,government
US312902LX55,government
US3130A0AT79,government
US3130A2AU09,government
US3130A2VE38,government
US3130A35M26,government
US3130A35P56,government
US3130A3DU54,government
US3130A3VD38,government
US3130A5ND77,government
US3130A5VM84,government
US3130A6RM14,government
US3130A8XY44,government
US3130A9YY18,government
US3130AAJM16,government
US3130AAZ921,government
US3130ACDQ40,government
US3130ACUP73,government
US3130AE5L00,government
US3130AE7F14,government
US3130AEB254,government
US3130AECH16,government
US3130AECN83,government
US3130AECR97,government
US3130AEFG06,government
US3130AEHA18,government
US3130AEJQ42,government
US3130AES688,government
US3130AF3Z86,government
US3130AFEC75,government
US3130AFES28,government
US3130AFFX04,government
US3130AFG920,government
US3130AFGQ44,government
US3130AFGX94,government
US3130AFLC92,government
US3130AGDY87,government
US3130AGE766,government
US3130AGME23,government
US3130AGUW39,government
US3130AGVG79,government
US3130AH6Y49,government
US3130AHCK75,government
US3130AHHC05,government
US3130AHKT92,government
US3130AHLY78,government
US3130AHVE05,government
US3130AHX400,government
US3130AJ4B28,government
US3130AJ4C01,government
US3130AJ6A27,government
US3130AJB246,government
US3130AJB998,government
US3130AJD713,government
US3130AJD978,government
US3130AJH367,government
US3130AJJD26,government
US3130AJKB41,government
US3130AJKS75,government
US3130AJL310,government
US3130AJL492,government
US3130AJLR83,government
US3130AJLW78,government
US3130AJMA40,government
US3130AJMH92,government
US3130AJN704,government
US3130AJNT22,government
US3130AJNU94,government
US3130AJP782,government
US3130AJQH56,government
US3130AJSP54,government
US3130AJSQ38,government
US3130AJT669,government
US3130AJTG47,government
US3130AJWG00,government
US3130AJXZ71,government
US3130AJYK93,government
US3130AJYS20,government
US3130AJYZ62,government
US3130AK3M65,government
US3130AK5K81,government
US3130AK5L64,government
US3130AK6K72,government
US3130AK6X93,government
US3130AKA634,government
US3130AKAG11,government
US3130AKBS40,government
US3130AKC465,government
US3130AKCK05,government
US3130AKCM60,government
US3130AKJT41,government
US3130AKK880,government
US3130AKK963,government
US3130AKLU85,government
US3130AKM456,government
US3130AKM522,government
US3130AKML77,government
US3130AKMW33,government
US3130AKNB86,government
US3130AKP590,government
US3130AKPD25,government
US3130AKQ580,government
US3130AKQB59,government
US3130AKRE89,government
US3130AKST40,government
US3130AKT485,government
US3130AKTV86,government
US3130AKU798,government
US3130AKUJ30,government
US3130AKVB94,government
US3130AKVC77,government
US3130AKVG81,government
US3130AKVH64,government
US3130AKVM59,government
US3130AKX503,government
US3130AKX925,government
US3130AKXG63,government
US3130AKXN15,government
US3130AKYH38,government
US3130AKYN06,government
US3130AKYP53,government
US3130AKZN96,government
US3130AKZW95,government
US3130AKZZ27,government
US3130AL2N30,government
US3130AL2V55,government
US3130AL2Z69,government
US3130AL3G79,government
US3130AL3X03,government
US3130AL4A90,government
US3130AL5A81,government
US3130AL5M20,government
US3130AL5S99,government
US3130AL5Z33,government
US3130AL6H26,government
US3130ALA202,government
US3130ALA871,government
US3130ALAT15,government
US3130ALBC70,government
US3130ALBS23,government
US3130ALC935,government
US3130ALCE28,government
US3130ALDA96,government
US3130ALDT87,government
US3130ALDY72,government
US3130ALE915,government
US3130ALEB60,government
US3130ALED27,government
US3130ALEQ30,government
US3130ALF417,government
US3130ALF904,government
US3130ALFE90,government
US3130ALGF56,government
US3130ALGL25,government
US3130ALGU24,government
US3130ALGX62,government
US3130ALH801,government
US3130ALK375,government
US3130ALKT05,government
US3130ALKW34,government
US3130ALLW25,government
US3130ALMB78,government
US3130ALND26,government
US3130ALQ315,government
US3130ALQR84,government
US3130ALSS40,government
US3130ALU366,government
US3130ALW834,government
US3130ALWG55,government
US3130ALZD97,government
US3130ALZE70,government
US3130ALZW78,government
US3130ALZZ00,government
US3130AM2A90,government
US3130AM4Y58,government
US3130AM6D93,government
US3130AMGK25,government
US3130AMHR68,government
US3130AMJS24,government
US3130AMJU79,government
US3130AMMA78,government
US3130AMQH85,government
US3130AMQX36,government
US3130AMSE37,government
US3130AMV909,government
US3130AMVN98,government
US3130AMWE80,government
US3130AMWP38,government
US3130AMXP29,government
US3130AMZY18,government
US3130AN2K54,government
US3130AN2N93,government
US3130AN3Z15,government
US3130AN7H70,government
US3130ANAE02,government
US3130ANBQ23,government
US3130ANGS34,government
US3130ANPJ34,government
US3130ANS275,government
US3130ANS432,government
US3130ANSS06,government
US3130ANTB61,government
US3130ANTD28,government
US3130ANUJ78,government
US3130ANUK42,government
US3130ANW715,government
US3130ANWT33,government
US3130ANXN53,government
US3130ANXU96,government
US3130ANYN45,government
US3130ANZR40,government
US3130AP2C83,government
US3130AP3C74,government
US3130AP5A90,government
US3130AP5Y76,government
US3130AP6M20,government
US3130APAC93,government
US3130APB797,government
US3130APB870,government
US3130APBS37,government
US3130APCH62,government
US3130APD447,government
US3130APD777,government
US3130APEP60,government
US3130APER27,government
US3130APFR18,government
US3130APGP43,government
US3130APHL20,government
US3130APHT55,government
US3130APJ550,government
US3130APJZ97,government
US3130APKN49,government
US3130APL291,government
US3130APLC74,government
US3130APLH61,government
US3130APLK90,government
US3130APLP87,government
US3130APPZ24,government
US3130APQ407,government
US3130APQB47,government
US3130APQP33,government
US3130APQW83,government
US3130APQZ15,government
US3130APTF24,government
US3130APU789,government
US3130APUG87,government
US3130APVJ18,government
US3130APWD39,government
US3130APWE12,government
US3130APWY75,government
US3130APXT71,government
US3130APXV28,government
US3130APY666,government
US3130APZA62,government
US3130AQ3Q43,government
US3130AQ5Q25,government
US3130AQ6C20,government
US3130AQ6Q16,government
US3130AQ7F42,government
US3130AQAY96,government
US3130AQER00,government
US3130AQF655,government
US3130AQHM85,government
US3130AQHS55,government
US3130AQJG99,government
US3130AQJQ71,government
US3130AQKX04,government
US3130AQL844,government
US3130AQLD31,government
US3130AQLW12,government
US3130AQMK64,government
US3130AQMM21,government
US3130AQMS90,government
US3130AQPE77,government
US3130AQPR80,government
US3130AQRH80,government
US3130AQSA29,government
US3130AQT862,government
US3130AQTC75,government
US3130AQTU73,government
US3130AQUD30,government
US3130AQUL55,government
US3130AQUT81,government
US3130AQUZ42,government
US3130AQVB64,government
US3130AQXB47,government
US3130AQXL29,government
US3130AQYA54,government
US3130AQYG25,government
US3130AQZH98,government
US3130AQZS53,government
US3130AR2H35,government
US3130AR5K37,government
US3130AR6D84,government
US3130AR7E58,government
US3130ARA761,government
US3130ARAH47,government
US3130ARAL58,government
US3130ARAX96,government
US3130ARB348,government
US3130ARBF71,government
US3130ARBW05,government
US3130ARDJ75,government
US3130ARDQ19,government
US3130ARDV04,government
US3130ARDY43,government
US3130ARF554,government
US3130ARG214,government
US3130ARGM77,government
US3130ARGW59,government
US3130ARHJ30,government
US3130ARHX24,government
US3130ARJ283,government
US3130ARJC68,government
US3130ARJM41,government
US3130ARJR38,government
US3130ARKL49,government
US3130ARM576,government
US3130ARM998,government
US3130ARPB12,government
US3130ARPD77,government
US3130ARQH72,government
US3130ARQQ71,government
US3130ARR781,government
US3130ARSR37,government
US3130ARTE15,government
US3130ARTX95,government
US3130ARU256,government
US3130ARUB56,government
US3130ARUL39,government
US3130ARUR09,government
US3130ARV247,government
US3130AS3N75,government
US3130AS4E67,government
US3130AS5M74,government
US3130AS5N57,government
US3130AS6T19,government
US3130AS7J28,government
US3130ASD631,government
US3130ASDM87,government
US3130ASHW24,government
US3130ASJP54,government
US3130ASRF80,government
US3130ASSU49,government
US3130ASU569,government
US3130ASWU92,government
US3130ASWX32,government
US3130AT4C83,government
US3130ATBZ91,government
US3130ATCE53,government
US3130ATHW07,government
US3130ATHX89,government
US3130ATHY62,government
US3130ATQQ38,government
US3130ATS579,government
US3130ATUS48,government
US3130ATUT21,government
US3130ATVE43,government
US3130ATVX24,government
US3130ATYN15,government
US3130AUF335,government
US3130AUQN79,government
US3130AV4W93,government
US3130AV4X76,government
US3130AV5P34,government
US3130AVBC52,government
US3130AVBD36,government
US3130AVWG38,government
US3130AWBZ21,government
US3130AWC247,government
US3130AWGS33,government
US3130AWM238,government
US3130AWMN71,government
US3130AWMP20,government
US3130AWN301,government
US3130AWN632,government
US3130AWTQ30,government
US3130AWTR13,government
US3130AWTS95,government
US3130AWV239,government
US3130AWWN61,government
US3130AX3T38,government
US3130AX6T01,government
US3130AXBH06,government
US3130AXCN64,government
US3130AXCP13,government
US3130AXEN47,government
US3130AXEY02,government
US3130AXEZ76,government
US3130AXLM80,government
US3130AXQ500,government
US3130AXQJ07,government
US3130AXQK79,government
US3130AXQL52,government
US3130AXQY73,government
US3130AXQZ49,government
US3130AXU635,government
US3130AY3N40,government
US3130AYHX74,government
US3130AYPN01,government
US3130AYQM19,government
US3130AYRS79,government
US3130AYVR41,government
US3130AYW852,government
US3130AYWZ57,government
US3130B02H13,government
US3130B02K42,government
US3130B04R76,government
US3130B0A906,government
US3130B0BV07,government
US3130B0KP38,government
US3130B0KS76,government
US3130B0LH03,government
US3130B0PD52,government
US3130B0QR30,government
US3130B0QY80,government
US3130B0TY53,government
US3130B0WC96,government
US3130B0X874,government
US3130B0XX25,government
US3130B0YM50,government
US3130B0Z515,government
US3130B13Y19,government
US3130B14R58,government
US3130B17G66,government
US3130B1BC09,government
US3130B1CB17,government
US3130B1EF03,government
US3130B1FS15,government
US3130B1G505,government
US3130B1JQ13,government
US3130B1MB07,government
US3130B1P506,government
US3130B1TP20,government
US3130B1TX53,government
US3130B27L34,government
US3130B2GZ22,government
US3130B2H659,government
US3130B2HK44,government
US3130B2JE65,government
US3130B2KB08,government
US3130B2NP66,government
US3130B2NR23,government
US3130B2PJ88,government
US3130B2Q320,government
US3130B2RN72,government
US3130B2TT25,government
US3130B2TW53,government
US3130B2UG84,government
US3130B2VC61,government
US3130B2VH58,government
US3130B2VT96,government
US3130B2VV43,government
US3130B2W765,government
US3130B2X839,government
US3130B2XK69,government
US3130B2YD18,government
US3130B2YH22,government
US3130B2ZW89,government
US3130B32C61,government
US3130B32M44,government
US3130B32X09,government
US3130B33Z48,government
US3130B34N09,government
US3130B34T78,government
US3130B34X80,government
US3130B35R04,government
US3130B36A69,government
US3130B37H04,government
US3130B37M98,government
US3130B3A298,government
US3130B3A868,government
US3130B3BE21,government
US3130B3BK80,government
US3130B3BW29,government
US3130B3C765,government
US3130B3CC55,government
US3130B3DG50,government
US3130B3DK62,government
US3130B3DL46,government
US3130B3E332,government
US3130B3EG42,government
US3130B3ES89,government
US3130B3EW91,government
US3130B3F735,government
US3130B3FJ71,government
US3130B3GH07,government
US3130B3JX20,government
US3130B3KF94,government
US3130B3L279,government
US3130B3L501,government
US3130B3LB71,government
US3130B3LR24,government
US3130B3MZ31,government
US3130B3N663,government
US3130B3NA70,government
US3130B3NM19,government
US3130B3PA52,government
US3130B3PJ61,government
US3130B3Q971,government
US3130B3QA44,government
US3130B3QL09,government
US3130B3QY20,government
US3130B3R961,government
US3130B3RB18,government
US3130B3SZ76,government
US3130B3UB70,government
US3130B3UN19,government
US3130B3UR23,government
US3130B3W250,government
US3130B3W748,government
US3130B3WQ22,government
US3130B3WS87,government
US3130B3X324,government
US3130B3XP30,government
US3130B3YD90,government
US3130B42R13,government
US3130B45L16,government
US3130B4AJ00,government
US3130B4BJ90,government
US3130B4C417,government
US3130B4D654,government
US3130B4DX66,government
US3130B4FG16,government
US3130B4G707,government
US3130B4H879,government
US3130B4HT19,government
US3130B4J362,government
US3130B4K345,government
US3130B4LZ23,government
US3130B4MD02,government
US3130B4MJ71,government
US3130B4N562,government
US3130B4NT45,government
US3130B4NZ05,government
US3130B4QS35,government
US3130B4RJ27,government
US3130B4TY75,government
US3130B4U666,government
US3130B4V243,government
US3130B4V995,government
US3130B4XB27,government
US3130B4XC00,government
US3130B4XD82,government
US3130B4XW63,government
US3130B4Y213,government
US3130B4ZP94,government
US3130B4ZS34,government
US3130B4ZX29,government
US3130B53G12,government
US3130B55Y00,government
US3130B56K96,government
US3130B56L79,government
US3130B5BY33,government
US3130B5CJ56,government
US3130B5DB12,government
US3130B5F862,government
US3130B5FV57,government
US3130B5J583,government
US3130B5JK56,government
US3130B5JM13,government
US3130B5K649,government
US3130B5L712,government
US3130B5LQ98,government
US3130B5LT38,government
US3130B5P937,government
US3130B5Q505,government
US3130B5RP51,government
US3130B5SA73,government
US3130B5SC30,government
US3130B5SD13,government
US3130B5SS81,government
US3130B5SX76,government
US3130B5UB29,government
US3130B5VA37,government
US3130B5WX21,government
US3130B5XP87,government
US3130B5ZX93,government
US3130B62B16,government
US3130B63D62,government
US3130B63E46,government
US3130B63G93,government
US3130B64H67,government
US3130B64L79,government
US3130B65V43,government
US3130B65Z56,government
US3130B66C52,government
US3130B67M26,government
US3130B6BH82,government
US3130B6CF18,government
US3130B6CN42,government
US3130B6DA12,government
US3130B6E772,government
US3130B6EA03,government
US3130B6EK84,government
US3130B6EX06,government
US3130B6EY88,government
US3130B6G835,government
US3130B6G918,government
US3130B6GX87,government
US3130B6H254,government
US3130B6HM14,government
US3130B6HY51,government
US3130B6HZ27,government
US3130B6JF45,government
US3130B6JJ66,government
US3130B6JM95,government
US3130B6KA39,government
US3130B6KB12,government
US3130B6KZ89,government
US3130B6L611,government
US3130B6L959,government
US3130B6LK02,government
US3130B6MF08,government
US3130B6N286,government
US3130B6QE96,government
US3130B6QH28,government
US3130B6QS82,government
US3130B6R246,government
US3130B6RA65,government
US3130B6RQ18,government
US3130B6RT56,government
US3130B6SG27,government
US3130B6SZ08,government
US3130B6TR72,government
US3130B6TT39,government
US3130B6TZ98,government
US3130B6UH71,government
US3130B6UK01,government
US3130B6V297,government
US3130B6VP88,government
US3130B6VT01,government
US3130B6WC66,government
US3130B6WD40,government
US3130B6WE23,government
US3130B6WR36,government
US3130B6X509,government
US3130B6XG61,government
US3130B6YS90,government
US3130B6Z330,government
US3130B6ZU38,government
US3130B6ZW93,government
US3130B6ZX76,government
US3130B72E37,government
US3130B72L79,government
US3130B72P83,government
US3130B72Q66,government
US3130B73S14,government
US3130B75X80,government
US3130B75Y63,government
US3130B76F65,government
US3130B76G49,government
US3130B76J87,government
US3130B76W98,government
US3130B7AG91,government
US3130B7AJ31,government
US3130B7BA13,government
US3130B7BK94,government
US3130B7BM50,government
US3130B7CH56,government
US3130B7CK85,government
US3130B7DT85,government
US3130B7DY70,government
US3130B7E754,government
US3130B7EM24,government
US3130B7EW06,government
US3130B7FE98,government
US3130B7FV14,government
US3130B7GK40,government
US3130B7HF46,government
US3130B7HU13,government
US3130B7J548,government
US3130B7K520,government
US3130B7K785,government
US3130B7KP80,government
US3130B7L288,government
US3130B7LD42,government
US3130B7LH55,government
US3130B7LJ12,government
US3130B7LK84,government
US3130B7LX06,government
US3130B7LY88,government
US3130B7ME16,government
US3130B7MF80,government
US3130B7MG63,government
US3130B7MJ03,government
US3130B7MK75,government
US3130B7MM32,government
US3130B7N599,government
US3130B7NH38,government
US3130B7NW05,government
US3130B7NZ36,government
US3130B7PD06,government
US3130B7Q808,government
US3130B7QA57,government
US3130B7QC14,government
US3130B7QD96,government
US3130B7QE79,government
US3130B7QM95,government
US3130B7QT49,government
US3130B7QU12,government
US3130B7QV94,government
US3130B7QW77,government
US3130B7QZ09,government
US3130B7R228,government
US3130B7RL04,government
US3130B7RM86,government
US3130B7RR73,government
US3130B7RS56,government
US3130B7RV85,government
US3130B7S473,government
US3130B7S549,government
US3130B7S622,government
US3130B7S705,government
US3130B7SA30,government
US3130B7SJ49,government
US3130B7SK12,government
US3130B7SL94,government
US3130B7SS48,government
US3130B7SW59,government
US3130B7TR55,government
US3130B7U859,government
US3130B7UA02,government
US3130B7UG71,government
US3130B7V436,government
US3130B7V683,government
US3130B7V923,government
US3130B7VC58,government
US3130B7W343,government
US3130B7W830,government
US3130B7W913,government
US3130B7WU48,government
US3130B7WX86,government
US3130B7XA74,government
US3130B7XN95,government
US3130B7Y653,government
US3130B7YJ74,government
US3130B7YS73,government
US3130B7ZC13,government
US3130B7ZE78,government
US3130B7ZQ09,government
US3130B82D36,government
US3130B82F83,government
US3130B82R22,government
US3130B82S05,government
US3130B82U50,government
US3130B83U42,government
US3130B84J87,government
US3130B84M17,government
US3130B84W98,government
US3130B85M08,government
US3130B85W89,government
US3130B85Y46,government
US3130B85Z11,government
US3130B86U15,government
US3130B86V97,government
US3130B86Y37,government
US3130B87D80,government
US3130B8A859,government
US3130B8A933,government
US3130B8AK86,government
US3130B8AL69,government
US3130B8AM43,government
US3130B8BC51,government
US3130B8BD35,government
US3130B8BF82,government
US3130B8BG65,government
US3130B8BH49,government
US3130B8BZ47,government
US3130B8C426,government
US3130B8C673,government
US3130B8C756,government
US3130B8CA86,government
US3130B8CN08,government
US3130B8CP55,government
US3130B8DD17,government
US3130B8DF64,government
US3130B8DJ86,government
US3130B8DV15,government
US3130B8DX70,government
US3130B8DY53,government
US3130B8ED08,government
US3130B8EH12,government
US3130B8EM07,government
US3130B8EN89,government
US3130B8EZ10,government
US3130B8F312,government
US3130B8FL15,government
US3130B8FU14,government
US3130B8FV96,government
US3130B8GD89,government
US3130B8GJ59,government
US3130B8GP10,government
US3130B8GR75,government
US3130B8H391,government
US3130B8H888,government
US3130B8HC97,government
US3130B8HE53,government
US3130B8HJ41,government
US3130B8HK14,government
US3130B8HL96,government
US3130B8HT23,government
US3130B8HZ82,government
US3130B8JJ23,government
US3130B8JK95,government
US3130B8JL78,government
US3130B8K353,government
US3130B8K684,government
US3130B8K841,government
US3130B8KA94,government
US3130B8KB77,government
US3130B8KL59,government
US3130B8KM33,government
US3130B8KN16,government
US3130B8KX97,government
US3130B8KY70,government
US3130B8KZ46,government
US3130B8L674,government
US3130B8L757,government
US3130B8LA85,government
US3130B8LP54,government
US3130B8LQ38,government
US3130B8LU40,government
US3130B8MB59,government
US3130B8MC33,government
US3130B8MD16,government
US3130B8MQ29,government
US3130B8N324,government
US3130B8N993,government
US3130B8NJ76,government
US3130B8NW87,government
US3130B8P303,government
US3130B8P550,government
US3130B8PN60,government
US3130B8PP19,government
US3130B8PQ91,government
US3130B8QB14,government
US3130B8QD79,government
US3130B8QP00,government
US3130B8QY17,government
US3130B8RF19,government
US3130B8RG91,government
US3130B8RH74,government
US3130B8S372,government
US3130B8S455,government
US3130B8S521,government
US3130B8SG82,government
US3130B8SY98,government
US3130B8T446,government
US3130B8T511,government
US3130B8TE26,government
US3130B8TK85,government
US3130B8TM42,government
US3130B8TN25,government
US3130B8TP72,government
US3130B8TZ54,government
US3130B8U345,government
US3130B8UA84,government
US3130B8UD24,government
US3130B8UF71,government
US3130B8UH38,government
US3130B8UR10,government
US3130B8UY60,government
US3130B8VT66,government
US3130B8VZ27,government
US3130B8W739,government
US3130B8WT57,government
US3130B8WU21,government
US3130B8WV04,government
US3130B8X497,government
US3130B8X646,government
US3130B8X729,government
US3130B8X802,government
US3130B8XA57,government
US3130B8XC14,government
US3130B8XF45,government
US3130B8XG28,government
US3130B8XH01,government
US3130B8XN78,government
US3130B8XT49,government
US3130B8Y552,government
US3130B8Y891,government
US3130B8YF36,government
US3130B8YG19,government
US3130B8YH91,government
US3130B8YL04,government
US3130B8Z211,government
US3130B8Z476,government
US3130B8Z625,government
US3130B8ZB13,government
US3130B8ZC95,government
US3130B8ZU93,government
US3130B8ZZ80,government
US3130B92E90,government
US3130B92G49,government
US3130B92U33,government
US3130B92V16,government
US3130B92W98,government
US3130B92Y54,government
US3130B93D09,government
US3130B93E81,government
US3130B93L25,government
US3130B93N80,government
US3130B93P39,government
US3130B93R94,government
US3130B93T50,government
US3130B93V07,government
US3130B94J69,government
US3130B94K33,government
US3130B94L16,government
US3130B94S68,government
US3130B95Q93,government
US3130B95T33,government
US3130B96B16,government
US3130B96F20,government
US3130B96J42,government
US3130B96K15,government
US3130B96U96,government
US3130B96V79,government
US3130B9A261,government
US3130B9A915,government
US3130B9AC44,government
US3130B9AG57,government
US3130B9AH31,government
US3130B9AK69,government
US3130B9AT78,government
US3130B9AV25,government
US3130B9AW08,government
US3130B9B665,government
US3130B9BE90,government
US3130B9BN99,government
US3130B9BQ21,government
US3130B9BS86,government
US3130B9BX71,government
US3130B9BY54,government
US3130B9C242,government
US3130B9CF56,government
US3130B9D646,government
US3130B9DM98,government
US3130B9E305,government
US3130B9E487,government
US3130B9E552,government
US3130B9E636,government
US3130B9EC08,government
US3130B9ED80,government
US3130B9EV88,government
US3130B9EX45,government
US3130B9F625,government
US3130B9FF20,government
US3130B9FK15,government
US3130B9FN53,government
US3130B9GC89,government
US3130B9GE46,government
US3130B9GF11,government
US3130B9GL88,government
US3130B9GW44,government
US3130B9H860,government
US3130B9HA15,government
US3130B9HB97,government
US3130B9HD53,government
US3130B9HE37,government
US3130B9HT06,government
US3130B9HX18,government
US3130B9JB79,government
US3130B9JD36,government
US3130B9JQ49,government
US3130B9JS05,government
US3130B9K336,government
US3130B9K419,government
US3130B9K740,government
US3130B9K906,government
US3130B9KA77,government
US3130B9KB50,government
US3130B9KF64,government
US3130B9KG48,government
US3130B9KJ86,government
US3130B9KT68,government
US3130B9KU32,government
US3130B9KV15,government
US3130B9KW97,government
US3130B9KX70,government
US3130B9KY53,government
US3130B9KZ29,government
US3130B9L730,government
US3130B9LF55,government
US3130B9LG39,government
US3130B9LL24,government
US3130B9LN89,government
US3130B9LQ11,government
US3130B9LR93,government
US3130B9LS76,government
US3130B9LT59,government
US3130B9LV06,government
US3130B9LX61,government
US3130B9M647,government
US3130B9MB33,government
US3130B9ME71,government
US3130B9MF47,government
US3130B9MJ68,government
US3130B9MK32,government
US3130B9MQ02,government
US3130B9NB24,government
US3130B9ND89,government
US3130B9NV87,government
US3130B9NW60,government
US3130B9NX44,government
US3130B9P384,government
US3130B9P467,government
US3130B9PF10,government
US3130B9PJ32,government
US3130B9PL87,government
US3130B9PM60,government
US3130B9PZ73,government
US3130B9Q291,government
US3130B9Q374,government
US3130B9Q606,government
US3130B9QB96,government
US3130B9QC79,government
US3130B9QH66,government
US3130B9QT05,government
US3130B9QU77,government
US3130B9R695,government
US3130B9RC60,government
US3130B9RF91,government
US3130B9RM43,government
US3130B9RQ56,government
US3130B9RT95,government
US3130B9RX08,government
US3130B9S271,government
US3130B9SJ05,government
US3130B9SQ48,government
US3130B9T832,government
US3130B9TC43,government
US3130B9TD26,government
US3130B9TF73,government
US3130B9TG56,government
US3130B9TT77,government
US3130B9U731,government
US3130B9U814,government
US3130B9UR92,government
US3130B9UT58,government
US3130B9VD97,government
US3130B9VG29,government
US3130B9VU13,government
US3130B9VW78,government
US3130B9VY35,government
US3130B9VZ00,government
US3130B9W976,government
US3130B9WC06,government
US3130B9WM87,government
US3130B9WU04,government
US3130B9WW69,government
US3130B9WX43,government
US3130B9WY26,government
US3130B9X214,government
US3130B9XD79,government
US3130B9XF28,government
US3130B9XS49,government
US3130B9Y873,government
US3130B9YG91,government
US3130B9YS30,government
US3130B9ZA13,government
US3130B9ZC78,government
US3130BA2G14,government
US3130BA2K26,government
US3130BA3D73,government
US3130BA3H87,government
US3130BA4A26,government
US3130BA4V62,government
US3130BA4Z76,government
US3130BA5F04,government
US3130BA5G86,government
US3130BA6A08,government
US3130BA6D47,government
US3130BA6P76,government
US3130BA6Q59,government
US3130BA7K70,government
US3130BAA567,government
US3130BAA724,government
US3130BAAR84,government
US3130BAAW79,government
US3130BAB631,government
US3130BAB979,government
US3130BABB24,government
US3130BABQ92,government
US3130BABR75,government
US3130BABS58,government
US3130BAC969,government
US3130BACC97,government
US3130BACL96,government
US3130BACN52,government
US3130BADA23,government
US3130BADG92,government
US3130BADJ32,government
US3130BADZ73,government
US3130BAE601,government
US3130BAE783,government
US3130BAEQ65,government
US3130BAEZ64,government
US3130BAF772,government
US3130BAFB87,government
US3130BAFW25,government
US3130BAFX08,government
US3130BAFY80,government
US3130BAFZ55,government
US3130BAG275,government
US3130BAG358,government
US3130BAG432,government
US3130BAG507,government
US3130BAG929,government
US3130BAGF82,government
US3130BAGH49,government
US3130BAGM34,government
US3130BAGU59,government
US3130BAH422,government
US3130BAHH30,government
US3130BAHN08,government
US3130BAHY62,government
US3130BAJH12,government
US3130BAJQ11,government
US3130BAJX61,government
US3130BAJZ10,government
US3130BAK483,government
US3130BAKG10,government
US3130BAKQ91,government
US3130BAKS57,government
US3130BAKU04,government
US3130BAKV86,government
US3130BAKW69,government
US3130BAKY26,government
US3130BAL549,government
US3130BALW50,government
US3130BAMZ72,government
US3130BAND51,government
US3130BANJ22,government
US3130BANK94,government
US3130BANP81,government
US3130BANX16,government
US3130BAP276,government
US3130BAP920,government
US3130BAPA94,government
US3130BAPC50,government
US3130BAPJ04,government
US3130BAPQ47,government
US3130BAPR20,government
US3130BAQ597,government
US3130BAQ670,government
US3130BAQG55,government
US3130BAQJ94,government
US3130BAQM24,government
US3130BAQP54,government
US3130BAQV23,government
US3130BAR413,government
US3130BAR660,government
US3130BAR744,government
US3130BAR827,government
US3130BARA76,government
US3130BARW96,government
US3130BASR92,government
US3130BASY44,government
US3130BAT492,government
US3130BAT989,government
US3130BATA58,government
US3130BATE70,government
US3130BATX51,government
US3130BAUC95,government
US3130BAUF27,government
US3130BAUH82,government
US3130BAUJ49,government
US3130BAUR64,government
US3130BAUT21,government
US3130BAVL85,government
US3130BAVP99,government
US3130BAVU84,government
US3130BAVX24,government
US3130BAVY07,government
US3130BAW785,government
US3130BAWR47,government
US3130BAWS20,government
US3130BAXK84,government
US3130BAXU66,government
US3130BAXV40,government
US3130BAXX06,government
US3130BAY682,government
US3130BAY922,government
US3130BAYB76,government
US3130BAYE16,government
US3130BAYF80,government
US3130BAYG63,government
US3130BAYJ03,government
US3130BAYK75,government
US3130BAYM32,government
US3130BAYX96,government
US3130BAYY79,government
US3130BAYZ45,government
US3130BAZ598,government
US3130BAZE07,government
US3130BAZH38,government
US3130BAZP53,government
US3130BAZT75,government
US3130BB2E48,government
US3130BB2V62,government
US3130BB2W46,government
US3130BB2X29,government
US3130BB3B99,government
US3130BB3D55,government
US3130BB3J26,government
US3130BB3M54,government
US3130BB3Q68,government
US3130BB4P76,government
US3130BB4Q59,government
US3130BB4S16,government
US3130BB4U61,government
US3130BB4V45,government
US3130BB4W28,government
US3130BB5H42,government
US3130BB5K70,government
US3130BB5N10,government
US3130BB6G59,government
US3130BB6W00,government
US3130BB6X82,government
US3130BB7D10,government
US3130BBA623,government
US3130BBA961,government
US3130BBAD71,government
US3130BBAG03,government
US3130BBAK15,government
US3130BBAM70,government
US3130BBAT24,government
US3130BBAW52,government
US3130BBBA24,government
US3130BBBG93,government
US3130BBBJ33,government
US3130BBBL88,government
US3130BBBM61,government
US3130BBBS32,government
US3130BBC868,government
US3130BBCX18,government
US3130BBDF92,government
US3130BBDG75,government
US3130BBDR31,government
US3130BBDS14,government
US3130BBDT96,government
US3130BBDU69,government
US3130BBE922,government
US3130BBED36,government
US3130BBES05,government
US3130BBET87,government
US3130BBFG57,government
US3130BBFZ39,government
US3130BBG414,government
US3130BBGG49,government
US3130BBGN99,government
US3130BBH248,government
US3130BBH578,government
US3130BBH818,government
US3130BBH990,government
US3130BBHA69,government
US3130BBHB43,government
US3130BBHC26,government
US3130BBHD09,government
US3130BBHK42,government
US3130BBHP39,government
US3130BBHW89,government
US3130BBJ970,government
US3130BBJA42,government
US3130BBJB25,government
US3130BBJC08,government
US3130BBJF39,government
US3130BBJG12,government
US3130BBK200,government
US3130BBKK05,government
US3130BBKU86,government
US3130BBKX26,government
US3130BBKZ73,government
US3130BBLG83,government
US3130BBLH66,government
US3130BBLJ23,government
US3130BBLS22,government
US3130BBM362,government
US3130BBM511,government
US3130BBM859,government
US3130BBME27,government
US3130BBMG74,government
US3130BBMM43,government
US3130BBMN26,government
US3130BBMS13,government
US3130BBMT95,government
US3130BBMU68,government
US3130BBMV42,government
US3130BBMW25,government
US3130BBMX08,government
US3130BBMY80,government
US3130BBN279,government
US3130BBN683,government
US3130BBNB78,government
US3130BBNK77,government
US3130BBNT86,government
US3130BBNX98,government
US3130BBP415,government
US3130BBP589,government
US3130BBP746,government
US3130BBP829,government
US3130BBP902,government
US3130BBPK59,government
US3130BBPT68,government
US3130BBPU32,government
US3130BBQ249,government
US3130BBQ322,government
US3130BBQ405,government
US3130BBQ579,government
US3130BBQA68,government
US3130BBQJ77,government
US3130BBQL24,government
US3130BBQM07,government
US3130BBQN89,government
US3130BBQP38,government
US3130BBR312,government
US3130BBR569,government
US3130BBR809,government
US3130BBR981,government
US3130BBRD98,government
US3130BBRH03,government
US3130BBRK32,government
US3130BBRL15,government
US3130BBRP29,government
US3130BBRQ02,government
US3130BBRR84,government
US3130BBRS67,government
US3130BBRX52,government
US3130BBSB24,government
US3130BBSC07,government
US3130BBSG11,government
US3130BBSH93,government
US3130BBSM88,government
US3130BBSN61,government
US3130BBSR75,government
US3130BBSS58,government
US3130BBSU05,government
US3130BBSV87,government
US3130BBSW60,government
US3130BBT391,government
US3130BBT474,government
US3130BBT540,government
US3130BBT623,government
US3130BBT706,government
US3130BBT888,government
US3130BBTD70,government
US3130BBTP01,government
US3130BBTQ83,government
US3130BBTV78,government
US3130BBUF00,government
US3130BBUH65,government
US3130BBUK94,government
US3130BBUL77,government
US3130BBUN34,government
US3130BBUU76,government
US3130BBUV59,government
US3130BBUW33,government
US3130BBUX16,government
US3130BBUY98,government
US3130BBV777,government
US3130BBV934,government
US3130BBVA04,government
US3130BBVK85,government
US3130BBVL68,government
US3130BBVP72,government
US3130BBVQ55,government
US3130BBVT94,government
US3130BBVU67,government
US3130BBVW24,government
US3130BBVX07,government
US3130BBW270,government
US3130BBW437,government
US3130BBW502,government
US3130BBW684,government
US3130BBW841,government
US3130BBWA94,government
US3130BBWN16,government
US3130BBWP63,government
US3130BBWQ47,government
US3130BBWR20,government
US3130BBWS03,government
US3130BBWT85,government
US3130BBX344,government
US3130BBX591,government
US3130BBX674,government
US3130BBX757,government
US3130BBX831,government
US3130BBX914,government
US3130BBXE08,government
US3130BBXF72,government
US3130BBXP54,government
US3130BBXQ38,government
US3130BBXR11,government
US3130BBXS93,government
US3130BBXT76,government
US3130BBXU40,government
US3130BBY250,government
US3130BBY334,government
US3130BBY417,government
US3130BBY664,government
US3130BBY821,government
US3130H0AC73,government
US31315PKS73,government
US31315PQZ52,government
US3132X0ER83,government
US3132X0YQ80,government
US313309AP14,corporate
US31331GBX60,government
US31331GBZ19,government
US31331GKR91,government
US31331J3M39,government
US31331K4L11,government
US31331K4Y32,government
US31331K4Z07,government
US31331KN970,government
US31331KND80,government
US31331KPH76,government
US31331KXG02,government
US31331KY381,government
US31331RN686,government
US31331VMX19,government
US31331VWF92,government
US31331VWK87,government
US31331XBG60,government
US31331XFN75,government
US31331XJL73,government
US31331XQ547,government
US31331XQ703,government
US31331XT855,government
US31331YK902,government
US31331YLB47,government
US31331YRX03,government
US31331YZP86,government
US313376FE02,government
US313379XV63,government
US313381FD22,government
US313382GT48,government
US313383PK11,government
US3133EA4D70,government
US3133EA4E53,government
US3133EA5P91,government
US3133EA6D52,government
US3133EA7F91,government
US3133EA7G74,government
US3133EAB233,government
US3133EABP22,government
US3133EAE799,government
US3133EAG695,government
US3133EAGS16,government
US3133EAGW28,government
US3133EAR429,government
US3133EC3P73,government
US3133EC4R21,government
US3133EC7E80,government
US3133ECA389,government
US3133ECB601,government
US3133ECHQ07,government
US3133ECMS08,government
US3133ECVZ40,government
US3133ECYZ13,government
US3133ED2L50,government
US3133EDEJ73,government
US3133EDEV02,government
US3133EDRR52,government
US3133EE2H21,government
US3133EEA260,government
US3133EEAD23,government
US3133EED728,government
US3133EEE973,government
US3133EEGZ70,government
US3133EEQA10,government
US3133EERU64,government
US3133EEUM02,government
US3133EEVH08,government
US3133EEWA46,government
US3133EEWZ96,government
US3133EF5E36,government
US3133EFBB23,government
US3133EFJD07,government
US3133EFQU49,government
US3133EG2R57,government
US3133EGH245,government
US3133EGN680,government
US3133EGP412,government
US3133EGSP19,government
US3133EGW681,government
US3133EGW764,government
US3133EGWK75,government
US3133EGWL58,government
US3133EH3S04,government
US3133EH3T86,government
US3133EHD341,government
US3133EHHD80,government
US3133EHHE63,government
US3133EHL682,government
US3133EHL765,government
US3133EHNR03,government
US3133EHNS85,government
US3133EHPX52,government
US3133EHPY36,government
US3133EHSP91,government
US3133EHTW34,government
US3133EHUY70,government
US3133EHVB68,government
US3133EHXV05,government
US3133EJ2D08,government
US3133EJ3E71,government
US3133EJ5J41,government
US3133EJ5M79,government
US3133EJ6H75,government
US3133EJA582,government
US3133EJAM19,government
US3133EJCJ61,government
US3133EJD552,government
US3133EJDF31,government
US3133EJE477,government
US3133EJEP04,government
US3133EJEZ85,government
US3133EJFB09,government
US3133EJJJ98,government
US3133EJK995,government
US3133EJM975,government
US3133EJNZ84,government
US3133EJPJ25,government
US3133EJPN37,government
US3133EJQ281,government
US3133EJRM36,government
US3133EJSF75,government
US3133EJV224,government
US3133EJWU96,government
US3133EK2P02,government
US3133EK4C70,government
US3133EK4S23,government
US3133EK5F92,government
US3133EK5G75,government
US3133EK5R31,government
US3133EK6M35,government
US3133EK6Q49,government
US3133EKA309,government
US3133EKBQ86,government
US3133EKDF04,government
US3133EKER33,government
US3133EKFG68,government
US3133EKFQ41,government
US3133EKG751,government
US3133EKGG59,government
US3133EKHK52,government
US3133EKJD91,government
US3133EKJE74,government
US3133EKKA34,government
US3133EKKB17,government
US3133EKQJ88,government
US3133EKQQ22,government
US3133EKTX46,government
US3133EKVA15,government
US3133EKW519,government
US3133EKY424,government
US3133EKY671,government
US3133EL2K96,government
US3133EL2V51,government
US3133EL2Z65,government
US3133EL3J15,government
US3133EL3M44,government
US3133EL4A96,government
US3133EL4D36,government
US3133EL4Q49,government
US3133EL4Y72,government
US3133EL5B60,government
US3133EL5F74,government
US3133EL5K69,government
US3133EL5L43,government
US3133EL5Q30,government
US3133EL5U42,government
US3133EL6C35,government
US3133EL6D18,government
US3133EL6L34,government
US3133EL6N99,government
US3133EL6W98,government
US3133EL7D09,government
US3133ELA208,government
US3133ELB867,government
US3133ELBZ68,government
US3133ELC774,government
US3133ELCU62,government
US3133ELDP68,government
US3133ELEE03,government
US3133ELEH34,government
US3133ELEN02,government
US3133ELEZ32,government
US3133ELGD02,government
US3133ELHH07,government
US3133ELJR60,government
US3133ELJV72,government
US3133ELKD55,government
US3133ELL288,government
US3133ELM278,government
US3133ELM351,government
US3133ELM922,government
US3133ELN342,government
US3133ELN912,government
US3133ELNN01,government
US3133ELPV09,government
US3133ELQ311,government
US3133ELQZ04,government
US3133ELR228,government
US3133ELR483,government
US3133ELS887,government
US3133ELTG95,government
US3133ELTW46,government
US3133ELU511,government
US3133ELUN28,government
US3133ELV501,government
US3133ELW269,government
US3133ELW913,government
US3133ELWW09,government
US3133ELXZ21,government
US3133ELY653,government
US3133ELY992,government
US3133ELZ239,government
US3133ELZB35,government
US3133ELZK34,government
US3133EM2A96,government
US3133EM2H40,government
US3133EM2T87,government
US3133EM3F74,government
US3133EM3H31,government
US3133EM3T78,government
US3133EM3W08,government
US3133EM4B51,government
US3133EM4C35,government
US3133EM4D18,government
US3133EM4F65,government
US3133EM4H22,government
US3133EM4J87,government
US3133EM5S77,government
US3133EM5Z11,government
US3133EM6A50,government
US3133EM6C17,government
US3133EM6E72,government
US3133EM6G21,government
US3133EM6J69,government
US3133EM6Y37,government
US3133EM7G12,government
US3133EMA511,government
US3133EMAC65,government
US3133EMAG79,government
US3133EMAP78,government
US3133EMAY85,government
US3133EMB501,government
US3133EMBX93,government
US3133EMC269,government
US3133EMC756,government
US3133EMDB55,government
US3133EMDG43,government
US3133EMEG34,government
US3133EMEH17,government
US3133EMEJ72,government
US3133EMF569,government
US3133EMGA46,government
US3133EMGM83,government
US3133EMGT37,government
US3133EMGU00,government
US3133EMH888,government
US3133EMHW56,government
US3133EMHZ87,government
US3133EMJ454,government
US3133EMJ868,government
US3133EMJE31,government
US3133EMJK90,government
US3133EMK437,government
US3133EMKA99,government
US3133EMKC55,government
US3133EMKK71,government
US3133EMKL54,government
US3133EMKN11,government
US3133EMKZ41,government
US3133EML427,government
US3133EMLL46,government
US3133EMM417,government
US3133EMM748,government
US3133EMN654,government
US3133EMN738,government
US3133EMNL28,government
US3133EMNV00,government
US3133EMNW82,government
US3133EMP972,government
US3133EMPE66,government
US3133EMPN65,government
US3133EMPP14,government
US3133EMPT36,government
US3133EMQ707,government
US3133EMQP05,government
US3133EMQW55,government
US3133EMR952,government
US3133EMRD65,government
US3133EMRF14,government
US3133EMRG96,government
US3133EMRX20,government
US3133EMS299,government
US3133EMSG87,government
US3133EMSW38,government
US3133EMSX11,government
US3133EMT289,government
US3133EMT693,government
US3133EMT776,government
US3133EMTE21,government
US3133EMTM47,government
US3133EMTR34,government
US3133EMUA89,government
US3133EMUB62,government
US3133EMUQ32,government
US3133EMUS97,government
US3133EMUV27,government
US3133EMV582,government
US3133EMV822,government
US3133EMV905,government
US3133EMVA70,government
US3133EMVB53,government
US3133EMVE92,government
US3133EMVH24,government
US3133EMVU35,government
US3133EMVY56,government
US3133EMVZ22,government
US3133EMW325,government
US3133EMW408,government
US3133EMWB45,government
US3133EMWW81,government
US3133EMX802,government
US3133EMXC19,government
US3133EMXD91,government
US3133EMXP22,government
US3133EMXW72,government
US3133EMYQ95,government
US3133EMYY20,government
US3133EMZ393,government
US3133EMZF22,government
US3133EN2M17,government
US3133EN2W98,government
US3133EN3H13,government
US3133EN3P39,government
US3133EN4C17,government
US3133EN4P20,government
US3133EN4T42,government
US3133EN4V97,government
US3133EN4X53,government
US3133EN5A42,government
US3133EN5N62,government
US3133EN5W61,government
US3133EN5Z92,government
US3133EN6K15,government
US3133EN6V79,government
US3133EN6W52,government
US3133EN7B07,government
US3133EN7L88,government
US3133ENA592,government
US3133ENAF79,government
US3133ENAN04,government
US3133ENAW03,government
US3133ENBP43,government
US3133ENCS72,government
US3133END497,government
US3133END646,government
US3133ENDC12,government
US3133ENDL11,government
US3133ENE487,government
US3133ENE974,government
US3133ENEA47,government
US3133ENEE68,government
US3133ENEF34,government
US3133ENEM84,government
US3133ENEN67,government
US3133ENET38,government
US3133ENF542,government
US3133ENFF25,government
US3133ENFG08,government
US3133ENFP07,government
US3133ENFQ89,government
US3133ENGD67,government
US3133ENGJ38,government
US3133ENGL83,government
US3133ENHA10,government
US3133ENHB92,government
US3133ENHC75,government
US3133ENHE32,government
US3133ENHK91,government
US3133ENJ924,government
US3133ENJC57,government
US3133ENJK73,government
US3133ENJS00,government
US3133ENJV39,government
US3133ENK666,government
US3133ENKG43,government
US3133ENKZ24,government
US3133ENL995,government
US3133ENLN84,government
US3133ENLP33,government
US3133ENLR98,government
US3133ENLS71,government
US3133ENM233,government
US3133ENMR89,government
US3133ENMU19,government
US3133ENMX57,government
US3133ENN306,government
US3133ENN553,government
US3133ENNC02,government
US3133ENNG16,government
US3133ENNM83,government
US3133ENNN66,government
US3133ENNP15,government
US3133ENPB01,government
US3133ENPE40,government
US3133ENPL82,government
US3133ENPM65,government
US3133ENPV64,government
US3133ENQ374,government
US3133ENQ457,government
US3133ENQD57,government
US3133ENQK90,government
US3133ENQQ60,government
US3133ENQR44,government
US3133ENQW39,government
US3133ENRK81,government
US3133ENRL64,government
US3133ENRN21,government
US3133ENRW20,government
US3133ENSF87,government
US3133ENSP69,government
US3133ENSR26,government
US3133ENSY76,government
US3133ENSZ42,government
US3133ENTB64,government
US3133ENTD21,government
US3133ENTE04,government
US3133ENTF78,government
US3133ENTS99,government
US3133ENTX84,government
US3133ENUC29,government
US3133ENUH16,government
US3133ENUJ71,government
US3133ENUK45,government
US3133ENUV00,government
US3133ENUX65,government
US3133ENV648,government
US3133ENVH07,government
US3133ENVN74,government
US3133ENVV90,government
US3133ENVY30,government
US3133ENW711,government
US3133ENWA45,government
US3133ENWE66,government
US3133ENWT36,government
US3133ENWU09,government
US3133ENWW64,government
US3133ENWX48,government
US3133ENWZ95,government
US3133ENXA36,government
US3133ENXB19,government
US3133ENXC91,government
US3133ENXJ45,government
US3133ENXK18,government
US3133ENXW55,government
US3133ENYA27,government
US3133ENYJ36,government
US3133ENYK09,government
US3133ENYL81,government
US3133ENYM64,government
US3133ENYR51,government
US3133ENYS35,government
US3133ENZH60,government
US3133ENZR43,government
US3133EP2T15,government
US3133EP3Z65,government
US3133EP4A06,government
US3133EP4U69,government
US3133EP5U50,government
US3133EP6K69,government
US3133EP6M26,government
US3133EP7B51,government
US3133EPA472,government
US3133EPAV77,government
US3133EPAY17,government
US3133EPAZ81,government
US3133EPBB05,government
US3133EPBM69,government
US3133EPBN43,government
US3133EPBR56,government
US3133EPC452,government
US3133EPC601,government
US3133EPCG82,government
US3133EPCS21,government
US3133EPDP72,government
US3133EPDZ54,government
US3133EPF919,government
US3133EPFQ38,government
US3133EPFU40,government
US3133EPFY61,government
US3133EPG339,government
US3133EPGT67,government
US3133EPGZ28,government
US3133EPH816,government
US3133EPHU22,government
US3133EPJT31,government
US3133EPKV67,government
US3133EPLD50,government
US3133EPLJ21,government
US3133EPMV40,government
US3133EPN509,government
US3133EPNL58,government
US3133EPPF62,government
US3133EPSE60,government
US3133EPSK21,government
US3133EPSL04,government
US3133EPTP09,government
US3133EPUN32,government
US3133EPUW31,government
US3133EPW849,government
US3133EPX912,government
US3133EPXB66,government
US3133EPXM22,government
US3133EPXV21,government
US3133EPXW04,government
US3133EPYH28,government
US3133EPYM13,government
US3133EPZ321,government
US3133ER2X80,government
US3133ER2Y63,government
US3133ER4F56,government
US3133ER4H13,government
US3133ER4Q12,government
US3133ER5D99,government
US3133ER5N71,government
US3133ER5U15,government
US3133ER6E63,government
US3133ER6G12,government
US3133ER6X45,government
US3133ER7E54,government
US3133ER7L97,government
US3133ERAK78,government
US3133ERAQ49,government
US3133ERC748,government
US3133ERCS86,government
US3133ERDH13,government
US3133ERDM08,government
US3133ERDR94,government
US3133ERDS77,government
US3133ERE231,government
US3133ERE645,government
US3133EREB34,government
US3133EREW70,government
US3133ERFJ50,government
US3133ERFT33,government
US3133ERGF20,government
US3133ERGL97,government
US3133ERGT24,government
US3133ERH382,government
US3133ERHH76,government
US3133ERJ859,government
US3133ERJ933,government
US3133ERJC61,government
US3133ERK428,government
US3133ERKN08,government
US3133ERL665,government
US3133ERLX70,government
US3133ERM408,government
US3133ERMZ10,government
US3133ERNP29,government
US3133ERNQ02,government
US3133ERP708,government
US3133ERP963,government
US3133ERPM79,government
US3133ERPQ83,government
US3133ERPR66,government
US3133ERQS31,government
US3133ERQY09,government
US3133ERRB96,government
US3133ERRM51,government
US3133ERS934,government
US3133ERSY80,government
US3133ERTU59,government
US3133ERUC33,government
US3133ERUR02,government
US3133ERUT67,government
US3133ERUY52,government
US3133ERUZ28,government
US3133ERV730,government
US3133ERVU22,government
US3133ERVW87,government
US3133ERWV95,government
US3133ERXL05,government
US3133ERXM87,government
US3133ERXY26,government
US3133ERY478,government
US3133ERZU85,government
US3133ET2B25,government
US3133ET2C08,government
US3133ET2D80,government
US3133ET2F39,government
US3133ET2J50,government
US3133ET2K24,government
US3133ET2M89,government
US3133ET2P11,government
US3133ET2Q93,government
US3133ET2R76,government
US3133ET2S59,government
US3133ET3D71,government
US3133ET3J42,government
US3133ET3K15,government
US3133ET3L97,government
US3133ET3M70,government
US3133ET3S41,government
US3133ET3U96,government
US3133ET3Y19,government
US3133ET3Z83,government
US3133ET4D62,government
US3133ET4F11,government
US3133ET4K06,government
US3133ET4M61,government
US3133ET4N45,government
US3133ET4T15,government
US3133ET4W44,government
US3133ET4X27,government
US3133ET4Z74,government
US3133ET5A15,government
US3133ET5D53,government
US3133ET5E37,government
US3133ET5G84,government
US3133ET5H67,government
US3133ET5P83,government
US3133ET5T06,government
US3133ET5V51,government
US3133ET5W35,government
US3133ET5X18,government
US3133ET5Y90,government
US3133ET5Z65,government
US3133ET6C61,government
US3133ET6D45,government
US3133ET6E28,government
US3133ET6G75,government
US3133ET6M44,government
US3133ET6N27,government
US3133ET6R31,government
US3133ET6S14,government
US3133ET6T96,government
US3133ET6U69,government
US3133ET6V43,government
US3133ET6X09,government
US3133ET6Y81,government
US3133ET6Z56,government
US3133ET7E19,government
US3133ET7F83,government
US3133ET7M35,government
US3133ETA722,government
US3133ETA805,government
US3133ETAB36,government
US3133ETAZ04,government
US3133ETB225,government
US3133ETB480,government
US3133ETB639,government
US3133ETB712,government
US3133ETB977,government
US3133ETBE65,government
US3133ETBF31,government
US3133ETBM81,government
US3133ETBV80,government
US3133ETC215,government
US3133ETCE56,government
US3133ETCF22,government
US3133ETD460,government
US3133ETD536,government
US3133ETD874,government
US3133ETD957,government
US3133ETDA26,government
US3133ETDH78,government
US3133ETE450,government
US3133ETE948,government
US3133ETEG86,government
US3133ETEY92,government
US3133ETF515,government
US3133ETF697,government
US3133ETF770,government
US3133ETFQ59,government
US3133ETFX01,government
US3133ETG273,government
US3133ETG356,government
US3133ETG430,government
US3133ETGE11,government
US3133ETGN10,government
US3133ETGP67,government
US3133ETGR24,government
US3133ETGU52,government
US3133ETGV36,government
US3133ETGY74,government
US3133ETH347,government
US3133ETH420,government
US3133ETH677,government
US3133ETHJ98,government
US3133ETJ731,government
US3133ETJE83,government
US3133ETJH15,government
US3133ETJJ70,government
US3133ETJR96,government
US3133ETJU26,government
US3133ETK226,government
US3133ETK309,government
US3133ETK481,government
US3133ETK556,government
US3133ETK630,government
US3133ETK713,government
US3133ETK895,government
US3133ETK978,government
US3133ETKB26,government
US3133ETKN63,government
US3133ETKQ94,government
US3133ETKT34,government
US3133ETKZ93,government
US3133ETL216,government
US3133ETL398,government
US3133ETL547,government
US3133ETL968,government
US3133ETLD72,government
US3133ETLS42,government
US3133ETLV70,government
US3133ETLW53,government
US3133ETLX37,government
US3133ETM388,government
US3133ETM461,government
US3133ETM537,government
US3133ETM792,government
US3133ETMB08,government
US3133ETMC80,government
US3133ETMD63,government
US3133ETMP93,government
US3133ETMX28,government
US3133ETN378,government
US3133ETN451,government
US3133ETN782,government
US3133ETN865,government
US3133ETN949,government
US3133ETNK97,government
US3133ETNM53,government
US3133ETNN37,government
US3133ETNP84,government
US3133ETNU79,government
US3133ETNZ66,government
US3133ETP274,government
US3133ETP357,government
US3133ETP506,government
US3133ETP761,government
US3133ETP928,government
US3133ETPN19,government
US3133ETPQ40,government
US3133ETPR23,government
US3133ETPU51,government
US3133ETPW18,government
US3133ETPZ49,government
US3133ETQ348,government
US3133ETQ751,government
US3133ETQ835,government
US3133ETQA88,government
US3133ETQE01,government
US3133ETQK60,government
US3133ETQV26,government
US3133ETQX81,government
US3133ETQZ30,government
US3133ETR338,government
US3133ETR742,government
US3133ETR825,government
US3133ETR908,government
US3133ETRC36,government
US3133ETRF66,government
US3133ETRN90,government
US3133ETRS87,government
US3133ETS997,government
US3133ETSM09,government
US3133ETSN81,government
US3133ETST51,government
US3133ETSU25,government
US3133ETSY47,government
US3133ETT235,government
US3133ETT318,government
US3133ETT565,government
US3133ETT649,government
US3133ETT722,government
US3133ETT805,government
US3133ETT987,government
US3133ETU217,government
US3133ETU399,government
US3133ETUC98,government
US3133ETUV79,government
US3133ETUY19,government
US3133ETV207,government
US3133ETV462,government
US3133ETVC89,government
US3133ETVE46,government
US3133ETVJ33,government
US3133ETVS32,government
US3133ETVU87,government
US3133ETVY00,government
US3133ETW379,government
US3133ETW528,government
US3133ETW601,government
US3133ETW783,government
US3133ETWA15,government
US3133ETWD53,government
US3133ETWF02,government
US3133ETWG84,government
US3133ETWR40,government
US3133ETX773,government
US3133ETXB88,government
US3133ETXJ15,government
US3133ETXL60,government
US3133ETXM44,government
US3133ETXP74,government
US3133ETXS14,government
US3133ETXT96,government
US3133ETXV43,government
US3133ETXY81,government
US3133ETY508,government
US3133ETY847,government
US3133ETYD36,government
US3133ETYE19,government
US3133ETYF83,government
US3133ETYG66,government
US3133ETYN18,government
US3133ETYP65,government
US3133ETYQ49,government
US3133ETYV34,government
US3133ETYX99,government
US3133ETYZ48,government
US3133ETZ422,government
US3133ETZ596,government
US3133ETZ679,government
US3133ETZ752,government
US3133ETZ836,government
US3133ETZA87,government
US3133ETZG57,government
US3133ETZH31,government
US3133ETZK69,government
US3133ETZM26,government
US3133ETZP56,government
US3133ETZQ30,government
US3133ETZS95,government
US3133ETZT78,government
US3133ETZU42,government
US3133ETZV25,government
US3133EWA262,government
US3133EWAA81,government
US3133EWAB64,government
US3133EWAF78,government
US3133EWAH35,government
US3133EWAJ90,government
US3133EWAK63,government
US3133EWAN03,government
US3133EWAR17,government
US3133EWAU46,government
US3133EWAV29,government
US3133EWBB55,government
US3133EWBE94,government
US3133EWBF69,government
US3133EWBW92,government
US3133EWCP33,government
US3133EWCX66,government
US3133EWCZ15,government
US3133EWDC11,government
US3133EWDE76,government
US3133EWDJ63,government
US3133EWDK37,government
US3133EWDL10,government
US3133EWDM92,government
US3133EWDS62,government
US3133EWDW74,government
US3133EWDY31,government
US3133EWDZ06,government
US3133EWEC02,government
US3133EWED84,government
US3133EWEE67,government
US3133EWEH98,government
US3133EWEJ54,government
US3133EWEN66,government
US3133EWEQ97,government
US3133EWES53,government
US3133EWET37,government
US3133EWEU00,government
US3133EWEV82,government
US3133EWEX49,government
US3133EWEY22,government
US3133EWEZ96,government
US3133EWFF24,government
US3133EWFG07,government
US3133EWFH89,government
US3133EWFJ46,government
US3133EWFM74,government
US3133EWFS45,government
US3133EWFT28,government
US3133EWFU90,government
US3133EWFV73,government
US3133EWFW56,government
US3133EWFX30,government
US3133EWFY13,government
US3133EWFZ87,government
US3133EWGB01,government
US3133EWGJ37,government
US3133EWGK00,government
US3133EWGN49,government
US3133EWGR52,government
US3133EWGS36,government
US3133EWGX21,government
US3133EWGY04,government
US3133EWHB91,government
US3133EWHC74,government
US3133EWHK90,government
US3133EWHL73,government
US3133EWHS27,government
US3133EWHT00,government
US3133EWJA90,government
US3133EWJE13,government
US3133EWJJ00,government
US3133EWJN12,government
US3133EWJQ43,government
US3133EWJT81,government
US3133EWJV38,government
US3133EWKC38,government
US3133EWKE93,government
US3133EWKG42,government
US3133EWKQ24,government
US3133EWKU36,government
US3133EWKX74,government
US3133EWKY57,government
US3133EWKZ23,government
US3133EWLC29,government
US3133EWLM01,government
US3133EWLQ15,government
US3133EWLZ14,government
US3133EWMA53,government
US3133EWMB37,government
US3133EWMC10,government
US3133EWMF41,government
US3133EWMG24,government
US3133EWMJ62,government
US3133EWMK36,government
US3133EWML19,government
US3133EWMM91,government
US3133EWMP23,government
US3133EWMW73,government
US3133EWMX56,government
US3133EWNC01,government
US3133EWND83,government
US3133EWNR79,government
US3133EWNS52,government
US3133EWNU09,government
US3133EWNW64,government
US3133EWPC82,government
US3133EWPJ36,government
US3133EWPM64,government
US3133EWPQ78,government
US3133EWPR51,government
US3133EWPS35,government
US3133EWQB90,government
US3133EWQC73,government
US3133EWQD56,government
US3133EWQG87,government
US3133EWQH60,government
US3133EWQJ27,government
US3133EWQK99,government
US3133EWQL72,government
US3133EWQP86,government
US3133EWQR43,government
US3133EWRE21,government
US3133EWRW29,government
US3133EWRX02,government
US3133EWRY84,government
US3133EWRZ59,government
US3133EWSD39,government
US3133EWSE12,government
US3133EWSH43,government
US3133EWSM38,government
US3133EWSN11,government
US3133EWSQ42,government
US3133EWSR25,government
US3133EWST80,government
US3133EWSW10,government
US3133EWSY75,government
US3133EWSZ41,government
US3133EWTC47,government
US3133EWTD20,government
US3133EWTH34,government
US3133EWTJ99,government
US3133EWTP59,government
US3133EWTQ33,government
US3133EWTR16,government
US3133EWTU45,government
US3133EWTV28,government
US3133EWTW01,government
US3133EWTX83,government
US3133EWUH15,government
US3133EWUJ70,government
US3133EWUK44,government
US3133EWUP31,government
US3133EWUQ14,government
US3133EWUT52,government
US3133EWUW81,government
US3133EWUX64,government
US3133EWVA52,government
US3133EWVD91,government
US3133EWVG23,government
US3133EWVN73,government
US3133EWVQ05,government
US3133EWVS60,government
US3133EWVU17,government
US3133EWVW72,government
US3133EWWE65,government
US3133EWWF31,government
US3133EWWG14,government
US3133EWWH96,government
US3133EWWK26,government
US3133EWWL09,government
US3133EWWN64,government
US3133EWWP13,government
US3133EWWQ95,government
US3133EWWR78,government
US3133EWWS51,government
US3133EWWT35,government
US3133EWWV80,government
US3133EWWZ94,government
US3133EWXC90,government
US3133EWXM72,government
US3133EWXN55,government
US3133EWXT26,government
US3133EWXW54,government
US3133EWXY11,government
US3133EWXZ85,government
US3133EWYA26,government
US3133EWYC81,government
US3133EWYJ35,government
US3133EWYK08,government
US3133EWYN47,government
US3133EWYP94,government
US3133EWYT17,government
US3133EWYU89,government
US3133EWYZ76,government
US3133EWZB99,government
US3133EWZD55,government
US3133EWZJ26,government
US3133EWZM54,government
US3133EWZN38,government
US3133EWZP85,government
US3133EWZT08,government
US3133EWZY92,government
US3133EWZZ67,government
US3133FXAH09,government
US3133M4YM99,government
US3133MKS577,government
US3133XEXR50,government
US3133XFJ490,government
US3133XGAY07,government
US3133XR4V98,government
US3133XV5J61,government
US3134A3D299,government
US3134A3U467,government
US3134A3ZU35,government
US3134A4AA29,government
US3134A4KX12,government
US3134GSAT26,government
US3134GTS958,government
US3134GV4K13,government
US3134GV5D60,government
US3134GV6A13,government
US3134GV6J22,government
US3134GV7D43,government
US3134GVUA44,government
US3134GVXZ67,government
US3134GVZ769,government
US3134GVZK70,government
US3134GW3A22,government
US3134GW3M69,government
US3134GW3Q73,government
US3134GW4C78,government
US3134GW5T94,government
US3134GW6C50,government
US3134GW6P63,government
US3134GWA307,government
US3134GWBG08,government
US3134GWCD67,government
US3134GWCL83,government
US3134GWCV65,government
US3134GWGN04,government
US3134GWKN57,government
US3134GWLT19,government
US3134GWNP78,government
US3134GWNV47,government
US3134GWPZ33,government
US3134GWQB55,government
US3134GWQV10,government
US3134GWQX75,government
US3134GWR574,government
US3134GWSF42,government
US3134GWTA46,government
US3134GWTJ54,government
US3134GWUQ78,government
US3134GWXS08,government
US3134GWY596,government
US3134GWYB63,government
US3134GWYH34,government
US3134GWZS89,government
US3134GWZW91,government
US3134GXBA11,government
US3134GXBF08,government
US3134GXDU56,government
US3134GXDW13,government
US3134GXET74,government
US3134GXHG27,government
US3134GXJT20,government
US3134GXKE32,government
US3134GXNM21,government
US3134HADF77,government
US3134HALJ08,government
US3134HAMW00,government
US3134HAPG23,government
US3134HAPK35,government
US3134HAW339,government
US3134HB2S90,government
US3134HB3J82,government
US3134HB3N94,government
US3134HB3V11,government
US3134HB3Y59,government
US3134HB4B48,government
US3134HB5Y32,government
US3134HB6S54,government
US3134HB7B11,government
US3134HBF225,government
US3134HBF555,government
US3134HBHA28,government
US3134HBHZ78,government
US3134HBJ938,government
US3134HBJQ51,government
US3134HBK340,government
US3134HBL900,government
US3134HBLT62,government
US3134HBPD74,government
US3134HBQ388,government
US3134HBQ610,government
US3134HBR600,government
US3134HBSX02,government
US3134HBT432,government
US3134HBTK71,government
US3134HBU661,government
US3134HBV651,government
US3134HBX483,government
US3134HBX558,government
US3134HBXM81,government
US3134HBZ389,government
US3134HBZ793,government
US3134HC2U29,government
US3134HC3A55,government
US3134HC3B39,government
US3134HC3F43,government
US3134HC3N76,government
US3134HC3U10,government
US3134HC4A47,government
US3134HC4J55,government
US3134HC4K29,government
US3134HC4L02,government
US3134HC4P16,government
US3134HC4Q98,government
US3134HC4R71,government
US3134HC4S54,government
US3134HC4V83,government
US3134HC5G08,government
US3134HC5J47,government
US3134HC5K10,government
US3134HC5N58,government
US3134HC5Q89,government
US3134HC5V74,government
US3134HC5X31,government
US3134HC5Y14,government
US3134HC6A29,government
US3134HC6C84,government
US3134HC6D67,government
US3134HC6F16,government
US3134HC6H71,government
US3134HC6K01,government
US3134HC6L83,government
US3134HC6Q70,government
US3134HC6R53,government
US3134HC6S37,government
US3134HC6U82,government
US3134HC6V65,government
US3134HCAC30,government
US3134HCAU38,government
US3134HCB248,government
US3134HCB578,government
US3134HCC238,government
US3134HCCU10,government
US3134HCCW75,government
US3134HCEL92,government
US3134HCEN58,government
US3134HCEX31,government
US3134HCEY14,government
US3134HCEZ88,government
US3134HCF611,government
US3134HCGP88,government
US3134HCHN22,government
US3134HCJW03,government
US3134HCKB47,government
US3134HCKE85,government
US3134HCKU28,government
US3134HCL643,government
US3134HCL809,government
US3134HCM633,government
US3134HCMD84,government
US3134HCME67,government
US3134HCMG16,government
US3134HCMK28,government
US3134HCMT37,government
US3134HCMY22,government
US3134HCMZ96,government
US3134HCN540,government
US3134HCNC92,government
US3134HCND75,government
US3134HCNK19,government
US3134HCNS45,government
US3134HCP297,government
US3134HCP370,government
US3134HCPA19,government
US3134HCPB91,government
US3134HCPC74,government
US3134HCPL73,government
US3134HCQ691,government
US3134HCQM48,government
US3134HCQT90,government
US3134HCRF87,government
US3134HCRL55,government
US3134HCRS09,government
US3134HCS838,government
US3134HCSV29,government
US3134HCSY67,government
US3134HCTC39,government
US3134HCTK54,government
US3134HCTY58,government
US3134HCUM91,government
US3134HCV972,government
US3134HCVL00,government
US3134HCVM82,government
US3134HCVQ96,government
US3134HCW889,government
US3134HCWB19,government
US3134HCWD74,government
US3134HCWF23,government
US3134HCWK18,government
US3134HCWM73,government
US3134HCWZ86,government
US3134HCXD65,government
US3134HCXT18,government
US3134HCXV63,government
US3134HCY786,government
US3134HCYC73,government
US3134HCYJ27,government
US3134HCYW38,government
US3134HCZA09,government
US3134HCZB81,government
US3134HCZS17,government
US3134HCZV46,government
US31359MEA71,government
US31359MEB54,government
US31359MEU36,government
US31359MFJ71,government
US31359MFP32,government
US31359MGK36,government
US3135G05Q27,government
US3135G05Y50,government
US3135G06L21,government
US3135G07K39,government
US3135G07L12,government
US3135G07M94,government
US3135G0Q225,government
US3135G1AB74,government
US3135G1AC57,government
US3135G1AD31,government
US3135G1AE14,government
US3135G1AG61,government
US3135G1AH45,government
US3135G1AJ01,government
US3135G1AK73,government
US3135GA3L30,government
US3135GA4D05,government
US3135GA4L21,government
US3135GA7H81,government
US3135GAAC57,government
US3135GAAP60,government
US3135GAB837,government
US3135GAC827,government
US3135GACE95,government
US3135GACJ82,government
US3135GACK55,government
US3135GACN94,government
US3135GAUK53,government
US3135GAUU36,government
US3135GAVJ71,government
US3135GAX559,government
US31364F6P16,government
US31364FCB58,government
US31364FDC23,government
US31364FHW41,government
US31364FKW04,government
US31364FLX77,government
US31364FPD77,government
US31364FSY87,government
US31364FVZ16,government
US3136F3LA21,government
US3136G42N24,government
US3136G42Q54,government
US3136G42W23,government
US3136G44C41,government
US3136G44W05,government
US3136G45X78,government
US3136G46E88,government
US3136G46X69,government
US3136G4H480,government
US3136G4L680,government
US3136G4Q713,government
US3136G4R216,government
US3136G4U277,government
US3136G4ZN68,government
US3136G4ZY24,government
US3136GA6H72,government
US3136GACQ09,government
US3136GAEC94,government
US3136GAPG89,government
US3136GAPJ29,government
US3136GAPR45,government
US3136GAPY95,government
US3136GARE14,government
US3136GASH36,government
US3136GATR09,government
US3136GAUF42,government
US3136GAUK37,government
US3136GAUQ07,government
US3136GAUS62,government
US3136GAWK19,government
US3136GAXA28,government
US3136GAXH70,government
US3136GAZ446,government
US3136GAZD49,government
US3136GAZE22,government
US3136GC2K02,government
US3136GC3B93,government
US3136GC4E24,government
US3136GCAD79,government
US3136GCAT22,government
US3136GCBW42,government
US3136GCC292,government
US3136GCCU76,government
US3136GCD514,government
US3136GCDL68,government
US3136GCEK76,government
US3136GCEM33,government
US3136GCET85,government
US3136GCFG55,government
US3136GCFK67,government
US3136GCGG47,government
US3136GCGM15,government
US3136GCJA40,government
US3136GCJL05,government
US3136GCK535,government
US3136GCL376,government
US3136GCL525,government
US3136GCLA12,government
US3136GCLQ63,government
US3136GCM697,government
US3136GCNU57,government
US3136GCNX96,government
US3136GCP252,government
US3136GCP906,government
US3136GCPA75,government
US3136GCPK57,government
US3136GCR720,government
US3136GCR985,government
US3136GCRD96,government
US3136GCRU12,government
US3136GCTM77,government
US3136GCUL75,government
US3136GCUQ62,government
US3136GCWE15,government
US3136GCXK65,government
US3136GCXP52,government
US3136GCXR19,government
US3136GCYD14,government
US3136GD2E24,government
US3136GD2G71,government
US3136GD3N14,government
US3136GD3U56,government
US3136GD4Y69,government
US3136GD7G27,government
US3136GD7J65,government
US3136GDAB96,government
US3136GDAJ23,government
US3136GDB854,government
US3136GDBE27,government
US3136GDC274,government
US3136GDC431,government
US3136GDCQ48,government
US3136GDCS04,government
US3136GDD595,government
US3136GDDY62,government
US3136GDEZ29,government
US3136GDF244,government
US3136GDFB42,government
US3136GDFL24,government
US3136GDG499,government
US3136GDGA59,government
US3136GDGP29,government
US3136GDGW79,government
US3136GDH976,government
US3136GDHB24,government
US3136GDHH93,government
US3136GDJ956,government
US3136GDJZ73,government
US3136GDK442,government
US3136GDK517,government
US3136GDKE26,government
US3136GDKM42,government
US3136GDKZ54,government
US3136GDLA94,government
US3136GDLB77,government
US3136GDLC50,government
US3136GDLE17,government
US3136GDLN16,government
US3136GDLP63,government
US3136GDLW15,government
US3136GDM265,government
US3136GDM752,government
US3136GDMA85,government
US3136GDMB68,government
US3136GDMG55,government
US3136GDMP54,government
US3136GDMW06,government
US3136GDMZ37,government
US3136GDN339,government
US3136GDN669,government
US3136GDNF63,government
US3136GDNG47,government
US3136GDNH20,government
US3136GDNJ85,government
US3136GDNP46,government
US3136GDNQ29,government
US3136GDNR02,government
US3136GDNT67,government
US3136GDNU31,government
US3136GDNV14,government
US3136GDNX79,government
US3136GDP565,government
US3136GDPA58,government
US3136GDPB32,government
US3136GDPC15,government
US3136GDPG29,government
US313747AV99,corporate
US313747AX55,corporate
US313747AY39,corporate
US313747AZ04,corporate
US313747BA44,corporate
US313747BC00,corporate
US313918AA22,corporate
US31398AFD90,government
US31422B5P12,government
US31422B6A34,government
US31422BH788,government
US31422BR779,government
US31422BSF84,government
US31422BUV07,government
US31422XBP69,government
US31422XF232,government
US31422XHG07,government
US31422XJX12,government
US31422XKJ09,government
US31422XSV54,government
US31422XTW29,government
US31422XXY39,government
US31422XYY20,government
US31422XZ545,government
US31424W2S06,government
US31424W3G58,government
US31424W3J97,government
US31424W3U43,government
US31424W3V26,government
US31424W4H23,government
US31424W6J60,government
US31424WG303,government
US31424WGZ95,government
US31424WQJ44,government
US31424WR532,government
US31424WRD64,government
US31424WS290,government
US31424WS944,government
US31424WTA08,government
US31424WTB80,government
US31424WVT60,government
US31424WWA60,government
US31424WZ964,government
US314275AC25,corporate
US31428JEW36,government
US31428JHN00,government
US31428JHR14,government
US31428JJW80,government
US31428JKD80,government
US31428JKY28,government
US31428JLT24,government
US31428JLY19,government
US31428JLZ83,government
US31428JNU78,government
US31428JPF83,government
US31428JPG66,government
US31428JPW17,government
US31428JRH22,government
US31428JRJ87,government
US31428JRY54,government
US31428JRZ20,government
US31428XAT37,corporate
US31428XAU00,corporate
US31428XAW65,corporate
US31428XAX49,corporate
US31428XBA37,corporate
US31428XBB10,corporate
US31428XBD75,corporate
US31428XBE58,corporate
US31428XBG07,corporate
US31428XBN57,corporate
US31428XBP06,corporate
US31428XBQ88,corporate
US31428XBR61,corporate
US31428XBS45,corporate
US31428XBV73,corporate
US31428XBZ87,corporate
US31428XCA28,corporate
US31428XCD66,corporate
US31428XCE40,corporate
US31428XDD57,corporate
US31428XDE31,corporate
US31428XDF06,corporate
US31428XDG88,corporate
US31428XDH61,corporate
US31428XDJ28,corporate
US31428XDK90,corporate
US31428XDL73,corporate
US31428XDM56,corporate
US31428XDP87,corporate
US31428XDQ60,corporate
US31428XDR44,corporate
US31428XDS27,corporate
US31428XDT00,corporate
US31428XDU72,corporate
US31428XDV55,corporate
US31428XDW39,corporate
US31429LAL53,corporate
US31429LAP67,corporate
US31429LAQ41,corporate
US314353AA14,corporate
US31488VAA52,corporate
US31488VAB36,corporate
US31488VAC19,corporate
US31488VAD91,corporate
US31575FAC05,corporate
US31575KAB17,corporate
US31620MAU09,corporate
US31620MAY21,corporate
US31620MBJ45,corporate
US31620MBS44,corporate
US31620MBT27,corporate
US31620MBU99,corporate
US31620MBW55,corporate
US31620MBY12,corporate
US31620MBZ86,corporate
US31620MCA27,corporate
US31620MCC82,corporate
US31620MCD65,corporate
US31620MCE49,corporate
US31620RAH84,corporate
US31620RAJ41,corporate
US31620RAK14,corporate
US31620RAL96,corporate
US316500AD91,corporate
US316773CH12,corporate
US316773CM07,corporate
US316773CR93,corporate
US316773CV06,corporate
US316773DA59,corporate
US316773DD98,corporate
US316773DE71,corporate
US316773DF47,corporate
US316773DG20,corporate
US316773DJ68,corporate
US316773DK32,corporate
US316773DL15,corporate
US316773DM97,corporate
US316773DN70,corporate
US316773DP29,corporate
US31677QBR92,corporate
US31677QBU22,corporate
US31677QBV05,corporate
US31810TAB70,corporate
US31847RAG74,corporate
US31847RAH57,corporate
US31847RAJ14,corporate
US319383AE54,corporate
US31959XAA19,corporate
US31959XAC74,corporate
US31959XAF06,corporate
US31959XAG88,corporate
US31959XAJ28,corporate
US319626AA55,corporate
US320209AC31,corporate
US32026VAA26,corporate
US320517AE51,corporate
US3205573096,corporate
US320557AG68,corporate
US32055RAS67,corporate
US32055YAB83,corporate
US320808AD01,corporate
US32082CAC10,corporate
US320844PD91,corporate
US320867AC83,corporate
US320870AA64,corporate
US33616CAB63,corporate
US33616CAC47,corporate
US337158AJ88,corporate
US337358BA27,corporate
US337358BD65,corporate
US33767BAG41,corporate
US33767BAH24,corporate
US33767BAK52,corporate
US337738AR95,corporate
US337738AU25,corporate
US337738AV08,corporate
US337738BB35,corporate
US337738BC18,corporate
US337738BD90,corporate
US337738BE73,corporate
US337738BG22,corporate
US337738BH05,corporate
US337738BJ60,corporate
US337738BK34,corporate
US337738BL17,corporate
US337738BM99,corporate
US337738BN72,corporate
US337738BP21,corporate
US337738BQ04,corporate
US337932AH00,corporate
US337932AJ65,corporate
US337932AL12,corporate
US337932AM94,corporate
US337932AP26,corporate
US337932AT48,corporate
US337932AV93,corporate
US337967AA13,corporate
US338307AF80,corporate
US338915AH41,corporate
US338915AM36,corporate
US33938XAA37,corporate
US33938XAB10,corporate
US33938XAE58,corporate
US33938XAF24,corporate
US33938XAG07,corporate
US33972PAC32,corporate
US341081EP80,corporate
US341081EQ63,corporate
US341081ER47,corporate
US341081ES20,corporate
US341081ET03,corporate
US341081EU75,corporate
US341081EV58,corporate
US341081EX15,corporate
US341081EY97,corporate
US341081FA03,corporate
US341081FB85,corporate
US341081FC68,corporate
US341081FD42,corporate
US341081FE25,corporate
US341081FF99,corporate
US341081FG72,corporate
US341081FH55,corporate
US341081FL67,corporate
US341081FP71,corporate
US341081FQ54,corporate
US341081FR38,corporate
US341081FU66,corporate
US341081FX06,corporate
US341081GC59,corporate
US341081GE16,corporate
US341081GG63,corporate
US341081GK75,corporate
US341081GL58,corporate
US341081GM32,corporate
US341081GN15,corporate
US341081GP62,corporate
US341081GQ46,corporate
US341081GS02,corporate
US341081GT84,corporate
US341081GU57,corporate
US341081GV31,corporate
US341081GX96,corporate
US341081GY79,corporate
US341081GZ45,corporate
US341081HA84,corporate
US341081HB67,corporate
US341081HC41,corporate
US341081HD24,corporate
US341081HE07,corporate
US341081HF71,corporate
US341099CB39,corporate
US341099CH09,corporate
US341099CL11,corporate
US341099CN76,corporate
US341099CR80,corporate
US34110QAL23,corporate
US343412AF90,corporate
US343412AJ13,corporate
US343498AB75,corporate
US343498AC58,corporate
US343498AD32,corporate
US343498AE15,corporate
US34354PAF27,corporate
US34354PAG00,corporate
US34355JAB44,corporate
US34379VAB99,corporate
US34385PAA66,corporate
US343873AB13,corporate
US344419AB20,corporate
US344419AC03,corporate
US344593AF57,government
US344593AG31,government
US344775AC50,corporate
US345277AE74,corporate
US34531XAB01,corporate
US34531XAC83,corporate
US3453708113,corporate
US345370BH27,corporate
US345370BM12,corporate
US345370BR09,corporate
US345370BS81,corporate
US345370BT64,corporate
US345370BV11,corporate
US345370BW93,corporate
US345370BY59,corporate
US345370BZ25,corporate
US345370CA64,corporate
US345370CQ17,corporate
US345370CR99,corporate
US345370CS72,corporate
US345370CX67,corporate
US345370DA55,corporate
US345370DB39,corporate
US345397A456,corporate
US345397A860,corporate
US345397B363,corporate
US345397B512,corporate
US345397B694,corporate
US345397B934,corporate
US345397C270,corporate
US345397C353,corporate
US345397C684,corporate
US345397C924,corporate
US345397D427,corporate
US345397D591,corporate
US345397D674,corporate
US345397D831,corporate
US345397E250,corporate
US345397E581,corporate
US345397E664,corporate
US345397E748,corporate
US345397F810,corporate
US345397F992,corporate
US345397G230,corporate
US345397G313,corporate
US345397G495,corporate
US345397G560,corporate
US345397G727,corporate
US345397G800,corporate
US345397G982,corporate
US345397H485,corporate
US345397H899,corporate
US345397J200,corporate
US345397J382,corporate
US345397J614,corporate
US345397J952,corporate
US345397K448,corporate
US345397K513,corporate
US345397YT41,corporate
US345397ZR75,corporate
US34540TA286,corporate
US34540TF806,corporate
US34540TG978,corporate
US34540TH471,corporate
US34540TH547,corporate
US34540TH620,corporate
US34540TH703,corporate
US34540TH885,corporate
US34540TJ295,corporate
US34540TJ378,corporate
US34540TJ451,corporate
US34540TJ600,corporate
US34540TJ782,corporate
US34540TJ865,corporate
US34540TJ949,corporate
US34540TK277,corporate
US34540TK434,corporate
US34540TK509,corporate
US34540TK681,corporate
US34540TK764,corporate
US34540TK921,corporate
US34540TL267,corporate
US34540TL341,corporate
US34540TL424,corporate
US34540TL598,corporate
US34540TL671,corporate
US34540TL754,corporate
US34540TL838,corporate
US34540TL911,corporate
US34540TM331,corporate
US34540TM414,corporate
US34540TM588,corporate
US34540TM661,corporate
US34540TM828,corporate
US34540TM901,corporate
US34540TN248,corporate
US34540TN404,corporate
US34540TN578,corporate
US34540TN651,corporate
US34540TN735,corporate
US34540TN818,corporate
US34540TND09,corporate
US34540TNG30,corporate
US34540TNN80,corporate
US34540TNR94,corporate
US34540TP300,corporate
US34540TP482,corporate
US34540TP557,corporate
US34540TP631,corporate
US34540TP979,corporate
US34540TQ217,corporate
US34540TQ472,corporate
US34540TQ969,corporate
US34540TQE54,corporate
US34540TQH85,corporate
US34540TQL97,corporate
US34540TQP02,corporate
US34540TQS41,corporate
US34540TQV79,corporate
US34540TQY19,corporate
US34540TR207,corporate
US34540TR389,corporate
US34540TRE46,corporate
US34540TRP92,corporate
US34540TRS32,corporate
US34540TS296,corporate
US34540TS379,corporate
US34540TS528,corporate
US34540TS601,corporate
US34540TS783,corporate
US34540TS866,corporate
US34540TS940,corporate
US34540TSA15,corporate
US34540TSD53,corporate
US34540TSG84,corporate
US34540TSV51,corporate
US34540TT286,corporate
US34540TVS85,corporate
US34540TVW97,corporate
US34540TXA59,corporate
US34540TXJ68,corporate
US34540TXN70,corporate
US34540TXS67,corporate
US34540TXW79,corporate
US34540TXY36,corporate
US34540TYA41,corporate
US34540TYC07,corporate
US34540TYE62,corporate
US34540TYG11,corporate
US34540TYM88,corporate
US34540TYN61,corporate
US34540TYQ92,corporate
US34540TYS58,corporate
US34540TYV87,corporate
US34540TYX44,corporate
US34540TZD70,corporate
US34540TZF29,corporate
US34540TZG02,corporate
US34540TZH84,corporate
US34540TZJ41,corporate
US349553AM97,corporate
US34959EAB56,corporate
US34959JAH14,corporate
US34959JAN81,corporate
US34959JAP30,corporate
US349631AG67,corporate
US349631AN19,corporate
US34964CAE66,corporate
US34964CAF32,corporate
US34964CAG15,corporate
US34964CAH97,corporate
US34988VAE65,corporate
US35137LAH87,corporate
US35137LAJ44,corporate
US35137LAK17,corporate
US35137LAL99,corporate
US35137LAN55,corporate
US35177PAL13,corporate
US35177PAX50,corporate
US35180PAC68,corporate
US351837AB52,corporate
US35250VAB09,corporate
US35250VAD64,corporate
US354613AL54,corporate
US354613AM38,corporate
US354613AN11,corporate
US355611AA23,corporate
US35561RAA59,corporate
US35671DBC83,corporate
US35671DBJ37,corporate
US35671DCC74,corporate
US35671DCD57,corporate
US35671DCE31,corporate
US35671DCF06,corporate
US35671DCG88,corporate
US35671DCH61,corporate
US358039AB12,corporate
US35805BAA61,corporate
US35834FAB04,corporate
US35834FAC86,corporate
US358648AA16,corporate
US35905BAC19,corporate
US359694AB24,corporate
US360271AN03,corporate
US36120PAC77,corporate
US36143M2J17,corporate
US36143M2N29,corporate
US361448AU75,corporate
US361448AX15,corporate
US361448AY97,corporate
US361448AZ62,corporate
US361448BA03,corporate
US361448BC68,corporate
US361448BE25,corporate
US361448BF99,corporate
US361448BG72,corporate
US361448BH55,corporate
US361448BJ12,corporate
US361448BK84,corporate
US361448BL67,corporate
US361448BM41,corporate
US361448BN24,corporate
US361448BP71,corporate
US361448BR38,corporate
US361448BS11,corporate
US36158FAD24,corporate
US36162JAG13,corporate
US36162JAH95,corporate
US36164QNA21,corporate
US36165LAD01,corporate
US36166NAJ28,corporate
US36166NAK90,corporate
US361841AK54,corporate
US361841AL38,corporate
US361841AP42,corporate
US361841AQ25,corporate
US361841AR08,corporate
US361841AS80,corporate
US361841AT63,corporate
US361841AU37,corporate
US361841AV10,corporate
US361841AW92,corporate
US361841AX75,corporate
US36186CBY84,corporate
US362311AG75,corporate
US362311AH58,corporate
US362320BA04,corporate
US362333AH94,corporate
US362333AJ50,corporate
US362337AK38,corporate
US362338AQ80,corporate
US36260VAB62,corporate
US36261Y7076,corporate
US36262GAD34,corporate
US36262GAF81,corporate
US36262GAG64,corporate
US36264FAK75,corporate
US36264FAL58,corporate
US36264FAM32,corporate
US36264FAN15,corporate
US36266GAA58,corporate
US36266GAB32,corporate
US36266GAC15,corporate
US36266GAD97,corporate
US36266GAE70,corporate
US36267VAF04,corporate
US36267VAH69,corporate
US36267VAK98,corporate
US36267VAM54,corporate
US363576AB52,corporate
US36467WAE93,corporate
US36467WAG42,corporate
US366651AJ63,corporate
US366651AK37,corporate
US36828AAA97,corporate
US36828AAB70,corporate
US36828AAC53,corporate
US36830DAB73,corporate
US369550AT59,corporate
US369550AZ10,corporate
US369550BC16,corporate
US369550BH03,corporate
US369550BJ68,corporate
US369550BL15,corporate
US369550BM97,corporate
US369550BP29,corporate
US369550BQ02,corporate
US369550BR84,corporate
US36959CAA62,corporate
US369604BF92,corporate
US369604BH58,corporate
US369604BV43,corporate
US369604BW26,corporate
US369604BX09,corporate
US369604BY81,corporate
US369604BZ56,corporate
US369604CA96,corporate
US36962G3A02,corporate
US36962G3P70,corporate
US36962G4B75,corporate
US36962GXZ26,corporate
US36966TAZ57,corporate
US36966TBC53,corporate
US36966TBE10,corporate
US36966TBG67,corporate
US36966TBH41,corporate
US36966TBK79,corporate
US36966TBM36,corporate
US36966TBN19,corporate
US36966TBP66,corporate
US36966TBR23,corporate
US36966TBS06,corporate
US36966TBU51,corporate
US36966TBV35,corporate
US36966TBW18,corporate
US36966TBX90,corporate
US36966TBY73,corporate
US36966TBZ49,corporate
US36966TCA88,corporate
US36966TCC45,corporate
US36966TCE01,corporate
US36966TCG58,corporate
US36966TCH32,corporate
US36966TCJ97,corporate
US36966TCK60,corporate
US36966TCM27,corporate
US36966TCP57,corporate
US36966TCS96,corporate
US36966TCU43,corporate
US36966TCZ30,corporate
US36966TDA79,corporate
US36966TDB52,corporate
US36966TDC36,corporate
US36966TDE91,corporate
US36966TDH23,corporate
US36966TDW99,corporate
US36966TDY55,corporate
US36966TEC27,corporate
US36966TED00,corporate
US36966TEE82,corporate
US36966TEH14,corporate
US36966TEL26,corporate
US36966TEM09,corporate
US36966TEP30,corporate
US36966TEQ13,corporate
US36966TES78,corporate
US36966TET51,corporate
US36966TEW80,corporate
US36966TEX63,corporate
US36966TFA51,corporate
US36966TFC18,corporate
US36966TFF49,corporate
US36966TFH05,corporate
US36966TFK34,corporate
US36966TFM99,corporate
US36966TFP21,corporate
US36966TFR86,corporate
US36966TFU16,corporate
US36966TFW71,corporate
US36966TFX54,corporate
US36966TFZ03,corporate
US36966TGB26,corporate
US36966TGD81,corporate
US36966TGG13,corporate
US36966TGJ51,corporate
US36966TGL08,corporate
US36966TGP12,corporate
US36966TGR77,corporate
US36966TGT34,corporate
US36966TGV89,corporate
US36966TGX46,corporate
US36966TGY29,corporate
US36966THC99,corporate
US36966THD72,corporate
US36966THE55,corporate
US36966THF21,corporate
US36966THG04,corporate
US36966THH86,corporate
US36966THK16,corporate
US36966THL98,corporate
US36966THN54,corporate
US36966THR68,corporate
US36966THU97,corporate
US36966THW53,corporate
US36966THY10,corporate
US36966THZ84,corporate
US36966TJC71,corporate
US36966TJD54,corporate
US36966TJF03,corporate
US36966TJG85,corporate
US36966TJH68,corporate
US36966TJL70,corporate
US36966TJM53,corporate
US36966TJP84,corporate
US36966TJQ67,corporate
US36966TJR41,corporate
US36966TJS24,corporate
US36966TJT07,corporate
US36966TJV52,corporate
US36966TJW36,corporate
US36966TJX19,corporate
US36966TJY91,corporate
US36966TJZ66,corporate
US36966TKA96,corporate
US36966TKB79,corporate
US36966TKC52,corporate
US36966TKD36,corporate
US36966TKG66,corporate
US36966TKH40,corporate
US36966TKJ06,corporate
US36966TKK78,corporate
US36966TKL51,corporate
US36966TKM35,corporate
US36966TKN18,corporate
US36966TKP65,corporate
US36966TKQ49,corporate
US36966TKR22,corporate
US36966TKS05,corporate
US36966TKT87,corporate
US36966TKU50,corporate
US36966TKV34,corporate
US36966TKW17,corporate
US36966TKX99,corporate
US370334BJ28,corporate
US370334BP87,corporate
US370334CG79,corporate
US370334CH52,corporate
US370334CJ19,corporate
US370334CL64,corporate
US370334CP78,corporate
US370334CQ51,corporate
US370334CT90,corporate
US370334CW20,corporate
US370334DA90,corporate
US370334DB73,corporate
US370425RZ53,corporate
US37045VAF76,corporate
US37045VAH33,corporate
US37045VAJ98,corporate
US37045VAK61,corporate
US37045VAL45,corporate
US37045VAN01,corporate
US37045VAP58,corporate
US37045VAQ32,corporate
US37045VAS97,corporate
US37045VAT70,corporate
US37045VAU44,corporate
US37045VAY65,corporate
US37045VAZ31,corporate
US37045VBA70,corporate
US37045VBB53,corporate
US37045VBC37,corporate
US37045XBT28,corporate
US37045XCA28,corporate
US37045XCG97,corporate
US37045XCM65,corporate
US37045XCS36,corporate
US37045XCY04,corporate
US37045XDA19,corporate
US37045XDE31,corporate
US37045XDH61,corporate
US37045XDL73,corporate
US37045XDP87,corporate
US37045XDQ60,corporate
US37045XDR44,corporate
US37045XDS27,corporate
US37045XDV55,corporate
US37045XDW39,corporate
US37045XEB82,corporate
US37045XED49,corporate
US37045XEG79,corporate
US37045XEH52,corporate
US37045XEN21,corporate
US37045XEP78,corporate
US37045XEQ51,corporate
US37045XER35,corporate
US37045XES18,corporate
US37045XEU63,corporate
US37045XEV47,corporate
US37045XEW20,corporate
US37045XEX03,corporate
US37045XEY85,corporate
US37045XEZ50,corporate
US37045XFA90,corporate
US37045XFB73,corporate
US37045XFC56,corporate
US37045XFD30,corporate
US37045XFE13,corporate
US37045XFF87,corporate
US37045XFG60,corporate
US37045XFH44,corporate
US37045XFJ00,corporate
US37045XFK72,corporate
US37045XFL55,corporate
US37045XFM39,corporate
US37045XFN12,corporate
US37045XFQ43,corporate
US37045XFR26,corporate
US37046AAJ43,corporate
US37046AAQ85,corporate
US37046ABC80,corporate
US37046ABK07,corporate
US37046ABP93,corporate
US37046ABT16,corporate
US37046ACF03,corporate
US37046ACP84,corporate
US37046AEA97,corporate
US37046AED37,corporate
US37046AEF84,corporate
US37046AEK79,corporate
US37046AEM36,corporate
US37046AEP66,corporate
US37046AEU51,corporate
US37046AEW18,corporate
US37046AEX90,corporate
US37046AFA88,corporate
US37046AFC45,corporate
US37046AFE01,corporate
US37046AFF75,corporate
US37046AFG58,corporate
US37046AFH32,corporate
US37046AFJ97,corporate
US37046AFK60,corporate
US37046AFL44,corporate
US37046AFP57,corporate
US37046AFQ31,corporate
US37046AFR14,corporate
US37046AFT79,corporate
US37046AFU43,corporate
US37185LAN29,corporate
US37185LAP76,corporate
US37185LAQ59,corporate
US37185LAR33,corporate
US37185LAS16,corporate
US37190AAB52,corporate
US372319AC70,corporate
US372460AA38,corporate
US372460AC93,corporate
US372460AD76,corporate
US372460AE59,corporate
US372460AF25,corporate
US37247DAB29,corporate
US37247DAG16,corporate
US372546AS02,corporate
US372546AU57,corporate
US372546AW14,corporate
US37256EAA01,corporate
US37310PAB76,corporate
US37310PAC59,corporate
US37310PAD33,corporate
US37310PAE16,corporate
US37310PAF80,corporate
US37312RAB15,corporate
US373298BP28,corporate
US373298BR83,corporate
US373298BU13,corporate
US373334GC99,corporate
US373334JN28,corporate
US373334JR32,corporate
US373334JS15,corporate
US373334JW27,corporate
US373334KA87,corporate
US373334KH31,corporate
US373334KL43,corporate
US373334KN09,corporate
US373334KP56,corporate
US373334KQ30,corporate
US373334KR13,corporate
US373334KS95,corporate
US373334KT78,corporate
US373334KV25,corporate
US373334KW08,corporate
US373334KY63,corporate
US373334KZ39,corporate
US373334LA78,corporate
US373334LB51,corporate
US373334LC35,corporate
US373334LD18,corporate
US373334LE90,corporate
US373334LF65,corporate
US37373WAD20,corporate
US37373WAE03,corporate
US374276AN33,corporate
US374288AC24,corporate
US375558AS26,corporate
US375558AX11,corporate
US375558BA09,corporate
US375558BD48,corporate
US375558BG78,corporate
US375558BJ18,corporate
US375558BK80,corporate
US375558BM47,corporate
US375558BS17,corporate
US375558BT99,corporate
US375558BX02,corporate
US375558BY84,corporate
US375558BZ59,corporate
US375558CA99,corporate
US375558CB72,corporate
US375558CC55,corporate
US375558CD39,corporate
US375558CE12,corporate
US375558CJ09,corporate
US375558CK71,corporate
US375558CL54,corporate
US375558CM38,corporate
US376535AG59,corporate
US3765468596,corporate
US3765468836,corporate
US377372AB33,corporate
US377372AE71,corporate
US377372AJ68,corporate
US377372AN70,corporate
US377372AP29,corporate
US377372AQ02,corporate
US377373AH85,corporate
US377373AM70,corporate
US377373AN53,corporate
US379352AL15,corporate
US37940XAB82,corporate
US37940XAC65,corporate
US37940XAD49,corporate
US37940XAG79,corporate
US37940XAH52,corporate
US37940XAQ51,corporate
US37940XAR35,corporate
US37940XAU63,corporate
US37940XAV47,corporate
US37940XAW20,corporate
US37940XAX03,corporate
US37940XAY85,corporate
US37940XBA90,corporate
US37940XBB73,corporate
US37954FAJ30,corporate
US37959DAA28,corporate
US37959DAB01,corporate
US37959DAC83,corporate
US37959EAA01,corporate
US37959EAB83,corporate
US37959EAC66,corporate
US38046YAD31,corporate
US38141E2B48,corporate
US38141E2D04,corporate
US38141E2E86,corporate
US38141E2G35,corporate
US38141E2H18,corporate
US38141E2L20,corporate
US38141E2P34,corporate
US38141E2S72,corporate
US38141E2V02,corporate
US38141E2Y41,corporate
US38141E3B39,corporate
US38141E3S63,corporate
US38141E3U10,corporate
US38141E3V92,corporate
US38141E3Y32,corporate
US38141E4B20,corporate
US38141EC311,corporate
US38141ED483,corporate
US38141ED897,corporate
US38141EE473,corporate
US38141EE887,corporate
US38141EF462,corporate
US38141EF876,corporate
US38141EG452,corporate
US38141EG866,corporate
US38141EH443,corporate
US38141EH856,corporate
US38141EJ266,corporate
US38141EJ597,corporate
US38141EJ670,corporate
US38141EJ910,corporate
US38141EK249,corporate
US38141EK991,corporate
US38141EL981,corporate
US38141EM484,corporate
US38141EM716,corporate
US38141EN219,corporate
US38141EN474,corporate
US38141EP297,corporate
US38141EP529,corporate
US38141EP867,corporate
US38141EQ360,corporate
US38141EQ691,corporate
US38141EQ931,corporate
US38141ER434,corporate
US38141ER921,corporate
US38141ES671,corporate
US38141ES911,corporate
US38141ET661,corporate
US38141ET828,corporate
US38141ET901,corporate
US38141EU495,corporate
US38141EU560,corporate
US38141EV303,corporate
US38141EV634,corporate
US38141EV972,corporate
US38141EW475,corporate
US38141EW624,corporate
US38141EW707,corporate
US38141EW962,corporate
US38141EX200,corporate
US38141EX465,corporate
US38141EX796,corporate
US38141EX952,corporate
US38141EY455,corporate
US38141EY786,corporate
US38141EZ288,corporate
US38141EZ510,corporate
US38141EZ775,corporate
US38141EZ858,corporate
US38141GA385,corporate
US38141GA468,corporate
US38141GA534,corporate
US38141GA799,corporate
US38141GA872,corporate
US38141GA955,corporate
US38141GB292,corporate
US38141GB375,corporate
US38141GB524,corporate
US38141GB607,corporate
US38141GB789,corporate
US38141GB862,corporate
US38141GC282,corporate
US38141GC365,corporate
US38141GC449,corporate
US38141GC514,corporate
US38141GC696,corporate
US38141GC779,corporate
US38141GC852,corporate
US38141GC936,corporate
US38141GCU67,corporate
US38141GD272,corporate
US38141GD355,corporate
US38141GD439,corporate
US38141GD504,corporate
US38141GD686,corporate
US38141GD769,corporate
US38141GD926,corporate
US38141GE833,corporate
US38141GE916,corporate
US38141GES93,corporate
US38141GF251,corporate
US38141GF335,corporate
US38141GF418,corporate
US38141GF665,corporate
US38141GFD16,corporate
US38141GGM06,corporate
US38141GGV05,corporate
US38141GHQ01,corporate
US38141GMD33,corporate
US38141GPC23,corporate
US38141GVS01,corporate
US38141GVX95,corporate
US38141GWB66,corporate
US38141GWL49,corporate
US38141GWV21,corporate
US38141GWZ35,corporate
US38141GXA74,corporate
US38141GXG45,corporate
US38141GXH28,corporate
US38141GXR00,corporate
US38141GYB49,corporate
US38141GYC22,corporate
US38141GYG36,corporate
US38141GYH19,corporate
US38141GYJ74,corporate
US38141GYK48,corporate
US38141GYM04,corporate
US38141GYN86,corporate
US38141GYR90,corporate
US38141GYU20,corporate
US38141GZK39,corporate
US38141GZL12,corporate
US38141GZM94,corporate
US38141GZN77,corporate
US38141GZR81,corporate
US38141GZS64,corporate
US38141GZU11,corporate
US381427AA15,corporate
US38143C2B63,corporate
US38143C2D20,corporate
US38143C2F77,corporate
US38143C2H34,corporate
US38143C2J99,corporate
US38143C2K62,corporate
US38143C2N02,corporate
US38143C2W01,corporate
US38143C2Y66,corporate
US38143C3A71,corporate
US38143C3E93,corporate
US38143C3Y57,corporate
US38143C4A62,corporate
US38143C4C29,corporate
US38143C4G33,corporate
US38143C4J71,corporate
US38143C4L28,corporate
US38143C4N83,corporate
US38143C4S70,corporate
US38143C4U27,corporate
US38143C4W82,corporate
US38143C4Y49,corporate
US38143C5A53,corporate
US38143C5C10,corporate
US38143C5E75,corporate
US38143C5G24,corporate
US38143C5J62,corporate
US38143C5L19,corporate
US38143C5Q06,corporate
US38143C5S61,corporate
US38143C5Y30,corporate
US38143C6D83,corporate
US38143CAD39,corporate
US38143CAH43,corporate
US38143CAL54,corporate
US38143CAM38,corporate
US38143CAQ42,corporate
US38143CAR25,corporate
US38143CAU53,corporate
US38143CAV37,corporate
US38143CAY75,corporate
US38143CAZ41,corporate
US38143CBA80,corporate
US38143CBE03,corporate
US38143CBH34,corporate
US38143CBJ99,corporate
US38143CBL46,corporate
US38143CBM29,corporate
US38143CBR16,corporate
US38143CBS98,corporate
US38143CBW01,corporate
US38143CBZ32,corporate
US38143CCA71,corporate
US38143CCC38,corporate
US38143CCD11,corporate
US38143CCE93,corporate
US38143CCK53,corporate
US38143CCN92,corporate
US38143CCR07,corporate
US38143CCT62,corporate
US38143CCU36,corporate
US38143CCW91,corporate
US38143CCY57,corporate
US38143CCZ23,corporate
US38143CDB46,corporate
US38143CDC29,corporate
US38143CDF59,corporate
US38143CDJ71,corporate
US38143CDL28,corporate
US38143CDP32,corporate
US38143CDS70,corporate
US38143CDU27,corporate
US38143CDX65,corporate
US38143CEA53,corporate
US38143CEB37,corporate
US38143CEC10,corporate
US38143CEE75,corporate
US38143CEG24,corporate
US38143CEJ62,corporate
US38143CEM91,corporate
US38143CEP23,corporate
US38143CER88,corporate
US38143CET45,corporate
US38143CEV90,corporate
US38143CEX56,corporate
US38143CEZ05,corporate
US38143CFB28,corporate
US38143CFE66,corporate
US38143CFG15,corporate
US38143CFL00,corporate
US38143CFN65,corporate
US38143CFQ96,corporate
US38143CFS52,corporate
US38143CFU09,corporate
US38143CFW64,corporate
US38143CFY21,corporate
US38143CGA36,corporate
US38143CGC91,corporate
US38143CGE57,corporate
US38143CGG06,corporate
US38143CGJ45,corporate
US38143CGL90,corporate
US38143CGN56,corporate
US38143CGQ87,corporate
US38143CGT27,corporate
US38143CGV72,corporate
US38143CGY12,corporate
US38143CHA27,corporate
US38143CHC82,corporate
US38143CHE49,corporate
US38143CHG96,corporate
US38143CHJ36,corporate
US38143CHM64,corporate
US38143CHP95,corporate
US38143CHR51,corporate
US38143VAA70,corporate
US38143YAC75,corporate
US38144QAA76,corporate
US38145GAH39,corporate
US38145GAP54,corporate
US38145GAR11,corporate
US38145GAS93,corporate
US38145GAT76,corporate
US38145GAU40,corporate
US38145GAV23,corporate
US38145GAW06,corporate
US38145GAX88,corporate
US38147QAG10,corporate
US38147QGA85,corporate
US38147QHS84,corporate
US38147QTX42,corporate
US38147UAE73,corporate
US38147UAF49,corporate
US38147UAG22,corporate
US38148BAC28,corporate
US38148LAF31,corporate
US38148TNT24,corporate
US38148TNV79,corporate
US38148TNX36,corporate
US38148TP860,corporate
US38148YAA64,corporate
US38150A2C87,corporate
US38150A3B95,corporate
US38150A3Y98,corporate
US38150A4H56,corporate
US38150A4W24,corporate
US38150A4Y89,corporate
US38150A5D34,corporate
US38150A5F81,corporate
US38150AE431,corporate
US38150AE688,corporate
US38150AE845,corporate
US38150AE928,corporate
US38150AEG67,corporate
US38150AEQ40,corporate
US38150AEV35,corporate
US38150AEW18,corporate
US38150AEZ49,corporate
US38150AF677,corporate
US38150AFF75,corporate
US38150AFH32,corporate
US38150AFQ31,corporate
US38150AFR14,corporate
US38150AG337,corporate
US38150AGB52,corporate
US38150AGC36,corporate
US38150AGM18,corporate
US38150AGN90,corporate
US38150AH731,corporate
US38150AHE82,corporate
US38150AHF57,corporate
US38150AHN81,corporate
US38150AHS78,corporate
US38150AHT51,corporate
US38150AJ638,corporate
US38150AJA43,corporate
US38150AJG13,corporate
US38150AJP12,corporate
US38150AJU07,corporate
US38150AJZ93,corporate
US38150AK206,corporate
US38150AKZ74,corporate
US38150AM442,corporate
US38150AMV43,corporate
US38150AP254,corporate
US38150AP825,corporate
US38150APE90,corporate
US38150AR722,corporate
US38150ARB34,corporate
US38150ASU06,corporate
US38150ASZ92,corporate
US38150AT702,corporate
US38150ATK15,corporate
US38150ATM70,corporate
US38150ATS41,corporate
US38150ATX36,corporate
US38150AUV50,corporate
US38150AUX17,corporate
US38150AUZ64,corporate
US38150AVF91,corporate
US38150AVG74,corporate
US38150AVX08,corporate
US38150AW276,corporate
US38150AW847,corporate
US38150AW920,corporate
US38150AWB78,corporate
US38150AWS04,corporate
US38150AWT86,corporate
US38150AWU59,corporate
US38150AX910,corporate
US38150AXB69,corporate
US38150AXC43,corporate
US38150AXE09,corporate
US38150AXL42,corporate
US38150AXS94,corporate
US38150AXW07,corporate
US38150AXY62,corporate
US38150AXZ38,corporate
US38150AY330,corporate
US38150AY587,corporate
US38150AY744,corporate
US38150AY827,corporate
US38150AYA77,corporate
US38150AYH21,corporate
US38150AYR03,corporate
US38150AYV15,corporate
US38150AZ576,corporate
US38150AZ733,corporate
US38150AZJ77,corporate
US38150AZM07,corporate
US38150AZY45,corporate
US38151F2E25,corporate
US38151F2M41,corporate
US38151F2P71,corporate
US38151F2S11,corporate
US38151F2U66,corporate
US38151F3C59,corporate
US38151F3M32,corporate
US38151F3Y79,corporate
US38151F4A84,corporate
US38151F4Y60,corporate
US38151F5C32,corporate
US38151F5E97,corporate
US38151F5L31,corporate
US38151F5P45,corporate
US38151F5W95,corporate
US38151F5Y51,corporate
US38151F5Z27,corporate
US38151F6A66,corporate
US38151F6B40,corporate
US38151F6C23,corporate
US38151F6D06,corporate
US38151F6G37,corporate
US38151F6J75,corporate
US38151F6K49,corporate
US38151F6Q19,corporate
US38151F6R91,corporate
US38151F6T57,corporate
US38151F6Y43,corporate
US38151F7A57,corporate
US38151F7B31,corporate
US38151F7C14,corporate
US38151F7F45,corporate
US38151F7H01,corporate
US38151F7K30,corporate
US38151F7M95,corporate
US38151FA295,corporate
US38151FA378,corporate
US38151FA527,corporate
US38151FA600,corporate
US38151FA949,corporate
US38151FAA12,corporate
US38151FAB94,corporate
US38151FAF09,corporate
US38151FAG81,corporate
US38151FAH64,corporate
US38151FAJ21,corporate
US38151FAK93,corporate
US38151FAM59,corporate
US38151FAN33,corporate
US38151FAQ63,corporate
US38151FAR47,corporate
US38151FAU75,corporate
US38151FAV58,corporate
US38151FAY97,corporate
US38151FAZ62,corporate
US38151FB285,corporate
US38151FB442,corporate
US38151FB772,corporate
US38151FB855,corporate
US38151FBA03,corporate
US38151FBC68,corporate
US38151FBH55,corporate
US38151FBJ12,corporate
US38151FBL67,corporate
US38151FBM41,corporate
US38151FBQ54,corporate
US38151FBR38,corporate
US38151FBX06,corporate
US38151FBY88,corporate
US38151FC358,corporate
US38151FC846,corporate
US38151FCB76,corporate
US38151FCD33,corporate
US38151FCF80,corporate
US38151FCL58,corporate
US38151FCP62,corporate
US38151FCQ46,corporate
US38151FCT84,corporate
US38151FCV31,corporate
US38151FCY79,corporate
US38151FD265,corporate
US38151FD349,corporate
US38151FD596,corporate
US38151FD679,corporate
US38151FD752,corporate
US38151FDF71,corporate
US38151FDG54,corporate
US38151FDH38,corporate
US38151FDJ93,corporate
US38151FDM23,corporate
US38151FDP53,corporate
US38151FDS92,corporate
US38151FDU49,corporate
US38151FDW05,corporate
US38151FDX87,corporate
US38151FDZ36,corporate
US38151FE586,corporate
US38151FEH29,corporate
US38151FEJ84,corporate
US38151FEK57,corporate
US38151FEL31,corporate
US38151FEM14,corporate
US38151FEP45,corporate
US38151FEY51,corporate
US38151FEZ27,corporate
US38151FF658,corporate
US38151FF815,corporate
US38151FFB40,corporate
US38151FFE88,corporate
US38151FFK49,corporate
US38151FFQ19,corporate
US38151FFR91,corporate
US38151FFS74,corporate
US38151FFT57,corporate
US38151FFX69,corporate
US38151FG490,corporate
US38151FG649,corporate
US38151FG805,corporate
US38151FGK30,corporate
US38151FGN78,corporate
US38151FGQ00,corporate
US38151FGU12,corporate
US38151FGY34,corporate
US38151FGZ09,corporate
US38151FH308,corporate
US38151FH480,corporate
US38151FH555,corporate
US38151FH639,corporate
US38151FH712,corporate
US38151FH894,corporate
US38151FH977,corporate
US38151FHC05,corporate
US38151FHK21,corporate
US38151FHR73,corporate
US38151FHW68,corporate
US38151FHX42,corporate
US38151FHZ99,corporate
US38151FJ205,corporate
US38151FJ460,corporate
US38151FJB04,corporate
US38151FJC86,corporate
US38151FJM68,corporate
US38151FJN42,corporate
US38151FJP99,corporate
US38151FJQ72,corporate
US38151FJS39,corporate
US38151FJT12,corporate
US38151FJW41,corporate
US38151FJY07,corporate
US38151FK286,corporate
US38151FK690,corporate
US38151FK856,corporate
US38151FKA02,corporate
US38151FKF98,corporate
US38151FKH54,corporate
US38151FKL66,corporate
US38151FKQ53,corporate
US38151FKW22,corporate
US38151FKX05,corporate
US38151FKZ52,corporate
US38151FL680,corporate
US38151FLA92,corporate
US38151FLB75,corporate
US38151FLD32,corporate
US38151FLE15,corporate
US38151FLT83,corporate
US38151FM340,corporate
US38151FMA83,corporate
US38151FMC40,corporate
US38151FMD23,corporate
US38151FMJ92,corporate
US38151FMK65,corporate
US38151FML49,corporate
US38151FMQ36,corporate
US38151FMU48,corporate
US38151FMZ35,corporate
US38151FN413,corporate
US38151FN827,corporate
US38151FND14,corporate
US38151FNE96,corporate
US38151FNF61,corporate
US38151FNK56,corporate
US38151FNP44,corporate
US38151FNQ27,corporate
US38151FNV12,corporate
US38151FP640,corporate
US38151FP723,corporate
US38151FP806,corporate
US38151FP988,corporate
US38151FPA56,corporate
US38151FPB30,corporate
US38151FPC13,corporate
US38151FPN77,corporate
US38151FPP26,corporate
US38151FPS64,corporate
US38151FPU11,corporate
US38151FPW76,corporate
US38151FQ309,corporate
US38151FQ556,corporate
US38151FQF35,corporate
US38151FQH90,corporate
US38151FQK20,corporate
US38151FQL03,corporate
US38151FQM85,corporate
US38151FQN68,corporate
US38151FQP17,corporate
US38151FQS55,corporate
US38151FQU02,corporate
US38151FQV84,corporate
US38151FQZ98,corporate
US38151FR620,corporate
US38151FRF26,corporate
US38151FRK11,corporate
US38151FRL93,corporate
US38151FRN59,corporate
US38151FRP08,corporate
US38151FRQ80,corporate
US38151FRR63,corporate
US38151FRS47,corporate
US38151FRU92,corporate
US38151FRV75,corporate
US38151FRW58,corporate
US38151FSE42,corporate
US38151FSM67,corporate
US38151FSR54,corporate
US38151FSS38,corporate
US38151FSU83,corporate
US38151FSV66,corporate
US38151FSX23,corporate
US38151FT378,corporate
US38151FT451,corporate
US38151FT600,corporate
US38151FT782,corporate
US38151FT865,corporate
US38151FTA11,corporate
US38151FTD59,corporate
US38151FTE33,corporate
US38151FTF08,corporate
US38151FTJ20,corporate
US38151FTL75,corporate
US38151FTR46,corporate
US38151FTV57,corporate
US38151FTW31,corporate
US38151FTX14,corporate
US38151FTY96,corporate
US38151FTZ61,corporate
US38151FU434,corporate
US38151FU764,corporate
US38151FUA91,corporate
US38151FUB74,corporate
US38151FUE14,corporate
US38151FUH45,corporate
US38151FUJ01,corporate
US38151FUM30,corporate
US38151FUT82,corporate
US38151FUW12,corporate
US38151FUY77,corporate
US38151FV267,corporate
US38151FV341,corporate
US38151FV671,corporate
US38151FV838,corporate
US38151FV911,corporate
US38151FVA82,corporate
US38151FVB65,corporate
US38151FVD22,corporate
US38151FVK64,corporate
US38151FVL48,corporate
US38151FVU47,corporate
US38151FW331,corporate
US38151FW828,corporate
US38151FW901,corporate
US38151FWB56,corporate
US38151FWF60,corporate
US38151FWL39,corporate
US38151FWN94,corporate
US38151FWP43,corporate
US38151FWS81,corporate
US38151FWU38,corporate
US38151FWV11,corporate
US38151FWW93,corporate
US38151FWX76,corporate
US38151FX578,corporate
US38151FX735,corporate
US38151FXD04,corporate
US38151FXF51,corporate
US38151FXK47,corporate
US38151FXL20,corporate
US38151FXR99,corporate
US38151FXU29,corporate
US38151FXV02,corporate
US38151FY311,corporate
US38151FY493,corporate
US38151FY568,corporate
US38151FY642,corporate
US38151FY725,corporate
US38151FY980,corporate
US38151FYA55,corporate
US38151FYB39,corporate
US38151FYE77,corporate
US38151FYF43,corporate
US38151FYH09,corporate
US38151FYJ64,corporate
US38151FYK38,corporate
US38151FYL11,corporate
US38151FYM93,corporate
US38151FYQ08,corporate
US38151FYW75,corporate
US38151FYX58,corporate
US38151FZ714,corporate
US38151FZA47,corporate
US38151FZB20,corporate
US38151FZE68,corporate
US38151FZG17,corporate
US38151FZH99,corporate
US38151FZM84,corporate
US38151FZP16,corporate
US38151FZS54,corporate
US38151FZV83,corporate
US38151FZX40,corporate
US38151FZY23,corporate
US38151LAJ98,corporate
US38151LAK61,corporate
US38151V2A59,corporate
US38151V2R84,corporate
US38151V2S67,corporate
US38151V2T41,corporate
US38151V2U14,corporate
US38151V2W79,corporate
US38151V2Y36,corporate
US38151V2Z01,corporate
US38151V3A41,corporate
US38151V3E62,corporate
US38151V3G11,corporate
US38151V3L06,corporate
US38151V3N61,corporate
US38151V3P10,corporate
US38151V3Q92,corporate
US38151V3R75,corporate
US38151V3V87,corporate
US38151V4C97,corporate
US38151V4F29,corporate
US38151V4G02,corporate
US38151V4L96,corporate
US38151V4M79,corporate
US38151V4N52,corporate
US38151V4Q83,corporate
US38151V4R66,corporate
US38151V4T23,corporate
US38151V4U95,corporate
US38151V4V78,corporate
US38151V4W51,corporate
US38151V4Y18,corporate
US38151V5F10,corporate
US38151V5H75,corporate
US38151V5J32,corporate
US38151V5K05,corporate
US38151V5L87,corporate
US38151V5R57,corporate
US38151V5U86,corporate
US38151V5V69,corporate
US38151V5W43,corporate
US38151V5X26,corporate
US38151V5Y09,corporate
US38151V5Z73,corporate
US38151V6C79,corporate
US38151V6G83,corporate
US38151V6J23,corporate
US38151V6M51,corporate
US38151V6P82,corporate
US38151V6Q65,corporate
US38151V6R49,corporate
US38151V6S22,corporate
US38151V6U77,corporate
US38151V6V50,corporate
US38151V6X17,corporate
US38151V6Y99,corporate
US38151V6Z64,corporate
US38151V7B87,corporate
US38151V7C60,corporate
US38151V7E27,corporate
US38151V7F91,corporate
US38151V7G74,corporate
US38151V7H57,corporate
US38151V7J14,corporate
US38151V7K86,corporate
US38151V7L69,corporate
US38151V7M43,corporate
US38151VA243,corporate
US38151VA326,corporate
US38151VA409,corporate
US38151VA813,corporate
US38151VA995,corporate
US38151VAC28,corporate
US38151VAE83,corporate
US38151VAF58,corporate
US38151VAK44,corporate
US38151VAL27,corporate
US38151VAM00,corporate
US38151VAN82,corporate
US38151VAP31,corporate
US38151VAQ14,corporate
US38151VAR96,corporate
US38151VAS79,corporate
US38151VAT52,corporate
US38151VAU26,corporate
US38151VAV09,corporate
US38151VAW81,corporate
US38151VAX64,corporate
US38151VAZ13,corporate
US38151VB233,corporate
US38151VB316,corporate
US38151VB498,corporate
US38151VB563,corporate
US38151VB647,corporate
US38151VB720,corporate
US38151VB803,corporate
US38151VB985,corporate
US38151VBA52,corporate
US38151VBB36,corporate
US38151VBD91,corporate
US38151VBF40,corporate
US38151VBG23,corporate
US38151VBH06,corporate
US38151VBJ61,corporate
US38151VBK35,corporate
US38151VBL18,corporate
US38151VBM90,corporate
US38151VBN73,corporate
US38151VBP22,corporate
US38151VBR87,corporate
US38151VBS60,corporate
US38151VBT44,corporate
US38151VBU17,corporate
US38151VBW72,corporate
US38151VBX55,corporate
US38151VBY39,corporate
US38151VC710,corporate
US38151VC892,corporate
US38151VC975,corporate
US38151VCA44,corporate
US38151VCB27,corporate
US38151VCC00,corporate
US38152BAB71,corporate
US38152BAD38,corporate
US38152BAH42,corporate
US38152BAK70,corporate
US38152BAP67,corporate
US38173MAC64,corporate
US38173MAD48,corporate
US38173MAE21,corporate
US38173MAF95,corporate
US38179RAB15,corporate
US38179RAD70,corporate
US38179RAF29,corporate
US38238QAK22,corporate
US38238QAL05,corporate
US382550AD35,corporate
US382550BG56,corporate
US382550BJ95,corporate
US382550BK68,corporate
US382550BN08,corporate
US382550BR12,corporate
US382550BS94,corporate
US382550BT77,corporate
US384802AB05,corporate
US384802AC87,corporate
US384802AD60,corporate
US384802AF19,corporate
US38528UAD81,corporate
US38528UAE64,corporate
US386088AH17,corporate
US387328AF41,corporate
US3903208771,corporate
US39037G2084,corporate
US393222AK07,corporate
US393222AM62,corporate
US393657AM33,corporate
US39531G2093,corporate
US398433AP71,corporate
US399473AK34,corporate
US40048CAB90,corporate
US40049JAT43,corporate
US40049JAZ03,corporate
US40049JBA43,corporate
US40049JBC09,corporate
US40049JBE64,corporate
US40057FE425,corporate
US40057FLX05,corporate
US40057H5T34,corporate
US40057HAQ39,corporate
US40057JN691,corporate
US40057JR734,corporate
US40057LEB36,corporate
US40057MLU17,corporate
US40057WBG15,corporate
US40058EC206,corporate
US40058F5H22,corporate
US40058FUG61,corporate
US40058G5L16,corporate
US40058GX488,corporate
US40058H2B43,corporate
US40058JLN36,corporate
US40058L6F21,corporate
US40058QFS30,corporate
US40058QL490,corporate
US40058WHN92,corporate
US40058XNN02,corporate
US40058XUY83,corporate
US40058XV685,corporate
US40058XVA98,corporate
US40058YJZ60,corporate
US40058YK504,corporate
US40058YRX21,corporate
US40059D5H66,corporate
US40131MAB54,corporate
US40131MAD11,corporate
US40139MBF77,corporate
US40139MBH34,corporate
US40139MBM29,corporate
US40139MBQ33,corporate
US40139MBS98,corporate
US401494AF63,government
US401494AP46,government
US401494AQ29,government
US401494AR02,government
US401494AT67,government
US401494AU31,government
US401494AV14,government
US401494AW96,government
US401494AX79,government
US401494AY52,government
US401494AZ28,government
US401494BA67,government
US401494BB41,government
US40171VAC46,corporate
US402040AS81,corporate
US402479CE77,corporate
US402479CF43,corporate
US403949AC48,corporate
US403949AQ34,corporate
US403949AR17,corporate
US403949AS99,corporate
US403949AT72,corporate
US40408AAA97,corporate
US40408AAB70,corporate
US40410KAA34,corporate
US404119AJ84,corporate
US404119BU21,corporate
US404119BV04,corporate
US404119BW86,corporate
US404119BX69,corporate
US404119BY43,corporate
US404119BZ18,corporate
US404119CA57,corporate
US404119CB31,corporate
US404119CC14,corporate
US404119CH01,corporate
US404119CJ66,corporate
US404119CK30,corporate
US404119CL13,corporate
US404119CP27,corporate
US404119CQ00,corporate
US404119CR82,corporate
US404119CS65,corporate
US404119CT49,corporate
US404119CU12,corporate
US404119CV94,corporate
US404119CW77,corporate
US404119CX50,corporate
US404119CY34,corporate
US404119CZ09,corporate
US404119DA49,corporate
US404119DB22,corporate
US404119DC05,corporate
US404119DD87,corporate
US404119DE60,corporate
US404119DF36,corporate
US404119DH91,corporate
US404119DJ57,corporate
US404119DK21,corporate
US404119DL04,corporate
US404121AJ49,corporate
US404121AK12,corporate
US404121AL94,corporate
US40414LAE92,corporate
US40414LAR06,corporate
US4041A3AG79,corporate
US404251AA81,corporate
US404280AE90,corporate
US404280AF65,corporate
US404280AG49,corporate
US404280AH22,corporate
US404280AJ87,corporate
US404280AM17,corporate
US404280AQ21,corporate
US404280BH13,corporate
US404280BK42,corporate
US404280BL25,corporate
US404280BP39,corporate
US404280BT50,corporate
US404280CC17,corporate
US404280CF48,corporate
US404280CH04,corporate
US404280CK33,corporate
US404280CL16,corporate
US404280CN71,corporate
US404280CQ03,corporate
US404280CT42,corporate
US404280CV97,corporate
US404280CX53,corporate
US404280CY37,corporate
US404280DC08,corporate
US404280DF39,corporate
US404280DG12,corporate
US404280DH94,corporate
US404280DJ50,corporate
US404280DK24,corporate
US404280DL07,corporate
US404280DM89,corporate
US404280DN62,corporate
US404280DR76,corporate
US404280DS59,corporate
US404280DT33,corporate
US404280DU06,corporate
US404280DV88,corporate
US404280DW61,corporate
US404280DX45,corporate
US404280EC98,corporate
US404280ED71,corporate
US404280EE54,corporate
US404280EF20,corporate
US404280EG03,corporate
US404280EH85,corporate
US404280EJ42,corporate
US404280EK15,corporate
US404280EL97,corporate
US404280EM70,corporate
US404280EN53,corporate
US404280EP02,corporate
US404280EQ84,corporate
US404280ER67,corporate
US404280ES41,corporate
US404280ET24,corporate
US404280EU96,corporate
US404280EV79,corporate
US404280EW52,corporate
US404280EX36,corporate
US404280EZ83,corporate
US404280FA24,corporate
US404280FB07,corporate
US404280FE46,corporate
US404280FF11,corporate
US404280FG93,corporate
US404280FH76,corporate
US404280FJ33,corporate
US404280FK06,corporate
US404280FL88,corporate
US404280FM61,corporate
US404280FN45,corporate
US404280FP92,corporate
US404280FQ75,corporate
US404280FR58,corporate
US404280FS32,corporate
US404280FT15,corporate
US404280FU87,corporate
US40428HA448,corporate
US40428HA513,corporate
US40428HR954,corporate
US40428HS291,corporate
US4042Q1AA55,corporate
US4042Q1AB39,corporate
US4042Q1AD94,corporate
US40434LAB18,corporate
US40434LAC90,corporate
US40434LAJ44,corporate
US40434LAK17,corporate
US40434LAL99,corporate
US40434LAM72,corporate
US40434LAN55,corporate
US40434LAR69,corporate
US40434LAS43,corporate
US40440VAC90,corporate
US40440VAF22,corporate
US40440VAH87,corporate
US40440VAK17,corporate
US40440VAX38,corporate
US40440VAZ85,corporate
US40440VBB09,corporate
US40440VBD64,corporate
US404530AA50,corporate
US404530AC17,corporate
US404530AD99,corporate
US405024AD24,corporate
US40555XAA00,corporate
US40555XAB82,corporate
US40555XAC65,corporate
US406216AW19,corporate
US406216AY74,corporate
US406216BA89,corporate
US406216BE02,corporate
US406216BJ98,corporate
US406216BK61,corporate
US406216BL45,corporate
US40621PAA75,corporate
US40624QAB05,corporate
US40637HAD17,corporate
US40637HAF64,corporate
US4101204067,corporate
US41013MAZ32,corporate
US41013MBG42,corporate
US41013MCP32,corporate
US41013MCX65,corporate
US41013MPZ76,corporate
US41013MQG86,corporate
US41013MQP85,corporate
US41013MRD47,corporate
US41013MRL62,corporate
US410495AB18,corporate
US41068XAF78,corporate
US41068XAG51,corporate
US41068XAH35,corporate
US41068XAK63,corporate
US410867AB18,corporate
US410867AG05,corporate
US410867AH87,corporate
US411618AD32,corporate
US412822AE80,corporate
US413875AF26,corporate
US413875AN59,corporate
US413875AS47,corporate
US413875AT20,corporate
US413875AW58,corporate
US416515AP98,corporate
US416515AS38,corporate
US416515BA11,corporate
US416515BB93,corporate
US416515BD59,corporate
US416515BE33,corporate
US416515BF08,corporate
US416518AC25,corporate
US416518AD08,corporate
US41652PAC32,corporate
US416592AC73,corporate
US416592AE30,corporate
US418056AH08,corporate
US418056AS62,corporate
US418056AU19,corporate
US418056AV91,corporate
US418056AY31,corporate
US418056AZ06,corporate
US418056BA46,corporate
US418056BB29,corporate
US421946AK01,corporate
US42217KAX46,corporate
US42217KBB17,corporate
US42225UAF12,corporate
US42225UAG94,corporate
US42225UAH77,corporate
US42225UAK07,corporate
US42225UAL89,corporate
US42225UAM62,corporate
US42234QAE26,corporate
US42250GAA13,corporate
US42250GAB95,corporate
US42250PAA12,corporate
US42250PAB94,corporate
US42250PAC77,corporate
US42250PAD50,corporate
US42250PAE34,corporate
US422806AA75,corporate
US422806AB58,corporate
US422806AC32,corporate
US422806AD15,corporate
US423074AF08,corporate
US42307TAG31,corporate
US423452AG66,corporate
US423452AL51,corporate
US423452AM35,corporate
US426767AC30,corporate
US42703MAF05,corporate
US427056AU02,corporate
US4270968476,corporate
US427096AH50,corporate
US427096AJ17,corporate
US427096AN29,corporate
US42711MAA18,corporate
US42711MAB90,corporate
US42727GAA67,corporate
US427866AL29,corporate
US427866AW83,corporate
US427866BB38,corporate
US427866BD93,corporate
US427866BE76,corporate
US427866BG25,corporate
US427866BH08,corporate
US427866BJ63,corporate
US427866BK37,corporate
US427866BL10,corporate
US427866BM92,corporate
US427866BN75,corporate
US428040DE63,corporate
US42809HAC16,corporate
US42809HAD98,corporate
US42809HAG20,corporate
US42809HAH03,corporate
US428236BR31,corporate
US42824CAX74,corporate
US42824CAY57,corporate
US42824CBP32,corporate
US42824CBR97,corporate
US42824CBS70,corporate
US42824CBT53,corporate
US42824CBU27,corporate
US42824CBV00,corporate
US42824CBW82,corporate
US42824CBY49,corporate
US42824CBZ14,corporate
US42824CCA53,corporate
US42824CCB37,corporate
US42824CCC10,corporate
US42824CCD92,corporate
US42824CCE75,corporate
US42824CCF41,corporate
US428291AP36,corporate
US428291AQ19,corporate
US431282AP72,corporate
US431282AQ55,corporate
US431282AR39,corporate
US431282AS12,corporate
US431282AT94,corporate
US431282AU67,corporate
US431282AV41,corporate
US431571AE83,corporate
US431571AF58,corporate
US432833AF84,corporate
US432891AK52,corporate
US43358BAA17,government
US43358BAB99,government
US43371HAA14,corporate
US43475RAP10,corporate
US43475RAQ92,corporate
US43475RAR75,corporate
US43475RAT32,corporate
US43475RAU05,corporate
US43475RAW60,corporate
US43475RAX44,corporate
US436106AC21,corporate
US436893AC51,corporate
US43689EAC12,corporate
US437076AS19,corporate
US437076AU64,corporate
US437076AV48,corporate
US437076BA91,corporate
US437076BD31,corporate
US437076BF88,corporate
US437076BH45,corporate
US437076BN13,corporate
US437076BP60,corporate
US437076BS00,corporate
US437076BT82,corporate
US437076BW12,corporate
US437076BX94,corporate
US437076BY77,corporate
US437076BZ43,corporate
US437076CA82,corporate
US437076CB65,corporate
US437076CC49,corporate
US437076CD22,corporate
US437076CE05,corporate
US437076CF79,corporate
US437076CG52,corporate
US437076CH36,corporate
US437076CJ91,corporate
US437076CK64,corporate
US437076CN04,corporate
US437076CP51,corporate
US437076CQ35,corporate
US437076CS90,corporate
US437076CT73,corporate
US437076CV20,corporate
US437076CW03,corporate
US437076DB56,corporate
US437076DC30,corporate
US437076DD13,corporate
US437076DE95,corporate
US437076DF60,corporate
US437076DG44,corporate
US437076DH27,corporate
US437076DJ82,corporate
US437076DK55,corporate
US43785VAE20,corporate
US438127AB80,corporate
US438127AC63,corporate
US438127AD47,corporate
US438127AE20,corporate
US438127AF94,corporate
US438180AH47,government
US438180AJ03,government
US438180AK75,government
US438180AL58,government
US43849RAL96,corporate
US43849RAM79,corporate
US43849RAN52,corporate
US43849RAP01,corporate
US43849RAQ83,corporate
US43849RAR66,corporate
US43849RAS40,corporate
US43849RAT23,corporate
US43849RAU95,corporate
US438506AS66,corporate
US438516AR73,corporate
US438516AT30,corporate
US438516BB13,corporate
US438516BL94,corporate
US438516BS48,corporate
US438516BU93,corporate
US438516BZ80,corporate
US438516CA21,corporate
US438516CE43,corporate
US438516CF18,corporate
US438516CK03,corporate
US438516CM68,corporate
US438516CR55,corporate
US438516CS39,corporate
US438516CT12,corporate
US438516CU84,corporate
US438516CZ71,corporate
US440327AL82,corporate
US440327AM65,corporate
US440452AF79,corporate
US440452AH36,corporate
US440452AJ91,corporate
US440452AK64,corporate
US44045A5083,corporate
US44106MAX02,corporate
US44106MAY84,corporate
US44106MBB72,corporate
US44107HAC60,corporate
US44107HAD44,corporate
US44107HAF91,corporate
US44107TAY29,corporate
US44107TAZ93,corporate
US44107TBA34,corporate
US44107TBB17,corporate
US44107TBC99,corporate
US44107TBD72,corporate
US44107TBE55,corporate
US441812JZ87,corporate
US441812KB90,corporate
US442851AH47,corporate
US442851AJ03,corporate
US442851AK75,corporate
US442851AL58,corporate
US442851AM32,corporate
US442851AN15,corporate
US442851AS02,corporate
US442851AU57,corporate
US442851AV31,corporate
US442851AW14,corporate
US442851AZ45,corporate
US442851BA84,corporate
US442851BF71,corporate
US442851BG54,corporate
US442851BH38,corporate
US443201AB48,corporate
US443201AC21,corporate
US443201AD04,corporate
US443201AF51,corporate
US443201AG35,corporate
US443201AH18,corporate
US443510AH55,corporate
US443510AJ12,corporate
US443510AK84,corporate
US443510AL67,corporate
US443510AM41,corporate
US443510AN24,corporate
US443510AP71,corporate
US44409MAA45,corporate
US44409MAB28,corporate
US44409MAC01,corporate
US44409MAD83,corporate
US444859AZ50,corporate
US444859BB73,corporate
US444859BE13,corporate
US444859BF87,corporate
US444859BG60,corporate
US444859BK72,corporate
US444859BL55,corporate
US444859BN12,corporate
US444859BQ43,corporate
US444859BR26,corporate
US444859BT81,corporate
US444859BU54,corporate
US444859BV38,corporate
US444859BX93,corporate
US444859BY76,corporate
US444859BZ42,corporate
US444859CA81,corporate
US444859CB64,corporate
US444859CC48,corporate
US444859CD21,corporate
US444859CE04,corporate
US445545AF36,government
US445658CG02,corporate
US446150AS35,corporate
US446150AT18,corporate
US446150AV63,corporate
US446150AX20,corporate
US446150BA18,corporate
US446150BB90,corporate
US446150BC73,corporate
US446150BD56,corporate
US446150BE30,corporate
US446150BF05,corporate
US446150BG87,corporate
US446150BK99,corporate
US446150BL72,corporate
US446283AD57,corporate
US446284AA91,corporate
US446413AL01,corporate
US446413AT37,corporate
US446413AZ96,corporate
US446413BA37,corporate
US446413BB10,corporate
US44644MAF86,corporate
US44644MAJ09,corporate
US44644MAK71,corporate
US44701QBE17,corporate
US44701QBF81,corporate
US44701QBG64,corporate
US448055AD59,corporate
US448055AP89,corporate
US448579AG79,corporate
US448579AJ19,corporate
US448579AQ51,corporate
US448579AR35,corporate
US448579AS18,corporate
US448579AT90,corporate
US448579AU63,corporate
US448579AV47,corporate
US448579AW20,corporate
US448810AD30,corporate
US44891CAK99,corporate
US44891CBD48,corporate
US44891CBG78,corporate
US44891CBL63,corporate
US44891CBP77,corporate
US44891CBT99,corporate
US44891CBX02,corporate
US44891CBZ59,corporate
US44891CCA99,corporate
US44891CCD39,corporate
US44891CCE12,corporate
US44891CCH43,corporate
US44891CCJ09,corporate
US44891CCM38,corporate
US44891CCN11,corporate
US44891CCP68,corporate
US44891CCR25,corporate
US44891CCT80,corporate
US44891CCU53,corporate
US44891CCV37,corporate
US44891CCW10,corporate
US44891CCX92,corporate
US44891CCY75,corporate
US44891CCZ41,corporate
US44891CDB63,corporate
US44891CDC47,corporate
US44891CDD20,corporate
US44891CDE03,corporate
US44891CDF77,corporate
US44891CDG50,corporate
US44891CDH34,corporate
US44891CDJ99,corporate
US44891CDK62,corporate
US44891CDL46,corporate
US44891CDM29,corporate
US44891CDP59,corporate
US44891CDQ33,corporate
US44891CDS98,corporate
US44891CDT71,corporate
US44891CDU45,corporate
US44891CDV28,corporate
US44891CDW01,corporate
US44891CDX83,corporate
US44891CDZ32,corporate
US44891CEA71,corporate
US44891CEB54,corporate
US44891CED11,corporate
US44891CEE93,corporate
US44891CEF68,corporate
US44891CEG42,corporate
US44891CEH25,corporate
US44891CEK53,corporate
US44891CEL37,corporate
US44891CEM10,corporate
US44891CEN92,corporate
US44891CEP41,corporate
US44891CEQ24,corporate
US44914HAB15,corporate
US449276AB03,corporate
US449276AC85,corporate
US449276AD68,corporate
US449276AE42,corporate
US449276AF17,corporate
US449276AG99,corporate
US44962LAF40,corporate
US44962LAJ61,corporate
US449669AK64,corporate
US44984WAH07,corporate
US44984WAJ62,corporate
US450056AB23,corporate
US451102BZ91,corporate
US451102CC97,corporate
US451102CF29,corporate
US451102CJ41,corporate
US45115AAB08,corporate
US45115AAC80,corporate
US451380BC26,corporate
US45138LAQ68,corporate
US45138LAT08,corporate
US45138LBC63,corporate
US45138LBD47,corporate
US45138LBF94,corporate
US45138LBH50,corporate
US45138LBJ17,corporate
US45138LBK89,corporate
US45138LBL62,corporate
US45138LBM46,corporate
US45167RAG92,corporate
US45167RAH75,corporate
US45167RAJ32,corporate
US45174HBD89,corporate
US45174HBJ59,corporate
US451866SX66,corporate
US452308AQ28,corporate
US452308AR01,corporate
US452308AX78,corporate
US452308BD06,corporate
US452327AM11,corporate
US452327AP42,corporate
US452327AQ25,corporate
US452327AR08,corporate
US452327AS80,corporate
US45258DAB10,corporate
US453258AP01,corporate
US453836AJ75,corporate
US45384BAD82,corporate
US45434M2A91,corporate
US45434M2B74,corporate
US45434M2C57,corporate
US45434M2H45,corporate
US45475QAG82,corporate
US45475QAQ64,corporate
US45475QAR48,corporate
US454889AM82,corporate
US454889AQ96,corporate
US454889AR79,corporate
US454889AS52,corporate
US454889AT36,corporate
US454889AU09,corporate
US454889AV81,corporate
US454889AW64,corporate
US455170AA81,corporate
US455170AB64,corporate
US45580KAK43,corporate
US456349AA77,corporate
US45674GAB05,corporate
US456837AH61,corporate
US456837AM56,corporate
US456837AQ60,corporate
US456837AR44,corporate
US456837AW39,corporate
US456837AY94,corporate
US456837AZ69,corporate
US456837BB82,corporate
US456837BC65,corporate
US456837BF96,corporate
US456837BH52,corporate
US456837BJ19,corporate
US456837BL64,corporate
US456837BM48,corporate
US456837BP78,corporate
US456837BQ51,corporate
US456837BR35,corporate
US456837BS18,corporate
US456837BT90,corporate
US456837BU63,corporate
US456837BV47,corporate
US45685EAJ55,corporate
US456873AC20,corporate
US456873AD03,corporate
US456873AF50,corporate
US45687AAG76,corporate
US45687AAN28,corporate
US45687AAP75,corporate
US45687VAA44,corporate
US45687VAB27,corporate
US45687VAC00,corporate
US45687VAD82,corporate
US45687VAE65,corporate
US45687VAF31,corporate
US45687VAG14,corporate
US457187AB87,corporate
US457187AC60,corporate
US45777VAD91,corporate
US45777VAE74,corporate
US45780UAC80,corporate
US45781MAD39,corporate
US45791GAA04,corporate
US458140AK64,corporate
US458140AN04,corporate
US458140AP51,corporate
US458140AT73,corporate
US458140AV20,corporate
US458140AX85,corporate
US458140AY68,corporate
US458140BG44,corporate
US458140BH27,corporate
US458140BJ82,corporate
US458140BK55,corporate
US458140BL39,corporate
US458140BM12,corporate
US458140BN94,corporate
US458140BQ26,corporate
US458140BR09,corporate
US458140BT64,corporate
US458140BU38,corporate
US458140BV11,corporate
US458140BW93,corporate
US458140BX76,corporate
US458140BY59,corporate
US458140BZ25,corporate
US458140CA64,corporate
US458140CB48,corporate
US458140CC21,corporate
US458140CE86,corporate
US458140CF51,corporate
US458140CG35,corporate
US458140CH18,corporate
US458140CJ73,corporate
US458140CK47,corporate
US458140CL20,corporate
US458140CM03,corporate
US458140CN85,corporate
US458140CQ17,corporate
US458140CR99,corporate
US458140CS72,corporate
US458140CU29,corporate
US458140CV02,corporate
US4581X0DS49,government
US4581X0ES30,government
US45826HAB50,corporate
US45826HAD17,corporate
US45834QAA76,corporate
US45834QAB59,corporate
US458652AB08,corporate
US458652AC80,corporate
US45865VAA89,corporate
US45865VAC46,corporate
US45865VAD29,corporate
US45865VAE02,corporate
US45865VAF76,corporate
US45865VAG59,corporate
US45866EAA55,corporate
US45866FAF18,corporate
US45866FAH73,corporate
US45866FAJ30,corporate
US45866FAK03,corporate
US45866FAL85,corporate
US45866FAN42,corporate
US45866FAP99,corporate
US45866FAQ72,corporate
US45866FAU84,corporate
US45866FAV67,corporate
US45866FAW41,corporate
US45866FAX24,corporate
US45866FAY07,corporate
US45866FBA12,corporate
US45866FBB94,corporate
US45867GAD34,corporate
US459056RA75,government
US459058FT50,government
US459058GE72,government
US459058HJ50,government
US459058JC89,government
US459058JF11,government
US459058JG93,government
US459058JN45,government
US459058JR58,government
US459058JU87,government
US459058JW44,government
US459058JZ74,government
US459058KA05,government
US459058KD44,government
US459058KH57,government
US459058KJ14,government
US459058KK86,government
US459058KL69,government
US459058KN26,government
US459058KQ56,government
US459058KT95,government
US459058KU68,government
US459058KW25,government
US459058KX08,government
US459058KY80,government
US459058LA95,government
US459058LD35,government
US459058LF82,government
US459058LH49,government
US459058LL50,government
US459058LN17,government
US459058LP64,government
US459058LQ48,government
US459058LR21,government
US459058LT86,government
US459058LU59,government
US459058LX98,government
US459058LY71,government
US459058LZ47,government
US459058MB69,government
US459058MC43,government
US45905CAA27,government
US45905UAD63,government
US45906M3A71,government
US45906M3D11,government
US45906M6U09,government
US45906M6W64,government
US459200AP64,corporate
US459200AR21,corporate
US459200AS04,corporate
US459200BB69,corporate
US459200GL96,corporate
US459200GS40,corporate
US459200HF10,corporate
US459200JH57,corporate
US459200JR30,corporate
US459200KA85,corporate
US459200KB68,corporate
US459200KC42,corporate
US459200KH39,corporate
US459200KJ94,corporate
US459200KK67,corporate
US459200KL41,corporate
US459200KM24,corporate
US459200KN07,corporate
US459200KP54,corporate
US459200KT76,corporate
US459200KU40,corporate
US459200KV23,corporate
US459200KX88,corporate
US459200KY61,corporate
US459200KZ37,corporate
US459200LF63,corporate
US459200LG47,corporate
US459200LH20,corporate
US459200LJ85,corporate
US459200LK58,corporate
US459200LQ29,corporate
US459200LR02,corporate
US459200LS84,corporate
US459200LT67,corporate
US459200LV14,corporate
US45939E2A70,government
US45939E2B53,government
US45939E2C37,government
US45939E2D10,government
US45939E2E92,government
US45939EAC49,government
US45939FAA57,government
US45939FAB31,government
US459506AE19,corporate
US459506AK78,corporate
US459506AL51,corporate
US45950KCX63,government
US45950KDF49,government
US45950KDH05,government
US45950KDK34,government
US45950KDQ04,government
US45950KDR86,government
US460146BD47,corporate
US460146CC54,corporate
US460146CF85,corporate
US460146CH42,corporate
US460146CK70,corporate
US460146CM37,corporate
US460146CN10,corporate
US460146CQ41,corporate
US460146CS07,corporate
US46051MAF95,corporate
US460690BP43,corporate
US460690BQ26,corporate
US460690BR09,corporate
US460690BT64,corporate
US460690BU38,corporate
US461070AC88,corporate
US461070AG92,corporate
US461070AK05,corporate
US461070AN44,corporate
US461070AP91,corporate
US461070AQ74,corporate
US461070AR57,corporate
US461070AS31,corporate
US461070AT14,corporate
US461070AU86,corporate
US461070AV69,corporate
US461070AW43,corporate
US461070AX26,corporate
US461070AY09,corporate
US461070AZ73,corporate
US46124HAC07,corporate
US46124HAD89,corporate
US46124HAF38,corporate
US46124HAG11,corporate
US46124HAH93,corporate
US46124HAK23,corporate
US46124HAL06,corporate
US46132FAC41,corporate
US46143NAB64,corporate
US46188BAA08,corporate
US46188BAB80,corporate
US46188BAC63,corporate
US46188BAD47,corporate
US46188BAE20,corporate
US46188BAF94,corporate
US46188BAG77,corporate
US46188BAH50,corporate
US46188BAJ17,corporate
US462222AF72,corporate
US462613AP51,corporate
US462613AR18,corporate
US46266TAC27,corporate
US46266TAF57,corporate
US46267XAK46,corporate
US46270CAB54,corporate
US46270CAD11,corporate
US4651387N91,government
US46513JXM88,government
US46513JXN61,government
US46513YJH27,government
US46513YJJ82,government
US46514BRA79,government
US465410BG26,government
US465410BY32,government
US465410BZ07,government
US465410CC03,government
US465410CE68,government
US465410CF34,government
US465410CG17,government
US46556V2A91,corporate
US46556W2E95,corporate
US465685AH81,corporate
US465685AP08,corporate
US465685AU92,corporate
US465685AV75,corporate
US465741AQ90,corporate
US46590XAM83,corporate
US46590XAN66,corporate
US46590XAP15,corporate
US46590XAQ97,corporate
US46590XAS53,corporate
US46590XAU00,corporate
US46590XAX49,corporate
US46590XAY22,corporate
US46594TAA97,corporate
US46594TAB70,corporate
US46625HHF01,corporate
US46625HHV50,corporate
US46625HJB78,corporate
US46625HJM34,corporate
US46625HJU59,corporate
US46625HJZ47,corporate
US46625HLL23,corporate
US46625HNJ58,corporate
US46625HRV41,corporate
US46625HRX07,corporate
US46625HRY89,corporate
US46626YAB83,corporate
US466313AH63,corporate
US466313AJ20,corporate
US466313AK92,corporate
US466313AM58,corporate
US46632FZL20,corporate
US46647PAA49,corporate
US46647PAF36,corporate
US46647PAJ57,corporate
US46647PAK21,corporate
US46647PAL04,corporate
US46647PAM86,corporate
US46647PAN69,corporate
US46647PAR73,corporate
US46647PAV85,corporate
US46647PAX42,corporate
US46647PBD78,corporate
US46647PBE51,corporate
US46647PBJ49,corporate
US46647PBL94,corporate
US46647PBM77,corporate
US46647PBN50,corporate
US46647PBP09,corporate
US46647PBR64,corporate
US46647PBU93,corporate
US46647PBV76,corporate
US46647PBX33,corporate
US46647PCC86,corporate
US46647PCD69,corporate
US46647PCE43,corporate
US46647PCJ30,corporate
US46647PCP99,corporate
US46647PCQ72,corporate
US46647PCR55,corporate
US46647PCU84,corporate
US46647PCW41,corporate
US46647PCY07,corporate
US46647PDA12,corporate
US46647PDC77,corporate
US46647PDF09,corporate
US46647PDG81,corporate
US46647PDH64,corporate
US46647PDK93,corporate
US46647PDR47,corporate
US46647PDU75,corporate
US46647PDW32,corporate
US46647PDX15,corporate
US46647PDY97,corporate
US46647PDZ62,corporate
US46647PEA03,corporate
US46647PEB85,corporate
US46647PEC68,corporate
US46647PEE25,corporate
US46647PEF99,corporate
US46647PEG72,corporate
US46647PEH55,corporate
US46647PEJ12,corporate
US46647PEK84,corporate
US46647PEL67,corporate
US46647PEM41,corporate
US46647PEN24,corporate
US46647PEP71,corporate
US46647PEQ54,corporate
US46647PER38,corporate
US46647PES11,corporate
US46647PET93,corporate
US46647PEU66,corporate
US46647PEV40,corporate
US46647PEW23,corporate
US46647PEX06,corporate
US46647PEY88,corporate
US46647PFC59,corporate
US46647PFD33,corporate
US46647PFE16,corporate
US46647PFG63,corporate
US46647PFH47,corporate
US46647PFJ03,corporate
US46647PFK75,corporate
US46647PFL58,corporate
US46647PFM32,corporate
US46647PFN15,corporate
US46647PFP62,corporate
US46656PAA21,corporate
US46656PAC86,corporate
US46656PAD69,corporate
US46660JWT59,corporate
US46660NAT00,corporate
US46660NAW39,corporate
US46660NBM48,corporate
US46660NBN21,corporate
US46660NCG60,corporate
US46660NDD21,corporate
US46817MAL19,corporate
US46817MAN74,corporate
US46817MAR88,corporate
US46817MAS61,corporate
US46817MAV90,corporate
US468223AR33,corporate
US468223AU61,corporate
US46849MBJ71,corporate
US46849MCK36,corporate
US46849MCR88,corporate
US46849MCT45,corporate
US469814AA50,corporate
US469814AB34,corporate
US46982LAA61,corporate
US46982LAB45,corporate
US47010BAK08,corporate
US470160CA80,government
US470160CB63,government
US47074LAB18,corporate
US47103MAB46,corporate
US471048AZ14,government
US471048BE75,government
US471048BM91,government
US471048BQ06,government
US471048BT45,government
US471048BV90,government
US471048CF32,government
US471048CL00,government
US471048CM82,government
US471048CP14,government
US471048CQ96,government
US471048CU09,government
US471048CX48,government
US471048CY21,government
US471048CZ95,government
US471048DA36,government
US471048DB19,government
US471048DC91,government
US471048DD74,government
US471048DE57,government
US471068AT33,government
US471068AX45,government
US471068AY28,government
US471068AZ92,government
US471068BA33,government
US471068BB16,government
US471068BC98,government
US471105AC03,corporate
US471105AD85,corporate
US471105AE68,corporate
US472140AB82,corporate
US472140AD49,corporate
US472140AF96,corporate
US472140AH52,corporate
US472140AK81,corporate
US472145AH40,corporate
US47214BAC28,corporate
US47214BAD01,corporate
US47215PAE60,corporate
US47215PAF36,corporate
US47215PAJ57,corporate
US472319AC60,corporate
US472319AE27,corporate
US472319AM43,corporate
US47233JAF57,corporate
US47233JAG31,corporate
US47233JAL26,corporate
US47233JAM09,corporate
US47233JAP30,corporate
US47233JAX63,corporate
US47233JBB35,corporate
US47233JBE73,corporate
US47233JBH05,corporate
US47233JBJ60,corporate
US47233JBQ04,corporate
US47233JBS69,corporate
US47233JBU16,corporate
US47233JBW71,corporate
US47233JBY38,corporate
US47233JCA43,corporate
US47233JCC09,corporate
US47233JCD81,corporate
US47233JCG13,corporate
US47233JCL08,corporate
US47233JCM80,corporate
US47233JCP12,corporate
US47233JCR77,corporate
US47233JCV89,corporate
US47233JCW62,corporate
US47233JCX46,corporate
US47233JCY29,corporate
US47233JCZ93,corporate
US47233JDA34,corporate
US47233JDG04,corporate
US47233JDH86,corporate
US47233JDL98,corporate
US47233JDN54,corporate
US47233JDP03,corporate
US47233JDS42,corporate
US47233JDT25,corporate
US47233JDV70,corporate
US47233JDX37,corporate
US47233JDZ84,corporate
US47233JEA25,corporate
US47233JEE47,corporate
US47233JEK07,corporate
US47233JEP93,corporate
US47233JER59,corporate
US47233JFE38,corporate
US47233JFH68,corporate
US47233JGE29,corporate
US47233JGF93,corporate
US47233JGS15,corporate
US47233JGT97,corporate
US47233WAY57,corporate
US47233WBM01,corporate
US47233WDP14,corporate
US47233WDR79,corporate
US47233WEJ45,corporate
US47233WER60,corporate
US47233WFK09,corporate
US47233WFW47,corporate
US47233WGH60,corporate
US47233WGW38,corporate
US47233WHA09,corporate
US47233WHB81,corporate
US47233WHJ18,corporate
US47233WHN20,corporate
US47233WJC47,corporate
US47233WJD20,corporate
US47233WJE03,corporate
US47233WJJ99,corporate
US47233WJK62,corporate
US47233WJL46,corporate
US47233WJN02,corporate
US47233WJQ33,corporate
US47233WJS98,corporate
US47233WJT71,corporate
US47233WJU45,corporate
US47233WJW01,corporate
US47233WJX83,corporate
US47233WJY66,corporate
US47233WJZ32,corporate
US47233WKA61,corporate
US47233WKB45,corporate
US47233WKC28,corporate
US47233WKD01,corporate
US47233WKE83,corporate
US47233WKF58,corporate
US47233WKG32,corporate
US47233WKH15,corporate
US47233WKJ70,corporate
US47233WKP31,corporate
US47233WKQ14,corporate
US47233WKR96,corporate
US47233WKS79,corporate
US47233WKT52,corporate
US47233WKW81,corporate
US47233WKX64,corporate
US47233WKY48,corporate
US47233WKZ13,corporate
US47233WLA52,corporate
US47233WLB36,corporate
US47233WLC19,corporate
US47233WLE74,corporate
US47233WLF40,corporate
US47233WLG23,corporate
US47233WLH06,corporate
US47233WLJ61,corporate
US47233WLK35,corporate
US47233WLL18,corporate
US47233WLM90,corporate
US47233WLQ05,corporate
US47233WLR87,corporate
US47233WLS60,corporate
US47233WLT44,corporate
US47233WLV99,corporate
US47233WLZ04,corporate
US47233WMG14,corporate
US47233WMK26,corporate
US47233WMP13,corporate
US47233WMR78,corporate
US47233WMW63,corporate
US47233WMX47,corporate
US47233WMY20,corporate
US47233WNC90,corporate
US47233WNE56,corporate
US47233WNF22,corporate
US47233WNH87,corporate
US47233WNJ44,corporate
US47233WNK17,corporate
US47233YWW10,corporate
US47233YWX92,corporate
US476556CP82,corporate
US476556DF91,corporate
US476556DK86,corporate
US476556DL69,corporate
US476556DM43,corporate
US476556DP73,corporate
US477143AH41,corporate
US477143AJ07,corporate
US477143AR23,corporate
US477164AA59,corporate
US477164AB33,corporate
US47775AAA97,corporate
US477854AA13,corporate
US477921AA87,corporate
US478045AA52,corporate
US478111AC18,corporate
US478111AD90,corporate
US478115AD05,corporate
US478115AE87,corporate
US478115AF52,corporate
US478115AH19,corporate
US478160AJ37,corporate
US478160AL82,corporate
US478160AN49,corporate
US478160AT19,corporate
US478160AV64,corporate
US478160BA19,corporate
US478160BJ28,corporate
US478160BK90,corporate
US478160BU72,corporate
US478160BV55,corporate
US478160CE22,corporate
US478160CF96,corporate
US478160CG79,corporate
US478160CK81,corporate
US478160CL64,corporate
US478160CM48,corporate
US478160CP78,corporate
US478160CQ51,corporate
US478160CR35,corporate
US478160CS18,corporate
US478160CT90,corporate
US478160CU63,corporate
US478160CV47,corporate
US478160CW20,corporate
US478160CX03,corporate
US478160DG60,corporate
US478160DH44,corporate
US478160DJ00,corporate
US478160DK72,corporate
US478160DL55,corporate
US478366AN74,corporate
US478366AW73,corporate
US478375AH14,corporate
US478375AJ79,corporate
US478375AK43,corporate
US478375AL26,corporate
US478375AN81,corporate
US478375AS78,corporate
US478375AU25,corporate
US47837RAA86,corporate
US47837RAD26,corporate
US47837RAE09,corporate
US479281AA53,corporate
US48020QAB32,corporate
US480914AA80,corporate
US4809207354,corporate
US48123VAE20,corporate
US48123VAH50,corporate
US48125V5F38,corporate
US48126BAA17,corporate
US48126DMH97,corporate
US48126DMJ53,corporate
US48126DMN65,corporate
US48126N5L76,corporate
US48126N5V58,corporate
US48128AAJ25,corporate
US48128BAD38,corporate
US48128BAH42,corporate
US48128BAQ41,corporate
US48128BAR24,corporate
US48128BAT89,corporate
US48128BAU52,corporate
US48128BAV36,corporate
US48128BAW19,corporate
US48128G2E94,corporate
US48128G2F69,corporate
US48128G2J81,corporate
US48128G2K54,corporate
US48128G2L38,corporate
US48128G2X75,corporate
US48128G3C20,corporate
US48128G3H17,corporate
US48128G3M02,corporate
US48128G3P33,corporate
US48128G3Q16,corporate
US48128G3R98,corporate
US48128G3U28,corporate
US48128G4C11,corporate
US48128G4S62,corporate
US48128G4U19,corporate
US48128G4W74,corporate
US48128G5J54,corporate
US48128G5Y22,corporate
US48128G5Z96,corporate
US48128G6E58,corporate
US48128G6H89,corporate
US48128G6X30,corporate
US48128GD566,corporate
US48128GE481,corporate
US48128GG387,corporate
US48128GG619,corporate
US48128GH609,corporate
US48128GH948,corporate
US48128GK900,corporate
US48128GL817,corporate
US48128GM989,corporate
US48128GQ295,corporate
US48128GQ451,corporate
US48128GQ600,corporate
US48128GQ782,corporate
US48128GQ865,corporate
US48128GQ949,corporate
US48128GR285,corporate
US48128GR368,corporate
US48128GR517,corporate
US48128GR855,corporate
US48128GS275,corporate
US48128GSV31,corporate
US48128GT265,corporate
US48128GT679,corporate
US48128GT752,corporate
US48128GT836,corporate
US48128GT919,corporate
US48128GU248,corporate
US48128GU578,corporate
US48128GU651,corporate
US48128GU818,corporate
US48128GU990,corporate
US48128GV311,corporate
US48128GW483,corporate
US48128GW970,corporate
US48128GX887,corporate
US48128GX960,corporate
US48128GY463,corporate
US48128GY612,corporate
US48128GZ296,corporate
US48128GZ601,corporate
US48128GZ783,corporate
US48128GZ866,corporate
US48130C2B01,corporate
US48130C2D66,corporate
US48130C2G97,corporate
US48130C2J37,corporate
US48130C2K00,corporate
US48130C2N49,corporate
US48130C2P96,corporate
US48130C2T19,corporate
US48130C3F06,corporate
US48130C3G88,corporate
US48130C3H61,corporate
US48130C3L73,corporate
US48130C3Q60,corporate
US48130C3R44,corporate
US48130C3T00,corporate
US48130C3V55,corporate
US48130C3X12,corporate
US48130C3Y94,corporate
US48130C3Z69,corporate
US48130C4K81,corporate
US48130C4P78,corporate
US48130C4Q51,corporate
US48130C4S18,corporate
US48130C4T90,corporate
US48130C4W20,corporate
US48130C4Z50,corporate
US48130C5A90,corporate
US48130C5B73,corporate
US48130C5C56,corporate
US48130C5D30,corporate
US48130C5E13,corporate
US48130C5F87,corporate
US48130C5G60,corporate
US48130C5M39,corporate
US48130C5R26,corporate
US48130C5S09,corporate
US48130C5U54,corporate
US48130C5V38,corporate
US48130C6C48,corporate
US48130C6D21,corporate
US48130C6E04,corporate
US48130C6F78,corporate
US48130C6G51,corporate
US48130C6N03,corporate
US48130C6W02,corporate
US48130C6Y67,corporate
US48130C7A72,corporate
US48130C7B55,corporate
US48130C7C39,corporate
US48130C7K54,corporate
US48130C7L38,corporate
US48130CA211,corporate
US48130CA393,corporate
US48130CA476,corporate
US48130CA625,corporate
US48130CA880,corporate
US48130CAW55,corporate
US48130CAZ86,corporate
US48130CB201,corporate
US48130CB466,corporate
US48130CB532,corporate
US48130CB870,corporate
US48130CB953,corporate
US48130CBE49,corporate
US48130CBM64,corporate
US48130CC860,corporate
US48130CC944,corporate
US48130CCL72,corporate
US48130CCV54,corporate
US48130CCZ68,corporate
US48130CD363,corporate
US48130CD447,corporate
US48130CD512,corporate
US48130CDP77,corporate
US48130CDV46,corporate
US48130CE270,corporate
US48130CE353,corporate
US48130CE437,corporate
US48130CE924,corporate
US48130CEJ09,corporate
US48130CF269,corporate
US48130CF343,corporate
US48130CF673,corporate
US48130CFA80,corporate
US48130CFE03,corporate
US48130CFF77,corporate
US48130CFG50,corporate
US48130CFJ99,corporate
US48130CFL46,corporate
US48130CFQ33,corporate
US48130CFV28,corporate
US48130CG663,corporate
US48130CG747,corporate
US48130CG820,corporate
US48130CG903,corporate
US48130CGD11,corporate
US48130CGE93,corporate
US48130CGJ80,corporate
US48130CGK53,corporate
US48130CGQ24,corporate
US48130CGR07,corporate
US48130CGS89,corporate
US48130CGU36,corporate
US48130CGW91,corporate
US48130CGZ23,corporate
US48130CH653,corporate
US48130CH992,corporate
US48130CHC29,corporate
US48130CHF59,corporate
US48130CHK45,corporate
US48130CHQ15,corporate
US48130CHR97,corporate
US48130CHT53,corporate
US48130CHY49,corporate
US48130CJ220,corporate
US48130CJ303,corporate
US48130CJ485,corporate
US48130CJ634,corporate
US48130CJ717,corporate
US48130CJA45,corporate
US48130CJJ53,corporate
US48130CJL00,corporate
US48130CJW64,corporate
US48130CJX48,corporate
US48130CJY21,corporate
US48130CJZ95,corporate
US48130CK533,corporate
US48130CK798,corporate
US48130CK871,corporate
US48130CK954,corporate
US48130CKD64,corporate
US48130CKK08,corporate
US48130CKM63,corporate
US48130CL291,corporate
US48130CL374,corporate
US48130CL457,corporate
US48130CL606,corporate
US48130CLM54,corporate
US48130CLQ68,corporate
US48130CLT08,corporate
US48130CLU70,corporate
US48130CM364,corporate
US48130CM448,corporate
US48130CM695,corporate
US48130CMB80,corporate
US48130CMD47,corporate
US48130CMH50,corporate
US48130CMJ17,corporate
US48130CML62,corporate
US48130CMM46,corporate
US48130CMR33,corporate
US48130CMV45,corporate
US48130CN438,corporate
US48130CN925,corporate
US48130CNF85,corporate
US48130CNH42,corporate
US48130CNJ08,corporate
US48130CNR24,corporate
US48130CNS07,corporate
US48130CNT89,corporate
US48130CNW19,corporate
US48130CNY74,corporate
US48130CP334,corporate
US48130CP417,corporate
US48130CP664,corporate
US48130CP821,corporate
US48130CPA70,corporate
US48130CPB53,corporate
US48130CPC37,corporate
US48130CPE92,corporate
US48130CPG41,corporate
US48130CPH24,corporate
US48130CPK52,corporate
US48130CPL36,corporate
US48130CPP40,corporate
US48130CPR06,corporate
US48130CPS88,corporate
US48130CPT61,corporate
US48130CPV18,corporate
US48130CPW90,corporate
US48130CQ241,corporate
US48130CQ738,corporate
US48130CQ811,corporate
US48130CQH15,corporate
US48130CQL27,corporate
US48130CQM00,corporate
US48130CQN82,corporate
US48130CQP31,corporate
US48130CQQ14,corporate
US48130CQU26,corporate
US48130CQY48,corporate
US48130CQZ13,corporate
US48130CR231,corporate
US48130CR314,corporate
US48130CR561,corporate
US48130CR801,corporate
US48130CRA52,corporate
US48130CRD91,corporate
US48130CRF40,corporate
US48130CRG23,corporate
US48130CRH06,corporate
US48130CRK35,corporate
US48130CRM90,corporate
US48130CRN73,corporate
US48130CRQ05,corporate
US48130CRS60,corporate
US48130CRU17,corporate
US48130CRV99,corporate
US48130CRX55,corporate
US48130CRY39,corporate
US48130CS221,corporate
US48130CS304,corporate
US48130CS635,corporate
US48130CS890,corporate
US48130CSA44,corporate
US48130CSB27,corporate
US48130CSF31,corporate
US48130CSJ52,corporate
US48130CSK26,corporate
US48130CSL09,corporate
US48130CSP13,corporate
US48130CSQ95,corporate
US48130CSS51,corporate
US48130CSX47,corporate
US48130CSZ94,corporate
US48130CT708,corporate
US48130CT963,corporate
US48130CTB18,corporate
US48130CTC90,corporate
US48130CTD73,corporate
US48130CTF22,corporate
US48130CTG05,corporate
US48130CTH87,corporate
US48130CTJ44,corporate
US48130CTL99,corporate
US48130CTM72,corporate
US48130CTN55,corporate
US48130CTP04,corporate
US48130CTU98,corporate
US48130CTV71,corporate
US48130CTW54,corporate
US48130CTY11,corporate
US48130CTZ85,corporate
US48130CU375,corporate
US48130CU607,corporate
US48130CU789,corporate
US48130CU946,corporate
US48130CUD54,corporate
US48130CUG85,corporate
US48130CUH68,corporate
US48130CUJ25,corporate
US48130CUK97,corporate
US48130CUL70,corporate
US48130CUM53,corporate
US48130CUP84,corporate
US48130CUQ67,corporate
US48130CUV52,corporate
US48130CUX19,corporate
US48130CUY91,corporate
US48130CV282,corporate
US48130CV365,corporate
US48130CV449,corporate
US48130CV514,corporate
US48130CV852,corporate
US48130CV936,corporate
US48130CVA07,corporate
US48130CVG76,corporate
US48130CVJ16,corporate
US48130CVL61,corporate
US48130CVM45,corporate
US48130CVN28,corporate
US48130CVP75,corporate
US48130CVR32,corporate
US48130CVS15,corporate
US48130CVU60,corporate
US48130CVV44,corporate
US48130CW272,corporate
US48130CW843,corporate
US48130CWA97,corporate
US48130CWB70,corporate
US48130CWC53,corporate
US48130CWE10,corporate
US48130CWF84,corporate
US48130CWJ07,corporate
US48130CWL52,corporate
US48130CWM36,corporate
US48130CWN19,corporate
US48130CWP66,corporate
US48130CWR23,corporate
US48130CWS06,corporate
US48130CWT88,corporate
US48130CWU51,corporate
US48130CWV35,corporate
US48130CWX90,corporate
US48130CX262,corporate
US48130CXC45,corporate
US48130CXD28,corporate
US48130CXE01,corporate
US48130CXG58,corporate
US48130CXH32,corporate
US48130CXJ97,corporate
US48130CXN00,corporate
US48130CXQ31,corporate
US48130CXS96,corporate
US48130CXT79,corporate
US48130CXW09,corporate
US48130CXY64,corporate
US48130CY336,corporate
US48130CY583,corporate
US48130CYA79,corporate
US48130CYD19,corporate
US48130CYG40,corporate
US48130CYH23,corporate
US48130CYJ88,corporate
US48130CYK51,corporate
US48130CYN90,corporate
US48130CYP49,corporate
US48130CYU34,corporate
US48130CYW99,corporate
US48130CYX72,corporate
US48130CYY55,corporate
US48130CZ572,corporate
US48130CZA60,corporate
US48130CZB44,corporate
US48130CZC27,corporate
US48130CZD00,corporate
US48130CZG31,corporate
US48130CZJ79,corporate
US48130CZM09,corporate
US48130CZN81,corporate
US48130CZS78,corporate
US48130CZV08,corporate
US48130CZZ12,corporate
US48130KAA51,corporate
US48130KAB35,corporate
US48130KAC18,corporate
US48130KAD90,corporate
US48130KAE73,corporate
US48130KAF49,corporate
US48130KAG22,corporate
US48130KAH05,corporate
US48130KAP21,corporate
US48130KAS69,corporate
US48130KAT43,corporate
US48130KAV98,corporate
US48130KAW71,corporate
US48130KAX54,corporate
US48130KAY38,corporate
US48130KBB26,corporate
US48130KBJ51,corporate
US48130KBK25,corporate
US48130KBT34,corporate
US48130KBW62,corporate
US48130KBX46,corporate
US48130KCA34,corporate
US48130KCC99,corporate
US48130KCF21,corporate
US48130KCM71,corporate
US48130KCP03,corporate
US48130KCV70,corporate
US48130KCW53,corporate
US48130KDC80,corporate
US48130KDF12,corporate
US48130KDG94,corporate
US48130KDH77,corporate
US48130KDK07,corporate
US48130KDN46,corporate
US48130KDP93,corporate
US48130KDQ76,corporate
US48130KDV61,corporate
US48130KDW45,corporate
US48130KDX28,corporate
US48130KEA16,corporate
US48130KED54,corporate
US48130KEK97,corporate
US48130KEQ67,corporate
US48130KEU79,corporate
US48130KEV52,corporate
US48130KEX19,corporate
US48130KEY91,corporate
US48130KFE29,corporate
US48130KFK88,corporate
US48130KFL61,corporate
US48130KFR32,corporate
US48130KFU60,corporate
US48130KFV44,corporate
US48130KGC53,corporate
US48130KGF84,corporate
US48130KGK79,corporate
US48130KGP66,corporate
US48130KGU51,corporate
US48130KGV35,corporate
US48130KGZ49,corporate
US48130KHB61,corporate
US48130KHG58,corporate
US48130KHK60,corporate
US48130KHL44,corporate
US48130KHN00,corporate
US48130KHQ31,corporate
US48130KHV26,corporate
US48130KHZ30,corporate
US48130KJB44,corporate
US48130KJG31,corporate
US48130KJM09,corporate
US48130KJP30,corporate
US48130KJR95,corporate
US48130KJS78,corporate
US48130KJU25,corporate
US48130KJY47,corporate
US48130KKA42,corporate
US48130KKB25,corporate
US48130KKC08,corporate
US48130KKE63,corporate
US48130KKF39,corporate
US48130KKH94,corporate
US48130KKJ50,corporate
US48130KKV88,corporate
US48130KLB16,corporate
US48130KLC98,corporate
US48130KLD71,corporate
US48130KLF20,corporate
US48130KLJ42,corporate
US48130KLM70,corporate
US48130KLN53,corporate
US48130KLP02,corporate
US48130KLQ84,corporate
US48130KLR67,corporate
US48130KLT24,corporate
US48130KLV79,corporate
US48130KLW52,corporate
US48130KMB07,corporate
US48130KMH76,corporate
US48130KMJ33,corporate
US48130KMM61,corporate
US48130KMP92,corporate
US48130KMT15,corporate
US48130KMU87,corporate
US48130KMV60,corporate
US48130KMX27,corporate
US48130KNC70,corporate
US48130KNF02,corporate
US48130KNH67,corporate
US48130KNJ24,corporate
US48130KNN36,corporate
US48130KNP83,corporate
US48130KNS23,corporate
US48130KNV51,corporate
US48130KNZ65,corporate
US48130KPC52,corporate
US48130KPJ06,corporate
US48130KPK78,corporate
US48130KPL51,corporate
US48130KPR22,corporate
US48130KPZ48,corporate
US48130KQA87,corporate
US48130KQB60,corporate
US48130KQG57,corporate
US48130KQJ96,corporate
US48130KQZ39,corporate
US48130KRB51,corporate
US48130KRE90,corporate
US48130KRG49,corporate
US48130KRK50,corporate
US48130KRL34,corporate
US48130KRQ21,corporate
US48130KRU33,corporate
US48130KRV16,corporate
US48130KRZ20,corporate
US48130KSH13,corporate
US48130KSJ78,corporate
US48130KSQ12,corporate
US48130KSU24,corporate
US48130KTA50,corporate
US48130KTB34,corporate
US48130KTK33,corporate
US48130KTW70,corporate
US48130KUC97,corporate
US48130KUD70,corporate
US48130KUE53,corporate
US48130KUF29,corporate
US48130KUG02,corporate
US48130KUJ41,corporate
US48130KUL96,corporate
US48130KUM79,corporate
US48130KUN52,corporate
US48130KUP01,corporate
US48130KUQ83,corporate
US48130KUT23,corporate
US48130KUU95,corporate
US48130KUW51,corporate
US48130KVF10,corporate
US48130KVH75,corporate
US48130KVJ32,corporate
US48130KVL87,corporate
US48130KVM60,corporate
US48130KVN44,corporate
US48130KVT14,corporate
US48130KVU86,corporate
US48130KVW43,corporate
US48130KVX26,corporate
US48130KVY09,corporate
US48130KWV50,corporate
US48130KWX17,corporate
US48130KWZ64,corporate
US48130KXA05,corporate
US48130UUV50,corporate
US48130UWV33,corporate
US48131C8073,corporate
US48132YLC74,corporate
US48133K1530,corporate
US48133K2033,corporate
US48133XBF24,corporate
US48133XBQ88,corporate
US48133XKB19,corporate
US48134BBQ59,corporate
US48134BBR33,corporate
US48134BCM37,corporate
US48134RJR03,corporate
US48135NA712,corporate
US48135NB884,corporate
US48135NC460,corporate
US48135NQQ24,corporate
US48135NQS89,corporate
US48135NUL80,corporate
US48135NYP58,corporate
US48135NYW00,corporate
US48135NZS88,corporate
US48135NZW90,corporate
US48135TQZ92,corporate
US48135TRA33,corporate
US48136FMD14,corporate
US48136J2B94,corporate
US48136J3E25,corporate
US48136J3G72,corporate
US48136J3P71,corporate
US48136J4D33,corporate
US48136J5E07,corporate
US48136J5J93,corporate
US48136J5K66,corporate
US48136J6T66,corporate
US48136J7A66,corporate
US48136JK865,corporate
US48136JQ649,corporate
US48136JT791,corporate
US48203RAD61,corporate
US48203RAM60,corporate
US48203RAP91,corporate
US482480AF77,corporate
US482480AG50,corporate
US482480AH34,corporate
US482480AJ99,corporate
US482480AL46,corporate
US482480AM29,corporate
US482480AN02,corporate
US482480AP59,corporate
US48251W6093,corporate
US48251WAB00,corporate
US48253M1045,corporate
US482588AC48,corporate
US482620AS08,corporate
US482620AW10,corporate
US482620AX92,corporate
US482917AA91,corporate
US48305QAB95,corporate
US48305QAC78,corporate
US48305QAD51,corporate
US48305QAE35,corporate
US48305QAF00,corporate
US48305QAG82,corporate
US485134BH28,corporate
US485134BM13,corporate
US485134BQ27,corporate
US485134BR00,corporate
US485134BS82,corporate
US485170BD50,corporate
US485188AP16,corporate
US48666KAX72,corporate
US48666KAY55,corporate
US48666KAZ21,corporate
US48666KBA60,corporate
US48723TAC53,corporate
US48723TAD37,corporate
US487836AT55,corporate
US487836BQ08,corporate
US487836BU10,corporate
US487836BW75,corporate
US487836BX58,corporate
US487836BZ07,corporate
US487836CA47,corporate
US488401AC40,corporate
US488401AD23,corporate
US489170AF77,corporate
US489170AG50,corporate
US491386AL26,corporate
US491393AA20,corporate
US491674BG15,corporate
US491674BJ53,corporate
US491674BL00,corporate
US491674BM82,corporate
US491674BN65,corporate
US491674BP14,corporate
US49177JAF93,corporate
US49177JAH59,corporate
US49177JAK88,corporate
US49177JAM45,corporate
US49177JAP75,corporate
US49177JAR32,corporate
US49177JAS15,corporate
US492386AT42,corporate
US49271VAC46,corporate
US49271VAD29,corporate
US49271VAF76,corporate
US49271VAJ98,corporate
US49271VAK61,corporate
US49271VAM28,corporate
US49271VAN01,corporate
US49271VAP58,corporate
US49271VAQ32,corporate
US49271VAR15,corporate
US49271VAS97,corporate
US49271VAT70,corporate
US49271VAU44,corporate
US49271VAV27,corporate
US49271VAW00,corporate
US49271VAY65,corporate
US49271VAZ31,corporate
US49271VBA70,corporate
US49271VBB53,corporate
US49306CAB72,corporate
US49306SAA42,corporate
US493267AK43,corporate
US49326EEG44,corporate
US49326EEJ82,corporate
US49326EEK55,corporate
US49326EEN94,corporate
US49326EEP43,corporate
US49326EEQ26,corporate
US49326EER09,corporate
US49326MAA36,corporate
US49326QAA40,corporate
US49326YAA73,corporate
US49327M3F97,corporate
US49327M3H53,corporate
US49327V2B93,corporate
US49327V2C76,corporate
US49337WAC47,corporate
US49337WAH34,corporate
US49337WAJ99,corporate
US49338LAE39,corporate
US49338LAF04,corporate
US49338LAG86,corporate
US49338LAH69,corporate
US49427RAK86,corporate
US49427RAN26,corporate
US49427RAP73,corporate
US49427RAQ56,corporate
US49427RAR30,corporate
US49427RAS13,corporate
US49427RAT95,corporate
US494368AS25,corporate
US494368BC63,corporate
US494368BG77,corporate
US494368BL62,corporate
US494368BV45,corporate
US494368BW28,corporate
US494368BY83,corporate
US494368BZ58,corporate
US494368CA98,corporate
US494368CB71,corporate
US494368CC54,corporate
US494368CD38,corporate
US494368CE11,corporate
US49446RAM16,corporate
US49446RAP47,corporate
US49446RAQ20,corporate
US49446RAS85,corporate
US49446RAT68,corporate
US49446RAV15,corporate
US49446RAW97,corporate
US49446RAX70,corporate
US49446RAY53,corporate
US49446RAZ29,corporate
US49446RBA68,corporate
US49447BAA17,corporate
US49447BAB99,corporate
US49447BAC72,corporate
US494550AJ57,corporate
US494550AL04,corporate
US494550AQ90,corporate
US494550AT30,corporate
US494550AV85,corporate
US494550AW68,corporate
US494550BD78,corporate
US494550BF27,corporate
US494550BH82,corporate
US494550BK12,corporate
US494550BN50,corporate
US494550BP09,corporate
US494550BU93,corporate
US494550BW59,corporate
US494553AD27,corporate
US494553AE00,corporate
US49455WAF32,corporate
US49456BAG68,corporate
US49456BAH42,corporate
US49456BAJ08,corporate
US49456BAP67,corporate
US49456BAQ41,corporate
US49456BAR24,corporate
US49456BAS07,corporate
US49456BAT89,corporate
US49456BAU52,corporate
US49456BAV36,corporate
US49456BAW19,corporate
US49456BAX91,corporate
US49456BAZ40,corporate
US49456BBA89,corporate
US49456BBB62,corporate
US49456BBC46,corporate
US49456BBE02,corporate
US49456BBF76,corporate
US49647QAA67,corporate
US496902AK39,corporate
US496902AT48,corporate
US497266AC03,corporate
US49803XAE31,corporate
US49803XAF06,corporate
US49803XAG88,corporate
US49836AAB08,corporate
US49836AAC80,corporate
US500255AF12,corporate
US500255AN46,corporate
US500255AQ76,corporate
US500255AV61,corporate
US500255AX28,corporate
US500472AC95,corporate
US500472AE51,corporate
US50047JAP30,government
US50047JAR95,government
US50047JAU25,government
US50047JAV08,government
US50048MCV00,government
US50048MDD92,government
US50048MDF41,government
US50048MDJ62,government
US50048MDK36,government
US50048MDL19,government
US50048MDM91,government
US50048MDN74,government
US50048MDP23,government
US50048MDQ06,government
US50048MDR88,government
US50048MDT45,government
US50048MDU18,government
US50048MDW73,government
US50050HAR75,corporate
US500630DW55,government
US500630DX39,government
US500630DY12,government
US500630DZ86,government
US500630EB00,government
US500630EC82,government
US500630ED65,government
US500630EE49,government
US500630EG96,government
US500630EH79,government
US500630EJ36,government
US500630EK09,government
US500630EM64,government
US500630EP95,government
US500630ER51,government
US50063AAA43,corporate
US50064FAY07,government
US50064FAZ71,government
US50064FBA12,government
US500688AD86,corporate
US500688AH90,corporate
US500688AJ56,corporate
US50075NAC83,corporate
US50075NAR52,corporate
US50075NAT19,corporate
US50075NAW48,corporate
US50075NAZ78,corporate
US500769BQ66,government
US500769BR40,government
US500769CG75,government
US500769CH58,government
US500769HS68,government
US500769JD71,government
US500769JG03,government
US500769JQ84,government
US500769JT24,government
US500769JW52,government
US500769JY19,government
US500769KB96,government
US500769KC79,government
US500769KD52,government
US500769KE36,government
US500769KG83,government
US500769KJ23,government
US500769KK95,government
US500769KL78,government
US500769KM51,government
US500769KN35,government
US500769KP82,government
US500769KQ65,government
US500769KR49,government
US500769KS22,government
US50076QAE61,corporate
US50076QAN60,corporate
US50076QAR74,corporate
US50077LAB27,corporate
US50077LAL09,corporate
US50077LAM81,corporate
US50077LAT35,corporate
US50077LAV80,corporate
US50077LAX47,corporate
US50077LAZ94,corporate
US50077LBC90,corporate
US50077LBF22,corporate
US50077LBJ44,corporate
US50077LBM72,corporate
US50077LBN55,corporate
US501044BT76,corporate
US501044BV23,corporate
US501044BZ37,corporate
US501044CK58,corporate
US501044CN97,corporate
US501044CR02,corporate
US501044CT67,corporate
US501044DE89,corporate
US501044DF54,corporate
US501044DG38,corporate
US501044DJ76,corporate
US501044DK40,corporate
US501044DL23,corporate
US501044DM06,corporate
US501044DN88,corporate
US501044DP37,corporate
US501044DQ10,corporate
US501044DV05,corporate
US501044DW87,corporate
US501044DX60,corporate
US50155QAJ94,corporate
US50155QAK67,corporate
US50155QAL41,corporate
US50155QAM24,corporate
US50155QAN07,corporate
US501797AL82,corporate
US501797AM65,corporate
US501797AN49,corporate
US501797AR52,corporate
US501812AD34,corporate
US501889AD16,corporate
US501889AF63,corporate
US502117AA29,corporate
US50212YAH71,corporate
US50212YAJ38,corporate
US50212YAK01,corporate
US50212YAL83,corporate
US50212YAM66,corporate
US50212YAN40,corporate
US50212YAP97,corporate
US50212YAQ70,corporate
US502413BE66,corporate
US502413BG15,corporate
US502431AF64,corporate
US502431AL33,corporate
US502431AM16,corporate
US502431AN98,corporate
US502431AP47,corporate
US502431AQ20,corporate
US502431AR03,corporate
US502431AS85,corporate
US502431AT68,corporate
US502431AU32,corporate
US502431AV15,corporate
US50247VAB53,corporate
US50247VAC37,corporate
US50247WAB37,corporate
US50249AAA16,corporate
US50249AAC71,corporate
US50249AAD54,corporate
US50249AAG85,corporate
US50249AAL70,corporate
US50249AAM53,corporate
US50249AAP84,corporate
US50249AAQ67,corporate
US50249AAR41,corporate
US504216AA09,government
US50540RAS13,corporate
US50540RAU68,corporate
US50540RAW25,corporate
US50540RAY80,corporate
US50540RAZ55,corporate
US50540RBA95,corporate
US50540RBB78,corporate
US505588AY99,corporate
US505597AD69,corporate
US505742AS58,corporate
US505861AC85,corporate
US511546AB95,corporate
US511637AB61,corporate
US512807AT55,corporate
US512807AU29,corporate
US512807AV02,corporate
US512807AW84,corporate
US512807AX67,corporate
US513075BR18,corporate
US513075BT73,corporate
US513075BW03,corporate
US513075BZ34,corporate
US515110BT00,government
US515110BY94,government
US515110CC65,government
US515110CD49,government
US515110CE22,government
US515110CF96,government
US515110CG79,government
US515110CH52,government
US515110CK81,government
US516544AB96,corporate
US516806AJ59,corporate
US517834AF40,corporate
US517834AJ61,corporate
US517834AK35,corporate
US517834AL18,corporate
US517834AM90,corporate
US517834AN73,corporate
US517834AR87,corporate
US517834AS60,corporate
US51808BAE20,corporate
US518417AD29,government
US52107QAJ40,corporate
US52107QAK13,corporate
US52107QAL95,corporate
US52107QAM78,corporate
US521865AY17,corporate
US521865AZ81,corporate
US521865BA22,corporate
US521865BB05,corporate
US521865BC87,corporate
US521865BD60,corporate
US524660AY34,corporate
US524660AZ09,corporate
US524660BA49,corporate
US524901AR65,corporate
US52532XAF24,corporate
US52532XAH89,corporate
US52532XAJ46,corporate
US52532XAK19,corporate
US52532XAL91,corporate
US52532XAM74,corporate
US52532XAN57,corporate
US525558AB82,corporate
US526057CD41,corporate
US526057CV49,corporate
US526057CY87,corporate
US526107AF41,corporate
US526107AG24,corporate
US527288BF07,corporate
US529043AE19,corporate
US529043AF83,corporate
US529537AA08,corporate
US530512AB87,corporate
US530909AA89,corporate
US53117CAS17,corporate
US53117CAT99,corporate
US531229AP75,corporate
US531229AQ58,corporate
US532206AC34,corporate
US53220KAH14,corporate
US53222MAC64,corporate
US53222MAD48,corporate
US53227JAA25,corporate
US53227JAB08,corporate
US53227JAC80,corporate
US53227JAD63,corporate
US53229UAA51,corporate
US53229UAB35,corporate
US532457AZ17,corporate
US532457BA56,corporate
US532457BC13,corporate
US532457BG27,corporate
US532457BJ65,corporate
US532457BP26,corporate
US532457BR81,corporate
US532457BS64,corporate
US532457BT48,corporate
US532457BU11,corporate
US532457BV93,corporate
US532457BY33,corporate
US532457BZ08,corporate
US532457CF35,corporate
US532457CG18,corporate
US532457CH90,corporate
US532457CJ56,corporate
US532457CK20,corporate
US532457CL03,corporate
US532457CM85,corporate
US532457CN68,corporate
US532457CP17,corporate
US532457CQ99,corporate
US532457CR72,corporate
US532457CS55,corporate
US532457CT39,corporate
US532457CU02,corporate
US532457CV84,corporate
US532457CW67,corporate
US532457CX41,corporate
US532457CY24,corporate
US532457CZ98,corporate
US532457DA39,corporate
US532457DB12,corporate
US532457DC94,corporate
US532457DD77,corporate
US532457DE50,corporate
US532457DF26,corporate
US532457DG09,corporate
US532457DH81,corporate
US532457DJ48,corporate
US532457DK11,corporate
US532457DL93,corporate
US532457DM76,corporate
US532457DP08,corporate
US532457DQ80,corporate
US532457DR63,corporate
US532716AK37,corporate
US532716AN75,corporate
US53359LAC37,corporate
US53359LAD10,corporate
US53359LAE92,corporate
US534187AR02,corporate
US534187AS84,corporate
US534187AU31,corporate
US534187AW96,corporate
US534187BA67,corporate
US534187BF54,corporate
US534187BG38,corporate
US534187BH11,corporate
US534187BJ76,corporate
US534187BK40,corporate
US534187BL23,corporate
US534187BN88,corporate
US534187BP37,corporate
US534187BQ10,corporate
US534187BR92,corporate
US534187BT58,corporate
US534187BY44,corporate
US534187BZ19,corporate
US534187CA58,corporate
US53567YAB56,corporate
US53706RAK23,corporate
US53802LAB80,corporate
US538034BA63,corporate
US538034BC20,corporate
US539439AN92,corporate
US539439AQ24,corporate
US539439AR07,corporate
US539439AT62,corporate
US539439AW91,corporate
US539439AX74,corporate
US539439BC29,corporate
US539439BD02,corporate
US539439BE84,corporate
US53944XAK19,corporate
US53944XBG97,corporate
US53944XBN49,corporate
US53944XBU81,corporate
US53944YAD58,corporate
US53944YAE32,corporate
US53944YAQ61,corporate
US53944YAS28,corporate
US53944YAU73,corporate
US53944YAV56,corporate
US53944YAX13,corporate
US53944YAY95,corporate
US53944YAZ60,corporate
US53944YBA01,corporate
US53944YBC66,corporate
US53944YBD40,corporate
US53944YBE23,corporate
US53944YBF97,corporate
US53944YBG70,corporate
US53944YBH53,corporate
US53944YBJ10,corporate
US53944YBL65,corporate
US53944YBM49,corporate
US5394E8BK48,corporate
US5394E8BT56,corporate
US5394E8BV03,corporate
US5394E8BY42,corporate
US5394E8CE78,corporate
US539565AD33,corporate
US53961LAP40,corporate
US53961LCC19,corporate
US53961LCJ61,corporate
US539830AK58,corporate
US539830AR02,corporate
US539830AU31,corporate
US539830AW96,corporate
US539830AZ28,corporate
US539830BB41,corporate
US539830BC24,corporate
US539830BD07,corporate
US539830BK40,corporate
US539830BL23,corporate
US539830BN88,corporate
US539830BP37,corporate
US539830BQ10,corporate
US539830BR92,corporate
US539830BS75,corporate
US539830BT58,corporate
US539830BV05,corporate
US539830BW87,corporate
US539830BX60,corporate
US539830BY44,corporate
US539830BZ19,corporate
US539830CA58,corporate
US539830CB32,corporate
US539830CC15,corporate
US539830CD97,corporate
US539830CE70,corporate
US539830CG29,corporate
US539830CK31,corporate
US539830CL14,corporate
US539830CM96,corporate
US540424AP38,corporate
US540424AR93,corporate
US540424AT59,corporate
US540424AU23,corporate
US541624AA07,government
US544152AC58,corporate
US544152AE15,corporate
US546676AU17,corporate
US546676AV99,corporate
US546676AX55,corporate
US546676AY39,corporate
US546676AZ04,corporate
US546676BA44,corporate
US54750AAB26,corporate
US548661AH09,corporate
US548661AK38,corporate
US548661CJ47,corporate
US548661CL92,corporate
US548661CP07,corporate
US548661CR62,corporate
US548661CU91,corporate
US548661CX31,corporate
US548661DA29,corporate
US548661DE41,corporate
US548661DJ38,corporate
US548661DN40,corporate
US548661DP97,corporate
US548661DQ70,corporate
US548661DR53,corporate
US548661DS37,corporate
US548661DU82,corporate
US548661DV65,corporate
US548661DW49,corporate
US548661DX22,corporate
US548661DY05,corporate
US548661DZ79,corporate
US548661EA10,corporate
US548661EB92,corporate
US548661ED58,corporate
US548661EE32,corporate
US548661EF07,corporate
US548661EG89,corporate
US548661EH62,corporate
US548661EJ29,corporate
US548661EL74,corporate
US548661EM57,corporate
US548661EN31,corporate
US548661EQ61,corporate
US548661ER45,corporate
US548661ES28,corporate
US548661ET01,corporate
US548661EU73,corporate
US548661EV56,corporate
US548661EW30,corporate
US548661EX13,corporate
US54866NBL29,corporate
US54866NBP33,corporate
US54909WAB46,corporate
US549271AF19,corporate
US549463AC10,corporate
US549463AE75,corporate
US55087PAD69,corporate
US552081AM30,corporate
US55261FAH73,corporate
US55261FAN42,corporate
US55261FAQ72,corporate
US55261FAR55,corporate
US55261FAT12,corporate
US55261FAU84,corporate
US55261FAV67,corporate
US55261FAY07,corporate
US55261FAZ71,corporate
US55261FBA12,corporate
US55262CAD20,corporate
US55262CAF77,corporate
US55262CAJ99,corporate
US552676AQ11,corporate
US552676AT59,corporate
US552676AU23,corporate
US552676AV06,corporate
US55279HAQ39,corporate
US55279HAW07,corporate
US552848AG81,corporate
US552953CD18,corporate
US552953CF65,corporate
US552953CH22,corporate
US552953CJ87,corporate
US552953CK50,corporate
US55303JAB26,corporate
US55303XAB10,corporate
US55303XAJ46,corporate
US55305BAS07,corporate
US55305BAV36,corporate
US55306NAB01,corporate
US553086AC35,corporate
US55336VAK61,corporate
US55336VAL45,corporate
US55336VAM28,corporate
US55336VAN01,corporate
US55336VAP58,corporate
US55336VAR15,corporate
US55336VAS97,corporate
US55336VAT70,corporate
US55336VBN91,corporate
US55336VBP40,corporate
US55336VBQ23,corporate
US55336VBT61,corporate
US55336VBU35,corporate
US55336VBV18,corporate
US55336VBW90,corporate
US55336VBX73,corporate
US55336VBY56,corporate
US55336VBZ22,corporate
US55336VCA61,corporate
US55336VCB45,corporate
US55336VCC28,corporate
US55336VCD01,corporate
US55336VCE83,corporate
US55336VCF58,corporate
US55336VCG32,corporate
US55336VCH15,corporate
US55336VCJ70,corporate
US55342UAH77,corporate
US55342UAJ34,corporate
US55342UAM62,corporate
US55354GAR11,corporate
US55354GAS93,corporate
US55354LAB53,corporate
US55405YAD22,corporate
US55608KAK16,corporate
US55608KAN54,corporate
US55608KAP03,corporate
US55608KBC80,corporate
US55608KBE47,corporate
US55608KBN46,corporate
US55608RBT68,corporate
US55608RBU32,corporate
US55608RCB42,corporate
US55608RCC25,corporate
US55616XAB38,corporate
US55616XAG25,corporate
US55616XAJ63,corporate
US55616XAM92,corporate
US55617LAM46,corporate
US55826TAB89,corporate
US55903VBA08,corporate
US55903VBC63,corporate
US55903VBD47,corporate
US55903VBE20,corporate
US55903VBL62,corporate
US55903VBQ59,corporate
US55903VBU61,corporate
US55903VBW28,corporate
US55903VBY83,corporate
US559222AV67,corporate
US559222AY07,corporate
US559222BA12,corporate
US559222BD50,corporate
US56035LAH78,corporate
US56035LAJ35,corporate
US56035LAK08,corporate
US56064YAB65,corporate
US56087FAD69,corporate
US563469UY98,government
US563469VC69,government
US563469VF90,government
US564760CC82,corporate
US564760CD65,corporate
US56501RAD89,corporate
US56501RAE62,corporate
US56501RAK23,corporate
US56501RAN61,corporate
US56501RAX44,corporate
US565788AB23,corporate
US565788AD88,corporate
US565788AF37,corporate
US565788AH92,corporate
US565788AK22,corporate
US565849AB20,corporate
US565849AE68,corporate
US565849AM84,corporate
US565849AP16,corporate
US565849AQ98,corporate
US565849AR71,corporate
US56585AAF93,corporate
US56585AAH59,corporate
US56585AAJ16,corporate
US56585AAM45,corporate
US56585ABC53,corporate
US56585ABD37,corporate
US56585ABE10,corporate
US56585ABK79,corporate
US56585ABL52,corporate
US566007AC41,corporate
US566539AA08,corporate
US566539AB80,corporate
US566539AD47,corporate
US568039AC56,corporate
US570535AG99,corporate
US570535AP98,corporate
US570535AQ71,corporate
US570535AR54,corporate
US570535AS38,corporate
US570535AT11,corporate
US570535AU83,corporate
US570535AV66,corporate
US570535AX23,corporate
US570535AY06,corporate
US57161TAM36,corporate
US57164PAF36,corporate
US57164YAF43,corporate
US571748AK86,corporate
US571748BC51,corporate
US571748BD35,corporate
US571748BG65,corporate
US571748BH49,corporate
US571748BJ05,corporate
US571748BN17,corporate
US571748BP64,corporate
US571748BQ48,corporate
US571748BR21,corporate
US571748BS04,corporate
US571748BT86,corporate
US571748BU59,corporate
US571748BV33,corporate
US571748BW16,corporate
US571748BX98,corporate
US571748BY71,corporate
US571748BZ47,corporate
US571748CA86,corporate
US571748CB69,corporate
US571748CC43,corporate
US571748CD26,corporate
US571748CE09,corporate
US571748CF73,corporate
US571903AX17,corporate
US571903AY99,corporate
US571903BB87,corporate
US571903BE27,corporate
US571903BF91,corporate
US571903BG74,corporate
US571903BH57,corporate
US571903BJ14,corporate
US571903BL69,corporate
US571903BN26,corporate
US571903BP73,corporate
US571903BQ56,corporate
US571903BR30,corporate
US571903BS13,corporate
US571903BT95,corporate
US571903BU68,corporate
US571903BV42,corporate
US571903BW25,corporate
US571903BX08,corporate
US571903BY80,corporate
US571903BZ55,corporate
US571903CA95,corporate
US57284PAA93,corporate
US57284PAD33,corporate
US573284AJ51,corporate
US573284AQ94,corporate
US573284AT34,corporate
US573284AU07,corporate
US573284AV89,corporate
US573284AW62,corporate
US573284AX46,corporate
US573284BA34,corporate
US573284BB17,corporate
US573284BC99,corporate
US573284BD72,corporate
US573284BE55,corporate
US573284BF21,corporate
US573284BG04,corporate
US57385LAB45,corporate
US573874AF10,corporate
US573874AJ32,corporate
US573874AN44,corporate
US573874AP91,corporate
US573874AQ74,corporate
US573874AR57,corporate
US573874AS31,corporate
US573874AT14,corporate
US574599AT32,corporate
US574599AY27,corporate
US574599BM79,corporate
US574599BN52,corporate
US574599BP01,corporate
US574599BQ83,corporate
US574599BR66,corporate
US574599BS40,corporate
US575674AA46,corporate
US575718AA93,corporate
US575718AB76,corporate
US575718AE16,corporate
US575718AF80,corporate
US575718AG63,corporate
US575718AH47,corporate
US575718AJ03,corporate
US575718AK75,corporate
US57571KAA25,corporate
US57571KAB08,corporate
US57629XCW65,corporate
US57629XCY22,corporate
US576323AT63,corporate
US576323AU37,corporate
US57636QAG91,corporate
US57636QAH74,corporate
US57636QAJ31,corporate
US57636QAK04,corporate
US57636QAL86,corporate
US57636QAM69,corporate
US57636QAP90,corporate
US57636QAQ73,corporate
US57636QAR56,corporate
US57636QAS30,corporate
US57636QAT13,corporate
US57636QAU85,corporate
US57636QAW42,corporate
US57636QAX25,corporate
US57636QAZ72,corporate
US57636QBA13,corporate
US57636QBB95,corporate
US57636QBC78,corporate
US57636QBE35,corporate
US57636QBF00,corporate
US57636QBG82,corporate
US57636QBH65,corporate
US57636QBJ22,corporate
US57636QBK94,corporate
US57636QBL77,corporate
US57636QBM50,corporate
US576722AA04,corporate
US577081AU60,corporate
US577081AW27,corporate
US577081BG67,corporate
US577778BK85,corporate
US577778BQ55,corporate
US577778CE17,corporate
US578454AB60,corporate
US578454AC44,corporate
US578454AD27,corporate
US578454AF74,corporate
US579780AN77,corporate
US579780AP26,corporate
US579780AQ09,corporate
US579780AS64,corporate
US579780AT48,corporate
US579780AU11,corporate
US579780AV93,corporate
US580135BY65,corporate
US58013MEC47,corporate
US58013MEF77,corporate
US58013MEH34,corporate
US58013MEK62,corporate
US58013MEN02,corporate
US58013MER16,corporate
US58013MEV28,corporate
US58013MEZ32,corporate
US58013MFA71,corporate
US58013MFB54,corporate
US58013MFC38,corporate
US58013MFF68,corporate
US58013MFH25,corporate
US58013MFJ80,corporate
US58013MFK53,corporate
US58013MFM10,corporate
US58013MFP41,corporate
US58013MFQ24,corporate
US58013MFR07,corporate
US58013MFS89,corporate
US58013MFT62,corporate
US58013MFU36,corporate
US58013MFV19,corporate
US58013MFW91,corporate
US58013MFX74,corporate
US58013MFY57,corporate
US58013MFZ23,corporate
US58013MGA62,corporate
US58013MGB46,corporate
US58013MGC29,corporate
US581557AM75,corporate
US581557BC84,corporate
US581557BJ38,corporate
US581557BN40,corporate
US581557BT10,corporate
US581557BU82,corporate
US581557BV65,corporate
US581557BW49,corporate
US581557BX22,corporate
US581557BY05,corporate
US58155QAE35,corporate
US581760AS49,corporate
US581760AV77,corporate
US582834AP26,corporate
US582839AG14,corporate
US583334AB33,corporate
US585055AQ95,corporate
US585055AT35,corporate
US585055AW63,corporate
US585055AY20,corporate
US585055BT26,corporate
US585055BU98,corporate
US58507LBB45,corporate
US58507LBC28,corporate
US58551TAA51,corporate
US58601VAC63,corporate
US586054AA68,corporate
US586054AB42,corporate
US586054AC25,corporate
US586054AD08,corporate
US58733RAF91,corporate
US58733RAG74,corporate
US587376AE48,corporate
US588056BB60,corporate
US589331AD98,corporate
US589331AE71,corporate
US589331AM97,corporate
US589331AQ02,corporate
US589331AS67,corporate
US58933YAJ47,corporate
US58933YAT29,corporate
US58933YAV74,corporate
US58933YAW57,corporate
US58933YAX31,corporate
US58933YAZ88,corporate
US58933YBA29,corporate
US58933YBB02,corporate
US58933YBC84,corporate
US58933YBD67,corporate
US58933YBE41,corporate
US58933YBF16,corporate
US58933YBG98,corporate
US58933YBH71,corporate
US58933YBJ38,corporate
US58933YBK01,corporate
US58933YBL83,corporate
US58933YBM66,corporate
US58933YBN40,corporate
US58933YBP97,corporate
US58933YBQ70,corporate
US58933YBR53,corporate
US58933YBS37,corporate
US58933YBT10,corporate
US58933YBU82,corporate
US58933YBV65,corporate
US58933YBW49,corporate
US58933YBX22,corporate
US58933YBY05,corporate
US58933YBZ79,corporate
US58933YCA10,corporate
US58933YCB92,corporate
US58933YCC75,corporate
US58933YCD58,corporate
US58933YCE32,corporate
US58933YCF07,corporate
US58933YCG89,corporate
US58933YCH62,corporate
US58933YCJ29,corporate
US58933YCK91,corporate
US589400AC46,corporate
US58942HAB78,corporate
US58942HAC51,corporate
US589889AB05,corporate
US59001ABA97,corporate
US59001ABF84,corporate
US59001ABG67,corporate
US590188JB51,corporate
US59018YTM39,corporate
US59022CAA18,corporate
US59022CAB90,corporate
US59022CAJ27,corporate
US59023VAA89,corporate
US59132VAB45,corporate
US59151KAJ79,corporate
US59151KAL26,corporate
US59151KAM09,corporate
US591539AA97,corporate
US59156RAE80,corporate
US59156RAJ77,corporate
US59156RAM07,corporate
US59156RAP38,corporate
US59156RAV06,corporate
US59156RAY45,corporate
US59156RBD98,corporate
US59156RBG20,corporate
US59156RBL15,corporate
US59156RBN70,corporate
US59156RBR84,corporate
US59156RBT41,corporate
US59156RBZ01,corporate
US59156RCC07,corporate
US59156RCD89,corporate
US59156RCE62,corporate
US59156RCN61,corporate
US59156RCQ92,corporate
US59156RCR75,corporate
US59217HBB24,corporate
US59217HBM88,corporate
US59217HCS40,corporate
US59217HDD61,corporate
US59217HDH75,corporate
US59217HDM60,corporate
US59217HDP91,corporate
US59217HDZ73,corporate
US59217HEA14,corporate
US592189AA23,corporate
US592239AK39,corporate
US592239AL12,corporate
US59284BAD01,corporate
US59284BAE83,corporate
US59284BAG32,corporate
US594457BT97,corporate
US594918AD65,corporate
US594918AJ36,corporate
US594918AM64,corporate
US594918AR51,corporate
US594918AU80,corporate
US594918AX20,corporate
US594918BC73,corporate
US594918BD56,corporate
US594918BE30,corporate
US594918BK99,corporate
US594918BL72,corporate
US594918BM55,corporate
US594918BS26,corporate
US594918BT09,corporate
US594918BU71,corporate
US594918BY93,corporate
US594918BZ68,corporate
US594918CA09,corporate
US594918CB81,corporate
US594918CC64,corporate
US594918CD48,corporate
US594918CE21,corporate
US594918CF95,corporate
US594918CN20,corporate
US594918CQ50,corporate
US594918CS17,corporate
US594918CU62,corporate
US594918CW29,corporate
US5949728530,corporate
US5949728613,corporate
US5949728795,corporate
US5949728878,corporate
US594972AJ05,corporate
US594972AL50,corporate
US594972AN17,corporate
US594972AQ48,corporate
US594972AS04,corporate
US594972AU59,corporate
US595017AF11,corporate
US595017BE37,corporate
US595017BG84,corporate
US595017BK96,corporate
US595017BL79,corporate
US595112BS19,corporate
US595112BT91,corporate
US595112BU64,corporate
US595112BZ51,corporate
US595112CB74,corporate
US595112CE14,corporate
US595112CG61,corporate
US595112CH45,corporate
US59523UAN72,corporate
US59523UAP21,corporate
US59523UAQ04,corporate
US59523UAR86,corporate
US59523UAS69,corporate
US59523UAT43,corporate
US59523UAU16,corporate
US59523UAV98,corporate
US59523UAW71,corporate
US59523UAX54,corporate
US59523UAY38,corporate
US595620AB14,corporate
US595620AE52,corporate
US595620AL95,corporate
US595620AN51,corporate
US595620AP00,corporate
US595620AQ82,corporate
US595620AR65,corporate
US595620AS49,corporate
US595620AT22,corporate
US595620AU94,corporate
US595620AV77,corporate
US595620AW50,corporate
US595620AX34,corporate
US595620AY17,corporate
US595620AZ81,corporate
US595620BA22,corporate
US59562EAH80,corporate
US59562HAJ77,corporate
US59562VAM90,corporate
US59562VAP22,corporate
US59562VAR87,corporate
US59562VBD82,corporate
US597861AA19,corporate
US600814AQ03,corporate
US600814AR85,corporate
US600814AS68,corporate
US604059AE52,corporate
US604749AB77,corporate
US605417BY93,corporate
US605417BZ68,corporate
US605417CB81,corporate
US605417CD48,corporate
US606822AJ33,corporate
US606822AN45,corporate
US606822AR58,corporate
US606822AV60,corporate
US606822BB97,corporate
US606822BC70,corporate
US606822BE37,corporate
US606822BH67,corporate
US606822BK96,corporate
US606822BM52,corporate
US606822BR40,corporate
US606822BU78,corporate
US606822BX18,corporate
US606822BZ65,corporate
US606822CB88,corporate
US606822CC61,corporate
US606822CD45,corporate
US606822CE28,corporate
US606822CG75,corporate
US606822CK87,corporate
US606822CL60,corporate
US606822CN27,corporate
US606822CR31,corporate
US606822CS14,corporate
US606822CT96,corporate
US606822CX09,corporate
US606822CY81,corporate
US606822DC52,corporate
US606822DD36,corporate
US606822DE19,corporate
US606822DF83,corporate
US606822DG66,corporate
US606822DH40,corporate
US606822DJ06,corporate
US606822DK78,corporate
US606822DL51,corporate
US606822DM35,corporate
US606822DN18,corporate
US606822DP65,corporate
US606822DQ49,corporate
US606822DR22,corporate
US606822DS05,corporate
US606822DT87,corporate
US606822DU50,corporate
US606822DV34,corporate
US606822DW17,corporate
US606822DX99,corporate
US606822DY72,corporate
US606822DZ48,corporate
US606822EA87,corporate
US606822EB60,corporate
US606822EC44,corporate
US606822ED27,corporate
US606822EE00,corporate
US60687YAG44,corporate
US60687YAK55,corporate
US60687YAM12,corporate
US60687YAR09,corporate
US60687YAT64,corporate
US60687YAX76,corporate
US60687YBA64,corporate
US60687YBH18,corporate
US60687YBL20,corporate
US60687YBQ17,corporate
US60687YBT55,corporate
US60687YBU29,corporate
US60687YBX67,corporate
US60687YCL11,corporate
US60687YCM93,corporate
US60687YCP25,corporate
US60687YCR80,corporate
US60687YCT47,corporate
US60687YCZ07,corporate
US60687YDB20,corporate
US60687YDD85,corporate
US60687YDE68,corporate
US60687YDF34,corporate
US60687YDG17,corporate
US60687YDH99,corporate
US60687YDJ55,corporate
US60687YDK29,corporate
US60687YDL02,corporate
US60687YDM84,corporate
US60687YDN67,corporate
US60687YDR71,corporate
US60687YDS54,corporate
US60687YDT38,corporate
US60687YDU01,corporate
US60687YDV83,corporate
US60687YDW66,corporate
US60687YDX40,corporate
US60687YDY23,corporate
US60687YDZ97,corporate
US60688XBN93,corporate
US60688XBP42,corporate
US60688XBQ25,corporate
US60688XBR08,corporate
US60688XBS80,corporate
US60688XBT63,corporate
US608190AL88,corporate
US608190AM61,corporate
US60871RAD26,corporate
US60871RAH30,corporate
US60871RAS94,corporate
US60871RAT77,corporate
US609207AM78,corporate
US609207AT22,corporate
US609207AW50,corporate
US609207AX34,corporate
US609207AY17,corporate
US609207BA22,corporate
US609207BB05,corporate
US609207BC87,corporate
US609207BE44,corporate
US609207BF19,corporate
US609207BG91,corporate
US609207BH74,corporate
US61166WAC55,corporate
US61166WAG69,corporate
US61166WAJ09,corporate
US61166WAK71,corporate
US61166WAN11,corporate
US61166WAP68,corporate
US61166WAQ42,corporate
US61166WAV37,corporate
US611688AA01,corporate
US61237WAE66,corporate
US61237WAG15,corporate
US61237WAH97,corporate
US61237WAJ53,corporate
US61238BAA98,corporate
US615369AE53,corporate
US615369AM79,corporate
US615369AP01,corporate
US615369AQ83,corporate
US615369AT23,corporate
US615369AU95,corporate
US615369AV78,corporate
US615369AW51,corporate
US615369AX35,corporate
US615369AY18,corporate
US615369AZ82,corporate
US615369BA23,corporate
US61690DK643,corporate
US61690DK726,corporate
US61690U7W40,corporate
US61690U7X23,corporate
US61690U8A11,corporate
US61690U8B93,corporate
US61690U8C76,corporate
US61690U8D59,corporate
US61690U8E33,corporate
US61690U8F08,corporate
US61690U8G80,corporate
US6174467Y92,corporate
US6174468G77,corporate
US6174468L62,corporate
US6174468N29,corporate
US6174468P76,corporate
US6174468U61,corporate
US6174468X01,corporate
US6174468Y83,corporate
US617446HD43,corporate
US61744YAK47,corporate
US61744YAL20,corporate
US61744YAP34,corporate
US61744YAR99,corporate
US61745E2Z30,corporate
US61745E3D19,corporate
US61745E3K51,corporate
US61745E3T60,corporate
US61745E5S69,corporate
US61745E5Y38,corporate
US61745E5Z03,corporate
US61745E6R77,corporate
US61745E6X46,corporate
US61745E7D72,corporate
US61745E7F21,corporate
US61745EM326,corporate
US61745ER606,corporate
US61745EW317,corporate
US61745EX638,corporate
US61745VAB99,corporate
US61746BEF94,corporate
US61746BEG77,corporate
US61747YDY86,corporate
US61747YED31,corporate
US61747YEF88,corporate
US61747YEH45,corporate
US61747YEK73,corporate
US61747YEL56,corporate
US61747YER27,corporate
US61747YES00,corporate
US61747YEU55,corporate
US61747YEV39,corporate
US61747YEY77,corporate
US61747YFA82,corporate
US61747YFB65,corporate
US61747YFD22,corporate
US61747YFE05,corporate
US61747YFF79,corporate
US61747YFG52,corporate
US61747YFH36,corporate
US61747YFJ91,corporate
US61747YFK64,corporate
US61747YFL48,corporate
US61747YFM21,corporate
US61747YFN04,corporate
US61747YFP51,corporate
US61747YFQ35,corporate
US61747YFR18,corporate
US61747YFS90,corporate
US61747YFT73,corporate
US61747YFU47,corporate
US61747YFV20,corporate
US61747YFW03,corporate
US61747YFY68,corporate
US61747YFZ34,corporate
US61747YGA73,corporate
US61747YGB56,corporate
US61747YGC30,corporate
US617482K290,corporate
US617482K373,corporate
US617482UG71,corporate
US617482V925,corporate
US617482VB75,corporate
US617482XS82,corporate
US617482YA65,corporate
US61748UAE29,corporate
US61748UAF93,corporate
US61748UAJ16,corporate
US61748UAK88,corporate
US61748UAM45,corporate
US61748UAN28,corporate
US61748UAP75,corporate
US61748UAQ58,corporate
US61748UAR32,corporate
US61748UAS15,corporate
US61748UAT97,corporate
US61748UAU60,corporate
US61748UAV44,corporate
US61748UAW27,corporate
US61748UAX00,corporate
US61748UAY82,corporate
US61748UAZ57,corporate
US61748UBA97,corporate
US61748UBB70,corporate
US61760LBZ76,corporate
US61760LCC72,corporate
US61760LCM54,corporate
US61760LCT08,corporate
US61760LCW37,corporate
US61760LFB62,corporate
US61760LFD29,corporate
US61760LFX82,corporate
US61760LGX73,corporate
US61760LHG32,corporate
US61760QAB05,corporate
US61760QAN43,corporate
US61760QAP90,corporate
US61760QAW42,corporate
US61760QBH65,corporate
US61760QBJ22,corporate
US61760QCQ55,corporate
US61760QCV41,corporate
US61760QCW24,corporate
US61760QCX07,corporate
US61760QCY89,corporate
US61760QDN16,corporate
US61760QDX97,corporate
US61760QDZ46,corporate
US61760QEC42,corporate
US61760QEE08,corporate
US61760QEH39,corporate
US61760QER11,corporate
US61760QFC33,corporate
US61760QFN97,corporate
US61760QFP46,corporate
US61760QFX79,corporate
US61760QFY52,corporate
US61760QGC24,corporate
US61760QHY35,corporate
US61760QLF99,corporate
US61760QMS02,corporate
US61760QMX96,corporate
US61760QMZ45,corporate
US61760QND24,corporate
US61760QNF71,corporate
US61760QNH38,corporate
US61760QNL40,corporate
US61760QNY60,corporate
US61760QPE88,corporate
US61760QPN87,corporate
US61760QPV04,corporate
US61760QQA57,corporate
US61760QQQ00,corporate
US61760QRD87,corporate
US61760QRQ90,corporate
US61760QTD69,corporate
US61760QTN42,corporate
US61760QTW41,corporate
US61760QUF98,corporate
US61760QUK83,corporate
US61760QUM40,corporate
US61760QUQ53,corporate
US61760QUS10,corporate
US61760QVB75,corporate
US61760QVC58,corporate
US61760QWE06,corporate
US61760QWR19,corporate
US61760QXL30,corporate
US61760QXR00,corporate
US61760QXV12,corporate
US61760QXW94,corporate
US61760QXX77,corporate
US61761JDN63,corporate
US61761JFJ34,corporate
US61761JFU88,corporate
US61761JHD46,corporate
US61761JLS68,corporate
US61761JZN26,corporate
US61762VAA98,corporate
US61766F6491,corporate
US61766W7746,corporate
US61766YAL56,corporate
US61766YAM30,corporate
US61766YAP60,corporate
US61766YAW12,corporate
US61766YAY77,corporate
US61766YAZ43,corporate
US61766YC412,corporate
US61766YD402,corporate
US61766YEZ07,corporate
US61766YFA47,corporate
US61766YFE68,corporate
US61766YFG17,corporate
US61766YFM84,corporate
US61766YFQ98,corporate
US61766YFW66,corporate
US61766YGF25,corporate
US61766YGG08,corporate
US61766YGN58,corporate
US61766YGP07,corporate
US61766YGT29,corporate
US61766YGX31,corporate
US61766YHE41,corporate
US61766YHG98,corporate
US61766YHK01,corporate
US61766YHR53,corporate
US61766YHX22,corporate
US61766YJ938,corporate
US61766YJG70,corporate
US61766YJM49,corporate
US61766YJQ52,corporate
US61766YL413,corporate
US61766YL660,corporate
US61766YLT63,corporate
US61766YLZ24,corporate
US61766YME85,corporate
US61766YMM02,corporate
US61766YMN84,corporate
US61766YMY40,corporate
US61766YN567,corporate
US61766YN724,corporate
US61766YN807,corporate
US61766YNC11,corporate
US61766YNF42,corporate
US61766YP398,corporate
US61766YPD75,corporate
US61766YPL91,corporate
US61766YPZ87,corporate
US61766YQ388,corporate
US61766YQ537,corporate
US61766YQ875,corporate
US61766YQ958,corporate
US61766YQA28,corporate
US61766YQC83,corporate
US61766YQG97,corporate
US61766YQH70,corporate
US61766YQN49,corporate
US61766YQQ79,corporate
US61766YQU81,corporate
US61766YQY04,corporate
US61766YRA19,corporate
US61766YRB91,corporate
US61766YRC74,corporate
US61766YRL73,corporate
US61766YRQ60,corporate
US61766YRY94,corporate
US61766YSH52,corporate
US61766YSJ19,corporate
US61766YSL64,corporate
US61766YSU63,corporate
US61766YSV47,corporate
US61766YSX03,corporate
US61766YTC56,corporate
US61766YTH44,corporate
US61766YTK72,corporate
US61766YTN12,corporate
US61766YTP69,corporate
US61766YTQ43,corporate
US61766YTW11,corporate
US61766YUB54,corporate
US61766YUD11,corporate
US61766YUE93,corporate
US61766YUH25,corporate
US61766YUL37,corporate
US61766YUN92,corporate
US61766YUP41,corporate
US61766YUR07,corporate
US61766YUV19,corporate
US61766YUY57,corporate
US61766YVA62,corporate
US61766YVG33,corporate
US61766YVJ71,corporate
US61766YVQ15,corporate
US61766YVR97,corporate
US61766YWB37,corporate
US61766YWE75,corporate
US61766YWG24,corporate
US61766YWU18,corporate
US61766YWV90,corporate
US61766YXB28,corporate
US61766YXT36,corporate
US61766YXY21,corporate
US61766YYG06,corporate
US61766YYM73,corporate
US61766YYX39,corporate
US61766YYY12,corporate
US61766YZH79,corporate
US61766YZJ36,corporate
US61766YZN48,corporate
US61766YZT18,corporate
US617726AG97,government
US617726AK00,government
US617726AL82,government
US617726AM65,government
US61772BAC72,corporate
US61773G8539,corporate
US61773HLY35,corporate
US61773Q3F47,corporate
US61773QAY52,corporate
US61773QS345,corporate
US61774AAD54,corporate
US61774AAF03,corporate
US61774AAG85,corporate
US61774AAH68,corporate
US61774DA729,corporate
US61774DAB38,corporate
US61774E1881,corporate
US61774H2L13,corporate
US61774TS370,corporate
US61774TYE62,corporate
US61774XFP33,corporate
US61774XZ716,corporate
US61775K3169,corporate
US61775K6881,corporate
US61775MQC37,corporate
US61776LBZ94,corporate
US61776LXS14,corporate
US61776LZC44,corporate
US61776MFR16,corporate
US61776NU358,corporate
US61776NU432,corporate
US61776NVE02,corporate
US61776NVF76,corporate
US61776NVG59,corporate
US61776NZT35,corporate
US61776NZU08,corporate
US61776NZW63,corporate
US61778EUR07,corporate
US61778EUS89,corporate
US61778JRA06,corporate
US61780EKS53,corporate
US61781DNH79,corporate
US61781DNP95,corporate
US61781DNQ78,corporate
US61781EGM21,corporate
US61781FGP27,corporate
US61945CAB90,corporate
US61945CAD56,corporate
US61945CAE30,corporate
US61945CAG87,corporate
US61945CAH60,corporate
US61945CAJ27,corporate
US61945CAK99,corporate
US61945CAL72,corporate
US61945CAM55,corporate
US61945CAN39,corporate
US620076AM16,corporate
US620076AP47,corporate
US620076BA68,corporate
US620076BE80,corporate
US620076BL24,corporate
US620076BN89,corporate
US620076BT59,corporate
US620076BU23,corporate
US620076BW88,corporate
US620076BY45,corporate
US620076BZ10,corporate
US620076CA59,corporate
US620076CB33,corporate
US620076CC16,corporate
US620076CD98,corporate
US620076CE71,corporate
US62188E2028,corporate
US62213LAA44,corporate
US623115AE21,corporate
US624284BD65,corporate
US624943AC03,corporate
US62548LAA08,corporate
US62582PAA84,corporate
US626717AA04,corporate
US626717AG73,corporate
US626717AP72,corporate
US626717AQ55,corporate
US626738AE88,corporate
US62829E2E77,corporate
US62829E2G26,corporate
US628530BC02,corporate
US628530BJ54,corporate
US628530BK28,corporate
US62854AAP93,corporate
US62877VAB71,corporate
US62878V2B55,corporate
US62878V2D12,corporate
US62878V2F69,corporate
US62878V2G43,corporate
US62878V2K54,corporate
US62886HBD26,corporate
US62886HBK68,corporate
US62886HBT77,corporate
US62909BAA52,corporate
US62909YAA55,corporate
US62914VAJ52,corporate
US62914VAK26,corporate
US629209AC19,corporate
US62925MAB90,corporate
US629377CE03,corporate
US62944TAF21,corporate
US62947QBC15,corporate
US62952EAB39,corporate
US62952EAC12,corporate
US62952EAD94,corporate
US62952EAE77,corporate
US62954HAJ77,corporate
US62954HAL24,corporate
US62954HAN89,corporate
US62954HAU23,corporate
US62954HAV06,corporate
US62954HAX61,corporate
US62954HAY45,corporate
US62954HBA59,corporate
US62954HBB33,corporate
US62954HBE71,corporate
US62954HBF47,corporate
US62954HBG20,corporate
US62954HBH03,corporate
US62954RAA41,corporate
US62957HAL96,corporate
US631103AM02,corporate
US63111XAB73,corporate
US63111XAD30,corporate
US63111XAE13,corporate
US63111XAH44,corporate
US63111XAJ00,corporate
US63111XAK72,corporate
US63111XAL55,corporate
US632525CA77,corporate
US632525CJ86,corporate
US632525CK59,corporate
US632525CQ20,corporate
US632525CR03,corporate
US632525CT68,corporate
US63253QAB05,corporate
US63253QAE44,corporate
US63253QAG91,corporate
US63253QAJ31,corporate
US63253QAL86,corporate
US63254ABE73,corporate
US6325C1D483,corporate
US63305LL688,corporate
US63305LR966,corporate
US63305LT947,corporate
US63305LVH31,corporate
US63305LW743,corporate
US63305LWR04,corporate
US63305LYX53,corporate
US63305LZ308,corporate
US63305LZU06,corporate
US63305M3G44,corporate
US63305M7K10,corporate
US63305MEP23,corporate
US63305MG629,corporate
US63305MHC82,corporate
US63305MHF14,corporate
US63305MMV09,corporate
US63305MPG05,corporate
US63305MPM72,corporate
US63305MQX29,corporate
US63305MTG68,corporate
US63305MUD19,corporate
US63305MUQ22,corporate
US63305MUT60,corporate
US63305MVS78,corporate
US63305MVX63,corporate
US63305MWP21,corporate
US63305MWQ04,corporate
US63305MWS69,corporate
US63305MX483,corporate
US63305MXM80,corporate
US63305MXN63,corporate
US63305MZD63,corporate
US63305MZG94,corporate
US63305MZW45,corporate
US63305TCR59,corporate
US63305TFX90,corporate
US63305TJY38,corporate
US63305TKY19,corporate
US63305TLU87,corporate
US63305TMC70,corporate
US63305TMD53,corporate
US63305TMG84,corporate
US63305TMN36,corporate
US63305TMV51,corporate
US63305TNC61,corporate
US63305TNV43,corporate
US63305TPF74,corporate
US63305TQJ87,corporate
US63305TQX71,corporate
US63307A2X29,corporate
US63307A3B99,corporate
US63307A3D55,corporate
US63307A3K98,corporate
US63307A3L71,corporate
US63307A3Q68,corporate
US635454AC59,corporate
US636180BN05,corporate
US636180BP52,corporate
US636180BR19,corporate
US636180BT74,corporate
US636180BU48,corporate
US636180BV21,corporate
US636180BW04,corporate
US636180BX86,corporate
US636274AD47,corporate
US636274AE20,corporate
US636274AF94,corporate
US636274AG77,corporate
US63633DAF15,corporate
US63633DAG97,corporate
US637071AK74,corporate
US637071AM31,corporate
US637417AJ54,corporate
US637417AK28,corporate
US637417AL01,corporate
US637417AM83,corporate
US637417AN66,corporate
US637417AP15,corporate
US637417AQ97,corporate
US637417AR70,corporate
US637417AS53,corporate
US637417AT37,corporate
US637417AU00,corporate
US637432CT02,corporate
US637432MS19,corporate
US637432NN13,corporate
US637432NP60,corporate
US637432NQ44,corporate
US637432NR27,corporate
US637432NS00,corporate
US637432NT82,corporate
US637432NV39,corporate
US637432NW12,corporate
US637432NX94,corporate
US637432NY77,corporate
US637432NZ43,corporate
US637432PA73,corporate
US637432PB56,corporate
US637432PC30,corporate
US63743F2K11,corporate
US63743F3G99,corporate
US63743F3N41,corporate
US63743F3R54,corporate
US63743F3Y06,corporate
US63743FA222,corporate
US63743FA305,corporate
US63743FA487,corporate
US63743FA552,corporate
US63743FA636,corporate
US63743FA891,corporate
US63743FA974,corporate
US63743FB394,corporate
US63743FB477,corporate
US63743FB543,corporate
US63743FB626,corporate
US63743FF353,corporate
US63743FG260,corporate
US63743FH664,corporate
US63743FJ801,corporate
US63743FJ983,corporate
US63743FK478,corporate
US63743FK882,corporate
US63743FL534,corporate
US63743FL872,corporate
US63743FL955,corporate
US63743FM292,corporate
US63743FMS29,corporate
US63743FN514,corporate
US63743FN779,corporate
US63743FP261,corporate
US63743FP345,corporate
US63743FRB49,corporate
US63743FRD05,corporate
US63743FS315,corporate
US63743FS497,corporate
US63743FS729,corporate
US63743FTQ99,corporate
US63743FUU82,corporate
US63743FUY05,corporate
US63743FVA10,corporate
US63743FVB92,corporate
US63743FVD58,corporate
US63743FVF07,corporate
US63743FVJ29,corporate
US63743FVK91,corporate
US63743FVL74,corporate
US63743FVM57,corporate
US63743FVR45,corporate
US63743FVT01,corporate
US63743FVV56,corporate
US63743FVZ60,corporate
US63743FW366,corporate
US63743FWB83,corporate
US63743FWF97,corporate
US63743FWH53,corporate
US63743FWK82,corporate
US63743FWL65,corporate
US63743FWN22,corporate
US63743FWZ51,corporate
US63743FXF88,corporate
US63743FXR27,corporate
US63743FXV39,corporate
US63743FXX94,corporate
US63743FXZ43,corporate
US63743FYB65,corporate
US63743FYF79,corporate
US63743FYQ35,corporate
US63743FYR18,corporate
US63743FYS90,corporate
US63743FYT73,corporate
US63743FYW03,corporate
US63743FYX85,corporate
US63743FYY68,corporate
US63743FYZ34,corporate
US63743FZB56,corporate
US63743FZD13,corporate
US63743FZE95,corporate
US63743FZF60,corporate
US63743FZG44,corporate
US63743FZJ82,corporate
US63743FZL39,corporate
US63743FZN94,corporate
US63743FZQ26,corporate
US63743FZR09,corporate
US63743FZS81,corporate
US63743FZT64,corporate
US63743FZY59,corporate
US63743FZZ25,corporate
US63743HFG20,corporate
US63743HFJ68,corporate
US63743HFK32,corporate
US63743HFM97,corporate
US63743HFN70,corporate
US63743HFP29,corporate
US63743HFQ02,corporate
US63743HFR84,corporate
US63743HFS67,corporate
US63743HFT41,corporate
US63743HFU14,corporate
US63743HFW79,corporate
US63743HFX52,corporate
US63743HFY36,corporate
US63743HFZ01,corporate
US63743HGB24,corporate
US63743HGC07,corporate
US63743HGD89,corporate
US63743HGE62,corporate
US63743HGF38,corporate
US63743HGH93,corporate
US63743LA949,corporate
US63743LAA17,corporate
US63743LAH69,corporate
US63743LAJ26,corporate
US63743LBA08,corporate
US63743LBB80,corporate
US63743LBF94,corporate
US638585BF51,corporate
US63858SBC26,corporate
US63859VBH33,corporate
US63859XAD93,corporate
US63859XAE76,corporate
US638612AJ06,corporate
US63861QAZ19,corporate
US63861UAA79,corporate
US63861WAE57,corporate
US63861WAF23,corporate
US63861WAJ45,corporate
US63861WAK18,corporate
US63861WAM73,corporate
US63861WAN56,corporate
US63861WAP05,corporate
US63861WAQ87,corporate
US63873HKA13,corporate
US63873HLN25,corporate
US63873HLU67,corporate
US63873HME17,corporate
US63884WAA62,corporate
US63902HAZ29,corporate
US63902HBF55,corporate
US639057AB46,corporate
US639057AD02,corporate
US639057AF59,corporate
US639057AH16,corporate
US639057AK45,corporate
US639057AL28,corporate
US639057AM01,corporate
US639057AN83,corporate
US639057AP32,corporate
US639057AQ15,corporate
US639057AR97,corporate
US639057AS70,corporate
US639057AT53,corporate
US639057AV00,corporate
US639057AW82,corporate
US639057AX65,corporate
US63938CAK45,corporate
US63938CAL28,corporate
US63938CAM01,corporate
US63938CAN83,corporate
US63938CAP32,corporate
US63938CAQ15,corporate
US63938CAR97,corporate
US63946BAF76,corporate
US63946BAG59,corporate
US63946BAJ98,corporate
US63954QAB23,corporate
US63954QAD88,corporate
US639832AH75,government
US639832AJ32,government
US639832AK05,government
US639832AM60,government
US63983TBU88,government
US63983TEH41,government
US63983TEJ07,government
US64049MAB63,corporate
US64110DAJ37,corporate
US64110DAK00,corporate
US64110DAM65,corporate
US64110DAN49,corporate
US64110LAN64,corporate
US64110LAS51,corporate
US64110LAT35,corporate
US64110LAX47,corporate
US64110LAZ94,corporate
US64110LBA35,corporate
US64110LBB18,corporate
US641423BP26,corporate
US641423BU11,corporate
US641423BZ08,corporate
US641423CA48,corporate
US641423CC04,corporate
US641423CD86,corporate
US641423CE69,corporate
US641423CF35,corporate
US641423CG18,corporate
US641423CH90,corporate
US642869AM37,government
US644239AY16,corporate
US645767AW49,corporate
US647551AF79,corporate
US647551AG52,corporate
US64805EAB83,corporate
US64806QAD60,corporate
US649322AA29,corporate
US649322AC84,corporate
US649322AD67,corporate
US649322AE41,corporate
US649322AF16,corporate
US649322AH71,corporate
US649322AJ38,corporate
US64952XCS80,corporate
US64952XDN84,corporate
US64952XEU19,corporate
US64952XEV91,corporate
US64952XEZ06,corporate
US64952XFB29,corporate
US64952XFC02,corporate
US64952XFE67,corporate
US64952XFK28,corporate
US64952XFN66,corporate
US6496048249,corporate
US650094CJ22,corporate
US650119AA81,corporate
US651229AX48,corporate
US651229AY21,corporate
US651229BD74,corporate
US651229BE57,corporate
US651229BF23,corporate
US651587AG29,corporate
US65158NAD49,corporate
US651639AE60,corporate
US651639AM86,corporate
US651639AP18,corporate
US651639AV85,corporate
US651639AW68,corporate
US651639AX42,corporate
US651639AY25,corporate
US651639AZ99,corporate
US65163LAB53,corporate
US65163LAD10,corporate
US65163LAF67,corporate
US65163LAR06,corporate
US6525268073,corporate
US6525268727,corporate
US65334HAA05,corporate
US65334HAG74,corporate
US65334HAJ14,corporate
US65339K8374,corporate
US65339KAT79,corporate
US65339KAV26,corporate
US65339KBJ88,corporate
US65339KBK51,corporate
US65339KBM18,corporate
US65339KBR05,corporate
US65339KBW99,corporate
US65339KBY55,corporate
US65339KBZ21,corporate
US65339KCA60,corporate
US65339KCB44,corporate
US65339KCH14,corporate
US65339KCJ79,corporate
US65339KCL26,corporate
US65339KCM09,corporate
US65339KCN81,corporate
US65339KCP30,corporate
US65339KCQ13,corporate
US65339KCT51,corporate
US65339KCU25,corporate
US65339KCV08,corporate
US65339KCW80,corporate
US65339KCY47,corporate
US65339KDB35,corporate
US65339KDE73,corporate
US65339KDF49,corporate
US65339KDG22,corporate
US65339KDH05,corporate
US65339KDJ60,corporate
US65339KDK34,corporate
US65339KDL17,corporate
US65339KDM99,corporate
US65339KDX54,corporate
US65339KDY38,corporate
US65339KEF30,corporate
US65339KEG13,corporate
US65339KEH95,corporate
US654106AD51,corporate
US654106AE35,corporate
US654106AF00,corporate
US654106AG82,corporate
US654106AJ22,corporate
US654106AK94,corporate
US654106AL77,corporate
US654106AM50,corporate
US65473PAH82,corporate
US65473PAJ49,corporate
US65473PAL94,corporate
US65473PAM77,corporate
US65473PAN50,corporate
US65473PAP09,corporate
US65473PAQ81,corporate
US65473PAR64,corporate
US65473PAS48,corporate
US65473PAT21,corporate
US65473PAU93,corporate
US65473PAX33,corporate
US65473PAY16,corporate
US65473PBA21,corporate
US65473PBB04,corporate
US65473PBC86,corporate
US65473QAW33,corporate
US65473QAX16,corporate
US65473QAZ63,corporate
US65473QBB86,corporate
US65473QBC69,corporate
US65473QBD43,corporate
US65473QBE26,corporate
US65473QBF90,corporate
US65473QBG73,corporate
US654744AC50,corporate
US654744AD34,corporate
US654894AF14,corporate
US654902AC90,corporate
US654902AE56,corporate
US655044AQ82,corporate
US65535HAQ20,corporate
US65535HAS85,corporate
US65535HAX70,corporate
US65535HAY53,corporate
US65535HAZ29,corporate
US65535HBA68,corporate
US65535HBB42,corporate
US65535HBC25,corporate
US65535HBF55,corporate
US65535HBH12,corporate
US65535HBK41,corporate
US65535HBM07,corporate
US65535HBP38,corporate
US65535HBQ11,corporate
US65535HBR93,corporate
US65535HBV06,corporate
US65535HBZ10,corporate
US65535HCB33,corporate
US65535HCC16,corporate
US65535HCE71,corporate
US65535HCH03,corporate
US65535HCJ68,corporate
US65535HCK32,corporate
US65535HCL15,corporate
US65535HCM97,corporate
US655365AA24,corporate
US65539ABE91,corporate
US65540KAJ43,corporate
US655422AV53,corporate
US65557HAH57,corporate
US65559D2D05,corporate
US65559D2E87,corporate
US65562QBV68,government
US65562QBW42,government
US65562QBY08,government
US65562QC292,government
US65562QC458,government
US655663AA07,corporate
US655663AB89,corporate
US655663AC62,corporate
US655664AH33,corporate
US655664AL45,corporate
US655664AR15,corporate
US655664AS97,corporate
US655664AT70,corporate
US655664AY65,corporate
US655844AF53,corporate
US655844AJ75,corporate
US655844AK49,corporate
US655844AQ19,corporate
US655844AV04,corporate
US655844AX69,corporate
US655844BH01,corporate
US655844BM95,corporate
US655844BN78,corporate
US655844BQ00,corporate
US655844BR82,corporate
US655844BT49,corporate
US655844BV94,corporate
US655844BX50,corporate
US655844BY34,corporate
US655844BZ09,corporate
US655844CB22,corporate
US655844CC05,corporate
US655844CD87,corporate
US655844CE60,corporate
US655844CF36,corporate
US655844CH91,corporate
US655844CJ57,corporate
US655844CK21,corporate
US655844CL04,corporate
US655844CM86,corporate
US655844CN69,corporate
US655844CP18,corporate
US655844CQ90,corporate
US655844CR73,corporate
US655844CS56,corporate
US655844CT30,corporate
US655844CU03,corporate
US655844CV85,corporate
US655855FB58,corporate
US656531AG58,corporate
US656531AJ97,corporate
US656531AM27,corporate
US65960NAB64,corporate
US662352AB99,corporate
US664675AT20,corporate
US665228BQ47,corporate
US665228BZ46,corporate
US665531AJ80,corporate
US665585JP13,corporate
US665772BQ13,corporate
US665772BT51,corporate
US665772CA51,corporate
US665772CB35,corporate
US665772CC18,corporate
US665772CE73,corporate
US665772CG22,corporate
US665772CJ60,corporate
US665772CN72,corporate
US665772CQ04,corporate
US665772CR86,corporate
US665772CS69,corporate
US665772CT43,corporate
US665772CU16,corporate
US665772CV98,corporate
US665772CX54,corporate
US665772CY38,corporate
US665772CZ03,corporate
US665772DA43,corporate
US665772DB26,corporate
US665772DC09,corporate
US665789AW33,corporate
US665789BA04,corporate
US665789BC69,corporate
US665859AQ77,corporate
US665859AS34,corporate
US665859AT17,corporate
US665859AU89,corporate
US665859AV62,corporate
US665859AW46,corporate
US665859AX29,corporate
US665859AY02,corporate
US665859AZ76,corporate
US666807AW21,corporate
US666807BD31,corporate
US666807BH45,corporate
US666807BJ01,corporate
US666807BK73,corporate
US666807BN13,corporate
US666807BP60,corporate
US666807BS00,corporate
US666807BT82,corporate
US666807BU55,corporate
US666807CA82,corporate
US666807CC49,corporate
US666807CE05,corporate
US666807CH36,corporate
US666807CJ91,corporate
US666807CK64,corporate
US666807CL48,corporate
US666807CM21,corporate
US666807CN04,corporate
US666807CP51,corporate
US667274AA29,corporate
US667274AB02,corporate
US667274AC84,corporate
US66765NAA37,corporate
US66765RCE45,corporate
US66765RCH75,corporate
US66775VAB18,corporate
US668027AT26,corporate
US668074AU17,corporate
US66815M2X49,corporate
US668444AC61,corporate
US668444AM44,corporate
US668444AQ57,corporate
US668444AS14,corporate
US668444AT96,corporate
US66938FJU93,corporate
US66980Q2C05,corporate
US66980Q2D87,corporate
US66980Q2E60,corporate
US66980Q2F36,corporate
US66984FAA57,corporate
US66984FAB31,corporate
US66988AAE47,corporate
US66988AAG94,corporate
US66988AAH77,corporate
US66988AAJ34,corporate
US66989HAF55,corporate
US66989HAH12,corporate
US66989HAK41,corporate
US66989HAN89,corporate
US66989HAQ11,corporate
US66989HAR93,corporate
US66989HAS76,corporate
US66989HAT59,corporate
US66989HAU23,corporate
US66989HAV06,corporate
US66989HAW88,corporate
US66989HAX61,corporate
US66989HAY45,corporate
US66989HAZ10,corporate
US66989HBA59,corporate
US66989HBB33,corporate
US66989HBC16,corporate
US66989HBD98,corporate
US66989HBE71,corporate
US66989HBF47,corporate
US66989HBG20,corporate
US66989HBH03,corporate
US66989HBJ68,corporate
US66989HBK32,corporate
US66989HBL15,corporate
US67021CAF41,corporate
US67021CAJ62,corporate
US67021CAM91,corporate
US67021CAN74,corporate
US67021CAP23,corporate
US67021CAQ06,corporate
US67021CAR88,corporate
US67021CAS61,corporate
US67021CAT45,corporate
US67021CAU18,corporate
US67021CAV90,corporate
US67021CAW73,corporate
US67021CAX56,corporate
US67021CAY30,corporate
US67021CAZ05,corporate
US670346AH87,corporate
US670346AN55,corporate
US670346AP04,corporate
US670346AQ86,corporate
US670346AS43,corporate
US670346AU98,corporate
US670346AV71,corporate
US670346AW54,corporate
US670346AY11,corporate
US670346AZ85,corporate
US670346BA26,corporate
US67059NAH17,corporate
US67059NAK46,corporate
US67059TAE55,corporate
US67059TAH86,corporate
US67066GAE44,corporate
US67066GAF19,corporate
US67066GAG91,corporate
US67066GAH74,corporate
US67066GAJ31,corporate
US67066GAM69,corporate
US67066GAN43,corporate
US67066GAP90,corporate
US67066GAQ73,corporate
US67066GAR56,corporate
US67066GAS30,corporate
US67066GAT13,corporate
US67066GAU85,corporate
US67066GAV68,corporate
US67077MAE84,corporate
US67077MAF59,corporate
US67077MAG33,corporate
US67077MAN83,corporate
US67077MAP32,corporate
US67077MAQ15,corporate
US67077MAR97,corporate
US67077MAS70,corporate
US67077MAT53,corporate
US67077MAU27,corporate
US67077MAW82,corporate
US67077MAX65,corporate
US67077MBA53,corporate
US67077MBB37,corporate
US67077MBC10,corporate
US67077MBD92,corporate
US67077MBE75,corporate
US67077MBF41,corporate
US67077MBG24,corporate
US67077MBH07,corporate
US67078AAD54,corporate
US67078AAE38,corporate
US67078AAF03,corporate
US67080NAA90,corporate
US670837AD53,corporate
US67090SAA69,corporate
US67103B8037,corporate
US67103HAF47,corporate
US67103HAG20,corporate
US67103HAH03,corporate
US67103HAJ68,corporate
US67103HAK32,corporate
US67103HAL15,corporate
US67103HAM97,corporate
US67103HAN70,corporate
US67103HAP29,corporate
US67103HAQ02,corporate
US67103HAR84,corporate
US67103HAS67,corporate
US671044AF25,corporate
US67401PAC23,corporate
US67401PAD06,corporate
US67401PAE88,corporate
US67403AAB52,corporate
US67403AAE91,corporate
US67403AAG40,corporate
US67457MAE84,corporate
US67457MAG33,corporate
US67457MAJ71,corporate
US674599BT13,corporate
US674599CF00,corporate
US674599CJ22,corporate
US674599CL77,corporate
US674599CM50,corporate
US674599CN34,corporate
US674599CS21,corporate
US674599CX16,corporate
US674599CY98,corporate
US674599DD43,corporate
US674599DE26,corporate
US674599DF90,corporate
US674599DH56,corporate
US674599DJ13,corporate
US674599DK85,corporate
US674599DL68,corporate
US674599DN25,corporate
US674599DT94,corporate
US674599DU67,corporate
US674599DW24,corporate
US674599EA94,corporate
US674599ED34,corporate
US674599EF81,corporate
US674599EK76,corporate
US674599EL59,corporate
US674599EM33,corporate
US675234AC29,corporate
US67525AAA07,corporate
US67525AAB89,corporate
US675553AA99,corporate
US67555JAA43,corporate
US676167CF49,government
US676167CJ60,government
US676167CK34,government
US676167CL17,government
US676167CM99,government
US676167CN72,government
US676167CP21,government
US676167CQ04,government
US676167CR86,government
US676167CS69,government
US676167CT43,government
US67623CAT62,corporate
US677050AG14,corporate
US677050AH96,corporate
US677050AJ52,corporate
US677050AL09,corporate
US677050AN64,corporate
US677050AQ95,corporate
US677050AS51,corporate
US677050AU08,corporate
US677050AW63,corporate
US677050AY20,corporate
US677052AA00,corporate
US677347CE41,corporate
US677347CF16,corporate
US677415CF62,corporate
US677415CQ28,corporate
US677415CR01,corporate
US677415CS83,corporate
US677415CT66,corporate
US677415CU30,corporate
US677415CV13,corporate
US677415CW95,corporate
US67777JAJ79,corporate
US67777JAL26,corporate
US67777JAM09,corporate
US678858AZ47,corporate
US678858BC43,corporate
US678858BF73,corporate
US678858BH30,corporate
US678858BL42,corporate
US678858BM25,corporate
US678858BN08,corporate
US678858BP55,corporate
US678858BQ39,corporate
US678858BR12,corporate
US678858BS94,corporate
US678858BT77,corporate
US678858BU41,corporate
US678858BV24,corporate
US678858BX89,corporate
US678858BY62,corporate
US678858BZ38,corporate
US678858CA77,corporate
US68003DAA37,corporate
US680223AL88,corporate
US680223AM61,corporate
US680223AN45,corporate
US680617AC18,corporate
US680665AK27,corporate
US680665AL00,corporate
US681919BB11,corporate
US681919BC93,corporate
US681919BD76,corporate
US681919BG08,corporate
US681919BP07,corporate
US681919BQ89,corporate
US681919BR62,corporate
US681919BS46,corporate
US681919BT29,corporate
US681919BU91,corporate
US681919BV74,corporate
US681919BW57,corporate
US681919BX31,corporate
US681936BF65,corporate
US681936BK50,corporate
US681936BL34,corporate
US681936BM17,corporate
US681936BN99,corporate
US681936BP48,corporate
US68213NAF69,corporate
US682142AG97,corporate
US682142AH70,corporate
US682142AJ37,corporate
US682142AK00,corporate
US682142AL82,corporate
US682189AS48,corporate
US682189AU93,corporate
US68218TAA97,corporate
US68218TAB70,corporate
US68218UAA60,corporate
US68218UAB44,corporate
US68233DAP24,corporate
US68233DAT46,corporate
US68233JAF12,corporate
US68233JAH77,corporate
US68233JAS33,corporate
US68233JAT16,corporate
US68233JBB98,corporate
US68233JBD54,corporate
US68233JBG85,corporate
US68233JBH68,corporate
US68233JBK97,corporate
US68233JBP84,corporate
US68233JBR41,corporate
US68233JBU79,corporate
US68233JBV52,corporate
US68233JBX19,corporate
US68233JCD46,corporate
US68233JCF93,corporate
US68233JCH59,corporate
US68233JCK88,corporate
US68233JCM45,corporate
US68233JCQ58,corporate
US68233JCS15,corporate
US68233JCU60,corporate
US68233JCW27,corporate
US68233JDB70,corporate
US68233JDC53,corporate
US68233JDD37,corporate
US68235PAF53,corporate
US68235PAG37,corporate
US68235PAH10,corporate
US68235PAM05,corporate
US68235PAN87,corporate
US68235PAP36,corporate
US682680AB90,corporate
US682680AN39,corporate
US682680AS26,corporate
US682680AT09,corporate
US682680AU71,corporate
US682680AV54,corporate
US682680AW38,corporate
US682680AY93,corporate
US682680AZ68,corporate
US682680BB81,corporate
US682680BC64,corporate
US682680BE21,corporate
US682680BF95,corporate
US682680BG78,corporate
US682680BH51,corporate
US682680BJ18,corporate
US682680BK80,corporate
US682680BL63,corporate
US682680BN20,corporate
US682680BS17,corporate
US682680BT99,corporate
US682680BU62,corporate
US682680BV46,corporate
US682680BW29,corporate
US682680BX02,corporate
US682680BY84,corporate
US682680BZ59,corporate
US682680CA99,corporate
US682680CB72,corporate
US682680CC55,corporate
US682680CD39,corporate
US682680CE12,corporate
US682680CF86,corporate
US682680CG69,corporate
US682680CM38,corporate
US682680CQ42,corporate
US682680CU53,corporate
US682680CW10,corporate
US682680CY75,corporate
US682680DA80,corporate
US682680DB63,corporate
US682680DC47,corporate
US682680DD20,corporate
US68268NAC74,corporate
US68268NAD57,corporate
US68268NAG88,corporate
US68268NAM56,corporate
US682691AA80,corporate
US682691AB63,corporate
US682691AC47,corporate
US682691AE03,corporate
US682691AF77,corporate
US682691AG50,corporate
US682691AH34,corporate
US682691AJ99,corporate
US682691AK62,corporate
US682691AL46,corporate
US682691AM29,corporate
US682691AN02,corporate
US682691AP59,corporate
US683234AQ19,government
US683234AR91,government
US683234AU21,government
US683234AV04,government
US683234AW86,government
US683234C978,government
US683234D216,government
US683234D398,government
US683234D471,government
US683234DB13,government
US683234DQ81,government
US683234ET12,government
US683234EV67,government
US68323AFG40,government
US68323AFH23,government
US68323AFJ88,government
US68389XAE58,corporate
US68389XAH89,corporate
US68389XAM74,corporate
US68389XAV73,corporate
US68389XAW56,corporate
US68389XBD66,corporate
US68389XBE40,corporate
US68389XBF15,corporate
US68389XBG97,corporate
US68389XBH70,corporate
US68389XBJ37,corporate
US68389XBN49,corporate
US68389XBP96,corporate
US68389XBQ79,corporate
US68389XBU81,corporate
US68389XBV64,corporate
US68389XBW48,corporate
US68389XBX21,corporate
US68389XBY04,corporate
US68389XBZ78,corporate
US68389XCA19,corporate
US68389XCB91,corporate
US68389XCD57,corporate
US68389XCE31,corporate
US68389XCH61,corporate
US68389XCJ28,corporate
US68389XCK90,corporate
US68389XCM56,corporate
US68389XCN30,corporate
US68389XCP87,corporate
US68389XCQ60,corporate
US68389XCS27,corporate
US68389XCT00,corporate
US68389XCU72,corporate
US68389XCV55,corporate
US68389XCX12,corporate
US68389XCY94,corporate
US68389XCZ69,corporate
US68389XDA00,corporate
US68389XDB82,corporate
US68389XDC65,corporate
US68389XDH52,corporate
US68389XDK81,corporate
US68389XDM48,corporate
US68389XDP78,corporate
US68389XDR35,corporate
US68389XDT90,corporate
US68389XDV47,corporate
US68389XDW20,corporate
US68389XDX03,corporate
US68389XDY85,corporate
US68389XDZ50,corporate
US68389XEA90,corporate
US68389XEB73,corporate
US68389XEC56,corporate
US684065AT26,corporate
US685218AB52,corporate
US685218AD19,corporate
US685218AE91,corporate
US685218AF66,corporate
US685218AG40,corporate
US685218AH23,corporate
US68560EAB48,corporate
US68560EAC21,corporate
US68560EAD04,corporate
US686329AB98,corporate
US686330AJ06,corporate
US686330AN18,corporate
US686330AQ49,corporate
US686330AR22,corporate
US686330AS05,corporate
US686330AV34,corporate
US686514AE09,corporate
US686514AF73,corporate
US686514AH30,corporate
US686514AJ95,corporate
US686514AM25,corporate
US686514AP55,corporate
US686688AB85,corporate
US688225AH44,corporate
US688239AF99,corporate
US68902VAJ61,corporate
US68902VAK35,corporate
US68902VAL18,corporate
US68902VAM90,corporate
US68902VAP22,corporate
US68902VAR87,corporate
US68902VAS60,corporate
US68902VAT44,corporate
US69033DAE76,corporate
US6903536P76,government
US690353RX78,government
US690353SQ19,government
US69047QAC69,corporate
US69047QAD43,corporate
US690732AK82,corporate
US690742AB73,corporate
US690742AG60,corporate
US690742AH44,corporate
US690742AJ00,corporate
US690742AK72,corporate
US690742AM39,corporate
US690742AN12,corporate
US690742AP69,corporate
US690742AQ43,corporate
US691205AG35,corporate
US69120VAF85,corporate
US69120VAM37,corporate
US69120VAP67,corporate
US69120VAW19,corporate
US69120VAZ40,corporate
US69120VBB62,corporate
US69121JAB35,corporate
US69121KAF12,corporate
US69121KAG94,corporate
US69121KAH77,corporate
US69121KAJ34,corporate
US69121KAK07,corporate
US69121KAL89,corporate
US69122JAC09,corporate
US6915438625,corporate
US69181V5030,corporate
US69181V6020,corporate
US693070AD69,corporate
US693304AG23,corporate
US693304AH06,corporate
US693304AR87,corporate
US693304AS60,corporate
US693304AV99,corporate
US693304AW72,corporate
US693304AX55,corporate
US693304AY39,corporate
US693304BA44,corporate
US693304BC00,corporate
US693304BD82,corporate
US693304BE65,corporate
US693304BF31,corporate
US693304BG14,corporate
US693304BH96,corporate
US693304BJ52,corporate
US693304BK26,corporate
US69331CAH16,corporate
US69331CAJ71,corporate
US69331CAL28,corporate
US69331CAM01,corporate
US69331CAN83,corporate
US69331VAA44,corporate
US693342AF44,corporate
US693342AG27,corporate
US693342AH00,corporate
US693342AJ65,corporate
US693342AK39,corporate
US693475AQ81,corporate
US693475AT21,corporate
US693475AW59,corporate
US693475AZ80,corporate
US693475BA21,corporate
US693475BC86,corporate
US693475BD69,corporate
US693475BE43,corporate
US693475BF18,corporate
US693475BJ30,corporate
US693475BK03,corporate
US693475BM68,corporate
US693475BP99,corporate
US693475BR55,corporate
US693475BS39,corporate
US693475BT12,corporate
US693475BU84,corporate
US693475BV67,corporate
US693475BW41,corporate
US693475BX24,corporate
US693475BZ71,corporate
US693475CA12,corporate
US693475CB94,corporate
US693475CC77,corporate
US693475CD50,corporate
US693475CE34,corporate
US693475CF09,corporate
US693475CG81,corporate
US693475CH64,corporate
US693475CJ21,corporate
US693475CK93,corporate
US693475CL76,corporate
US693475CM59,corporate
US69349AAA07,corporate
US69349HAF47,corporate
US69349LAR96,corporate
US69349LAS79,corporate
US693506BC06,corporate
US693506BE61,corporate
US693506BP19,corporate
US693506BR74,corporate
US693506BS57,corporate
US693506BY26,corporate
US69351UAH68,corporate
US69351UAM53,corporate
US69351UAN37,corporate
US69351UAR41,corporate
US69351UAS24,corporate
US69351UAT07,corporate
US69351UAU79,corporate
US69351UAV52,corporate
US69351UAW36,corporate
US69351UBA07,corporate
US69351UBB89,corporate
US69351UBC62,corporate
US69351UBD46,corporate
US69351UBE29,corporate
US69352PAQ63,corporate
US69352PAS20,corporate
US69352PAT03,corporate
US69353RFG83,corporate
US69353RFJ23,corporate
US69353RFZ64,corporate
US693627AQ47,corporate
US693627AY70,corporate
US693656AE03,corporate
US69366JAD37,corporate
US69371RR654,corporate
US69371RS314,corporate
US69371RS645,corporate
US69371RS728,corporate
US69371RS801,corporate
US69371RS983,corporate
US69371RT221,corporate
US69371RT304,corporate
US69371RT486,corporate
US69371RT551,corporate
US69371RT635,corporate
US69371RT718,corporate
US69371RT890,corporate
US69371RT973,corporate
US69371RU203,corporate
US69371RU385,corporate
US69371RU534,corporate
US69371RU617,corporate
US69380MAA45,corporate
US694308GY78,corporate
US694308GZ44,corporate
US694308HA83,corporate
US694308HD23,corporate
US694308HH37,corporate
US694308HL49,corporate
US694308HN05,corporate
US694308HR19,corporate
US694308HS91,corporate
US694308HW04,corporate
US694308HY69,corporate
US694308JC22,corporate
US694308JF52,corporate
US694308JG36,corporate
US694308JH19,corporate
US694308JJ74,corporate
US694308JK48,corporate
US694308JM04,corporate
US694308JN86,corporate
US694308JQ18,corporate
US694308JT56,corporate
US694308JU20,corporate
US694308JW85,corporate
US694308KB20,corporate
US694308KC03,corporate
US694308KD85,corporate
US694308KG17,corporate
US694308KH99,corporate
US694308KJ55,corporate
US694308KK29,corporate
US694308KL02,corporate
US694308KM84,corporate
US694308KP16,corporate
US694308KQ98,corporate
US694308KR71,corporate
US694308KT38,corporate
US694308KU01,corporate
US694308KV83,corporate
US694308KW66,corporate
US694308KX40,corporate
US694308KY23,corporate
US694308KZ97,corporate
US694308LA38,corporate
US694308LB11,corporate
US694308LC93,corporate
US694308LD76,corporate
US694308LE59,corporate
US694308LF25,corporate
US694308LG08,corporate
US6944PM2U04,corporate
US695114BT48,corporate
US695114BX59,corporate
US695114BZ08,corporate
US695114CB21,corporate
US695114CD86,corporate
US695114CG18,corporate
US695114CJ56,corporate
US695114CL03,corporate
US695114CN68,corporate
US695114CT39,corporate
US695114CU02,corporate
US695114CV84,corporate
US695114CW67,corporate
US695114CX41,corporate
US695114CY24,corporate
US695114CZ98,corporate
US695114DA39,corporate
US695114DB12,corporate
US695114DC94,corporate
US695114DD77,corporate
US695114DE50,corporate
US695114DF26,corporate
US695114DG09,corporate
US695114DH81,corporate
US695114DM76,corporate
US695114DN59,corporate
US695114DP08,corporate
US695114DQ80,corporate
US695127AJ95,corporate
US695156AT63,corporate
US695156AU37,corporate
US695156AV10,corporate
US695156AW92,corporate
US695156AX75,corporate
US695156AY58,corporate
US69549FAB58,corporate
US69553PAD24,corporate
US698299AD63,government
US698299AK07,government
US698299BB98,government
US698299BF03,government
US698299BG85,government
US698299BH68,government
US698299BK97,government
US698299BL70,government
US698299BM53,government
US698299BN37,government
US698299BR41,government
US698299BS24,government
US698299BT07,government
US698299BV52,government
US698299BW36,government
US698299BX19,government
US698299BY91,government
US698299BZ66,government
US698299CB89,government
US698299CC62,government
US698884AE30,corporate
US698884AH60,corporate
US698900AG20,corporate
US699149AD22,government
US699149AF79,government
US699149AH36,government
US699149AJ91,government
US699149AK64,government
US699149AL48,government
US699149AN04,government
US699149BX76,government
US699149BY59,government
US699149CC21,government
US701094AJ33,corporate
US701094AL88,corporate
US701094AN45,corporate
US701094AP92,corporate
US701094AR58,corporate
US701094AS32,corporate
US70109HAJ41,corporate
US70109HAM79,corporate
US70109HAN52,corporate
US70202LAD47,corporate
US70213BAB71,corporate
US70213BAC54,corporate
US70213HAD08,corporate
US70213HAE80,corporate
US70213HAF55,corporate
US703343AG80,corporate
US703481AC52,corporate
US703481AD36,corporate
US703481AE19,corporate
US704326AA51,corporate
US704326AB35,corporate
US704326AC18,corporate
US70450YAD58,corporate
US70450YAE32,corporate
US70450YAH62,corporate
US70450YAJ29,corporate
US70450YAK91,corporate
US70450YAL74,corporate
US70450YAM57,corporate
US70450YAN31,corporate
US70450YAP88,corporate
US70450YAQ61,corporate
US70450YAR45,corporate
US70450YAS28,corporate
US70450YAT01,corporate
US70450YAU73,corporate
US70450YAV56,corporate
US70450YAW30,corporate
US704551AD21,corporate
US70462GAA67,corporate
US70462GAC24,corporate
US70462GAE89,corporate
US70462GAF54,corporate
US70509VAA89,corporate
US70614WAD20,corporate
US706451BD26,corporate
US706451BG56,corporate
US706451BR12,corporate
US708062AD65,corporate
US70806A2050,corporate
US708696BV09,corporate
US70931T7072,corporate
US70931T8062,corporate
US70932AAH68,corporate
US70959WAK99,corporate
US709629AR06,corporate
US709629AS88,corporate
US712219AG90,government
US713291AH56,corporate
US71338QAC06,corporate
US71338QAN60,corporate
US713448BP24,corporate
US713448BS62,corporate
US713448BZ06,corporate
US713448CC02,corporate
US713448CQ97,corporate
US713448DD75,corporate
US713448DN57,corporate
US713448DP06,corporate
US713448DV73,corporate
US713448DY13,corporate
US713448EE40,corporate
US713448EG97,corporate
US713448EH70,corporate
US713448EL82,corporate
US713448EM65,corporate
US713448EP96,corporate
US713448ER52,corporate
US713448ES36,corporate
US713448ET19,corporate
US713448EU81,corporate
US713448EV64,corporate
US713448EZ78,corporate
US713448FA19,corporate
US713448FE31,corporate
US713448FF06,corporate
US713448FG88,corporate
US713448FL73,corporate
US713448FM56,corporate
US713448FN30,corporate
US713448FR44,corporate
US713448FS27,corporate
US713448FT00,corporate
US713448FW39,corporate
US713448FX12,corporate
US713448FY94,corporate
US713448FZ69,corporate
US713448GA00,corporate
US713448GB82,corporate
US713448GC65,corporate
US713448GD49,corporate
US713448GH52,corporate
US713448GJ19,corporate
US713448GK81,corporate
US713448GL64,corporate
US713466AA86,corporate
US713466AB69,corporate
US713466AD26,corporate
US713466AE09,corporate
US714046AG46,corporate
US714046AH29,corporate
US714046AJ84,corporate
US714046AM14,corporate
US714046AN96,corporate
US714295AA08,corporate
US71429MAC91,corporate
US71429MAD74,corporate
US715638AP79,government
US715638AU64,government
US715638BM30,government
US715638BU55,government
US715638DA73,government
US715638DF60,government
US715638DP43,government
US715638DQ26,government
US715638DR09,government
US715638DS81,government
US715638DT64,government
US715638DU38,government
US715638DW93,government
US715638EB48,government
US715638EC21,government
US715638FC12,government
US715638FD94,government
US71568QAB32,corporate
US71568QAC15,corporate
US71568QAD97,corporate
US71568QAE70,corporate
US71568QAF46,corporate
US71568QAG29,corporate
US71568QAH02,corporate
US71568QAJ67,corporate
US71568QAK31,corporate
US71568QAL14,corporate
US71568QAM96,corporate
US71568QAN79,corporate
US71568QAP28,corporate
US71568QAX51,corporate
US71568QAZ00,corporate
US71643VAB18,corporate
US716442AH16,corporate
US71644EAF97,corporate
US71644EAG70,corporate
US71644EAJ10,corporate
US71645WAQ42,corporate
US71645WAS08,corporate
US71647NAA72,corporate
US71647NAK54,corporate
US71647NAN93,corporate
US71647NAW92,corporate
US71647NAY58,corporate
US71647NAZ24,corporate
US71647NBD03,corporate
US71647NBE85,corporate
US71647NBF50,corporate
US71647NBG34,corporate
US71647NBH17,corporate
US71647NBJ72,corporate
US71647NBK46,corporate
US71647NBL29,corporate
US71647NBM02,corporate
US71647NBN84,corporate
US71654QAM42,corporate
US71654QAZ54,corporate
US71654QBE17,corporate
US71654QBR20,corporate
US71654QBX97,corporate
US71654QCC42,corporate
US71654QCG55,corporate
US71654QCK67,corporate
US71654QCL41,corporate
US71654QCM24,corporate
US71654QCP54,corporate
US71654QCW06,corporate
US71654QDB59,corporate
US71654QDC33,corporate
US71654QDD16,corporate
US71654QDE98,corporate
US71654QDF63,corporate
US71654QDJ85,corporate
US71654QDK58,corporate
US71654QDL32,corporate
US71654QDP46,corporate
US71656MBQ15,corporate
US716743AP46,corporate
US716743AR02,corporate
US716973AC67,corporate
US716973AD41,corporate
US716973AE24,corporate
US716973AF98,corporate
US716973AG71,corporate
US716973AH54,corporate
US717081CY74,corporate
US717081DE02,corporate
US717081DK61,corporate
US717081DT70,corporate
US717081EA70,corporate
US717081EC37,corporate
US717081ED10,corporate
US717081EJ89,corporate
US717081EK52,corporate
US717081EP40,corporate
US717081ET61,corporate
US717081EU35,corporate
US717081EV18,corporate
US717081EW90,corporate
US717081EY56,corporate
US717081EZ22,corporate
US717081FA61,corporate
US717081FB45,corporate
US717081FC28,corporate
US717081FD01,corporate
US717081FE83,corporate
US717081FF58,corporate
US717081FG32,corporate
US717081FH15,corporate
US717081FJ70,corporate
US71710TAA60,corporate
US71710TAB44,corporate
US71710TAD00,corporate
US71710TAE82,corporate
US71710TAF57,corporate
US71710TAG31,corporate
US71710TAH14,corporate
US71710TAJ79,corporate
US71713UAT97,corporate
US71713UAW27,corporate
US717265AJ16,corporate
US717265AL61,corporate
US717265AM45,corporate
US71742W3016,corporate
US718154CF28,corporate
US718172AC39,corporate
US718172AM11,corporate
US718172AP42,corporate
US718172AU37,corporate
US718172AW92,corporate
US718172BD03,corporate
US718172BL29,corporate
US718172CB38,corporate
US718172CE76,corporate
US718172CJ63,corporate
US718172CP24,corporate
US718172CS62,corporate
US718172CV91,corporate
US718172CW74,corporate
US718172CX57,corporate
US718172CZ06,corporate
US718172DA46,corporate
US718172DB29,corporate
US718172DC02,corporate
US718172DD84,corporate
US718172DE67,corporate
US718172DF33,corporate
US718172DG16,corporate
US718172DH98,corporate
US718172DJ54,corporate
US718172DM83,corporate
US718172DN66,corporate
US718172DP15,corporate
US718172DQ97,corporate
US718172DR70,corporate
US718172DS53,corporate
US718172DT37,corporate
US718172DU00,corporate
US718172DX49,corporate
US718172DY22,corporate
US718172DZ96,corporate
US718172EA37,corporate
US718172EB10,corporate
US718172EF24,corporate
US718172EG07,corporate
US718286AY36,government
US718286BB24,government
US718286BD89,government
US718286BG11,government
US718286BW60,government
US718286BZ91,government
US718286CA32,government
US718286CB15,government
US718286CC97,government
US718286CG02,government
US718286CH84,government
US718286CJ41,government
US718286CK14,government
US718286CL96,government
US718286CN52,government
US718286CP01,government
US718286CQ83,government
US718286CR66,government
US718286CT23,government
US718286CU95,government
US718286CV78,government
US718286CW51,government
US718286CX35,government
US718286CY18,government
US718286DA23,government
US718286DB06,government
US718286DC88,government
US718286DD61,government
US718286DE45,government
US718286DG92,government
US718286DH75,government
US718286DJ32,government
US718286DK05,government
US718286DL87,government
US718286DM60,government
US718286DN44,government
US71845JAA60,corporate
US71845JAB44,corporate
US71845JAC27,corporate
US71845JAD00,corporate
US71845JAE82,corporate
US718507BK18,corporate
US718546AH74,corporate
US718546AK04,corporate
US718546AL86,corporate
US718546AR56,corporate
US718546AW42,corporate
US718546BA13,corporate
US718547AF91,corporate
US718547AH57,corporate
US718547AK86,corporate
US718547AM43,corporate
US718547AP73,corporate
US718547AR30,corporate
US718547AT95,corporate
US718547AU68,corporate
US718547AW25,corporate
US718547AX08,corporate
US718547AY80,corporate
US718547AZ55,corporate
US718547BA95,corporate
US718549AD00,corporate
US718549AF57,corporate
US718549AH14,corporate
US71902E2081,corporate
US71951QAA04,corporate
US71951QAB86,corporate
US71951QAC69,corporate
US72014TAC36,corporate
US72014TAD19,corporate
US72014TAE91,corporate
US720186AE52,corporate
US720186AG01,corporate
US720186AH83,corporate
US720186AK13,corporate
US720186AL95,corporate
US720186AM78,corporate
US720186AN51,corporate
US720186AP00,corporate
US720186AQ82,corporate
US720186AR65,corporate
US72018QAG64,corporate
US720198AE09,corporate
US720198AF73,corporate
US720198AG56,corporate
US720198AJ95,corporate
US720198AK68,corporate
US72147KAH14,corporate
US72147KAJ79,corporate
US72147KAK43,corporate
US72147KAL26,corporate
US723484AK73,corporate
US723484AM30,corporate
US723484AN13,corporate
US723484AP60,corporate
US72348NAA72,corporate
US723787AB37,corporate
US723787AQ06,corporate
US723787AR88,corporate
US72447XAB38,corporate
US725906AH40,corporate
US725906AN18,corporate
US726503AE55,corporate
US72650RAM43,corporate
US72650RAR30,corporate
US72650RBA95,corporate
US72650RBC51,corporate
US72650RBE18,corporate
US72650RBH49,corporate
US72650RBM34,corporate
US72650RBN17,corporate
US72650RBP64,corporate
US72650RBQ48,corporate
US72650RBR21,corporate
US72650RBS04,corporate
US731011AV42,government
US731011AW25,government
US731011AX08,government
US731011AY80,government
US731011AZ55,government
US731068AA07,corporate
US731068AB89,corporate
US731572AB96,corporate
US733174AL01,corporate
US737446AT14,corporate
US73755LAN73,corporate
US737679CY47,corporate
US737679CZ12,corporate
US737679DB35,corporate
US737679DC18,corporate
US737679DE73,corporate
US737679DH05,corporate
US737679DJ60,corporate
US74005PBD50,corporate
US74005PBS20,corporate
US74005PBT03,corporate
US740189AH88,corporate
US740189AN56,corporate
US74052BAA52,corporate
US74071PAB94,corporate
US740816AD59,corporate
US740816AH63,corporate
US740816AK92,corporate
US740816AL75,corporate
US740816AM58,corporate
US740816AN32,corporate
US740816AP89,corporate
US740816AQ62,corporate
US740816AR46,corporate
US740816AS29,corporate
US740816AT02,corporate
US74082LAA70,corporate
US740840AC76,government
US741503BC97,corporate
US74164MAB46,corporate
US74251VAA08,corporate
US74251VAF94,corporate
US74251VAJ17,corporate
US74251VAM46,corporate
US74251VAN29,corporate
US74251VAR33,corporate
US74251VAS16,corporate
US74251VAT98,corporate
US74251VAU61,corporate
US74251VAW28,corporate
US74256M6U60,corporate
US74256MEX11,corporate
US74256MEZ68,corporate
US74256MFB81,corporate
US742651DY55,government
US742651DZ21,government
US742651EA60,government
US742651EB44,government
US742718AV11,corporate
US742718CB39,corporate
US742718DB20,corporate
US742718DF34,corporate
US742718ER62,corporate
US742718EV74,corporate
US742718FB02,corporate
US742718FG98,corporate
US742718FH71,corporate
US742718FJ38,corporate
US742718FK01,corporate
US742718FM66,corporate
US742718FQ70,corporate
US742718FV65,corporate
US742718FW49,corporate
US742718FX22,corporate
US742718FZ79,corporate
US742718GA10,corporate
US742718GE32,corporate
US742718GF07,corporate
US742718GG89,corporate
US742718GK91,corporate
US742718GL74,corporate
US742718GM57,corporate
US742718GN31,corporate
US742718GP88,corporate
US742718GQ61,corporate
US743263AE50,corporate
US743263AG09,corporate
US743263AP08,corporate
US743312AD29,corporate
US743315AJ20,corporate
US743315AL75,corporate
US743315AP89,corporate
US743315AQ62,corporate
US743315AR46,corporate
US743315AS29,corporate
US743315AT02,corporate
US743315AV57,corporate
US743315AW31,corporate
US743315AX14,corporate
US743315AY96,corporate
US743315AZ61,corporate
US743315BA02,corporate
US743315BB84,corporate
US743315BC67,corporate
US743315BD41,corporate
US74340XBH35,corporate
US74340XBJ90,corporate
US74340XBK63,corporate
US74340XBL47,corporate
US74340XBM20,corporate
US74340XBN03,corporate
US74340XBP50,corporate
US74340XBQ34,corporate
US74340XBR17,corporate
US74340XBS99,corporate
US74340XBT72,corporate
US74340XBV29,corporate
US74340XBX84,corporate
US74340XBY67,corporate
US74340XBZ33,corporate
US74340XCA72,corporate
US74340XCB55,corporate
US74340XCC39,corporate
US74340XCE94,corporate
US74340XCF69,corporate
US74340XCG43,corporate
US74340XCH26,corporate
US74340XCJ81,corporate
US74340XCK54,corporate
US74340XCN93,corporate
US74340XCQ25,corporate
US74340XCR08,corporate
US74340XCU37,corporate
US74340XCV10,corporate
US74348GA423,corporate
US74348GB827,corporate
US74348GBG47,corporate
US74348GBN97,corporate
US74348GBR02,corporate
US74348GBX79,corporate
US74348GC247,corporate
US74348GC650,corporate
US74348GCG38,corporate
US74348GCJ76,corporate
US74348GCK40,corporate
US74348GCL23,corporate
US74348GCN88,corporate
US74348GCP37,corporate
US74348GCQ10,corporate
US74348GCS75,corporate
US74348GCT58,corporate
US74348GCV05,corporate
US74348GCW87,corporate
US74348GCZ19,corporate
US74348GD492,corporate
US74348GD989,corporate
US74348GDB32,corporate
US74348GDD97,corporate
US74348GDG29,corporate
US74348GDL14,corporate
US74348GDW78,corporate
US74348GDX51,corporate
US74348GDZ00,corporate
US74348GE300,corporate
US74348GEG10,corporate
US74348GEQ91,corporate
US74348GFD79,corporate
US74348GFW50,corporate
US74348GGG91,corporate
US74348GGJ31,corporate
US74348GGR56,corporate
US74348GHD51,corporate
US74348GHN34,corporate
US74348GHS21,corporate
US74348GHU76,corporate
US74348GJL59,corporate
US74348GJT85,corporate
US74348GKL31,corporate
US74348GKV13,corporate
US74348GLX69,corporate
US74348GP959,corporate
US74348GQ296,corporate
US74348GQ452,corporate
US74348GQA12,corporate
US74348GQC77,corporate
US74348GQD50,corporate
US74348GQH64,corporate
US74348GQK93,corporate
US74348GQN33,corporate
US74348GQQ63,corporate
US74348GQR47,corporate
US74348GQV58,corporate
US74348GQX15,corporate
US74348GQY97,corporate
US74348GR369,corporate
US74348GR443,corporate
US74348GRB85,corporate
US74348GRE25,corporate
US74348GRF99,corporate
US74348GRG72,corporate
US74348GRJ12,corporate
US74348GRN24,corporate
US74348GRP71,corporate
US74348GRQ54,corporate
US74348GRS11,corporate
US74348GRV40,corporate
US74348GS276,corporate
US74348GS359,corporate
US74348GS433,corporate
US74348GS508,corporate
US74348GS847,corporate
US74348GSA93,corporate
US74348GSC59,corporate
US74348GSD33,corporate
US74348GSF80,corporate
US74348GSG63,corporate
US74348GSJ03,corporate
US74348GSK75,corporate
US74348GSN15,corporate
US74348GSP62,corporate
US74348GSQ46,corporate
US74348GSR29,corporate
US74348GSU57,corporate
US74348GSX96,corporate
US74348GSZ45,corporate
US74348GT266,corporate
US74348GT340,corporate
US74348GT670,corporate
US74348GT837,corporate
US74348GT910,corporate
US74348GTA84,corporate
US74348GTC41,corporate
US74348GTD24,corporate
US74348GTE07,corporate
US74348GTR10,corporate
US74348GTT75,corporate
US74348GTU49,corporate
US74348GTW05,corporate
US74348GTX87,corporate
US74348GTZ36,corporate
US74348GUA65,corporate
US74348GUB49,corporate
US74348GUC22,corporate
US74348GUD05,corporate
US74348GUH19,corporate
US74348GUJ74,corporate
US74348GUK48,corporate
US74348GUS73,corporate
US74348GW559,corporate
US74348GW633,corporate
US74348GWY24,corporate
US74348GWZ98,corporate
US74348GZT02,corporate
US74348TAV44,corporate
US74348TAW27,corporate
US74348Y2D24,corporate
US74348YAV39,corporate
US74348YAX94,corporate
US74348YAY77,corporate
US74348YBY68,corporate
US74348YCD13,corporate
US74348YCE95,corporate
US74348YCL39,corporate
US74348YCT64,corporate
US74348YDA64,corporate
US74348YDU29,corporate
US74348YDX67,corporate
US74348YEA55,corporate
US74348YEE77,corporate
US74348YHW49,corporate
US74348YJM49,corporate
US74348YPH89,corporate
US74348YU903,corporate
US74348YW230,corporate
US74348YW560,corporate
US74348YX550,corporate
US743674AY91,corporate
US74368EBY59,corporate
US74368ECC21,corporate
US743756AB40,corporate
US743756AC23,corporate
US743820AA01,corporate
US743820AB83,corporate
US743820AC66,corporate
US743820AD40,corporate
US743820AG70,corporate
US743820AH53,corporate
US743862AA26,corporate
US743863AA09,corporate
US74386TAA34,corporate
US74386TAB17,corporate
US74408DAD66,government
US74408DAE40,government
US74408DAG97,government
US7443208704,corporate
US744320AW24,corporate
US744320AY89,corporate
US744320BA94,corporate
US744320BF81,corporate
US744320BH48,corporate
US744320BJ04,corporate
US744320BK76,corporate
US744320BL59,corporate
US744320BP63,corporate
US744320BQ47,corporate
US74432A2C35,corporate
US74432AH605,corporate
US74432AH787,corporate
US74432AH860,corporate
US74432AH944,corporate
US74432AJ270,corporate
US74432AYU86,corporate
US74432AYV69,corporate
US74432AYW43,corporate
US74432AYX26,corporate
US74432AYY09,corporate
US74432AYZ73,corporate
US74432AZA14,corporate
US74432AZB96,corporate
US74432AZC79,corporate
US74432AZD52,corporate
US74432AZE36,corporate
US74432BA400,corporate
US74432BA814,corporate
US74432BAF58,corporate
US74432BAJ70,corporate
US74432BAL27,corporate
US74432BAM00,corporate
US74432BAN82,corporate
US74432BAQ14,corporate
US74432BAS79,corporate
US74432BAV09,corporate
US74432BAZ13,corporate
US74432BB499,corporate
US74432BB564,corporate
US74432BB804,corporate
US74432BB986,corporate
US74432BBB36,corporate
US74432BBC19,corporate
US74432BBD91,corporate
US74432BBE74,corporate
US74432BBG23,corporate
US74432BBH06,corporate
US74432BBJ61,corporate
US74432BBK35,corporate
US74432BBN73,corporate
US74432BBQ05,corporate
US74432BBR87,corporate
US74432BBS60,corporate
US74432BBT44,corporate
US74432BBU17,corporate
US74432BBW72,corporate
US74432BBY39,corporate
US74432BCA44,corporate
US74432BCB27,corporate
US74432BCC00,corporate
US74432BCD82,corporate
US74432BCE65,corporate
US74432QAC96,corporate
US74432QAH83,corporate
US74432QAK13,corporate
US74432QAQ82,corporate
US74432QBD60,corporate
US74432QBN43,corporate
US74432QBQ73,corporate
US74432QBS30,corporate
US74432QBU85,corporate
US74432QBY08,corporate
US74432QCA13,corporate
US74432QCC78,corporate
US74432QCD51,corporate
US74432QCE35,corporate
US74432QCF00,corporate
US74432QCG82,corporate
US74432QCJ22,corporate
US74432QCK94,corporate
US744330AA93,corporate
US744330AB76,corporate
US744448BZ35,corporate
US744448CA74,corporate
US744448CE96,corporate
US744448CG45,corporate
US744448CJ83,corporate
US744448CK56,corporate
US744448CM13,corporate
US744448CN95,corporate
US744448CP44,corporate
US744448CQ27,corporate
US744448CR00,corporate
US744448CS82,corporate
US744448CT65,corporate
US744448CU39,corporate
US744448CV12,corporate
US744448CW94,corporate
US744448CX77,corporate
US744448CY50,corporate
US744448CZ26,corporate
US744448DA65,corporate
US744448DB49,corporate
US744448DC22,corporate
US744448DD05,corporate
US744448DE87,corporate
US744448DG36,corporate
US744482BM11,corporate
US744482BP42,corporate
US74449AAA97,corporate
US74450CAA18,corporate
US74450CAB90,corporate
US744516AB15,corporate
US744533BJ80,corporate
US744533BM10,corporate
US744533BP41,corporate
US744533BQ24,corporate
US744533BR07,corporate
US744533BS89,corporate
US744533BT62,corporate
US744533BU36,corporate
US744538AD17,corporate
US744538AE99,corporate
US744538AF64,corporate
US744538AH21,corporate
US744567BA54,corporate
US744567BB38,corporate
US74456QAP19,corporate
US74456QAQ91,corporate
US74456QAR74,corporate
US74456QAU04,corporate
US74456QAV86,corporate
US74456QAZ90,corporate
US74456QBA31,corporate
US74456QBB14,corporate
US74456QBF28,corporate
US74456QBM78,corporate
US74456QBN51,corporate
US74456QBQ82,corporate
US74456QBR65,corporate
US74456QBS49,corporate
US74456QBT22,corporate
US74456QBU94,corporate
US74456QBV77,corporate
US74456QBX34,corporate
US74456QBY17,corporate
US74456QBZ81,corporate
US74456QCA22,corporate
US74456QCB05,corporate
US74456QCC87,corporate
US74456QCD60,corporate
US74456QCE44,corporate
US74456QCG91,corporate
US74456QCH74,corporate
US74456QCJ31,corporate
US74456QCK04,corporate
US74456QCL86,corporate
US74456QCM69,corporate
US74456QCN43,corporate
US74456QCP90,corporate
US74456QCQ73,corporate
US74456QCR56,corporate
US74456QCS30,corporate
US74456QCT13,corporate
US74456QCU85,corporate
US74456QCV68,corporate
US74456QCW42,corporate
US74456QCX25,corporate
US74456QCY08,corporate
US74456QCZ72,corporate
US74456QDA13,corporate
US744573AQ91,corporate
US744573AS57,corporate
US744573AU04,corporate
US744573AV86,corporate
US744573AW69,corporate
US744573AX43,corporate
US744573AY26,corporate
US744573AZ90,corporate
US744573BA31,corporate
US744573BB14,corporate
US744573BC96,corporate
US74460DAC39,corporate
US74460DAD12,corporate
US74460DAG43,corporate
US74460DAH26,corporate
US74460DAJ81,corporate
US74460WAD92,corporate
US74460WAE75,corporate
US74460WAF41,corporate
US74460WAG24,corporate
US74460WAH07,corporate
US74464AAA97,corporate
US74464AAC53,corporate
US74464AAD37,corporate
US74464AAF84,corporate
US74464AAG67,corporate
US74464AAH41,corporate
US745310AK84,corporate
US745310AM41,corporate
US745310AN24,corporate
US745310AQ54,corporate
US745310AS11,corporate
US745310AU66,corporate
US74531EAA01,corporate
US74531EAC66,corporate
US745332BJ49,corporate
US745332BU93,corporate
US745332BW59,corporate
US745332BX33,corporate
US745332CA21,corporate
US745332CB04,corporate
US745332CC86,corporate
US745332CD69,corporate
US745332CE43,corporate
US745332CG90,corporate
US745332CH73,corporate
US745332CJ30,corporate
US745332CK03,corporate
US745332CL85,corporate
US745332CM68,corporate
US745332CN42,corporate
US745332CP99,corporate
US745867AM30,corporate
US745867AP60,corporate
US745867AT82,corporate
US745867AY77,corporate
US745867AZ43,corporate
US74588YAB65,corporate
US74623VAD55,corporate
US74727PAR29,government
US74727PAV31,government
US74727PAX96,government
US74727PAY79,government
US74727PBA84,government
US74727PBB67,government
US747292AA84,corporate
US747292AB67,corporate
US74736KAH41,corporate
US747525AJ27,corporate
US747525AK99,corporate
US747525AU71,corporate
US747525AV54,corporate
US747525BJ18,corporate
US747525BK80,corporate
US747525BN20,corporate
US747525BP77,corporate
US747525BQ50,corporate
US747525BR34,corporate
US747525BS17,corporate
US747525BT99,corporate
US747525BU62,corporate
US747525BV46,corporate
US747525BW29,corporate
US74762EAF97,corporate
US74762EAH53,corporate
US74762EAJ10,corporate
US74762EAK82,corporate
US74762EAL65,corporate
US74762EAM49,corporate
US74762EAN22,corporate
US74762EAP79,corporate
US74762EAQ52,corporate
US74762EAR36,corporate
US74762EAS19,corporate
US748148M915,government
US748148QR73,government
US748148SB04,government
US748148SD69,government
US748148SE43,government
US748148SF18,government
US748148SH73,government
US748148SJ30,government
US748149AN17,government
US748149AR21,government
US74834LAN01,corporate
US74834LAQ32,corporate
US74834LAY65,corporate
US74834LBA70,corporate
US74834LBB53,corporate
US74834LBC37,corporate
US74834LBD10,corporate
US74834LBE92,corporate
US74834LBF67,corporate
US74834LBG41,corporate
US74834LBH24,corporate
US74836HAD98,corporate
US74913EAJ91,corporate
US74913G8574,corporate
US74913G8657,corporate
US74913G8731,corporate
US74913G8814,corporate
US74913GBA22,corporate
US74930BAG05,corporate
US74949LAC63,corporate
US74949LAD47,corporate
US74949LAE20,corporate
US74949LAF94,corporate
US74949LAG77,corporate
US749607AD95,corporate
US749685AV56,corporate
US749685AW30,corporate
US749685AX13,corporate
US749685AY95,corporate
US74977SDN99,corporate
US74977SDP48,corporate
US74977SDS86,corporate
US74983TAB89,corporate
US750236AW16,corporate
US750236AY71,corporate
US75026JAH32,corporate
US75063MAA53,corporate
US75102XAA46,corporate
US75102XAB29,corporate
US75102XAC02,corporate
US75102XAD84,corporate
US75102XAF33,corporate
US751212AD31,corporate
US75134P7096,corporate
US75134P8086,corporate
US75134PAB13,corporate
US753422AF15,corporate
US754730AF69,corporate
US754730AG43,corporate
US754730AH26,corporate
US754730AJ81,corporate
US754730AK54,corporate
US75508XAA46,corporate
US755111AF81,corporate
US755111AP63,corporate
US755111BU40,corporate
US755111BZ37,corporate
US75513EAC57,corporate
US75513EAD31,corporate
US75513EBS90,corporate
US75513EBT73,corporate
US75513EBY68,corporate
US75513EBZ34,corporate
US75513ECA73,corporate
US75513ECB56,corporate
US75513ECC30,corporate
US75513ECH27,corporate
US75513ECJ82,corporate
US75513ECK55,corporate
US75513ECL39,corporate
US75513ECM12,corporate
US75513ECN94,corporate
US75513ECP43,corporate
US75513ECR09,corporate
US75513ECS81,corporate
US75513ECT64,corporate
US75513ECU38,corporate
US75513ECV11,corporate
US75513ECW93,corporate
US75513ECX76,corporate
US75524KPG30,corporate
US75524KSA33,corporate
US75524KSC98,corporate
US75574U8383,corporate
US75574UAB70,corporate
US756109AG90,corporate
US756109AR55,corporate
US756109AS39,corporate
US756109AT12,corporate
US756109AU84,corporate
US756109AW41,corporate
US756109AX24,corporate
US756109BA12,corporate
US756109BG81,corporate
US756109BH64,corporate
US756109BJ21,corporate
US756109BK93,corporate
US756109BL76,corporate
US756109BP80,corporate
US756109BR47,corporate
US756109BS20,corporate
US756109BT03,corporate
US756109BY97,corporate
US756109BZ62,corporate
US756109CA03,corporate
US756109CB85,corporate
US756109CC68,corporate
US756109CD42,corporate
US756109CE25,corporate
US756109CF99,corporate
US756109CG72,corporate
US756109CJ12,corporate
US756109CQ54,corporate
US756109CT93,corporate
US756109CW23,corporate
US756109CX06,corporate
US756109DB76,corporate
US75735GAA67,corporate
US75735GAC24,corporate
US75735GAD07,corporate
US75735KAA79,corporate
US75737FAE88,corporate
US7580758404,corporate
US7580758578,corporate
US7580758651,corporate
US7580758735,corporate
US758075AF22,corporate
US758750AM58,corporate
US758750AN32,corporate
US758750AP89,corporate
US75884RAV50,corporate
US75884RAW34,corporate
US75884RAX17,corporate
US75884RAY99,corporate
US75884RAZ64,corporate
US75884RBA05,corporate
US75884RBB87,corporate
US75884RBC60,corporate
US75884RBD44,corporate
US75884RBF91,corporate
US75886FAE79,corporate
US75886FAF45,corporate
US75913MAA71,corporate
US759187JX65,corporate
US7591EPAE09,corporate
US7591EPAT77,corporate
US7591EPAU41,corporate
US7591EPAV24,corporate
US7593518852,corporate
US759351AM18,corporate
US759351AN90,corporate
US759351AP49,corporate
US759351AR05,corporate
US759351AS87,corporate
US759351AT60,corporate
US759351AV17,corporate
US759509AB87,corporate
US759509AG74,corporate
US75968NAD30,corporate
US75968NAE13,corporate
US75968NAG60,corporate
US75970EAD94,corporate
US75970EAE77,corporate
US75970EAF43,corporate
US75973QAA58,corporate
US759916AD17,corporate
US760719BH68,corporate
US760759AF70,corporate
US760759AK65,corporate
US760759AN05,corporate
US760759AS91,corporate
US760759AT74,corporate
US760759AV21,corporate
US760759AW04,corporate
US760759AX86,corporate
US760759AZ35,corporate
US760759BA74,corporate
US760759BB57,corporate
US760759BC31,corporate
US760759BH28,corporate
US760759BJ83,corporate
US760759BK56,corporate
US760759BL30,corporate
US760759BM13,corporate
US760759BN95,corporate
US760759BP44,corporate
US760942BD38,government
US760942BE11,government
US760942BF85,government
US760942BG68,government
US760942BH42,government
US760942BJ08,government
US761157AC04,government
US76131VAB99,corporate
US761330AB54,corporate
US76155XAA81,corporate
US76169XAA28,corporate
US76169XAB01,corporate
US76169XAC83,corporate
US761713AT36,corporate
US761713AW64,corporate
US761713AZ95,corporate
US761713BA36,corporate
US761713BB19,corporate
US761713BV72,corporate
US761713BW55,corporate
US76209QAC50,corporate
US76209QAE17,corporate
US76209QAH48,corporate
US76209QAJ04,corporate
US76716XAC65,corporate
US767201AD89,corporate
US767201AL06,corporate
US767201AT32,corporate
US76720AAD81,corporate
US76720AAG13,corporate
US76720AAN63,corporate
US76720AAP12,corporate
US76720AAQ94,corporate
US76720AAR77,corporate
US76720AAS50,corporate
US76720AAT34,corporate
US76720AAU07,corporate
US76720AAV89,corporate
US76720AAW62,corporate
US76720AAY29,corporate
US767292AB16,corporate
US76954AAB98,corporate
US76954AAD54,corporate
US771367BX60,corporate
US77310VAA26,corporate
US773903AB56,corporate
US773903AC30,corporate
US773903AE95,corporate
US773903AH27,corporate
US773903AJ82,corporate
US773903AL39,corporate
US773903AM12,corporate
US774341AF84,corporate
US774341AK79,corporate
US77509NAF06,corporate
US775109AL51,corporate
US775109AX99,corporate
US775109AZ48,corporate
US775109BB60,corporate
US775109BF74,corporate
US775109BG57,corporate
US775109BN09,corporate
US775109BP56,corporate
US775109CG49,corporate
US775109CH22,corporate
US775109CJ87,corporate
US775109CK50,corporate
US775109DE81,corporate
US775109DF56,corporate
US775109DG30,corporate
US775109DH13,corporate
US775109DL25,corporate
US775371AU10,corporate
US775711AC86,corporate
US77586RAC43,government
US77586RAF73,government
US77586RAH30,government
US77586RAJ95,government
US77586RAK68,government
US77586RAL42,government
US77586RAN08,government
US77586RAP55,government
US77586RAQ39,government
US77586RAR12,government
US77586RAS94,government
US77586RAT77,government
US77586RAU41,government
US77586RAV24,government
US77586RAW07,government
US77586RAX89,government
US77586RAY62,government
US77586TAE64,government
US775921AA76,government
US776696AG14,corporate
US776696AH96,corporate
US776696AJ52,corporate
US776696AK26,corporate
US776696AL09,corporate
US776696AM81,corporate
US776743AD85,corporate
US776743AF34,corporate
US776743AG17,corporate
US776743AJ55,corporate
US776743AL02,corporate
US776743AN67,corporate
US778296AC75,corporate
US778296AD58,corporate
US778296AE32,corporate
US778296AG89,corporate
US778920AC20,corporate
US78004VAB99,corporate
US780082AR49,corporate
US780082AT05,corporate
US780082AV50,corporate
US780082AY99,corporate
US780082BA05,corporate
US78008SDV51,corporate
US78008SVY98,corporate
US780097BG51,corporate
US780097BL47,corporate
US780097BP50,corporate
US78009PEH01,corporate
US78010UWR49,corporate
US78012KM386,corporate
US78014R2S82,corporate
US78014RA267,corporate
US78014RA911,corporate
US78014RB745,corporate
US78014RC651,corporate
US78014RC818,corporate
US78014RCS76,corporate
US78014RD493,corporate
US78014RD808,corporate
US78014RDP29,corporate
US78014RE897,corporate
US78014REX44,corporate
US78014RF399,corporate
US78014RF704,corporate
US78014RFM79,corporate
US78014RG538,corporate
US78014RG876,corporate
US78014RGJ32,corporate
US78014RH940,corporate
US78014RHY99,corporate
US78014RJ433,corporate
US78014RKL32,corporate
US78014RKW96,corporate
US78014RL322,corporate
US78014RM312,corporate
US78014RMA58,corporate
US78014RMD97,corporate
US78014RMJ67,corporate
US78014RMT40,corporate
US78014RN971,corporate
US78014RNF37,corporate
US78014RNL05,corporate
US78014RNP19,corporate
US78014RNT31,corporate
US78014RNY26,corporate
US78014RP208,corporate
US78014RP380,corporate
US78014RP463,corporate
US78014RPA22,corporate
US78014RPP90,corporate
US78014RPU85,corporate
US78014RPY08,corporate
US78014RQ370,corporate
US78014RQ529,corporate
US78014RQ867,corporate
US78014RQH65,corporate
US78014RQP81,corporate
US78014RQT04,corporate
US78014RQY98,corporate
US78014RRC69,corporate
US78014RRG73,corporate
US78014RRK85,corporate
US78014RRM42,corporate
US78014RRN25,corporate
US78014RRP72,corporate
US78014RRR39,corporate
US78014RRS12,corporate
US78014RRV41,corporate
US78014RSE17,corporate
US78014RSF81,corporate
US78014RSG64,corporate
US78014RSN16,corporate
US78014RSP63,corporate
US78014RSR20,corporate
US78014RTB68,corporate
US78014RTH39,corporate
US78014RTR11,corporate
US78014RTS93,corporate
US78014RTT76,corporate
US78014RUA66,corporate
US78014RUG37,corporate
US78014RUL22,corporate
US78014RUM05,corporate
US78014RUS74,corporate
US78014RUT57,corporate
US78014RUU21,corporate
US78014RUX69,corporate
US78014RV230,corporate
US78014RVA57,corporate
US78014RVE79,corporate
US78014RVP27,corporate
US78014RVS65,corporate
US78014RVU12,corporate
US78014RVZ09,corporate
US78014RW220,corporate
US78014RWE60,corporate
US78014RWK21,corporate
US78014RWS56,corporate
US78014RXJ49,corporate
US78014RXM77,corporate
US78014RXP09,corporate
US78014RXS48,corporate
US78014RXT21,corporate
US78014RXX33,corporate
US78014RXY16,corporate
US78014RYA21,corporate
US78014RYC86,corporate
US78014RYF18,corporate
US78014RYN42,corporate
US78014RYP99,corporate
US78014RYQ72,corporate
US78014RYY07,corporate
US78014RZ298,corporate
US78014RZL76,corporate
US780153AG79,corporate
US780153AW20,corporate
US780153BX93,corporate
US78016EYD39,corporate
US78016EYH43,corporate
US78016EYV37,corporate
US78016EYZ41,corporate
US78016EZD20,corporate
US78016EZZ32,corporate
US78016FZQ08,corporate
US78016FZS63,corporate
US78016FZU10,corporate
US78016FZW75,corporate
US78016FZX58,corporate
US78016G1774,corporate
US78016HZQ63,corporate
US78016HZS20,corporate
US78016HZT03,corporate
US78016HZU75,corporate
US78016HZV58,corporate
US78016HZW32,corporate
US78016HZZ62,corporate
US78016M3806,corporate
US78016M5397,corporate
US78016NF773,corporate
US78016NLA36,corporate
US78016R1409,corporate
US78016R2159,corporate
US78016U6718,corporate
US78017DAA63,corporate
US78017DAB47,corporate
US78017DAC20,corporate
US78017DAD03,corporate
US78017DAF50,corporate
US78017DAG34,corporate
US78017DAH17,corporate
US78017DAJ72,corporate
US78017DAK46,corporate
US78017DAL29,corporate
US78017DAM02,corporate
US78017DAN84,corporate
US78017DAP33,corporate
US78017DAQ16,corporate
US78017DAT54,corporate
US78017DAV01,corporate
US78017DAX66,corporate
US78017DAY40,corporate
US78017DAZ15,corporate
US78017FG643,corporate
US78017FZQ98,corporate
US78017FZR71,corporate
US78017FZS54,corporate
US78017FZT38,corporate
US78017FZU01,corporate
US78017TAB98,corporate
US78017TAC71,corporate
US78017TAD54,corporate
US78018DCX30,corporate
US780641AH94,corporate
US78081BAJ26,corporate
US78081BAK98,corporate
US78081BAL71,corporate
US78081BAM54,corporate
US78081BAN38,corporate
US78081BAP85,corporate
US78081BAQ68,corporate
US78081BAR42,corporate
US78081BAS25,corporate
US78081BAT08,corporate
US78081BAU70,corporate
US78081BAV53,corporate
US781154AD12,corporate
US781467AC98,corporate
US781467AE54,corporate
US78163D2099,corporate
US78163D4079,corporate
US78200JAA07,corporate
US78349AAB98,corporate
US78355HKP37,corporate
US78355HKS75,corporate
US78355HKT58,corporate
US78355HKU22,corporate
US78355HKV05,corporate
US78355HKW87,corporate
US78355HKX60,corporate
US78355HKY44,corporate
US78355HKZ19,corporate
US78355HLA58,corporate
US78355HLB32,corporate
US78355HLC15,corporate
US78355HLD97,corporate
US78355HLE70,corporate
US78355HLF46,corporate
US78355HLG29,corporate
US78355HLH02,corporate
US78387GAM50,corporate
US78387GAQ64,corporate
US78390XAC56,corporate
US78409VAB09,corporate
US78409VAM63,corporate
US78409VAP94,corporate
US78409VAQ77,corporate
US78409VAR50,corporate
US78409VAS34,corporate
US78409VBG86,corporate
US78409VBQ68,corporate
US78409VBS25,corporate
US78409VBU70,corporate
US78410GAD60,corporate
US78410GAG91,corporate
US78410GAH74,corporate
US78410GAJ31,corporate
US78410GAK04,corporate
US78423AF802,corporate
US78423EES90,corporate
US78433LAA44,corporate
US78433LAC00,corporate
US78433LAD82,corporate
US78433LAG14,corporate
US78433LAH96,corporate
US78433LAJ52,corporate
US78433LAK26,corporate
US78433LAL09,corporate
US78433LAM81,corporate
US78433LAN64,corporate
US78433LAP13,corporate
US78442FAZ18,corporate
US78442PGE07,corporate
US78442PGF71,corporate
US78442PGG54,corporate
US78454LAP58,corporate
US78454LAW00,corporate
US7846ELAE71,corporate
US784710AA32,corporate
US784710AC97,corporate
US784710AD70,corporate
US784710AE53,corporate
US78486LAA08,corporate
US78486LAB80,corporate
US78490FA413,corporate
US78490FA587,corporate
US78490FA900,corporate
US78490FB403,corporate
US78490FB577,corporate
US78490FB999,corporate
US78490FC567,corporate
US78490FJJ93,corporate
US78490FJN06,corporate
US78490FJS92,corporate
US78490FJW05,corporate
US78490FKA65,corporate
US78490FKS73,corporate
US78490FLA56,corporate
US78490FLE78,corporate
US78490FLN77,corporate
US78490FLS64,corporate
US78490FLW76,corporate
US78490FLY33,corporate
US78490FMG18,corporate
US78490FML03,corporate
US78490FMQ99,corporate
US78490FSP52,corporate
US78490FVL02,corporate
US78490FYJ29,corporate
US78490FYS28,corporate
US78490FYV56,corporate
US78490FYW30,corporate
US78490FZB83,corporate
US78490FZC66,corporate
US78490FZD40,corporate
US78490FZL65,corporate
US78490FZM49,corporate
US78490FZQ52,corporate
US78490FZU64,corporate
US78490FZV48,corporate
US78490FZZ51,corporate
US78490GAA58,corporate
US78490GAE70,corporate
US78490GAF46,corporate
US78490GAJ67,corporate
US78490GAK31,corporate
US78490GAM96,corporate
US78490GAV95,corporate
US784944AA89,corporate
US78501P3029,corporate
US785170AB72,corporate
US785592AU04,corporate
US785592AX43,corporate
US785592AZ90,corporate
US78572XAG60,corporate
US78574HAB06,corporate
US78574MAA18,corporate
US785931AA40,corporate
US785931AB23,corporate
US78646UAA79,corporate
US78646UAB52,corporate
US786514AS84,corporate
US786514BA67,corporate
US792860AK49,corporate
US79466LAF13,corporate
US79466LAH78,corporate
US79466LAJ35,corporate
US79466LAK08,corporate
US79466LAL80,corporate
US79466LAM63,corporate
US79466LAQ77,corporate
US79466LAR50,corporate
US79466LAS34,corporate
US79466LAT17,corporate
US79466LAU89,corporate
US79466LAV62,corporate
US79466LAW46,corporate
US79466LAX29,corporate
US79546VAQ95,corporate
US79585TAL70,corporate
US79587K2F60,corporate
US797440BF01,corporate
US797440BJ23,corporate
US797440BK95,corporate
US797440BL78,corporate
US797440BM51,corporate
US797440BP82,corporate
US797440BQ65,corporate
US797440BV50,corporate
US797440BW34,corporate
US797440BX17,corporate
US797440BY99,corporate
US797440BZ64,corporate
US797440CA05,corporate
US797440CB87,corporate
US797440CC60,corporate
US797440CD44,corporate
US797440CE27,corporate
US797440CF91,corporate
US797440CG74,corporate
US797440CH57,corporate
US797440CJ14,corporate
US79911QAA22,corporate
US80007RAE53,corporate
US80007RAL96,corporate
US80007RAN52,corporate
US80007RAQ83,corporate
US80007RAS40,corporate
US800363AC75,corporate
US801060AD60,corporate
US801060AE44,corporate
US801060AF19,corporate
US801060AG91,corporate
US801060AH74,corporate
US801060AJ31,corporate
US80281LAG05,corporate
US80281LAP04,corporate
US80281LAR69,corporate
US80281LAT26,corporate
US80281LAU98,corporate
US80281LAV71,corporate
US80281LAX38,corporate
US80281LAY11,corporate
US80282KAP12,corporate
US80282KAZ93,corporate
US80282KBC99,corporate
US80282KBF21,corporate
US80282KBG04,corporate
US80282KBH86,corporate
US80282KBJ43,corporate
US80282KBL98,corporate
US80282KBM71,corporate
US80282KBN54,corporate
US80282KBP03,corporate
US80282KBQ85,corporate
US80282KBS42,corporate
US80282KBT25,corporate
US80282KBU97,corporate
US803111AM56,corporate
US80349A8027,corporate
US80349A8449,corporate
US80349A8514,corporate
US80349A8696,corporate
US80349A8852,corporate
US80349AAF66,corporate
US803607AD25,corporate
US803607AE08,corporate
US803854KQ02,government
US803854KW79,government
US80386WAB19,corporate
US80386WAC91,corporate
US80386WAD74,corporate
US806605AG68,corporate
US806605AH42,corporate
US806854AJ48,corporate
US806854AK11,corporate
US806854AL93,corporate
US806854AM76,corporate
US806854AN59,corporate
US806854AP08,corporate
US806854AQ80,corporate
US808513AQ89,corporate
US808513AR62,corporate
US808513AU91,corporate
US808513AZ88,corporate
US808513BA29,corporate
US808513BC84,corporate
US808513BG98,corporate
US808513BJ38,corporate
US808513BP97,corporate
US808513BS37,corporate
US808513BT10,corporate
US808513BW49,corporate
US808513BX22,corporate
US808513BY05,corporate
US808513BZ79,corporate
US808513CA10,corporate
US808513CB92,corporate
US808513CD58,corporate
US808513CE32,corporate
US808513CH62,corporate
US808513CJ29,corporate
US808513CK91,corporate
US808513CL74,corporate
US808513CM57,corporate
US808513CQ61,corporate
US808513CR45,corporate
US808513CS28,corporate
US808513CU73,corporate
US808513CV56,corporate
US808626AE53,corporate
US808626AG02,corporate
US810186AP17,corporate
US810186AS55,corporate
US810186AW67,corporate
US810186AX41,corporate
US81141RAG56,corporate
US81180LAT26,corporate
US81180LAU98,corporate
US81180LAX38,corporate
US81180LBA26,corporate
US81180LBB09,corporate
US81180WAN11,corporate
US81180WBC47,corporate
US81180WBD20,corporate
US81180WBE03,corporate
US81180WBM29,corporate
US812007AE21,corporate
US81257VAA98,corporate
US81257VAB71,corporate
US81413PAG00,corporate
US81619PAA57,corporate
US81619PAB31,corporate
US81619PAD96,corporate
US81619PAF45,corporate
US816300AG24,corporate
US816300AH07,corporate
US816300AJ62,corporate
US816850AF86,corporate
US816851AP42,corporate
US816851BA63,corporate
US816851BG34,corporate
US816851BH17,corporate
US816851BJ72,corporate
US816851BM02,corporate
US816851BP33,corporate
US816851BR98,corporate
US816851BS71,corporate
US816851BT54,corporate
US816851BU28,corporate
US816851BV01,corporate
US816851BW83,corporate
US816851BX66,corporate
US816851BY40,corporate
US81721MAM10,corporate
US817565BT00,corporate
US817565CD49,corporate
US817565CE22,corporate
US817565CF96,corporate
US817565CG79,corporate
US817565CH52,corporate
US81761LAE20,corporate
US81762PAE25,corporate
US81762PAF99,corporate
US81762PAG72,corporate
US81762PAH55,corporate
US81762PAJ12,corporate
US81762PAK84,corporate
US819047AB70,corporate
US819420AC43,corporate
US819892AL41,corporate
US82088KAJ79,corporate
US82088KAK43,corporate
US822582AD40,corporate
US822582AN22,corporate
US822582AT91,corporate
US822582AY86,corporate
US822582BE14,corporate
US822582BF88,corporate
US822582BQ44,corporate
US822582BX94,corporate
US822582BY77,corporate
US822582CB65,corporate
US822582CD22,corporate
US822582CE05,corporate
US822582CG52,corporate
US822582CH36,corporate
US822582CK64,corporate
US822582CL48,corporate
US822905AA35,corporate
US822905AB18,corporate
US822905AC90,corporate
US822905AD73,corporate
US822905AE56,corporate
US822905AF22,corporate
US822905AG05,corporate
US822905AH87,corporate
US822905AN55,corporate
US822905AP04,corporate
US822905AQ86,corporate
US822905AS43,corporate
US822905AU98,corporate
US822905AW54,corporate
US822905AY11,corporate
US822905BA26,corporate
US822905BC81,corporate
US824348AQ95,corporate
US824348AS51,corporate
US824348AW63,corporate
US824348AX47,corporate
US824348BH87,corporate
US824348BJ44,corporate
US824348BK17,corporate
US824348BL99,corporate
US824348BM72,corporate
US824348BN55,corporate
US824348BP04,corporate
US824348BS43,corporate
US824348BT26,corporate
US824348BU98,corporate
US824348BV71,corporate
US824348BW54,corporate
US82452JAD19,corporate
US82460EAN04,corporate
US82481LAD10,corporate
US826418BE49,corporate
US826418BQ78,corporate
US826418BR51,corporate
US826418BS35,corporate
US82669GCK85,corporate
US827048AW93,corporate
US828730AC56,corporate
US828738AA27,corporate
US828807CE50,corporate
US828807CL93,corporate
US828807CT20,corporate
US828807CY15,corporate
US828807CZ89,corporate
US828807DC85,corporate
US828807DE42,corporate
US828807DF17,corporate
US828807DH72,corporate
US828807DJ39,corporate
US828807DK02,corporate
US828807DL84,corporate
US828807DM67,corporate
US828807DP98,corporate
US828807DQ71,corporate
US828807DT11,corporate
US828807DU83,corporate
US828807DV66,corporate
US828807DW40,corporate
US828807DX23,corporate
US828807DY06,corporate
US828807DZ70,corporate
US828807EA11,corporate
US828807EB93,corporate
US82969BAA08,corporate
US82982TAA43,corporate
US82983PAA12,corporate
US829932AB85,corporate
US829932AD42,corporate
US829932AF99,corporate
US83007CAB81,corporate
US83007CAD48,corporate
US83007CAF95,corporate
US83007CAH51,corporate
US83012AAB52,corporate
US83012AAC36,corporate
US83012AAD19,corporate
US83012AAE91,corporate
US83051C2B21,corporate
US83088MAL63,corporate
US83088MAP77,corporate
US83088MAQ50,corporate
US83088MAR34,corporate
US831594AH92,government
US83192PAA66,corporate
US83192PAC23,corporate
US83192PAD06,corporate
US83205YAE41,corporate
US832432AC26,corporate
US832432AN80,corporate
US832432AP39,corporate
US832432AR94,corporate
US832432AT50,corporate
US832432AU24,corporate
US832696AM09,corporate
US832696AP30,corporate
US832696AR95,corporate
US832696AS78,corporate
US832696AT51,corporate
US832696AU25,corporate
US832696AW80,corporate
US832696AX63,corporate
US832696AY47,corporate
US832696AZ12,corporate
US83272GAD34,corporate
US83272GAE17,corporate
US83272GAF81,corporate
US83272YAB83,corporate
US83272YAC66,corporate
US833034AK75,corporate
US833034AL58,corporate
US833034AM32,corporate
US83304AAF30,corporate
US83304AAH95,corporate
US83304AAK25,corporate
US833445AB53,corporate
US833445AD10,corporate
US83367TBT51,corporate
US83367TBU25,corporate
US83368TAG31,corporate
US83368TAM09,corporate
US83368TAY47,corporate
US83368TBH05,corporate
US83368TBJ60,corporate
US83368TBK34,corporate
US83368TBL17,corporate
US83368TBM99,corporate
US83368TBR86,corporate
US83368TBS69,corporate
US83368TBT43,corporate
US83368TBU16,corporate
US83368TBV98,corporate
US83368TBW71,corporate
US83368TBX54,corporate
US83368TBY38,corporate
US83368TCB26,corporate
US83368TCD81,corporate
US83368TCG13,corporate
US83368TCL08,corporate
US83368TCM80,corporate
US83368TCN63,corporate
US83368TCP12,corporate
US83368WCG42,corporate
US83368WDM01,corporate
US83368WDR97,corporate
US83368WGF23,corporate
US83370BMM27,corporate
US83370BXJ78,corporate
US83371H7H62,corporate
US83371HEN52,corporate
US83371HGG83,corporate
US83372AZF38,corporate
US83417KAE82,corporate
US83417KBA51,corporate
US83417MAE49,corporate
US83419XAA63,corporate
US83419XAB47,corporate
US834423AE54,corporate
US83444MAN11,corporate
US83444MAP68,corporate
US83444MAQ42,corporate
US83444MAR25,corporate
US83444MAS08,corporate
US835495AJ18,corporate
US835495AL63,corporate
US835495AN20,corporate
US835495AP77,corporate
US835495AQ50,corporate
US835495AR34,corporate
US835495AS17,corporate
US835699AB51,corporate
US835699AC35,corporate
US836205AP92,government
US836205AS32,government
US836205AU87,government
US836205AV60,government
US836205AW44,government
US836205AX27,government
US836205AY00,government
US836205AZ74,government
US836205BA15,government
US836205BB97,government
US836205BC70,government
US836205BE37,government
US836720AG73,corporate
US836720AJ13,corporate
US837004BV11,corporate
US837004BW93,corporate
US837004BX76,corporate
US837004BZ25,corporate
US837004CB48,corporate
US837004CD04,corporate
US837004CE86,corporate
US837004CF51,corporate
US837004CG35,corporate
US837004CH18,corporate
US837004CJ73,corporate
US837004CM03,corporate
US8385182071,corporate
US838518AA63,corporate
US840441AA79,corporate
US84132GAA76,corporate
US84132GAC33,corporate
US84132GAD16,corporate
US842329AA23,corporate
US842400EB53,corporate
US842400ES88,corporate
US842400EV18,corporate
US842400EW90,corporate
US842400EZ22,corporate
US842400FA61,corporate
US842400FC28,corporate
US842400FF58,corporate
US842400FH15,corporate
US842400FL27,corporate
US842400FP31,corporate
US842400FQ14,corporate
US842400FT52,corporate
US842400FV09,corporate
US842400FW81,corporate
US842400FZ13,corporate
US842400GE74,corporate
US842400GG23,corporate
US842400GJ61,corporate
US842400GK35,corporate
US842400GQ05,corporate
US842400GR87,corporate
US842400GS60,corporate
US842400GT44,corporate
US842400GU17,corporate
US842400GY39,corporate
US842400HD82,corporate
US842400HF31,corporate
US842400HM81,corporate
US842400HN64,corporate
US842400HQ95,corporate
US842400HR78,corporate
US842400HS51,corporate
US842400HT35,corporate
US842400HU08,corporate
US842400HV80,corporate
US842400HX47,corporate
US842400HY20,corporate
US842400HZ94,corporate
US842400JA26,corporate
US842400JC81,corporate
US842400JD64,corporate
US842400JE48,corporate
US842400JF13,corporate
US842400JG95,corporate
US842400JH78,corporate
US842400JJ35,corporate
US842400JK08,corporate
US842400JL80,corporate
US842400JM63,corporate
US842434CG50,corporate
US842434CJ99,corporate
US842434CK62,corporate
US842434CL46,corporate
US842434CR16,corporate
US842434CS98,corporate
US842434CT71,corporate
US842434CU45,corporate
US842434CW01,corporate
US842434CY66,corporate
US842434CZ32,corporate
US842434DA71,corporate
US842434DB54,corporate
US842434DC38,corporate
US842434DD11,corporate
US842434DE93,corporate
US842434DF68,corporate
US8425878670,corporate
US842587CW55,corporate
US842587CX39,corporate
US842587DD65,corporate
US842587DE49,corporate
US842587DH79,corporate
US842587DJ36,corporate
US842587DL81,corporate
US842587DQ78,corporate
US842587DR51,corporate
US842587DS35,corporate
US842587DT18,corporate
US842587DZ77,corporate
US842587EA18,corporate
US842587EB90,corporate
US842587ED56,corporate
US842587EJ27,corporate
US84265VAA35,corporate
US84265VAE56,corporate
US84265VAG05,corporate
US84265VAJ44,corporate
US84265VAK17,corporate
US8426EPAB43,corporate
US8426EPAC26,corporate
US8426EPAD09,corporate
US8426EPAE81,corporate
US8426EPAF56,corporate
US8426EPAG30,corporate
US8426EPAH13,corporate
US8426EPAJ78,corporate
US8426EPAK42,corporate
US8426EPAL25,corporate
US843395AB03,corporate
US843452AY97,corporate
US843452AZ62,corporate
US843646AH38,corporate
US843646AJ93,corporate
US843646AU49,corporate
US843646AX87,corporate
US843646AY60,corporate
US843646AZ36,corporate
US843878AD15,corporate
US843878AG46,corporate
US844030AC01,corporate
US844741AN81,corporate
US844741BC18,corporate
US844741BE73,corporate
US844741BF49,corporate
US844741BK34,corporate
US844741BL17,corporate
US844741BM99,corporate
US8447HBAC65,corporate
US844895AX00,corporate
US845011AA37,corporate
US845011AC92,corporate
US845011AD75,corporate
US845011AE58,corporate
US845011AF24,corporate
US845011AH89,corporate
US845437BL54,corporate
US845437BN11,corporate
US845437BP68,corporate
US845437BQ42,corporate
US845437BR25,corporate
US845437BT80,corporate
US845437BU53,corporate
US845437BV37,corporate
US845437BW10,corporate
US845467AR03,corporate
US845467AS85,corporate
US845467AT68,corporate
US845743BL61,corporate
US845743BN28,corporate
US845743BQ58,corporate
US845743BR32,corporate
US845743BS15,corporate
US845743BT97,corporate
US845743BU60,corporate
US845743BW27,corporate
US845743BX00,corporate
US845743BY82,corporate
US845743BZ57,corporate
US845743CA97,corporate
US84612NAA19,corporate
US84755TAC18,corporate
US84756NAE94,corporate
US84756NAG43,corporate
US84756NAH26,corporate
US84762LAZ85,corporate
US84765EAA64,corporate
US84857L7055,corporate
US84857LAD38,corporate
US84857LAE11,corporate
US84857LAF85,corporate
US84858DAA63,corporate
US84858WAA45,corporate
US84859DAA54,corporate
US84859DAC11,corporate
US84859DAD93,corporate
US84861TAC27,corporate
US84861TAE82,corporate
US84861TAH14,corporate
US85172FAQ28,corporate
US85172FAR01,corporate
US85205TAK60,corporate
US85205TAQ31,corporate
US852060AD48,corporate
US852060AT99,corporate
US852234AK99,corporate
US852234AP86,corporate
US85258PAB04,corporate
US853254AC43,corporate
US85325D2A75,corporate
US85325D2B58,corporate
US85325D2C32,corporate
US85325D2E97,corporate
US85325X2A32,corporate
US85325X2B15,corporate
US85325X2C97,corporate
US85434VAA61,corporate
US85434VAB45,corporate
US85434VAC28,corporate
US85440KAA25,corporate
US85440KAB08,corporate
US85440KAC80,corporate
US85440KAD63,corporate
US85440KAE47,corporate
US854502AA92,corporate
US854502AH46,corporate
US854502AJ02,corporate
US854502AL57,corporate
US854502AM31,corporate
US854502AN14,corporate
US854502AQ45,corporate
US854502AT83,corporate
US855244AH20,corporate
US855244AM15,corporate
US855244AP46,corporate
US855244AR02,corporate
US855244AS84,corporate
US855244AT67,corporate
US855244AU31,corporate
US855244AV14,corporate
US855244AW96,corporate
US855244AX79,corporate
US855244AZ28,corporate
US855244BA67,corporate
US855244BC24,corporate
US855244BF54,corporate
US855244BG38,corporate
US855244BH11,corporate
US855244BJ76,corporate
US855244BL23,corporate
US855244BM06,corporate
US855244BN88,corporate
US85571BBA26,corporate
US85590AAR59,corporate
US857449AC65,corporate
US857449AD49,corporate
US857449AE22,corporate
US85744NAE13,corporate
US85744NAF87,corporate
US857477AX16,corporate
US857477AY98,corporate
US857477BD43,corporate
US857477BF90,corporate
US857477BG73,corporate
US857477BN25,corporate
US857477BP72,corporate
US857477BQ55,corporate
US857477BS12,corporate
US857477BT94,corporate
US857477BU67,corporate
US857477BV41,corporate
US857477BY89,corporate
US857477CA94,corporate
US857477CC50,corporate
US857477CF81,corporate
US857477CG64,corporate
US857477CL59,corporate
US857477CM33,corporate
US857477CN16,corporate
US857477CP63,corporate
US857477CQ47,corporate
US857477CR20,corporate
US857477CS03,corporate
US857477CU58,corporate
US857477CW15,corporate
US857477CX97,corporate
US857477CZ46,corporate
US857477DA85,corporate
US857477DB68,corporate
US857477DE08,corporate
US857477DF72,corporate
US857477DG55,corporate
US857477DJ94,corporate
US857524AD47,government
US857524AE20,government
US857524AF94,government
US857524AH50,government
US857524AK89,government
US85771PAC68,corporate
US85771PAE25,corporate
US85771PAL67,corporate
US85771PAQ54,corporate
US858119BK53,corporate
US858119BM10,corporate
US858119BN92,corporate
US858119BP41,corporate
US858119BQ24,corporate
US858119BS89,corporate
US858119BT62,corporate
US858119BU36,corporate
US858155AE40,corporate
US85917PAA57,corporate
US85917PAB31,corporate
US86038AAA07,corporate
US860630AG72,corporate
US862121AA88,corporate
US862121AB61,corporate
US862121AC45,corporate
US862121AD28,corporate
US862123AB28,corporate
US862123AD83,corporate
US8629452017,corporate
US863667AE17,corporate
US863667AG64,corporate
US863667AJ04,corporate
US863667AQ47,corporate
US863667AY70,corporate
US863667AZ46,corporate
US863667BC42,corporate
US863667BE08,corporate
US863667BF72,corporate
US863667BJ94,corporate
US863667BK67,corporate
US863667BL41,corporate
US863667BM24,corporate
US86562MAK62,corporate
US86562MAN02,corporate
US86562MAR16,corporate
US86562MAV28,corporate
US86562MAY66,corporate
US86562MBC38,corporate
US86562MBG42,corporate
US86562MBP41,corporate
US86562MBS89,corporate
US86562MBU36,corporate
US86562MBW91,corporate
US86562MBZ23,corporate
US86562MCB46,corporate
US86562MCE84,corporate
US86562MCF59,corporate
US86562MCG33,corporate
US86562MCH16,corporate
US86562MCJ71,corporate
US86562MCK45,corporate
US86562MCL28,corporate
US86562MCM01,corporate
US86562MCN83,corporate
US86562MCQ15,corporate
US86562MCR97,corporate
US86562MCS70,corporate
US86562MCW82,corporate
US86562MCY49,corporate
US86562MDB37,corporate
US86562MDC10,corporate
US86562MDD92,corporate
US86562MDG24,corporate
US86562MDJ62,corporate
US86562MDK36,corporate
US86562MDL19,corporate
US86562MDM91,corporate
US86562MDN74,corporate
US86562MDP23,corporate
US86562MDQ06,corporate
US86562MDR88,corporate
US86562MDS61,corporate
US86562MDT45,corporate
US86562MDU18,corporate
US86562MDW73,corporate
US86562MDX56,corporate
US86562MDY30,corporate
US86562MDZ05,corporate
US86562MEA45,corporate
US86562MEB28,corporate
US86562MEC01,corporate
US86562MED83,corporate
US86562MEF32,corporate
US86562MEG15,corporate
US86562MEH97,corporate
US86562MEJ53,corporate
US86562MEK27,corporate
US86562MEL00,corporate
US86562MEM82,corporate
US86562MEN65,corporate
US86562MEP14,corporate
US86562MEQ96,corporate
US86564UAA88,corporate
US866677AE75,corporate
US866677AF41,corporate
US866677AH07,corporate
US867224AB33,corporate
US867224AE71,corporate
US867229AC03,corporate
US867229AD85,corporate
US867229AE68,corporate
US86722TAB89,corporate
US86765BAH24,corporate
US86765BAK52,corporate
US86765BAM19,corporate
US86765BAP40,corporate
US86765BAQ23,corporate
US86765BAU35,corporate
US86765BAV18,corporate
US86765LAN73,corporate
US86765LAT44,corporate
US86765LAZ04,corporate
US86771WAD74,corporate
US86787XAA37,corporate
US86788LAA89,corporate
US867914AN34,corporate
US86800UAB08,corporate
US86800UAD63,corporate
US86800UAF12,corporate
US86800XAA63,corporate
US869049AE62,corporate
US86944BAD55,corporate
US86944BAE39,corporate
US86944BAG86,corporate
US86944BAH69,corporate
US86944BAJ26,corporate
US86944BAP85,corporate
US86944BAQ68,corporate
US86959NAL38,corporate
US86959NAP42,corporate
US86959NAR08,corporate
US86959NAS80,corporate
US86959NAT63,corporate
US86959NAW92,corporate
US86959NAY58,corporate
US86960YAA01,corporate
US86964WAB81,corporate
US86964WAC64,corporate
US86964WAF95,corporate
US86964WAH51,corporate
US86964WAJ18,corporate
US86964WAK80,corporate
US86964WAL63,corporate
US870696AA94,corporate
US870845AC84,corporate
US87088QAA22,corporate
US87088QAB05,corporate
US87089NAA81,corporate
US87157DAJ81,corporate
US871607AA58,corporate
US871607AB32,corporate
US871607AC15,corporate
US871607AD97,corporate
US871607AE70,corporate
US871607AG29,corporate
US87161CAM73,corporate
US87161CAP05,corporate
US87162WAH34,corporate
US87162WAK62,corporate
US87162WAL46,corporate
US87162WAM29,corporate
US87162WAN02,corporate
US87164DVJ61,corporate
US87164DXY11,corporate
US87164FAA30,corporate
US87164KAB08,corporate
US87164KAC80,corporate
US87164KAJ34,corporate
US87165BAM54,corporate
US87165BAP85,corporate
US87165BAR42,corporate
US87165BAU70,corporate
US87165BAV53,corporate
US87165BAW37,corporate
US87165BAX10,corporate
US87165BAY92,corporate
US87165BAZ67,corporate
US87165BBA08,corporate
US87165BBC63,corporate
US87165BBD47,corporate
US87166FAE34,corporate
US871829AD99,corporate
US871829AF48,corporate
US871829AJ69,corporate
US871829AN71,corporate
US871829AY37,corporate
US871829BD80,corporate
US871829BF39,corporate
US871829BH94,corporate
US871829BJ50,corporate
US871829BK24,corporate
US871829BL07,corporate
US871829BM89,corporate
US871829BN62,corporate
US871829BQ93,corporate
US871829BR76,corporate
US871829BS59,corporate
US871829BT33,corporate
US871829BU06,corporate
US871829BV88,corporate
US871829BW61,corporate
US871829BX45,corporate
US871911AU71,corporate
US871911AV54,corporate
US872280AA01,corporate
US872280AB83,corporate
US872287AL19,corporate
US87233QAC24,corporate
US87236YAF51,corporate
US87236YAJ73,corporate
US872540AQ25,corporate
US872540AT63,corporate
US872540AU37,corporate
US872540AV10,corporate
US872540AW92,corporate
US872649BH09,corporate
US87264AAX37,corporate
US87264AAZ84,corporate
US87264ABD63,corporate
US87264ABF12,corporate
US87264ABL89,corporate
US87264ABN46,corporate
US87264ABS33,corporate
US87264ABT16,corporate
US87264ABV61,corporate
US87264ABW45,corporate
US87264ABX28,corporate
US87264ABY01,corporate
US87264ACA16,corporate
US87264ACB98,corporate
US87264ACQ67,corporate
US87264ACS24,corporate
US87264ACT07,corporate
US87264ACV52,corporate
US87264ACW36,corporate
US87264ACX19,corporate
US87264ACY91,corporate
US87264ACZ66,corporate
US87264ADA07,corporate
US87264ADB89,corporate
US87264ADC62,corporate
US87264ADD46,corporate
US87264ADE29,corporate
US87264ADF93,corporate
US87264ADG76,corporate
US87264ADL61,corporate
US87264ADM45,corporate
US87264ADN28,corporate
US87264ADS15,corporate
US87264ADT97,corporate
US87264ADU60,corporate
US87264ADV44,corporate
US87264ADW27,corporate
US87264ADX00,corporate
US87264ADY82,corporate
US87264ADZ57,corporate
US87264AEA97,corporate
US872652AA01,corporate
US872652AB83,corporate
US87265HAF64,corporate
US87265HAG48,corporate
US87268LAB36,corporate
US87268LAC19,corporate
US87268LAD91,corporate
US87268LAE74,corporate
US87268QAA40,corporate
US872898AA96,corporate
US872898AC52,corporate
US872898AD36,corporate
US872898AE19,corporate
US872898AF83,corporate
US872898AG66,corporate
US872898AH40,corporate
US872898AJ06,corporate
US874054AG47,corporate
US874054AH20,corporate
US874054AK58,corporate
US874054AM15,corporate
US874054AN97,corporate
US874060AW64,corporate
US874060AX48,corporate
US874060AY21,corporate
US874060AZ95,corporate
US874060BD74,corporate
US874060BK18,corporate
US874060BL90,corporate
US874060BM73,corporate
US874060BN56,corporate
US87406BAA08,corporate
US87406BAB80,corporate
US87406KAA07,government
US875127AV48,corporate
US875127AW21,corporate
US875127BA91,corporate
US875127BC57,corporate
US875127BD31,corporate
US875127BE14,corporate
US875127BF88,corporate
US875127BG61,corporate
US875127BH45,corporate
US875127BJ01,corporate
US875127BL56,corporate
US875127BM30,corporate
US875127BN13,corporate
US875372AD67,corporate
US875484AJ66,corporate
US875484AK30,corporate
US875484AL13,corporate
US876030AA54,corporate
US876030AK37,corporate
US876030AL10,corporate
US87612BBG68,corporate
US87612BBQ41,corporate
US87612BBS07,corporate
US87612BBU52,corporate
US87612EAF34,corporate
US87612EAK29,corporate
US87612EAR71,corporate
US87612EAU01,corporate
US87612EBA38,corporate
US87612EBF25,corporate
US87612EBG08,corporate
US87612EBH80,corporate
US87612EBJ47,corporate
US87612EBK10,corporate
US87612EBM75,corporate
US87612EBN58,corporate
US87612EBP07,corporate
US87612EBQ89,corporate
US87612EBR62,corporate
US87612EBS46,corporate
US87612EBT29,corporate
US87612EBU91,corporate
US87612EBV74,corporate
US87612GAA94,corporate
US87612GAB77,corporate
US87612GAC50,corporate
US87612GAD34,corporate
US87612GAE17,corporate
US87612GAF81,corporate
US87612GAK76,corporate
US87612GAM33,corporate
US87612GAN16,corporate
US87612GAP63,corporate
US87612GAQ47,corporate
US87612GAR20,corporate
US87612GAS03,corporate
US87612GAT85,corporate
US87612GAU58,corporate
US87612KAA07,corporate
US87612KAC62,corporate
US878742AE55,corporate
US878742AS42,corporate
US878742AW53,corporate
US878742AZ84,corporate
US878742BG94,corporate
US878744AB72,corporate
US87901JAH86,corporate
US87918AAF21,corporate
US879273AU43,corporate
US879273AV26,corporate
US87927VAF58,corporate
US87927VAM00,corporate
US87927VAR96,corporate
US87927VAV09,corporate
US87929TAA97,corporate
US879360AD71,corporate
US879360AE54,corporate
US879385AD49,corporate
US87938WAC73,corporate
US87938WAT09,corporate
US87938WAU71,corporate
US87938WAV54,corporate
US87938WAW38,corporate
US87938WAX11,corporate
US87938XAB73,corporate
US87971MBD48,corporate
US87971MBF95,corporate
US87971MBH51,corporate
US87971MBK80,corporate
US87971MBW29,corporate
US87971MCL54,corporate
US87971MCM38,corporate
US87971MCQ42,corporate
US87971MCR25,corporate
US87973RBC34,corporate
US88023BAE39,corporate
US88032XAG97,corporate
US88032XAH70,corporate
US88032XAQ79,corporate
US88032XAU81,corporate
US88032XAV64,corporate
US88032XAW48,corporate
US88032XBA19,corporate
US88032XBB91,corporate
US88032XBC74,corporate
US88032XBD57,corporate
US88032XBE31,corporate
US88032XBF06,corporate
US88033GAV23,corporate
US88033GDB32,corporate
US88033GDH02,corporate
US88033GDK31,corporate
US88033GDM96,corporate
US88033GDQ01,corporate
US88033GDU13,corporate
US88034PAB58,corporate
US880451AS80,corporate
US880451AU37,corporate
US880451AV10,corporate
US880451AW92,corporate
US880591CK61,government
US880591CP58,government
US880591CS97,government
US880591DM19,government
US880591DP40,government
US880591DU35,government
US880591DV18,government
US880591DX73,government
US880591DZ22,government
US880591EB45,government
US880591ED01,government
US880591EH15,government
US880591EJ70,government
US880591EP31,government
US880591ES79,government
US880591EU26,government
US880591EX64,government
US880591EY48,government
US880591EZ13,government
US880591FB36,government
US880591FC19,government
US880591FD91,government
US880591FE74,government
US88162GAB95,corporate
US88163VAD10,corporate
US88167AAE10,corporate
US88167AAF84,corporate
US88167AAK79,corporate
US88167AAP66,corporate
US88167AAQ40,corporate
US88167AAR23,corporate
US88167AAS06,corporate
US88167AAT88,corporate
US881685AX97,corporate
US881685AY70,corporate
US881685BB68,corporate
US88168LDK98,corporate
US881937AA41,corporate
US88224QAC15,corporate
US882389CC14,corporate
US882440AN02,corporate
US882484AA61,corporate
US882484AC28,corporate
US882508BC78,corporate
US882508BD51,corporate
US882508BF00,corporate
US882508BG82,corporate
US882508BJ22,corporate
US882508BK94,corporate
US882508BL77,corporate
US882508BM50,corporate
US882508BP81,corporate
US882508BQ64,corporate
US882508BV59,corporate
US882508CB86,corporate
US882508CC69,corporate
US882508CE26,corporate
US882508CG73,corporate
US882508CH56,corporate
US882508CJ13,corporate
US882508CK85,corporate
US882508CM42,corporate
US882926AA67,corporate
US883203BX87,corporate
US883203BY60,corporate
US883203CA75,corporate
US883203CB58,corporate
US883203CC32,corporate
US883203CD15,corporate
US883203CE97,corporate
US883203CF62,corporate
US88323AAB89,corporate
US88323AAC62,corporate
US88323AAG76,corporate
US88323AAH59,corporate
US88339PAD33,corporate
US88339PAJ03,corporate
US88339WAA45,corporate
US88339WAB28,corporate
US88339WAC01,corporate
US883556BG65,corporate
US883556BY71,corporate
US883556BZ47,corporate
US883556CK68,corporate
US883556CL42,corporate
US883556CM25,corporate
US883556CT77,corporate
US883556CU41,corporate
US883556CW07,corporate
US883556CX89,corporate
US883556CY62,corporate
US883556CZ38,corporate
US883556DA77,corporate
US883556DB50,corporate
US883556DC34,corporate
US883556DD17,corporate
US883556DE99,corporate
US883556DF64,corporate
US883556DG48,corporate
US883556DH21,corporate
US883556DJ86,corporate
US883556DK59,corporate
US88444NAF50,corporate
US88444NAR98,corporate
US88444NAS71,corporate
US88444NAT54,corporate
US884903AY13,corporate
US884903BH70,corporate
US884903BM65,corporate
US884903BP96,corporate
US88557WAB72,corporate
US88579EAC93,corporate
US88579YAH45,corporate
US88579YAV39,corporate
US88579YAW12,corporate
US88579YAY77,corporate
US88579YAZ43,corporate
US88579YBC49,corporate
US88579YBD22,corporate
US88579YBG52,corporate
US88579YBJ91,corporate
US88579YBK64,corporate
US88579YBN04,corporate
US88579YBP51,corporate
US88579YBQ35,corporate
US88579YBR18,corporate
US886516AC70,government
US886546AD24,corporate
US887315AZ25,corporate
US887315BM03,corporate
US887315BN85,corporate
US887317AD78,corporate
US887317AH82,corporate
US887317AM77,corporate
US887317AP09,corporate
US887317AS48,corporate
US887317AU93,corporate
US887317AX33,corporate
US887317BB04,corporate
US88731EAJ91,corporate
US88732JAJ79,corporate
US88732JAN81,corporate
US88732JAU25,corporate
US88732JAY47,corporate
US88732JBB35,corporate
US88732JBD90,corporate
US887389AK07,corporate
US887389AL89,corporate
US88738TAA88,corporate
US88830MAM47,corporate
US889175BD66,corporate
US889184AA51,corporate
US889184AC18,corporate
US889184AD90,corporate
US889184AE73,corporate
US889184AG22,corporate
US889184AH05,corporate
US889184AJ60,corporate
US88947EAS90,corporate
US88947EAT73,corporate
US88947EAU47,corporate
US88947EAX85,corporate
US891027AS33,corporate
US891092AD06,corporate
US891092AE88,corporate
US89114R5B83,corporate
US89114T5T55,corporate
US89114TLF74,corporate
US89114TMM17,corporate
US89114TS609,corporate
US89114TTJ15,corporate
US89114TU837,corporate
US89114TZG02,corporate
US89114TZH84,corporate
US89114TZJ41,corporate
US89114TZN52,corporate
US89114TZQ83,corporate
US89114TZT23,corporate
US89114TZV78,corporate
US89114V7B75,corporate
US89114VA561,corporate
US89114VBL09,corporate
US89114VCZ85,corporate
US89114XC431,corporate
US89114XC845,corporate
US89114XCG60,corporate
US89114XCJ00,corporate
US89114XDA81,corporate
US89114XDD21,corporate
US89114XEJ81,corporate
US89114XGC11,corporate
US89114XGF42,corporate
US89114XGN75,corporate
US89114XGR89,corporate
US89114XH554,corporate
US89115A2C54,corporate
US89115A2E11,corporate
US89115A2H42,corporate
US89115A2M37,corporate
US89115A2U52,corporate
US89115A2V36,corporate
US89115A2W19,corporate
US89115A2X91,corporate
US89115A2Y74,corporate
US89115A3A89,corporate
US89115A3B62,corporate
US89115A3C46,corporate
US89115A3D29,corporate
US89115A3E02,corporate
US89115A3F76,corporate
US89115A3G59,corporate
US89115GD639,corporate
US89115GQQ54,corporate
US89115JAG85,corporate
US89115JAR41,corporate
US89115JAT07,corporate
US89115JAV52,corporate
US89115JAW36,corporate
US89115JAY91,corporate
US89115JBC62,corporate
US89115JBN28,corporate
US89115JBP75,corporate
US89115JBS15,corporate
US89115JBT97,corporate
US89115JBX00,corporate
US89115JBZ57,corporate
US89115JCB70,corporate
US89115JCC53,corporate
US89115JCD37,corporate
US89115JCL52,corporate
US89115JCM36,corporate
US89115JCS06,corporate
US89115JCT88,corporate
US89115JCU51,corporate
US89115JCV35,corporate
US89115JCX90,corporate
US89115JDC45,corporate
US89115JDD28,corporate
US89115JDE01,corporate
US89115JDF75,corporate
US89115JDJ97,corporate
US89115JDK60,corporate
US89115KAA88,corporate
US89115KAB61,corporate
US89115KAD28,corporate
US89115KAE01,corporate
US89115KAF75,corporate
US89115KAJ97,corporate
US89115KAK60,corporate
US89115KAL44,corporate
US89115KAM27,corporate
US89115KAP57,corporate
US89115KAQ31,corporate
US89115KAR14,corporate
US89115KAS96,corporate
US89115KAT79,corporate
US891160MJ94,corporate
US89116C4H77,corporate
US89116CKP13,corporate
US89116CQJ98,corporate
US89117F8Z56,corporate
US891490AR57,corporate
US891490AT14,corporate
US89152UAH59,corporate
US89153VAQ23,corporate
US89153VAT61,corporate
US89153VAU35,corporate
US89153VAV18,corporate
US89153VAW90,corporate
US89153VAX73,corporate
US89157XAA90,corporate
US89157XAB73,corporate
US89157XAC56,corporate
US89157XAD30,corporate
US89157XAE13,corporate
US89157XAF87,corporate
US89158TAA79,corporate
US89158TAB52,corporate
US89158TAC36,corporate
US891906AF67,corporate
US892331AD13,corporate
US892331AG44,corporate
US892331AN94,corporate
US892331AQ26,corporate
US892331AR09,corporate
US892331AS81,corporate
US892331AU38,corporate
US892331AV11,corporate
US892356AA40,corporate
US892356AB23,corporate
US892356AC06,corporate
US89236TDR32,corporate
US89236TEE10,corporate
US89236TEM36,corporate
US89236TEZ49,corporate
US89236TFT79,corporate
US89236TGU34,corporate
US89236TGY55,corporate
US89236THB44,corporate
US89236THG31,corporate
US89236THJ79,corporate
US89236THK43,corporate
US89236THX63,corporate
US89236TJF30,corporate
US89236TJQ94,corporate
US89236TJV89,corporate
US89236TJW62,corporate
US89236TJZ93,corporate
US89236TKD62,corporate
US89236TKJ33,corporate
US89236TKL88,corporate
US89236TKQ75,corporate
US89236TKR58,corporate
US89236TKU87,corporate
US89236TLB97,corporate
US89236TLD53,corporate
US89236TLE37,corporate
US89236TLL79,corporate
US89236TLM52,corporate
US89236TLY90,corporate
US89236TLZ65,corporate
US89236TMA06,corporate
US89236TMF92,corporate
US89236TMH58,corporate
US89236TMK87,corporate
US89236TMP74,corporate
US89236TMS14,corporate
US89236TMT96,corporate
US89236TMY81,corporate
US89236TMZ56,corporate
US89236TNA96,corporate
US89236TNB79,corporate
US89236TNG66,corporate
US89236TNH40,corporate
US89236TNJ06,corporate
US89236TNL51,corporate
US89236TNM35,corporate
US89236TNP65,corporate
US89236TNR22,corporate
US89236TNS05,corporate
US89236TNT87,corporate
US89236TNX99,corporate
US89236TNY72,corporate
US89236TNZ48,corporate
US89236TPD18,corporate
US89236TPE90,corporate
US89236TPF65,corporate
US89236TPG49,corporate
US89236TPH22,corporate
US89236TPJ87,corporate
US89236TPQ21,corporate
US89236TPR04,corporate
US89236TPS86,corporate
US89236TPZ20,corporate
US89236TQA69,corporate
US89236TQB43,corporate
US89236TQD09,corporate
US89236TQE81,corporate
US89236TQF56,corporate
US89236TQG30,corporate
US892938AA96,corporate
US892938AB79,corporate
US89346DAE76,corporate
US89346DAL10,corporate
US893473AC28,corporate
US893521AB05,corporate
US8935266812,corporate
US8935268Z94,corporate
US893526DF78,corporate
US893526DJ90,corporate
US89352HAB50,corporate
US89352HAD17,corporate
US89352HAE99,corporate
US89352HAL33,corporate
US89352HAM16,corporate
US89352HAW97,corporate
US89352HAX70,corporate
US89352HAY53,corporate
US89352HAZ29,corporate
US89352HBA68,corporate
US89352HBC25,corporate
US89352HBG39,corporate
US89352HBK41,corporate
US89352HBL24,corporate
US89352LAG59,corporate
US89356BAC28,corporate
US89356BAE83,corporate
US89356BAG32,corporate
US893570BM27,corporate
US893574AB92,corporate
US893574AF07,corporate
US893574AK91,corporate
US893574AM57,corporate
US893574AP88,corporate
US893574AR45,corporate
US893574AU73,corporate
US893574AV56,corporate
US893647BP15,corporate
US893647BQ97,corporate
US89377MAB54,corporate
US893817AA41,corporate
US893817AB24,corporate
US893830AF64,corporate
US893830AT68,corporate
US893830AZ29,corporate
US893830BW88,corporate
US89388AAA07,corporate
US89417EAD13,corporate
US89417EAH27,corporate
US89417EAJ82,corporate
US89417EAK55,corporate
US89417EAL39,corporate
US89417EAM12,corporate
US89417EAN94,corporate
US89417EAP43,corporate
US89417EAQ26,corporate
US89417EAR09,corporate
US89417EAS81,corporate
US89417EAT64,corporate
US89417EAU38,corporate
US89417EAV11,corporate
US89420GAE98,corporate
US89422GAA58,corporate
US89422GAB32,corporate
US89566EAH18,corporate
US89566EAK47,corporate
US896239AC42,corporate
US896239AE08,corporate
US896292AL37,government
US896292AN92,government
US896292AP41,government
US89641UAB70,corporate
US896442AJ97,corporate
US896442AL44,corporate
US896516AA97,corporate
US896517AA70,corporate
US896517AB53,corporate
US89668JAA25,corporate
US89677QAB32,corporate
US89681LAA08,corporate
US89681LAC63,corporate
US89788JAF66,corporate
US89788JAG40,corporate
US89788JAH23,corporate
US89788JAJ88,corporate
US89788KAA43,corporate
US89788MAB81,corporate
US89788MAC64,corporate
US89788MAE21,corporate
US89788MAG78,corporate
US89788MAK80,corporate
US89788MAL63,corporate
US89788MAM47,corporate
US89788MAP77,corporate
US89788MAQ50,corporate
US89788MAR34,corporate
US89788MAS17,corporate
US89788MAT99,corporate
US89788MAU62,corporate
US89788MAV46,corporate
US89788MAW29,corporate
US89788MAX02,corporate
US89788MAY84,corporate
US89788MAZ59,corporate
US89788NAA81,corporate
US89832QAC33,corporate
US89832QAD16,corporate
US89832QAF63,corporate
US89832QAK58,corporate
US89837LAB18,corporate
US89837LAF22,corporate
US89837LAG05,corporate
US89837LAH87,corporate
US89837LAJ44,corporate
US89837RAB87,corporate
US89837RAC60,corporate
US89837RAE27,corporate
US89838LAG95,corporate
US89838LAH78,corporate
US898402AB81,corporate
US898813AQ38,corporate
US898813AR11,corporate
US898813AS93,corporate
US898813AT76,corporate
US898813AU40,corporate
US898813AV23,corporate
US898813AW06,corporate
US898813AX88,corporate
US900123AL40,government
US900123AT75,government
US900123AY60,government
US900123BB58,government
US900123BG46,government
US900123BJ84,government
US900123CB40,government
US900123CG37,government
US900123CK49,government
US900123CL22,government
US900123CM05,government
US900123CP36,government
US900123CQ19,government
US900123CT57,government
US900123CY43,government
US900123DA57,government
US900123DC14,government
US900123DD96,government
US900123DF45,government
US900123DG28,government
US900123DH01,government
US900123DJ66,government
US900123DK30,government
US900123DL13,government
US900123DN78,government
US900123DP27,government
US900123DQ00,government
US900123DR82,government
US900123DS65,government
US900123DT49,government
US900123DU12,government
US90131HAB15,corporate
US90131HAH84,corporate
US90131HAY18,corporate
US90131HBB06,corporate
US90131HBC88,corporate
US90131HBD61,corporate
US90131HBE45,corporate
US90131HBF10,corporate
US90131HBG92,corporate
US90131HBL87,corporate
US90131HBR57,corporate
US90131HBS31,corporate
US90131HBT14,corporate
US90138AAD54,corporate
US90138AAE38,corporate
US90138FAC68,corporate
US90138FAD42,corporate
US902104AD07,corporate
US902118BT44,corporate
US902133AG25,corporate
US902133AU19,corporate
US902133AY31,corporate
US902133BA46,corporate
US902133BC02,corporate
US902133BD84,corporate
US902133BF33,corporate
US902494AD54,corporate
US902494AY91,corporate
US902494AZ66,corporate
US902494BC62,corporate
US902494BD46,corporate
US902494BH59,corporate
US902494BK88,corporate
US902494BL61,corporate
US902494BM45,corporate
US902494BN28,corporate
US902494BP75,corporate
US902494BQ58,corporate
US902613AY48,corporate
US90261AAD46,corporate
US90261AAE29,corporate
US90261AAF93,corporate
US90261AAG76,corporate
US90261AAH59,corporate
US90261AAJ16,corporate
US90261AAK88,corporate
US90261AAL61,corporate
US90265EAL48,corporate
US90265EAM21,corporate
US90265EAN04,corporate
US90265EAP51,corporate
US90265EAQ35,corporate
US90265EAR18,corporate
US90265EAS90,corporate
US90265EAT73,corporate
US90265EAU47,corporate
US90265EAV20,corporate
US90265EAW03,corporate
US902674A263,corporate
US902674ZW39,corporate
US902681AB18,corporate
US90276BZH94,corporate
US902917AH67,corporate
US90293HAA77,corporate
US902973AZ90,corporate
US902973BC96,corporate
US90308VE493,corporate
US90308VJM46,corporate
US90313QAQ82,corporate
US903192AA01,corporate
US90320WAG87,corporate
US90320WAH60,corporate
US90327QDA40,corporate
US90331HPN79,corporate
US90331HPP28,corporate
US90331HPQ01,corporate
US90331HPS66,corporate
US90331HPT40,corporate
US90331HPV95,corporate
US90331HPW78,corporate
US90353TAM27,corporate
US90353TAN00,corporate
US90353TAP57,corporate
US90353TAQ31,corporate
US90353TAS96,corporate
US90353TAT79,corporate
US90353TAU43,corporate
US903731AC15,corporate
US90376PBD24,government
US90376PBK66,government
US90376PCZ27,government
US90376PDF53,government
US90376PEE79,government
US90376PFH91,government
US904000AB26,corporate
US90401CAA71,corporate
US90401CAC38,corporate
US90407JAA60,corporate
US904764AH00,corporate
US904764AY33,corporate
US904764BC04,corporate
US904764BH90,corporate
US904764BK20,corporate
US904764BQ99,corporate
US904764BR72,corporate
US904764BS55,corporate
US904764BT39,corporate
US904764BU02,corporate
US904764BV84,corporate
US905581AS39,corporate
US906548BY71,corporate
US906548CH30,corporate
US906548CJ95,corporate
US906548CL42,corporate
US906548CM25,corporate
US906548CN08,corporate
US906548CP55,corporate
US906548CQ39,corporate
US906548CR12,corporate
US906548CS94,corporate
US906548CT77,corporate
US906548CU41,corporate
US906548CW07,corporate
US906548CX89,corporate
US906548CY62,corporate
US906548CZ38,corporate
US906548DA77,corporate
US906548DB50,corporate
US906548DC34,corporate
US906548DD17,corporate
US907818BY31,corporate
US907818CF33,corporate
US907818CS53,corporate
US907818CU00,corporate
US907818DF24,corporate
US907818DJ46,corporate
US907818DL91,corporate
US907818DP06,corporate
US907818DT28,corporate
US907818DU90,corporate
US907818DZ87,corporate
US907818EB01,corporate
US907818EC83,corporate
US907818EF15,corporate
US907818EJ37,corporate
US907818EK00,corporate
US907818EM65,corporate
US907818EN49,corporate
US907818EP96,corporate
US907818EQ79,corporate
US907818ER52,corporate
US907818EV64,corporate
US907818EW48,corporate
US907818EY04,corporate
US907818FB91,corporate
US907818FC74,corporate
US907818FD57,corporate
US907818FE31,corporate
US907818FG88,corporate
US907818FH61,corporate
US907818FJ28,corporate
US907818FK90,corporate
US907818FL73,corporate
US907818FN30,corporate
US907818FQ60,corporate
US907818FS27,corporate
US907818FU72,corporate
US907818FV55,corporate
US907818FW39,corporate
US907818FX12,corporate
US907818FY94,corporate
US907818FZ69,corporate
US907818GA00,corporate
US907818GB82,corporate
US907818GC65,corporate
US907818GD49,corporate
US907818GF96,corporate
US907818GG79,corporate
US907818GH52,corporate
US90782JAA16,corporate
US907834AB13,corporate
US909318AA56,corporate
US90931CAA62,corporate
US90931EAA29,corporate
US90931GAA76,corporate
US90931LAA61,corporate
US90931MAA45,corporate
US90932DAA37,corporate
US90932EAA10,corporate
US90932JAA07,corporate
US90932LAA52,corporate
US90932LAJ61,corporate
US90932MAA36,corporate
US90932QAA40,corporate
US90932WAA18,corporate
US90932WAB90,corporate
US910047AL34,corporate
US910047AM17,corporate
US910710AA09,corporate
US91086QAG38,government
US91086QAN88,government
US91086QAS75,government
US91086QAV05,government
US91086QAZ19,government
US91086QBB32,government
US91086QBE70,government
US91086QBF46,government
US91087BAB62,government
US91087BAD29,government
US91087BAF76,government
US91087BAG59,government
US91087BAH33,government
US91087BAK61,government
US91087BAL45,government
US91087BAM28,government
US91087BAN01,government
US91087BAQ32,government
US91087BAR15,government
US91087BAS97,government
US91087BAT70,government
US91087BAV27,government
US91087BAX82,government
US91087BAY65,government
US91087BAZ31,government
US91087BBA70,government
US91087BBB53,government
US91087BBC37,government
US91087BBD10,government
US91087BBJ89,government
US91087BBK52,government
US91087BBL36,government
US91087BBQ23,government
US91087BBR06,government
US91087BBS88,government
US91127LAH33,corporate
US91127LAK61,corporate
US91127LAL45,corporate
US91127LAM28,corporate
US911308AB04,corporate
US911312AA41,corporate
US911312AJ59,corporate
US911312AN61,corporate
US911312AR75,corporate
US911312AY27,corporate
US911312AZ91,corporate
US911312BM79,corporate
US911312BN52,corporate
US911312BQ83,corporate
US911312BR66,corporate
US911312BS40,corporate
US911312BU95,corporate
US911312BV78,corporate
US911312BW51,corporate
US911312BY18,corporate
US911312BZ82,corporate
US911312CA23,corporate
US911312CD61,corporate
US911312CE45,corporate
US911312CF10,corporate
US911312CH75,corporate
US911312CJ32,corporate
US911312CK05,corporate
US911312CL87,corporate
US911312CN44,corporate
US911363AM11,corporate
US911365BG81,corporate
US911365BJ21,corporate
US911365BL76,corporate
US911365BM59,corporate
US911365BN33,corporate
US911365BP80,corporate
US91159HHR49,corporate
US91159HHS22,corporate
US91159HHW34,corporate
US91159HJA95,corporate
US91159HJB78,corporate
US91159HJC51,corporate
US91159HJD35,corporate
US91159HJF82,corporate
US91159HJG65,corporate
US91159HJJ05,corporate
US91159HJK77,corporate
US91159HJL50,corporate
US91159HJM34,corporate
US91159HJN17,corporate
US91159HJP64,corporate
US91159HJQ48,corporate
US91159HJR21,corporate
US91159HJS04,corporate
US91159HJT86,corporate
US91159HJU59,corporate
US91159HJV33,corporate
US91159HJW16,corporate
US91159HJY71,corporate
US91159HJZ47,corporate
US91159HKA76,corporate
US91159HKB59,corporate
US91159XAB10,corporate
US91159XAC92,corporate
US91159XAD75,corporate
US91159XAG07,corporate
US91159XAJ46,corporate
US91159XAK19,corporate
US91159XAP06,corporate
US91159XAQ88,corporate
US91159XAS45,corporate
US91159XAT28,corporate
US91159XAU90,corporate
US91159XAV73,corporate
US91159XAW56,corporate
US91159XAX30,corporate
US91159XAY13,corporate
US91159XAZ87,corporate
US91159XBC83,corporate
US91159XBH70,corporate
US91159XBL82,corporate
US91159XBM65,corporate
US91159XBN49,corporate
US91159XBP96,corporate
US91159XBR52,corporate
US91159XBS36,corporate
US91159XBU81,corporate
US91159XBV64,corporate
US91159XBW48,corporate
US91159XBY04,corporate
US91159XCA19,corporate
US91159XCB91,corporate
US91159XCC74,corporate
US91159XCD57,corporate
US91159XCH61,corporate
US91159XCM56,corporate
US91159XCN30,corporate
US91159XCQ60,corporate
US91159XCR44,corporate
US91159XCT00,corporate
US91159XCU72,corporate
US91159XCV55,corporate
US91159XCW39,corporate
US91159XCX12,corporate
US91159XCY94,corporate
US91159XDA00,corporate
US91159XDC65,corporate
US91159XDE22,corporate
US91159XDF96,corporate
US91159XDG79,corporate
US91159XDH52,corporate
US91159XDJ19,corporate
US91159XDL64,corporate
US91159XDN21,corporate
US91159XDQ51,corporate
US91159XDR35,corporate
US91159XDS18,corporate
US91159XDT90,corporate
US91159XDU63,corporate
US91159XDV47,corporate
US91159XDY85,corporate
US91159XEA90,corporate
US91159XEG60,corporate
US91159XEH44,corporate
US91159XEM39,corporate
US91159XEN12,corporate
US91159XEP69,corporate
US91159XEX93,corporate
US91159XEZ42,corporate
US91159XFB64,corporate
US91159XFC48,corporate
US91159XFF78,corporate
US91159XFJ90,corporate
US91159XFL47,corporate
US91159XFS99,corporate
US91159XFU46,corporate
US91159XFW02,corporate
US91159XFZ33,corporate
US91159XGD12,corporate
US91159XGE94,corporate
US91159XGF69,corporate
US91159XGG43,corporate
US91159XGJ81,corporate
US91159XGL38,corporate
US91159XGM11,corporate
US91159XGP42,corporate
US91159XGT63,corporate
US91159XHC20,corporate
US91159XHH17,corporate
US91159XHP33,corporate
US91159XHQ16,corporate
US91159XHT54,corporate
US91159XHZ15,corporate
US91159XJA46,corporate
US91159XJB29,corporate
US91159XJD84,corporate
US91159XJE67,corporate
US91159XJH98,corporate
US91159XJJ54,corporate
US91159XJK28,corporate
US91159XJL01,corporate
US91159XJM83,corporate
US91159XJN66,corporate
US91159XJP15,corporate
US91159XJR70,corporate
US91159XJS53,corporate
US91159XJT37,corporate
US91159XJU00,corporate
US91159XJV82,corporate
US91159XJW65,corporate
US91159XJX49,corporate
US91159XJY22,corporate
US91159XJZ96,corporate
US91159XKA27,corporate
US911684AD06,corporate
US912797TM97,government
US912797TV96,government
US912797UD79,government
US912810EY02,government
US912810EZ76,government
US912810FA17,government
US912810FB99,government
US912810FE39,government
US912810FF04,government
US912810FG86,government
US912810FJ26,government
US912810FM54,government
US912810FP85,government
US912810FT08,government
US912810PT97,government
US912810PU60,government
US912810PW27,government
US912810PX00,government
US912810QA97,government
US912810QB70,government
US912810QD37,government
US912810QE10,government
US912810QL52,government
US912810QN19,government
US912810QZ49,government
US912810RC45,government
US912810RJ97,government
US912810RK60,government
US912810RM27,government
US912810RN00,government
US912810RS96,government
US912810RX81,government
US912810SE91,government
US912810SJ88,government
US912810SK51,government
US912810SL35,government
US912810SN90,government
US912810SP49,government
US912810SQ22,government
US912810SR05,government
US912810SS87,government
US912810TA60,government
US912810TG31,government
US912810TM09,government
US912810TT51,government
US912810TU25,government
US912810TV08,government
US912810TW80,government
US912810UB25,government
US912810UD80,government
US912810UG12,government
US912810UJ50,government
US912810UK24,government
US912810UL07,government
US912810UT33,government
US912810UU06,government
US9128282R06,government
US9128283F58,government
US9128283W81,government
US9128284N73,government
US9128284V99,government
US9128285M81,government
US9128286B18,government
US9128286T26,government
US912828U246,government
US912828V988,government
US912828X885,government
US912828YB05,government
US912828YS30,government
US912828YU85,government
US912828YX25,government
US912828Z781,government
US912828Z948,government
US912828ZB95,government
US912828ZE35,government
US912828ZQ64,government
US912828ZS21,government
US912828ZV59,government
US91282CAD39,government
US91282CAE12,government
US91282CAH43,government
US91282CAL54,government
US91282CAU53,government
US91282CAV37,government
US91282CAY75,government
US91282CBB63,government
US91282CBJ99,government
US91282CBL46,government
US91282CBP59,government
US91282CBS98,government
US91282CBZ32,government
US91282CCB54,government
US91282CCR07,government
US91282CCS89,government
US91282CCV19,government
US91282CCY57,government
US91282CDF59,government
US91282CDG33,government
US91282CDJ71,government
US91282CDK45,government
US91282CDL28,government
US91282CDQ15,government
US91282CDW82,government
US91282CDY49,government
US91282CEB37,government
US91282CEC10,government
US91282CEE75,government
US91282CEF41,government
US91282CEM91,government
US91282CEN74,government
US91282CEP23,government
US91282CES61,government
US91282CET45,government
US91282CEV90,government
US91282CEW73,government
US91282CFB28,government
US91282CFF32,government
US91282CFH97,government
US91282CFJ53,government
US91282CFL00,government
US91282CFM82,government
US91282CFT36,government
US91282CFU09,government
US91282CFV81,government
US91282CFY21,government
US91282CFZ95,government
US91282CGB19,government
US91282CGC91,government
US91282CGH88,government
US91282CGJ45,government
US91282CGM73,government
US91282CGP05,government
US91282CGQ87,government
US91282CGS44,government
US91282CGT27,government
US91282CGZ86,government
US91282CHA27,government
US91282CHC82,government
US91282CHE49,government
US91282CHF14,government
US91282CHJ36,government
US91282CHK09,government
US91282CHQ78,government
US91282CHR51,government
US91282CHT18,government
US91282CHW47,government
US91282CHX20,government
US91282CHY03,government
US91282CHZ77,government
US91282CJA09,government
US91282CJC64,government
US91282CJF95,government
US91282CJG78,government
US91282CJJ18,government
US91282CJK80,government
US91282CJN20,government
US91282CJP77,government
US91282CJQ50,government
US91282CJR34,government
US91282CJT99,government
US91282CJW29,government
US91282CJX02,government
US91282CJZ59,government
US91282CKA89,government
US91282CKD29,government
US91282CKE02,government
US91282CKF76,government
US91282CKG59,government
US91282CKJ98,government
US91282CKN01,government
US91282CKP58,government
US91282CKQ32,government
US91282CKR15,government
US91282CKT70,government
US91282CKV27,government
US91282CKW00,government
US91282CKX82,government
US91282CKZ31,government
US91282CLC37,government
US91282CLD10,government
US91282CLF67,government
US91282CLG41,government
US91282CLJ89,government
US91282CLK52,government
US91282CLL36,government
US91282CLM19,government
US91282CLN91,government
US91282CLQ23,government
US91282CLR06,government
US91282CLU35,government
US91282CLW90,government
US91282CLX73,government
US91282CLZ22,government
US91282CMA61,government
US91282CMC28,government
US91282CMD01,government
US91282CMF58,government
US91282CMG32,government
US91282CMH15,government
US91282CMK44,government
US91282CMM00,government
US91282CMN82,government
US91282CMP31,government
US91282CMR96,government
US91282CMS79,government
US91282CMT52,government
US91282CMU26,government
US91282CMV09,government
US91282CMY48,government
US91282CMZ13,government
US91282CNC19,government
US91282CNE74,government
US91282CNF40,government
US91282CNG23,government
US91282CNH06,government
US91282CNK35,government
US91282CNM90,government
US91282CNN73,government
US91282CNR87,government
US91282CNT44,government
US91282CNU17,government
US91282CNW72,government
US91282CNZ04,government
US91282CPA35,government
US91282CPE56,government
US91282CPJ44,government
US91282CPK17,government
US91282CPL99,government
US91282CPM72,government
US91282CPP04,government
US91282CPQ86,government
US91282CPR69,government
US91282CPS43,government
US91282CPY11,government
US91282CPZ85,government
US91282CQD64,government
US91282CQE48,government
US91282CQF13,government
US91282CQG95,government
US91282CQH78,government
US91282CQK08,government
US91282CQL80,government
US91282CQN47,government
US91282CQQ77,government
US91282CQS34,government
US91282CQT17,government
US91282CQU89,government
US91282CRA17,government
US91282CRF04,government
US912909AD03,corporate
US912912AQ52,corporate
US913017AT69,corporate
US913017BA69,corporate
US913017BJ78,corporate
US913017BK42,corporate
US913017BP39,corporate
US913017BS77,corporate
US913017BT50,corporate
US913017CA50,corporate
US913017CH04,corporate
US913017CJ69,corporate
US913017CP20,corporate
US913017CR85,corporate
US913017CW70,corporate
US913017CX53,corporate
US913017CY37,corporate
US91311QAC96,corporate
US91324PAR38,corporate
US91324PAX06,corporate
US91324PBE16,corporate
US91324PBK75,corporate
US91324PBN15,corporate
US91324PBQ46,corporate
US91324PBU57,corporate
US91324PBW14,corporate
US91324PCA84,corporate
US91324PCD24,corporate
US91324PCQ37,corporate
US91324PCR10,corporate
US91324PCW05,corporate
US91324PCX87,corporate
US91324PCY60,corporate
US91324PCZ36,corporate
US91324PDE97,corporate
US91324PDF62,corporate
US91324PDK57,corporate
US91324PDL31,corporate
US91324PDP45,corporate
US91324PDQ28,corporate
US91324PDS83,corporate
US91324PDT66,corporate
US91324PDU30,corporate
US91324PDV13,corporate
US91324PDX78,corporate
US91324PDY51,corporate
US91324PDZ27,corporate
US91324PEA66,corporate
US91324PED06,corporate
US91324PEE88,corporate
US91324PEF53,corporate
US91324PEG37,corporate
US91324PEH10,corporate
US91324PEJ75,corporate
US91324PEK49,corporate
US91324PEL22,corporate
US91324PEP36,corporate
US91324PEQ19,corporate
US91324PER91,corporate
US91324PES74,corporate
US91324PET57,corporate
US91324PEU21,corporate
US91324PEV04,corporate
US91324PEW86,corporate
US91324PEX69,corporate
US91324PEY43,corporate
US91324PEZ18,corporate
US91324PFA57,corporate
US91324PFB31,corporate
US91324PFC14,corporate
US91324PFD96,corporate
US91324PFG28,corporate
US91324PFH01,corporate
US91324PFJ66,corporate
US91324PFK30,corporate
US91324PFL13,corporate
US91324PFM95,corporate
US91324PFN78,corporate
US91324PFP27,corporate
US91324PFQ00,corporate
US91324PFR82,corporate
US91325VAB45,corporate
US91332UAB70,corporate
US91332UAH41,corporate
US91338CAA36,corporate
US913903AW04,corporate
US913903AZ35,corporate
US913903BA74,corporate
US913903BB57,corporate
US913903BC31,corporate
US913903BD14,corporate
US913903BE96,corporate
US91412NAE04,corporate
US91412NAF78,corporate
US91412NAJ90,corporate
US91412NAZ33,corporate
US91412NBC39,corporate
US91412NBD12,corporate
US91412NBE94,corporate
US91412NBH26,corporate
US91412NBK54,corporate
US914453AA36,corporate
US914744AB34,corporate
US914744AD99,corporate
US914744AF48,corporate
US914748AA64,corporate
US91481CAA80,corporate
US91481CAC47,corporate
US91481CAD20,corporate
US914886AA41,corporate
US914886AB24,corporate
US914886AC07,corporate
US914886AD89,corporate
US914886AE62,corporate
US914886AF38,corporate
US914886AH93,corporate
US91502PAC05,corporate
US91502PAL04,corporate
US91502PAP18,corporate
US91529YAD85,corporate
US91529YAJ55,corporate
US91529YAN67,corporate
US91529YAP16,corporate
US91529YAR71,corporate
US91529YAT38,corporate
US91529YAU01,corporate
US91680MAD92,corporate
US91680MAF41,corporate
US91680MAH07,corporate
US917288BA96,government
US917288BK78,government
US917288BL51,government
US917288BM35,government
US91731KAA88,corporate
US91734JAB61,corporate
US918204AR97,corporate
US918204AT53,corporate
US918204BB37,corporate
US918204BC10,corporate
US91911TAE38,corporate
US91911TAH68,corporate
US91911TAK97,corporate
US91911TAQ67,corporate
US91911TAR41,corporate
US91911TAS24,corporate
US91911TAT07,corporate
US91912EAA38,corporate
US91913YAB65,corporate
US91913YAE05,corporate
US91913YAL48,corporate
US91913YAP51,corporate
US91913YAT73,corporate
US91913YAU47,corporate
US91913YAV20,corporate
US91913YAW03,corporate
US91913YBB56,corporate
US91913YBC30,corporate
US91913YBD13,corporate
US91913YBE95,corporate
US91913YBF60,corporate
US91913YBG44,corporate
US91914JAA07,corporate
US91914JAB89,corporate
US919794AG29,corporate
US919794AH02,corporate
US920253AE15,corporate
US920253AF89,corporate
US920355AJ33,corporate
US92049NAA72,corporate
US922280AD43,corporate
US922417AJ92,corporate
US922646AS37,government
US922646BL74,government
US92277GAB32,corporate
US92277GAF46,corporate
US92277GAJ67,corporate
US92277GAL14,corporate
US92277GAM96,corporate
US92277GAN79,corporate
US92277GAQ01,corporate
US92277GAU13,corporate
US92277GAV95,corporate
US92277GAW78,corporate
US92277GAX51,corporate
US92277GBA40,corporate
US92277GBB23,corporate
US92277GBC06,corporate
US92337DAA00,corporate
US92337DAB82,corporate
US92338CAD56,corporate
US92338CAF05,corporate
US92338CAP86,corporate
US92340LAG41,corporate
US92343EAM49,corporate
US92343EAQ52,corporate
US92343EAR36,corporate
US92343VBE39,corporate
US92343VBG86,corporate
US92343VBZ67,corporate
US92343VCQ59,corporate
US92343VCV45,corporate
US92343VCZ58,corporate
US92343VDY74,corporate
US92343VEA89,corporate
US92343VEK61,corporate
US92343VEM28,corporate
US92343VER15,corporate
US92343VES97,corporate
US92343VEU44,corporate
US92343VFD10,corporate
US92343VFE92,corporate
US92343VFL36,corporate
US92343VFR06,corporate
US92343VFT61,corporate
US92343VFU35,corporate
US92343VFV18,corporate
US92343VFW90,corporate
US92343VFX73,corporate
US92343VGB45,corporate
US92343VGC28,corporate
US92343VGH15,corporate
US92343VGJ70,corporate
US92343VGK44,corporate
US92343VGL27,corporate
US92343VGN82,corporate
US92343VGP31,corporate
US92343VGT52,corporate
US92343VGW81,corporate
US92343VGY48,corporate
US92343VGZ13,corporate
US92343VHC19,corporate
US92343VHF40,corporate
US92343VHG23,corporate
US92343VHH06,corporate
US92343VHJ61,corporate
US92343VHK35,corporate
US92343VHN73,corporate
US92343VHP22,corporate
US92343VJL99,corporate
US92343VJM72,corporate
US92344GAM87,corporate
US92344GAX43,corporate
US92344WAB72,corporate
US92344XAB55,corporate
US92345YAE68,corporate
US92345YAF34,corporate
US92345YAG17,corporate
US92345YAH99,corporate
US92345YAJ55,corporate
US92345YAL02,corporate
US92345YAP16,corporate
US92345YAQ98,corporate
US92346MAQ42,corporate
US92346MAS08,corporate
US92346MCJ80,corporate
US92346MDY49,corporate
US92346MEL19,corporate
US92346MFU09,corporate
US92346MFW64,corporate
US92346MGA36,corporate
US92346MGG06,corporate
US92346MGP05,corporate
US92346MGQ87,corporate
US92346MGV72,corporate
US92346MGX39,corporate
US92346MHB00,corporate
US92346MHC82,corporate
US92346MHE49,corporate
US92346MHH79,corporate
US92346MHK09,corporate
US92346MHL81,corporate
US92346MHT18,corporate
US92346MHV63,corporate
US92346MHW47,corporate
US92346MHY03,corporate
US92346MJQ50,corporate
US92346MJR34,corporate
US92346MKT70,corporate
US92346MKX82,corporate
US92346MLL36,corporate
US92346MLP40,corporate
US92346MLS88,corporate
US92346MLX73,corporate
US92346MLY56,corporate
US92346MMA61,corporate
US92346MMH15,corporate
US92346MMY48,corporate
US92346MNB36,corporate
US92346MNG23,corporate
US92346MNK35,corporate
US92346MNP22,corporate
US92346MNW72,corporate
US92346MNY39,corporate
US92537NAA63,corporate
US92537NAB47,corporate
US92537NAC20,corporate
US92537NAD03,corporate
US92538JAB26,corporate
US925524AH30,corporate
US925524AV24,corporate
US925524AX89,corporate
US92552VAL45,corporate
US92553PAC68,corporate
US92553PAL67,corporate
US92553PAP71,corporate
US92553PAQ54,corporate
US92553PAU66,corporate
US92553PAW23,corporate
US92553PAZ53,corporate
US92553PBB76,corporate
US92553PBC59,corporate
US92556HAB33,corporate
US92556HAC16,corporate
US92556HAD98,corporate
US92556HAE71,corporate
US92556VAC00,corporate
US92556VAD82,corporate
US92556VAE65,corporate
US92556VAF31,corporate
US925650AB99,corporate
US925650AC72,corporate
US925650AD55,corporate
US925650AE39,corporate
US925650AF04,corporate
US925650AG86,corporate
US925650AH69,corporate
US925650AJ26,corporate
US925650AK98,corporate
US925650AL71,corporate
US925650AM54,corporate
US92715PAA57,corporate
US92764MAA27,corporate
US92764MAB00,corporate
US92769XAP06,corporate
US927804FA70,corporate
US927804FB53,corporate
US927804FE92,corporate
US927804FG41,corporate
US927804FL36,corporate
US927804FP40,corporate
US927804FR06,corporate
US927804FT61,corporate
US927804FV18,corporate
US927804FW90,corporate
US927804FX73,corporate
US927804FY56,corporate
US927804FZ22,corporate
US927804GA61,corporate
US927804GB45,corporate
US927804GC28,corporate
US927804GD01,corporate
US927804GE83,corporate
US927804GF58,corporate
US927804GG32,corporate
US927804GH15,corporate
US927804GJ70,corporate
US927804GK44,corporate
US927804GL27,corporate
US927804GM00,corporate
US927804GN82,corporate
US927804GP31,corporate
US927804GQ14,corporate
US927804GR96,corporate
US927804GS79,corporate
US927804GT52,corporate
US927804GU26,corporate
US927804GV09,corporate
US927804GW81,corporate
US927804GX64,corporate
US927804GY48,corporate
US927804GZ13,corporate
US927804HA52,corporate
US92790CAB00,corporate
US92826CAE21,corporate
US92826CAF95,corporate
US92826CAH51,corporate
US92826CAJ18,corporate
US92826CAK80,corporate
US92826CAL63,corporate
US92826CAM47,corporate
US92826CAN20,corporate
US92826CAP77,corporate
US92826CAQ50,corporate
US92826CAY84,corporate
US92826CAZ59,corporate
US92826CBA99,corporate
US92826CBB72,corporate
US928298AR93,corporate
US928563AF20,corporate
US928563AK15,corporate
US928563AL97,corporate
US92857TAH05,corporate
US92857WAB63,corporate
US92857WAQ33,corporate
US92857WBD11,corporate
US92857WBL37,corporate
US92857WBM10,corporate
US92857WBQ24,corporate
US92857WBS89,corporate
US92857WBT62,corporate
US92857WBU36,corporate
US92857WBV19,corporate
US92857WBW91,corporate
US92857WBX74,corporate
US92857WBY57,corporate
US92857WBZ23,corporate
US92857WCA62,corporate
US92857WCB46,corporate
US92857WCC29,corporate
US92857WCD02,corporate
US92857WCE84,corporate
US92863UAC09,corporate
US92863UAD81,corporate
US928881AD35,corporate
US928881AF82,corporate
US929043AL12,corporate
US929043AN77,corporate
US929089AC42,corporate
US929089AF72,corporate
US929089AG55,corporate
US929089AH39,corporate
US929089AK67,corporate
US929160AG40,corporate
US929160AT60,corporate
US929160AV17,corporate
US929160AZ21,corporate
US929160BB44,corporate
US929160BC27,corporate
US929160BD00,corporate
US92928WAH88,corporate
US929328AG72,corporate
US92936MAE75,corporate
US92936UAF66,corporate
US92936UAG40,corporate
US92936UAH23,corporate
US92936UAJ88,corporate
US92936UAM18,corporate
US92936UAN90,corporate
US92936UAP49,corporate
US92939UAD81,corporate
US92939UAE64,corporate
US92939UAG13,corporate
US92939UAJ51,corporate
US92939UAL08,corporate
US92939UAM80,corporate
US92939UAP12,corporate
US92939UAR77,corporate
US92939UAU07,corporate
US92940PAD69,corporate
US92940PAE43,corporate
US92940PAF18,corporate
US92940PAG90,corporate
US92944AAA16,corporate
US92976GAG64,corporate
US92976GAJ04,corporate
US929903AM44,corporate
US931009AE43,corporate
US93100PAB40,corporate
US931108AA21,corporate
US931142BF98,corporate
US931142CB75,corporate
US931142CH46,corporate
US931142CK74,corporate
US931142CM31,corporate
US931142CS01,corporate
US931142CV30,corporate
US931142CY78,corporate
US931142DB66,corporate
US931142DG53,corporate
US931142DK65,corporate
US931142DQ36,corporate
US931142DW04,corporate
US931142EB57,corporate
US931142EC31,corporate
US931142EE96,corporate
US931142EN95,corporate
US931142EP44,corporate
US931142EQ27,corporate
US931142ER00,corporate
US931142ES82,corporate
US931142ET65,corporate
US931142EU39,corporate
US931142EV12,corporate
US931142EX77,corporate
US931142EY50,corporate
US931142EZ26,corporate
US931142FB49,corporate
US931142FC22,corporate
US931142FD05,corporate
US931142FE87,corporate
US931142FL21,corporate
US931142FM04,corporate
US931142FN86,corporate
US931142FP35,corporate
US931142FR90,corporate
US931142FS73,corporate
US931142FT56,corporate
US931142FU20,corporate
US931142FV03,corporate
US931427AR91,corporate
US931427AS74,corporate
US931427AT57,corporate
US93884PCJ75,corporate
US93884PDY34,corporate
US940663AC19,corporate
US940663AD91,corporate
US941053AH36,corporate
US941053AJ91,corporate
US94106BAA98,corporate
US94106BAB71,corporate
US94106BAC54,corporate
US94106BAD38,corporate
US94106BAE11,corporate
US94106BAF85,corporate
US94106BAG68,corporate
US94106BAJ08,corporate
US94106BAK70,corporate
US94106LAG41,corporate
US94106LAN91,corporate
US94106LAV18,corporate
US94106LBB45,corporate
US94106LBC28,corporate
US94106LBE83,corporate
US94106LBK44,corporate
US94106LBM00,corporate
US94106LBN82,corporate
US94106LBP31,corporate
US94106LBQ14,corporate
US94106LBR96,corporate
US94106LBS79,corporate
US94106LBT52,corporate
US94106LBU26,corporate
US94106LBV09,corporate
US94106LBW81,corporate
US94106LBX64,corporate
US94106LBY48,corporate
US94106LCA52,corporate
US94106LCB36,corporate
US94106LCC19,corporate
US94106LCD91,corporate
US94106LCE74,corporate
US94106LCF40,corporate
US94419LAP67,corporate
US947890AJ87,corporate
US947890AK50,corporate
US948596AE12,corporate
US948596AJ09,corporate
US94874RAS58,corporate
US94874RAU05,corporate
US94973VAH06,corporate
US94973VAL18,corporate
US94973VAN73,corporate
US94973VAT44,corporate
US94973VAY39,corporate
US94973VBB27,corporate
US94973VBF31,corporate
US94973VBK26,corporate
US94973VBL09,corporate
US949746JM44,corporate
US949746NG20,corporate
US949746NL15,corporate
US949746RF01,corporate
US949746SH57,corporate
US949746TB78,corporate
US949746TF82,corporate
US94974BER78,corporate
US94974BFP04,corporate
US94974BGE48,corporate
US94974BGK08,corporate
US94974BGL80,corporate
US94974BGQ77,corporate
US94974BGT17,corporate
US94974BGU89,corporate
US94980VAG32,corporate
US94986RB918,corporate
US94988J6F93,corporate
US94988J6G76,corporate
US95000N2H17,corporate
US95000N2R98,corporate
US95000N2V01,corporate
US95000N3D93,corporate
US95000N3G25,corporate
US95000N3J63,corporate
US95000N3K37,corporate
US95000U2A01,corporate
US95000U2D40,corporate
US95000U2G70,corporate
US95000U2J10,corporate
US95000U2L65,corporate
US95000U2M49,corporate
US95000U2Q52,corporate
US95000U2S19,corporate
US95000U2U64,corporate
US95000U2V48,corporate
US95000U2Z51,corporate
US95000U3A91,corporate
US95000U3B74,corporate
US95000U3D31,corporate
US95000U3E14,corporate
US95000U3F88,corporate
US95000U3G61,corporate
US95000U3H45,corporate
US95000U3J01,corporate
US95000U3K73,corporate
US95000U3L56,corporate
US95000U3M30,corporate
US95000U3N13,corporate
US95000U3P60,corporate
US95000U3R27,corporate
US95000U3S00,corporate
US95000U3T82,corporate
US95000U3U55,corporate
US95000U3V39,corporate
US95000U3W12,corporate
US95000U3Z43,corporate
US95000U4A82,corporate
US95000U4B65,corporate
US95000U4C49,corporate
US95000U4D22,corporate
US95000U4E05,corporate
US95000U4F79,corporate
US95000U4G52,corporate
US95000U4H36,corporate
US95000U4J91,corporate
US95001D2J89,corporate
US95001D2R06,corporate
US95001D2Z22,corporate
US95001D4B36,corporate
US95001D4L18,corporate
US95001D5J52,corporate
US95001D5V80,corporate
US95001D6D73,corporate
US95001D6K17,corporate
US95001D6L99,corporate
US95001D6P04,corporate
US95001D6S43,corporate
US95001D6Y11,corporate
US95001D7F13,corporate
US95001D7K08,corporate
US95001DA420,corporate
US95001DA677,corporate
US95001DAF78,corporate
US95001DAG51,corporate
US95001DAL47,corporate
US95001DAM20,corporate
US95001DAT72,corporate
US95001DAX84,corporate
US95001DB337,corporate
US95001DBA72,corporate
US95001DBB55,corporate
US95001DBC39,corporate
US95001DBG43,corporate
US95001DBU37,corporate
US95001DBV10,corporate
US95001DC327,corporate
US95001DCA63,corporate
US95001DCK46,corporate
US95001DCT54,corporate
US95001DD648,corporate
US95001DD804,corporate
US95001DDC11,corporate
US95001DDK37,corporate
US95001DDR89,corporate
US95001DDU19,corporate
US95001DE489,corporate
US95001DEB29,corporate
US95001DER70,corporate
US95001DEW65,corporate
US95001DEX49,corporate
US95001DEZ96,corporate
US95001DF478,corporate
US95001DF544,corporate
US95001DF627,corporate
US95001DF700,corporate
US95001DF965,corporate
US95001DFB10,corporate
US95001DFD75,corporate
US95001DFF24,corporate
US95001DFH89,corporate
US95001DFL91,corporate
US95001DFM74,corporate
US95001DFQ88,corporate
US95001DFR61,corporate
US95001DFY13,corporate
US95001DFZ87,corporate
US95001DG534,corporate
US95001DGA28,corporate
US95001DGB01,corporate
US95001DGF15,corporate
US95001DGJ37,corporate
US95001DGQ79,corporate
US95001DGR52,corporate
US95001DGS36,corporate
US95001DGT19,corporate
US95001DGV64,corporate
US95001DGW48,corporate
US95001DGX21,corporate
US95001DGZ78,corporate
US95001DH375,corporate
US95001DH458,corporate
US95001DH524,corporate
US95001DH607,corporate
US95001DH789,corporate
US95001DH862,corporate
US95001DH946,corporate
US95001DHA19,corporate
US95001DHC74,corporate
US95001DHE31,corporate
US95001DHF06,corporate
US95001DHH61,corporate
US95001DHJ28,corporate
US95001DHK90,corporate
US95001DHL73,corporate
US95001DHM56,corporate
US95001DHQ60,corporate
US95001DHR44,corporate
US95001DHS27,corporate
US95001DHV55,corporate
US95001DHX12,corporate
US95001DHZ69,corporate
US95001DJ272,corporate
US95001DJ355,corporate
US95001DJ439,corporate
US95001DJ504,corporate
US95001DJ843,corporate
US95001DJA90,corporate
US95001DJC56,corporate
US95001DJD30,corporate
US95001DJE13,corporate
US95001DJH44,corporate
US95001DJR26,corporate
US95001DJS09,corporate
US95001DJT81,corporate
US95001DJU54,corporate
US95001DJW11,corporate
US95001DJX93,corporate
US95001DK338,corporate
US95001DK411,corporate
US95001DK585,corporate
US95001DK668,corporate
US95001DK742,corporate
US95001DK908,corporate
US95001DKA71,corporate
US95001DKD11,corporate
US95001DKF68,corporate
US95001DKG42,corporate
US95001DKJ80,corporate
US95001DKL37,corporate
US95001DKM10,corporate
US95001DKN92,corporate
US95001DKS89,corporate
US95001DKV19,corporate
US95001DKY57,corporate
US95001DL245,corporate
US95001DL575,corporate
US95001DLA62,corporate
US95001DLD02,corporate
US95001DLF59,corporate
US95001DLG33,corporate
US95001DLH16,corporate
US95001DLJ71,corporate
US95001DLL28,corporate
US95001DLM01,corporate
US95001DLN83,corporate
US95001DLP32,corporate
US95001DLQ15,corporate
US95001DLR97,corporate
US95001DLT53,corporate
US95001DLU27,corporate
US95001DLW82,corporate
US95001DLY49,corporate
US95001DM235,corporate
US95001DM565,corporate
US95001DM722,corporate
US95001DM805,corporate
US95001DMB37,corporate
US95001DMD92,corporate
US95001DMF41,corporate
US95001DMH07,corporate
US95001DMJ62,corporate
US95001DMK36,corporate
US95001DML19,corporate
US95001DMM91,corporate
US95001DMP23,corporate
US95001DMQ06,corporate
US95001DMS61,corporate
US95001DMZ05,corporate
US95001DN308,corporate
US95001DN480,corporate
US95001DN894,corporate
US95001DNB28,corporate
US95001DNC01,corporate
US95001DND83,corporate
US95001DNG15,corporate
US95001DNH97,corporate
US95001DNM82,corporate
US95001DNW64,corporate
US95001DNY21,corporate
US95001DNZ95,corporate
US95001DP469,corporate
US95001DPQ78,corporate
US95001DPZ77,corporate
US95001DQ863,corporate
US95001DQC73,corporate
US95001DQD56,corporate
US95001DQG87,corporate
US95001DQK99,corporate
US95001DQL72,corporate
US95001DQM55,corporate
US95001DQQ69,corporate
US95001DQR43,corporate
US95001DR366,corporate
US95001DR440,corporate
US95001DR515,corporate
US95001DR697,corporate
US95001DR770,corporate
US95001DR853,corporate
US95001DR937,corporate
US95001DRA09,corporate
US95001DRB81,corporate
US95001DRC64,corporate
US95001DRE21,corporate
US95001DRF95,corporate
US95001DRG78,corporate
US95001DRH51,corporate
US95001HJ695,corporate
US95001HJ778,corporate
US95002YAA10,corporate
US95002YAC75,corporate
US95002YAE32,corporate
US95002YAG89,corporate
US95040QAD60,corporate
US95040QAF19,corporate
US95040QAH74,corporate
US95040QAJ31,corporate
US95040QAK04,corporate
US95040QAL86,corporate
US95040QAM69,corporate
US95040QAN43,corporate
US95040QAP90,corporate
US95040QAR56,corporate
US95041AAF57,corporate
US95041AAG31,corporate
US950810AA95,corporate
US95101VAA70,corporate
US956708AA97,corporate
US956708AB70,corporate
US95709TAH32,corporate
US95709TAJ97,corporate
US95709TAK60,corporate
US95709TAM27,corporate
US95709TAP57,corporate
US95709TAQ31,corporate
US95758BCL18,corporate
US957638AD14,corporate
US958254AD64,corporate
US958254AH78,corporate
US958254AJ35,corporate
US958254AK08,corporate
US958254AL80,corporate
US958587BE60,corporate
US958667AA50,corporate
US958667AC17,corporate
US958667AE72,corporate
US958667AF48,corporate
US958667AG21,corporate
US958667AH04,corporate
US958667AJ69,corporate
US958667AK33,corporate
US959802AH24,corporate
US959802AM19,corporate
US959802BA61,corporate
US959802BB45,corporate
US960386AL46,corporate
US960386AM29,corporate
US960386AR16,corporate
US960386AS98,corporate
US960386AT71,corporate
US960413AS12,corporate
US960413AU67,corporate
US960413AW24,corporate
US960413AY89,corporate
US960413AZ54,corporate
US960413BA94,corporate
US960413BB77,corporate
US960413BC50,corporate
US961214DF70,corporate
US961214DK65,corporate
US961214DW04,corporate
US961214EF61,corporate
US961214EG45,corporate
US961214EL30,corporate
US961214EP44,corporate
US961214EQ27,corporate
US961214ET65,corporate
US961214EW94,corporate
US961214EX77,corporate
US961214EY50,corporate
US961214FC22,corporate
US961214FG36,corporate
US961214FK48,corporate
US961214FN86,corporate
US961214FP35,corporate
US961214FT56,corporate
US961214FU20,corporate
US961214FV03,corporate
US961214FW85,corporate
US961214FX68,corporate
US961214GC13,corporate
US961214GD95,corporate
US96122QAA13,corporate
US96122QAB95,corporate
US96122QAC78,corporate
US96122QAE35,corporate
US96122QAF00,corporate
US96122QCM33,corporate
US96122UAA25,corporate
US96122XAP33,corporate
US96122XAQ16,corporate
US9612EVAA71,corporate
US9612EVAB54,corporate
US96145DAH89,corporate
US961548AV62,corporate
US961548AY02,corporate
US962166AW45,corporate
US962166BR41,corporate
US962166BT07,corporate
US962166BX19,corporate
US962166BY91,corporate
US962166CA07,corporate
US962166CB89,corporate
US963320AV88,corporate
US963320AW61,corporate
US963320AX45,corporate
US963320AY28,corporate
US963320AZ92,corporate
US963320BA33,corporate
US963320BC98,corporate
US963320BD71,corporate
US963320BE54,corporate
US96332HCG20,corporate
US96812WAA36,corporate
US96926GAD51,corporate
US96926GAE35,corporate
US96926GAF00,corporate
US969457BB59,corporate
US969457BD16,corporate
US969457BM15,corporate
US969457BV14,corporate
US969457BX79,corporate
US969457BY52,corporate
US969457BZ28,corporate
US969457CA67,corporate
US969457CJ76,corporate
US969457CK40,corporate
US969457CL23,corporate
US969457CN88,corporate
US969457CP37,corporate
US969457CQ10,corporate
US969457CR92,corporate
US969457CS75,corporate
US969457CV05,corporate
US969457CW87,corporate
US96949LAC90,corporate
US96949LAD73,corporate
US96949LAE56,corporate
US96950FAF18,corporate
US96950FAK03,corporate
US96950FAN42,corporate
US96950FAP99,corporate
US970646AA36,corporate
US970648AG61,corporate
US970648AJ01,corporate
US970648AK73,corporate
US970648AL56,corporate
US970648AM30,corporate
US970648AN13,corporate
US970648AP60,corporate
US970648AQ44,corporate
US97068LAA61,corporate
US97068LAB45,corporate
US974637AF75,corporate
US97650WAG33,corporate
US97658WAA80,corporate
US976656BL10,corporate
US976656BP24,corporate
US976656BW74,corporate
US976656BZ06,corporate
US976656CE67,corporate
US976656CG16,corporate
US976656CK28,corporate
US976656CM83,corporate
US976656CN66,corporate
US976656CQ97,corporate
US976656CS53,corporate
US976656CT37,corporate
US976656CU00,corporate
US976656CV82,corporate
US976656CW65,corporate
US976656CX49,corporate
US976656CY22,corporate
US976657AG17,corporate
US97670MAA45,corporate
US976826BE63,corporate
US976826BF39,corporate
US976826BK24,corporate
US976826BL07,corporate
US976826BM89,corporate
US976826BN62,corporate
US976826BP11,corporate
US976826BQ93,corporate
US976826BR76,corporate
US976826BS59,corporate
US976826BT33,corporate
US976843BE13,corporate
US976843BH44,corporate
US976843BJ00,corporate
US976843BM39,corporate
US976843BN12,corporate
US976843BQ43,corporate
US976843BR26,corporate
US976843BS09,corporate
US97717PAH73,corporate
US97717PAK03,corporate
US977852AP74,corporate
US977852AS14,corporate
US97785WAC01,corporate
US980236AR40,corporate
US980236AS23,corporate
US980236AT06,corporate
US980236AU78,corporate
US980236AV51,corporate
US980236AX18,corporate
US98138HAG65,corporate
US98138HAH49,corporate
US98138HAJ05,corporate
US98139AAD72,corporate
US98149GAB68,corporate
US981811AF94,corporate
US98212BAJ26,corporate
US98212BAL71,corporate
US98212BAM54,corporate
US983024AG50,corporate
US983024AL46,corporate
US983024AN02,corporate
US98310WAN83,corporate
US98379XAB01,corporate
US98385XAJ54,corporate
US98385XAM83,corporate
US98388MAB37,corporate
US98388MAC10,corporate
US98388MAD92,corporate
US98389BAH33,corporate
US98389BAN01,corporate
US98389BAU44,corporate
US98389BAV27,corporate
US98389BAW00,corporate
US98389BAX82,corporate
US98389BAY65,corporate
US98389BBA70,corporate
US98389BBB53,corporate
US98389BBD10,corporate
US98389BBE92,corporate
US98389BBF67,corporate
US983919AK78,corporate
US984121CB79,corporate
US984121CL51,corporate
US98419MAJ99,corporate
US98419MAK62,corporate
US98419MAL46,corporate
US98419MAM29,corporate
US98419MAN02,corporate
US98419MAP59,corporate
US98420EAB11,corporate
US98421MAE66,corporate
US98423FAB58,corporate
US98423FAD15,corporate
US984245AF78,corporate
US984245AR17,corporate
US984245AW02,corporate
US984245AX84,corporate
US984245AY67,corporate
US98424MAB90,corporate
US98425BAL09,corporate
US98425BAT35,corporate
US98459HAA05,corporate
US98459LAB99,corporate
US98459LAC72,corporate
US98459LAD55,corporate
US98462YAD22,corporate
US98462YAF79,corporate
US98752YAF60,corporate
US98752YAG44,corporate
US988498AD34,corporate
US988498AK76,corporate
US988498AN16,corporate
US988498AP63,corporate
US988498AR20,corporate
US98919VAC90,corporate
US98937LAA35,corporate
US98956PAB85,corporate
US98956PAG72,corporate
US98956PAT93,corporate
US98956PAV40,corporate
US98956PAX06,corporate
US98956PAZ53,corporate
US98956PBA93,corporate
US98956PBB76,corporate
US98956PBC59,corporate
US98971DAB64,corporate
US98971DAC48,corporate
US98971DAD21,corporate
US98971DAE04,corporate
US98971DAF78,corporate
US98978VAH69,corporate
US98978VAL71,corporate
US98978VAM54,corporate
US98978VAN38,corporate
US98978VAP85,corporate
US98978VAS25,corporate
US98978VAT08,corporate
US98978VAV53,corporate
US98978VAW37,corporate
US98978VAX10,corporate
US98980AAB17,corporate
US98980GAD43,corporate
USA08163AA41,corporate
USA18007AC71,corporate
USA35155AA77,corporate
USA35155AB50,corporate
USA35155AE99,corporate
USA4S42PAA32,corporate
USA8372TAC20,corporate
USA8372TAF50,corporate
USB5341FAB79,corporate
USB5341FAC52,corporate
USB5341FAD36,corporate
USB5341FAE19,corporate
USC02195AA00,corporate
USC0219CAC13,corporate
USC0219CAD95,corporate
USC0219CAH00,corporate
USC0219CAR81,corporate
USC04492AA97,corporate
USC0459MAB03,corporate
USC0574BAA64,corporate
USC0574BAH18,corporate
USC0787WAA39,corporate
USC07885AC77,corporate
USC07885AD50,corporate
USC07885AJ21,corporate
USC07885AL76,corporate
USC07885AM59,corporate
USC10602AJ68,corporate
USC10602BM88,corporate
USC10602BN61,corporate
USC10602BP10,corporate
USC10602BQ92,corporate
USC10602BS58,corporate
USC14467AA97,corporate
USC17988AA17,corporate
USC2147KAA00,corporate
USC23264AN15,corporate
USC23264AX96,corporate
USC23264AZ45,corporate
USC23264BC41,corporate
USC24285N843,corporate
USC2428PBN09,corporate
USC2428PBR13,corporate
USC2465CAC85,corporate
USC2670XAA75,corporate
USC3117MAA02,corporate
USC3314PAD80,corporate
USC3318LAD31,corporate
USC3318LAE14,corporate
USC3318LAF88,corporate
USC3328LAA73,corporate
USC33461AQ46,corporate
USC34201G610,corporate
USC34201MF48,corporate
USC34201UA68,corporate
USC3535CAP35,corporate
USC3535CAR90,corporate
USC35898AB82,corporate
USC36025AH49,corporate
USC36025AK77,corporate
USC39217AK79,corporate
USC39217AL52,corporate
USC39217AM36,corporate
USC39217AN19,corporate
USC39217AQ40,corporate
USC39296AA34,corporate
USC39555AE44,corporate
USC39555AJ31,corporate
USC39555AK04,corporate
USC4535AAC48,corporate
USC4R23YAZ16,corporate
USC4R803AG10,corporate
USC4R906AA53,corporate
USC5400RAG77,corporate
USC60191BF63,corporate
USC6681NAB58,corporate
USC67111AJ05,corporate
USC67111AK77,corporate
USC67111AL50,corporate
USC68012AF72,corporate
USC68012AG55,corporate
USC68012AH39,corporate
USC68012AJ94,corporate
USC68012AK67,corporate
USC6900PAF65,corporate
USC6900PAG49,corporate
USC6900PAJ87,corporate
USC6900PAL34,corporate
USC6900PAN99,corporate
USC6900QAA51,corporate
USC69798AJ27,corporate
USC69798AM55,corporate
USC69827AD28,corporate
USC71952AA08,corporate
USC7467XAH82,corporate
USC7923QAC27,corporate
USC7976PAC08,corporate
USC7976PAK24,corporate
USC79875AA54,corporate
USC8185KAB82,corporate
USC86068AC47,corporate
USC8692MAD68,corporate
USC8814PAG57,corporate
USC8888MBQ09,corporate
USC8888MTC21,corporate
USC8920GAA97,corporate
USC95808AC27,corporate
USC96225AD60,corporate
USC97643AA57,corporate
USC98874AE77,corporate
USC98874AJ64,corporate
USC98874AK38,corporate
USD1RA09AB94,corporate
USD2035MYV82,corporate
USD4000PAQ57,corporate
USD4000PAX09,corporate
USD4S46MLM53,government
USD5558XAA66,corporate
USE0351QAB89,corporate
USE0351QAC62,corporate
USE0R75QAA61,corporate
USE0R75RAB28,corporate
USE2428RAA35,corporate
USE2428RAG05,corporate
USE2428RAH87,corporate
USE2428RAN55,corporate
USE2428RAP04,corporate
USE4181LAA91,corporate
USE4181MAA74,corporate
USE7S78BAB82,corporate
USE7S78BAC65,corporate
USE90508AA52,corporate
USF0183JHQ79,corporate
USF0803NAD42,corporate
USF0803NAG72,corporate
USF0803NAK84,corporate
USF0803NAM41,corporate
USF0803NAP71,corporate
USF0803NAQ54,corporate
USF0803NAV40,corporate
USF0803NAW23,corporate
USF1067PAB25,corporate
USF1067PAC08,corporate
USF1067PAD80,corporate
USF1067PAE63,corporate
USF1067PAF39,corporate
USF1067PAG12,corporate
USF1067PAH94,corporate
USF1067PAJ50,corporate
USF1067PAK24,corporate
USF1067PAL07,corporate
USF11494BX20,corporate
USF11494BY03,corporate
USF11494BZ77,corporate
USF11494CB90,corporate
USF11494CC73,corporate
USF11494CE30,corporate
USF11494CF05,corporate
USF11494CH60,corporate
USF11494CK99,corporate
USF11494CN39,corporate
USF11494CP86,corporate
USF11494CQ69,corporate
USF11494CR43,corporate
USF11494CS26,corporate
USF12033TP59,corporate
USF1704TAC11,corporate
USF1886DAA03,corporate
USF1886DAB85,corporate
USF1R15XK771,corporate
USF1R15XK854,corporate
USF1R15XL274,corporate
USF1R15XL357,corporate
USF21107AB74,corporate
USF2280BAA47,corporate
USF2280BAC03,corporate
USF2893TAC02,corporate
USF2893TAE67,corporate
USF2893TAK28,corporate
USF2893TAL01,corporate
USF2893TAP15,corporate
USF2893TAQ97,corporate
USF2893TAR70,corporate
USF2893TAU00,corporate
USF2893TAV82,corporate
USF2893TBD75,corporate
USF2893TBE58,corporate
USF2893TBG07,corporate
USF2940EAC69,corporate
USF2940EAD43,corporate
USF2940EAE26,corporate
USF29416AB40,corporate
USF29416AC23,corporate
USF29416AD06,corporate
USF29416AF53,corporate
USF29416AG37,corporate
USF2941JAA81,corporate
USF2R125CE38,corporate
USF2R125CG85,corporate
USF2R125CJ25,corporate
USF2R125Q730,corporate
USF3445AS588,corporate
USF3445AYX01,corporate
USF507APAG60,corporate
USF507APAL55,corporate
USF5879XNZ70,corporate
USF6100PCP74,corporate
USF6456QAC62,corporate
USF6861DLG36,corporate
USF6861DLH19,corporate
USF6861DLJ74,corporate
USF6861DLK48,corporate
USF6861DLL21,corporate
USF7061BAP51,corporate
USF7629AJB47,corporate
USF7629AJC20,corporate
USF7629AJD03,corporate
USF8449EAA31,corporate
USF8500RAA08,corporate
USF8500RAC63,corporate
USF8500RAD47,corporate
USF8500RAE20,corporate
USF8500RAF94,corporate
USF85783AM44,corporate
USF8586CBQ45,corporate
USF8586CBU56,corporate
USF8600KAA46,corporate
USG0003GAA25,corporate
USG0003GAB08,corporate
USG00045AA56,corporate
USG0086CAE33,corporate
USG0086CAF08,corporate
USG00912AC21,corporate
USG00912AD04,corporate
USG0129KAJ37,corporate
USG0129KAK00,corporate
USG01340AD38,corporate
USG01719AP11,corporate
USG0398NZ620,corporate
USG0399BAA55,corporate
USG0399BAB39,corporate
USG0399BAC12,corporate
USG0446NAL85,corporate
USG0446NAP99,corporate
USG0446NAR55,corporate
USG0446NAS39,corporate
USG0446NAU84,corporate
USG0446NAV67,corporate
USG0446NAW41,corporate
USG0446NAX24,corporate
USG0446NAY07,corporate
USG0446NAZ71,corporate
USG0446NBA12,corporate
USG0446NBB94,corporate
USG0446NBC77,corporate
USG0446NBD50,corporate
USG04600AD78,corporate
USG0541QAB70,corporate
USG05891AL32,corporate
USG0686BAH27,corporate
USG0686BAM12,corporate
USG0686BAN94,corporate
USG0686BAP43,corporate
USG0686BAS81,corporate
USG0686BAT64,corporate
USG0686BAU38,corporate
USG0686BAV11,corporate
USG0686BAX76,corporate
USG0686BAY59,corporate
USG0686BBA64,corporate
USG0686BBB48,corporate
USG0686BBC21,corporate
USG06905AE66,corporate
USG07004AA50,corporate
USG0706JAB47,corporate
USG07540AB68,corporate
USG07540AC42,corporate
USG07540AD25,corporate
USG0756RBK44,corporate
USG0756RBT52,corporate
USG0R209AB68,corporate
USG0R4HJAD89,corporate
USG0R4HJAF38,corporate
USG10367AD52,government
USG10367AE36,government
USG10367AF01,government
USG10367AG83,government
USG10367AH66,government
USG11185AA61,corporate
USG1467FAH67,corporate
USG1467FAJ24,corporate
USG15820DX14,corporate
USG15820DY96,corporate
USG15820EA02,corporate
USG15820EB84,corporate
USG15914AA52,corporate
USG20038AA61,corporate
USG2071AAF78,corporate
USG2176DAA66,corporate
USG2176DAB40,corporate
USG2176UAA81,corporate
USG2176UAB64,corporate
USG2176WAB21,corporate
USG21776AA08,corporate
USG21776AB80,corporate
USG2177UAB55,corporate
USG2178XAC68,corporate
USG2179DAB13,corporate
USG21819AA80,corporate
USG21819AB63,corporate
USG2181LAA10,corporate
USG2181LAB92,corporate
USG2182GAB98,corporate
USG2182GAC71,corporate
USG21886AB53,corporate
USG21913AA93,corporate
USG2353WAB75,corporate
USG2440JAG07,corporate
USG2584CAB21,corporate
USG2584CAC04,corporate
USG2584CAD86,corporate
USG2584CAF35,corporate
USG2588BAA29,corporate
USG2957NAA93,corporate
USG2957NAD33,corporate
USG2957NAF80,corporate
USG3040LAB83,corporate
USG3066DAA75,corporate
USG3066LAF88,corporate
USG3075PAB79,corporate
USG315APAM05,corporate
USG3169MAA39,corporate
USG3257NAH91,corporate
USG35906AA76,corporate
USG37049AC03,corporate
USG37049AD85,corporate
USG371E72B25,corporate
USG3812BAB65,corporate
USG38327AD78,corporate
USG3925DAD24,corporate
USG3962JAC56,corporate
USG3R41AAB20,corporate
USG4023LAD31,corporate
USG4124CAA74,corporate
USG42045AC15,corporate
USG4289TAB91,corporate
USG4648GAA51,corporate
USG46715AC56,corporate
USG4672CAC94,corporate
USG471ABJ920,corporate
USG471ABNW61,corporate
USG471ABR287,corporate
USG471ABR360,corporate
USG471ABS921,corporate
USG471ABWD89,corporate
USG47718AH72,corporate
USG47718AK02,corporate
USG4772GAC99,corporate
USG4800DAA66,corporate
USG4923NAB40,corporate
USG49774AC90,corporate
USG5002FAM89,corporate
USG5002FAU06,corporate
USG5002FAV88,corporate
USG50882AA08,corporate
USG5265VAA10,corporate
USG53263AA01,corporate
USG53263AC66,corporate
USG53431AA32,corporate
USG53901AA58,corporate
USG54897AA45,corporate
USG54897AB28,corporate
USG5690PAC52,corporate
USG5690PAD36,corporate
USG5825AAC65,corporate
USG5825LAA64,corporate
USG59606AB29,corporate
USG59669AC89,corporate
USG59669AE46,corporate
USG59669AF11,corporate
USG59669AG93,corporate
USG59669AH76,corporate
USG59669AJ33,corporate
USG5975LAD85,corporate
USG5975LAE68,corporate
USG5975LAF34,corporate
USG5975LAK29,corporate
USG5S60PAC74,corporate
USG5S60PAE31,corporate
USG6211BAA82,corporate
USG6382G7N69,corporate
USG6382G7P18,corporate
USG6382G7Q90,corporate
USG6382G7R73,corporate
USG6382GWT59,corporate
USG6382GWU23,corporate
USG6382RGF94,corporate
USG6382RMP03,corporate
USG6382RMQ85,corporate
USG6382RQE10,corporate
USG6382RQG67,corporate
USG6382RQH41,corporate
USG6398ADE40,corporate
USG6398ADG97,corporate
USG6436QAP12,corporate
USG6436QAS50,corporate
USG6436QAU07,corporate
USG6436QAW62,corporate
USG6S94TAB96,corporate
USG6S94TAC79,corporate
USG6S94TAG83,corporate
USG7150PAA87,corporate
USG76237AC37,corporate
USG77265AA73,corporate
USG77636AE14,corporate
USG7777BAA29,corporate
USG7849KAB47,corporate
USG7849KAC20,corporate
USG8118LAA64,corporate
USG81877AD72,corporate
USG8189YAC87,corporate
USG8200QAC09,corporate
USG8200TAE04,corporate
USG8200VAB11,corporate
USG82016AD15,corporate
USG82016AL31,corporate
USG82016AP45,corporate
USG82016AS83,corporate
USG82016AT66,corporate
USG8201JAE13,corporate
USG8201NAC68,corporate
USG8201NAD42,corporate
USG82296AE72,corporate
USG82296AF48,corporate
USG82296AG21,corporate
USG82296AJ69,corporate
USG82296AK33,corporate
USG82296AL16,corporate
USG82296AM98,corporate
USG82296AN71,corporate
USG84228AT58,corporate
USG84228EP90,corporate
USG84228EV68,corporate
USG84228FJ22,corporate
USG84228FL77,corporate
USG84228FQ64,corporate
USG84228FV59,corporate
USG84228FY98,corporate
USG84228FZ63,corporate
USG84228GC69,corporate
USG84228GE26,corporate
USG84228GG73,corporate
USG84228GH56,corporate
USG84228GJ13,corporate
USG84228GP72,corporate
USG84228HA94,corporate
USG84228HJ04,corporate
USG8438NAB31,corporate
USG85160AA07,corporate
USG85381AG95,corporate
USG87621AL52,corporate
USG8962UAA37,corporate
USG90073AK68,corporate
USG90073AL42,corporate
USG90073AM25,corporate
USG9009LAA64,corporate
USG9066FAA96,corporate
USG91139AD00,corporate
USG91139AE82,corporate
USG91139AG31,corporate
USG91139AH14,corporate
USG91139AK43,corporate
USG91139AL26,corporate
USG9317UAD75,corporate
USG9363BAJ91,corporate
USG9363BAK64,corporate
USG93654AF17,corporate
USG9371KAC48,corporate
USG9371KAF78,corporate
USG9444PAD45,corporate
USG9444PAG75,corporate
USG9460GAC53,corporate
USG94A0BAA17,corporate
USG9508CAG99,corporate
USG95448AC32,corporate
USG98149AD29,corporate
USG98149AE02,corporate
USG98149AH33,corporate
USG98149AM28,corporate
USG98239AB55,corporate
USG9T27HAK06,corporate
USG9T27HAL88,corporate
USG9T27HAN45,corporate
USH3698DAR55,corporate
USH3698DBM59,corporate
USH3698DCW23,corporate
USH3698DDH47,corporate
USH3698DDN15,corporate
USH3698DDS02,corporate
USH3698DDW14,corporate
USH42097AZ05,corporate
USH42097CB19,corporate
USH42097CC91,corporate
USH42097CS44,corporate
USH42097CT27,corporate
USH42097CU99,corporate
USH42097DB00,corporate
USH42097DL81,corporate
USH42097DT18,corporate
USH42097EL72,corporate
USH42097EN39,corporate
USH42097EQ69,corporate
USH42097ER43,corporate
USH42097ES26,corporate
USH42097EU71,corporate
USH42097EV54,corporate
USH42097EW38,corporate
USH42097EX11,corporate
USH42097EY93,corporate
USH42097EZ68,corporate
USH42097FA09,corporate
USH42097FB81,corporate
USH42097FD48,corporate
USH42097FE21,corporate
USH42097FF95,corporate
USH42097FG78,corporate
USH42097FH51,corporate
USH42097FJ18,corporate
USH42097FK80,corporate
USH42097FL63,corporate
USH42097FM47,corporate
USH42097FN20,corporate
USH42097FP77,corporate
USH42097FQ50,corporate
USH42097FR34,corporate
USH42097FS17,corporate
USH42097FT99,corporate
USH42097FU62,corporate
USH42097FV46,corporate
USH4209UAC02,corporate
USJ0423YBR48,corporate
USJ1121LAA38,corporate
USJ12075AZ00,corporate
USJ12075BE61,corporate
USJ26989CA93,government
USJ27869BB13,corporate
USJ27869BC95,corporate
USJ27869BD78,corporate
USJ3343AAA54,corporate
USJ3343AAB38,corporate
USJ3979FCZ83,corporate
USJ41838AK95,corporate
USJ41838AP82,corporate
USJ43830FF00,corporate
USJ43830FJ22,corporate
USJ43830FR48,corporate
USJ43830FT04,corporate
USJ4509LBN04,corporate
USJ4517MAA74,corporate
USJ45187AR21,corporate
USJ45992RL07,corporate
USJ45992RM89,corporate
USJ45992RN62,corporate
USJ45992RQ93,corporate
USJ45992RS59,corporate
USJ45992XC34,corporate
USJ4881VAB39,corporate
USJ54675AZ63,corporate
USJ54675BA04,corporate
USJ54675BB86,corporate
USJ54675BD43,corporate
USJ57160CX92,corporate
USJ57160CY75,corporate
USJ57160CZ41,corporate
USJ57160DY66,corporate
USJ57160DZ32,corporate
USJ5901UAD49,corporate
USJ5901UCR17,corporate
USJ5903AAA28,corporate
USJ5S39RAD65,corporate
USJ5S39RAE49,corporate
USJ5S39RAK09,corporate
USJ5S39RAL81,corporate
USJ5S39RAN48,corporate
USJ5S39RAQ78,corporate
USJ5S39RAR51,corporate
USJ5S39RAS35,corporate
USJ5S39RAT18,corporate
USJ5S39RAU80,corporate
USJ5S39RAV63,corporate
USJ6354YAQ73,corporate
USJ6354YBL77,corporate
USJ6355LAD31,corporate
USJ64264AG96,corporate
USJ64264AK09,corporate
USJ6S87BAX69,corporate
USJ75963DB15,corporate
USJ75963DC97,corporate
USJ77549AC73,corporate
USJ77549AP86,corporate
USJ7771YNL76,corporate
USJ7771YSN87,corporate
USJ7771YSW86,corporate
USJ7771YSY43,corporate
USJ7771YTL13,corporate
USJ7771YTM95,corporate
USJ7771YTN78,corporate
USJ7771YTX50,corporate
USJ7771YTZ09,corporate
USJ7771YUA39,corporate
USJ7771YUF26,corporate
USJ7771YUJ48,corporate
USJ7771YUS47,corporate
USJ7771YUU92,corporate
USJ7771YUV75,corporate
USJ7771YVA20,corporate
USJ7771YVB03,corporate
USJ7771YVD68,corporate
USJ7772YAA40,corporate
USJ7823FDM52,corporate
USJ94303AJ36,corporate
USK0479SAF58,corporate
USK0479SAG32,corporate
USK3968JAB63,corporate
USL00849AB20,corporate
USL01343AA79,corporate
USL01343AB52,corporate
USL01343AE91,corporate
USL0178WAJ10,corporate
USL0183BAA90,corporate
USL0183EAA30,corporate
USL0183EAB13,corporate
USL0183LAA72,corporate
USL02232AA14,corporate
USL02668AA66,corporate
USL04168AA59,corporate
USL07120AB17,corporate
USL1567LAA19,corporate
USL1957QAG57,corporate
USL1957QAJ96,corporate
USL21779AJ97,corporate
USL21779AK60,corporate
USL21779AL44,corporate
USL2660VAA37,corporate
USL26915AA33,corporate
USL2967VCZ69,corporate
USL2967VED30,corporate
USL3500LAA72,corporate
USL40637AA56,corporate
USL40756AE57,corporate
USL40756AG06,corporate
USL40756AH88,corporate
USL4441RAL08,corporate
USL48008AB91,corporate
USL4R02QAA86,corporate
USL4R21XAA01,corporate
USL55906AA66,corporate
USL56608AV11,corporate
USL56608AW93,corporate
USL56900AD26,corporate
USL6264MAA47,corporate
USL626A6AA24,corporate
USL62788AE12,corporate
USL62788AF86,corporate
USL6364EAB94,corporate
USL6388GAB60,corporate
USL6388GHV51,corporate
USL6388GHX18,corporate
USL6388GJA96,corporate
USL6401PAJ23,corporate
USL6401PAM51,corporate
USL6401PAP82,corporate
USL65266AA36,corporate
USL65266AC91,corporate
USL65266AD74,corporate
USL6527FAE45,corporate
USL67359AA48,corporate
USL67359AB21,corporate
USL67359AC04,corporate
USL6S52VAA02,corporate
USL70906AA73,corporate
USL70906AB56,corporate
USL7151AAA45,corporate
USL7151AAC01,corporate
USL79090AC78,corporate
USL79090AD51,corporate
USL7909CAA55,corporate
USL7909CAC12,corporate
USL7909CAD94,corporate
USL7909CAE77,corporate
USL7909CAG26,corporate
USL7909CAJ64,corporate
USL7915RAA43,corporate
USL7915TAA09,corporate
USL7915TAC64,corporate
USL7915TAE21,corporate
USL7S61MAB59,corporate
USL7S62BAA03,corporate
USL8449RAA79,corporate
USL9326VAB29,corporate
USL9412AAA53,corporate
USL9412AAB37,corporate
USL95806AB88,corporate
USL96308AA64,corporate
USL9R621AA97,corporate
USM00020AA12,corporate
USM88269US88,government
USN01014AA24,corporate
USN02175AE23,corporate
USN02175AF97,corporate
USN0280EAR64,corporate
USN14506AA22,corporate
USN1453LAC20,corporate
USN15516AB83,corporate
USN15516AD40,corporate
USN15516AE23,corporate
USN15516AF97,corporate
USN15516AG70,corporate
USN15516AH53,corporate
USN15516AJ10,corporate
USN2557FFL33,corporate
USN27915AB85,corporate
USN27915AS11,corporate
USN3033QAU69,corporate
USN30706VD93,corporate
USN30706VE76,corporate
USN30707AC23,corporate
USN30707AE88,corporate
USN30707AL22,corporate
USN30707AP36,corporate
USN30707AQ19,corporate
USN30707AR91,corporate
USN30707AT57,corporate
USN30707AU21,corporate
USN30707AW86,corporate
USN30707AX69,corporate
USN3070QAF39,corporate
USN39427AR59,corporate
USN39427FV17,corporate
USN45780DA38,corporate
USN45780DB11,corporate
USN46850AA67,corporate
USN4776JAC10,corporate
USN5369RAB52,corporate
USN53766AA41,corporate
USN57445AA17,corporate
USN57445AB99,corporate
USN6000DAA11,corporate
USN6704RAK79,corporate
USN6945AAK36,corporate
USN6945AAL19,corporate
USN7163RAA16,corporate
USN7163RAD54,corporate
USN7163RAQ67,corporate
USN7163RAR41,corporate
USN7163RAW36,corporate
USN7163RAY91,corporate
USN7163RBG76,corporate
USN7163RBH59,corporate
USN78840AP58,corporate
USN8133NAA56,corporate
USN82008AF50,corporate
USN82008AL29,corporate
USN82008AZ15,corporate
USN82008BA54,corporate
USN82008BB38,corporate
USN84413CG11,corporate
USN84413CN61,corporate
USN9000TAC64,corporate
USN9000TAD48,corporate
USN9000TAE21,corporate
USN9042BAA90,corporate
USN97336AA49,corporate
USN9733XAA56,corporate
USN9836ZAA68,corporate
USN98371AC66,corporate
USN9T19KAA74,corporate
USN9T19KAD14,corporate
USN9T23TAA20,corporate
USP00173AA51,corporate
USP0091FAB50,corporate
USP0091LAA46,corporate
USP0091LAC02,corporate
USP0091LAD84,corporate
USP0091LAE67,corporate
USP0092AAF68,corporate
USP0092AAG42,corporate
USP0092MAF07,corporate
USP0092MAJ29,corporate
USP0100VAC74,corporate
USP01012AM84,government
USP01012AN67,government
USP01012AR71,government
USP01012AT38,government
USP01012BX31,government
USP01012CA29,government
USP01012CC84,government
USP01012CE41,government
USP01012CF16,government
USP01020AK52,corporate
USP0156PAC34,corporate
USP0161KEA71,corporate
USP01703AC49,corporate
USP01703AD22,corporate
USP04559BE29,corporate
USP04568AC88,corporate
USP0608AAB28,corporate
USP06518AC19,government
USP06518AE74,government
USP06518AG23,government
USP06518AH06,government
USP06518AL18,government
USP07409AC27,corporate
USP07760AH74,corporate
USP09252AM29,corporate
USP0929YAA49,corporate
USP09376DD69,corporate
USP0R11WAG52,corporate
USP0R12RAA88,corporate
USP0R60QAA15,corporate
USP0R66CAB48,corporate
USP0R80BAG79,corporate
USP1000CAE41,corporate
USP1027DHQ71,corporate
USP1047VAF42,corporate
USP1047VAL10,corporate
USP1047VAN75,corporate
USP12651AD05,corporate
USP1265VAD49,corporate
USP13296AM37,corporate
USP13435AC98,corporate
USP13435AF20,corporate
USP13435AG03,corporate
USP13435AH85,corporate
USP14008AC36,corporate
USP14008AE91,corporate
USP1400MAB48,corporate
USP1400MAC21,corporate
USP1400MAD04,corporate
USP1400MAE86,corporate
USP1400MAF51,corporate
USP1400MAG35,corporate
USP1401KAA99,corporate
USP1401KAB72,corporate
USP14519AA30,government
USP14519AB13,government
USP1507SAG23,corporate
USP1507SAL18,corporate
USP15383CD50,corporate
USP1559LAA72,corporate
USP16259AM84,corporate
USP16259AN67,corporate
USP17625AA59,government
USP17625AC16,government
USP17625AD98,government
USP17625AE71,government
USP1850NAA92,corporate
USP1850NAB75,corporate
USP1905CAJ91,corporate
USP1905CJX94,corporate
USP19118AA91,corporate
USP1913PAS04,corporate
USP1915AAA09,corporate
USP1926LAA37,corporate
USP1S81BAA64,corporate
USP1S81BAB48,corporate
USP1S81BAC21,corporate
USP1S8TDFJ81,corporate
USP2000GAA15,corporate
USP2000GAB97,corporate
USP2000TAA36,corporate
USP2000TAB19,corporate
USP2000TAE57,corporate
USP2000YAC86,corporate
USP20058AE63,corporate
USP2121VAM65,corporate
USP2121VAS36,corporate
USP2121VAT19,corporate
USP2121VAU81,corporate
USP2121VAV64,corporate
USP2121VAW48,corporate
USP2195VAP06,corporate
USP2195VAQ88,corporate
USP2195VAR61,corporate
USP2195VAS45,corporate
USP2195VBA28,corporate
USP2205JAL46,corporate
USP2205JAT71,corporate
USP2205JAX83,corporate
USP2253TJN02,corporate
USP2253TJQ33,corporate
USP2253TJR16,corporate
USP2253TJW01,corporate
USP2281VAA81,corporate
USP22835AB13,corporate
USP2316YAA12,corporate
USP2389CAA10,government
USP24038AA23,corporate
USP2550MAA29,corporate
USP26064AA66,corporate
USP2867KAK27,corporate
USP2867KAL00,corporate
USP2867KAM82,corporate
USP28768AC69,corporate
USP29595AD08,corporate
USP29595AE80,corporate
USP29595AF55,corporate
USP29595AG39,corporate
USP29853AA99,corporate
USP3012UAA45,corporate
USP30179AK43,corporate
USP30179AR95,corporate
USP30179BK34,corporate
USP30179BQ04,corporate
USP30179BR86,corporate
USP30179CQ94,corporate
USP30179CR77,corporate
USP3063DAC67,corporate
USP3063XAJ74,corporate
USP3067GAG66,corporate
USP3083SAD73,corporate
USP3083SAF22,corporate
USP3143NAG99,corporate
USP3143NAH72,corporate
USP3143NAQ71,corporate
USP3143NAS38,corporate
USP3143NAU83,corporate
USP3143NAY06,corporate
USP3143NAZ70,corporate
USP3143NBB93,corporate
USP3143NBE33,corporate
USP3143NBF08,corporate
USP3143NBH63,corporate
USP3143NBK92,corporate
USP3143NBM58,corporate
USP3143NBP89,corporate
USP3143NBQ62,corporate
USP3143NBR46,corporate
USP3143NBT02,corporate
USP3143NBV57,corporate
USP3143NBW31,corporate
USP3143NBZ61,corporate
USP3146DAA11,corporate
USP3146DAB93,corporate
USP3172AAA45,corporate
USP3172AAB28,corporate
USP31890AL30,government
USP31890AM13,government
USP32133CH47,corporate
USP3579EAG28,government
USP3579EAY34,government
USP3579EBV85,government
USP3579EBY25,government
USP3579ECB13,government
USP3579ECE51,government
USP3579ECF27,government
USP3579ECG00,government
USP3579ECH82,government
USP3579ECJ49,government
USP3579ECN50,government
USP3579ECP09,government
USP3579ECR64,government
USP3579ECS48,government
USP3579ECW59,government
USP3579ECX33,government
USP3579ECY16,government
USP3579ECZ80,government
USP3579EDA21,government
USP3579EDB04,government
USP3691NBL30,corporate
USP3691NBM13,corporate
USP3691NBN95,corporate
USP3697UAE84,corporate
USP3699PGF82,government
USP3699PGH49,government
USP3699PGJ05,government
USP3699PGK77,government
USP3710FAU86,corporate
USP3710FBA14,corporate
USP3710FBB96,corporate
USP37110AM89,corporate
USP37110AN62,corporate
USP37110AR76,corporate
USP37110AS59,corporate
USP37110AT33,corporate
USP37115AH81,corporate
USP3713QAA50,corporate
USP3717BAA46,corporate
USP37213AH17,corporate
USP37341AA50,government
USP3742RAW09,corporate
USP3742RAX81,corporate
USP37466AR35,government
USP37466AS18,government
USP3757EAA93,corporate
USP3757EAB76,corporate
USP3762TAA99,corporate
USP3762TAE12,corporate
USP3772WAK82,corporate
USP3772WAL65,corporate
USP37878AC26,government
USP37878AE81,government
USP37878AF56,government
USP3984LAA81,corporate
USP3R12FAC46,corporate
USP3R26HAA81,corporate
USP3R80FAA52,corporate
USP3R94GAY57,corporate
USP3R94GBM01,corporate
USP3R94GBP32,corporate
USP40692AA67,corporate
USP40692AB41,corporate
USP42009AE34,government
USP42009AF09,government
USP46214AK12,corporate
USP46214AM77,corporate
USP46756BQ76,corporate
USP47465AB82,corporate
USP47777AA86,corporate
USP47777AB69,corporate
USP47777AC43,corporate
USP48864AQ80,government
USP48864AS47,government
USP4909LAA81,corporate
USP4948KAH88,corporate
USP4948KAJ45,corporate
USP4949BAK00,corporate
USP4949BAP96,corporate
USP4955JAB46,corporate
USP4955JAC29,corporate
USP4R21KAA49,corporate
USP4R21KAB22,corporate
USP4R52QAC92,corporate
USP4R53VAA13,corporate
USP4R53VAB95,corporate
USP4R53VAC78,corporate
USP4R54KAA49,corporate
USP5015VAE67,government
USP5015VAG16,government
USP5015VAH98,government
USP5015VAJ54,government
USP5015VAK28,government
USP5015VAM83,government
USP5015VAN66,government
USP5015VAP15,government
USP5015VAQ97,government
USP5015VAR70,government
USP5015VAS53,government
USP5015VAT37,government
USP5015VAU00,government
USP5015VAV82,government
USP5041CAA47,corporate
USP5076HAA16,corporate
USP5178RAD00,government
USP5178RAE82,government
USP5178RAF57,government
USP5300PAB96,corporate
USP5300PAC79,corporate
USP53117AC40,corporate
USP55409AA77,corporate
USP55409AB50,corporate
USP55409AC34,corporate
USP56145AA66,corporate
USP56145AB40,corporate
USP56145AC23,corporate
USP56226AQ94,corporate
USP56226AV89,corporate
USP56236AB16,corporate
USP56243AE14,corporate
USP5625XAC85,corporate
USP5625XAD68,corporate
USP5626FAA05,corporate
USP5626NAA39,corporate
USP57908AE83,corporate
USP57908AF58,corporate
USP57908AH15,corporate
USP58072AL66,corporate
USP58072AS10,corporate
USP58072AT92,corporate
USP58072AX05,corporate
USP58072AY87,corporate
USP58072BA92,corporate
USP5817RAG04,corporate
USP58809BH95,corporate
USP58809BU07,corporate
USP5R70LAA96,corporate
USP6040KAC10,corporate
USP6040KAD92,corporate
USP60694AF68,corporate
USP62138AB13,corporate
USP62138AC95,corporate
USP6432AAA36,corporate
USP6480JAH07,government
USP66208AA02,corporate
USP6629MAA01,corporate
USP6629MAB83,corporate
USP6629MAC66,corporate
USP6629MAD40,corporate
USP6638MAB74,corporate
USP6680PAB78,corporate
USP6777MAA01,corporate
USP6777MAB83,corporate
USP6811TAB19,corporate
USP68290AA64,corporate
USP69895AB94,corporate
USP6S52BAA07,government
USP7000QAJ96,corporate
USP7000TAA27,corporate
USP7088CAC03,corporate
USP71340AD81,corporate
USP7354FAD89,corporate
USP7358RAD81,corporate
USP73906AA03,corporate
USP7464EAS56,corporate
USP7464EAT30,corporate
USP7464EAY25,corporate
USP75744AB11,government
USP75744AE59,government
USP75744AF25,government
USP75744AG08,government
USP75744AJ47,government
USP75744AK10,government
USP75744AL92,government
USP75744AN58,government
USP75744AS46,government
USP75744AT29,government
USP75744AU91,government
USP7721BAE13,corporate
USP7807HAQ85,corporate
USP7807HAR68,corporate
USP7808BAA54,corporate
USP7808BAB38,corporate
USP78625DD22,corporate
USP78625DV20,corporate
USP78625DW03,corporate
USP78625DY68,corporate
USP78625EA73,corporate
USP78625ED13,corporate
USP7865PAA41,corporate
USP79171AE79,government
USP79171AF45,government
USP79171AH01,government
USP7920RCL70,government
USP7922BAB47,corporate
USP7922DAB03,corporate
USP7923WAA91,corporate
USP7924AAA62,corporate
USP7924AAC29,corporate
USP7924AAD02,corporate
USP79849AE89,corporate
USP7S30QAA22,corporate
USP7S81YAC93,corporate
USP7S81YBJ38,corporate
USP7S81YBK01,corporate
USP8000LAA72,corporate
USP8000UAA71,corporate
USP8056GAB97,government
USP8405QAA78,corporate
USP84527AA17,corporate
USP87026AA16,corporate
USP87163AA27,corporate
USP8718AAL00,corporate
USP8718AAM82,corporate
USP8718AAN65,corporate
USP8718AAP14,corporate
USP8718AAQ96,corporate
USP8725GAB07,corporate
USP8803LAA63,corporate
USP8803LAB47,corporate
USP8T35JAP76,corporate
USP90187AR99,corporate
USP90187AT55,corporate
USP9028NBT74,corporate
USP9028NCA74,corporate
USP9028NCE96,corporate
USP90301AA32,corporate
USP90375AV12,corporate
USP91528AA03,government
USP9190PAG39,corporate
USP9190PAM07,corporate
USP93077AC28,corporate
USP9308RBA07,corporate
USP9308RBB89,corporate
USP9339SAS34,corporate
USP9367RAG67,corporate
USP9379RBA43,corporate
USP9379RBC09,corporate
USP93960AD76,government
USP93960AJ47,government
USP93960AL92,government
USP93960AM75,government
USP9400VAB73,corporate
USP9401CAA01,corporate
USP9401CAB83,corporate
USP9401JAA53,corporate
USP9401JAB37,corporate
USP9402MAA73,corporate
USP9402MAB56,corporate
USP9402MAC30,corporate
USP9402MAD13,corporate
USP9402MAE95,corporate
USP9434RAA88,corporate
USP9435AAA45,corporate
USP9659RAA60,corporate
USP9659RAB44,corporate
USP9659RAD00,corporate
USP9682PAA14,corporate
USP97475AG56,government
USP97475AN08,government
USP98047AD80,corporate
USP98047AE63,corporate
USP98088AA83,corporate
USP9883LAA72,corporate
USP9897PAS31,corporate
USP989MJBL47,corporate
USP989MJBN03,corporate
USP989MJBP50,corporate
USP989MJBS99,corporate
USP989MJBT72,corporate
USP989MJBU46,corporate
USP989MJBV29,corporate
USP989MJBY67,corporate
USQ0270AAA09,corporate
USQ0270AAB81,corporate
USQ0426RNF11,corporate
USQ0426YAV58,corporate
USQ0426YAY97,corporate
USQ0431LAA28,corporate
USQ0431LAB01,corporate
USQ04578AE25,corporate
USQ04578AG72,corporate
USQ0553JAA99,corporate
USQ0697CAD58,corporate
USQ0954PVM14,corporate
USQ0954PVP45,corporate
USQ0954PVQ28,corporate
USQ0954PVS83,corporate
USQ1003PAA95,corporate
USQ1269WAB11,corporate
USQ1269WAC93,corporate
USQ24249AA42,corporate
USQ2693DBV21,corporate
USQ2704MAA64,corporate
USQ2704MAD04,corporate
USQ2704MAH18,corporate
USQ2704MAL20,corporate
USQ2704MAM03,corporate
USQ2704MAN85,corporate
USQ2704MAP34,corporate
USQ2874LAB01,corporate
USQ3919KAM38,corporate
USQ3919KAN11,corporate
USQ3919KAP68,corporate
USQ3919KAQ42,corporate
USQ4935RAB08,corporate
USQ568A9SP31,corporate
USQ568A9SQ14,corporate
USQ568A9SR96,corporate
USQ568A9SS79,corporate
USQ568A9ST52,corporate
USQ568A9SU26,corporate
USQ57085HH03,corporate
USQ57085HJ68,corporate
USQ57085HK32,corporate
USQ60976AC35,corporate
USQ60976AD18,corporate
USQ6535DBH63,corporate
USQ6535DBR46,corporate
USQ6535DBT02,corporate
USQ6535DBV57,corporate
USQ6535DBZ61,corporate
USQ6535DCJ11,corporate
USQ6535DCL66,corporate
USQ6535DCM40,corporate
USQ6535DCP70,corporate
USQ6535DCR37,corporate
USQ6535DCS10,corporate
USQ6535DCT92,corporate
USQ66345AA95,corporate
USQ66345AB78,corporate
USQ66511AB43,corporate
USQ67949AD17,corporate
USQ6951UAA99,corporate
USQ7007NAB57,corporate
USQ7390AAB81,corporate
USQ7700PAA23,corporate
USQ82780AF65,corporate
USQ82780AG49,corporate
USQ8352BAC83,corporate
USQ9194UAW29,corporate
USQ9194UBC55,corporate
USQ98229AM12,corporate
USQ98229AN94,corporate
USR0139KAB63,corporate
USR0139KAF77,corporate
USR0139KAG50,corporate
USR0139KAJ99,corporate
USR0139KAL46,corporate
USR1655VAE85,corporate
USR1655VAG34,corporate
USR9138BAA00,corporate
USR9576ZAA68,corporate
USR9576ZAE80,corporate
USR9576ZAK41,corporate
USR9900CAR71,corporate
USR9900CAS54,corporate
USR9900CAT38,corporate
USU0018LAH34,corporate
USU0018YAE24,corporate
USU0018YAF98,corporate
USU0035LAA71,corporate
USU00406AA35,corporate
USU00434AG27,corporate
USU00434AH00,corporate
USU00445AE34,corporate
USU0044VAC01,corporate
USU0060VAC91,corporate
USU0073MAA81,corporate
USU0073MAB64,corporate
USU00742AB94,corporate
USU0080RAR13,corporate
USU0080UAC72,corporate
USU00813AC63,corporate
USU0088TAA61,corporate
USU00962AA56,corporate
USU01148AA02,corporate
USU01154AA86,corporate
USU0125LAE03,corporate
USU0126BAA99,corporate
USU0126BAB72,corporate
USU0126BAC55,corporate
USU0126BAD39,corporate
USU0126BAE12,corporate
USU01386AD00,corporate
USU01386AE82,corporate
USU0177PAD07,corporate
USU01797AM85,corporate
USU0188CAJ37,corporate
USU0188CAM65,corporate
USU0188CAN49,corporate
USU01979AG59,corporate
USU01979AH33,corporate
USU0201TAF76,corporate
USU0201TAK61,corporate
USU0203LAB19,corporate
USU02383AD68,corporate
USU02400AC01,corporate
USU02413AH27,corporate
USU0262AAA52,corporate
USU0300QAC07,corporate
USU03030AD22,corporate
USU03169AN64,corporate
USU0379NAA73,corporate
USU0380CAA81,corporate
USU0380KAA08,corporate
USU0389LAE12,corporate
USU03903AG31,corporate
USU0396HAA96,corporate
USU04010AA92,corporate
USU04010AF89,corporate
USU0401HAA24,corporate
USU04031AA55,corporate
USU04056AA22,corporate
USU04348AM75,corporate
USU04354AG82,corporate
USU04405AA12,corporate
USU0442LAA45,corporate
USU04503AD77,corporate
USU04503AG09,corporate
USU04553AA87,corporate
USU04665AA09,corporate
USU04665AB81,corporate
USU0479MAA81,corporate
USU0488KAA17,corporate
USU0489EAA48,corporate
USU04907AB48,corporate
USU0507PAE98,corporate
USU05247AE82,corporate
USU0536PAA22,corporate
USU0536PAJ31,corporate
USU0536PAK04,corporate
USU0536PAM69,corporate
USU0536PAQ73,corporate
USU05375AQ09,corporate
USU05375AS64,corporate
USU05375AT48,corporate
USU05375AU11,corporate
USU05375AV93,corporate
USU05375AX59,corporate
USU0538GAA05,corporate
USU0538GAB87,corporate
USU0550HAA15,corporate
USU0550HAB97,corporate
USU0551YAK11,corporate
USU0552RAA78,corporate
USU05638AC24,corporate
USU05638AD07,corporate
USU0568KAC00,corporate
USU0568KAD82,corporate
USU0568KAG14,corporate
USU06657AB37,corporate
USU06657AE75,corporate
USU0666HAA24,corporate
USU06865AA44,corporate
USU06930AA60,corporate
USU07229AB00,corporate
USU07264AH42,corporate
USU07264AJ08,corporate
USU07264AK70,corporate
USU07264AL53,corporate
USU07264AN10,corporate
USU07264AP67,corporate
USU07264AQ41,corporate
USU07264AR24,corporate
USU07264AS07,corporate
USU07265AF50,corporate
USU07265AG34,corporate
USU07265AH17,corporate
USU07265AR98,corporate
USU07265AS71,corporate
USU07265AU28,corporate
USU07265AV01,corporate
USU07265AX66,corporate
USU07265AY40,corporate
USU07265AZ15,corporate
USU07409AC68,corporate
USU07409AE25,corporate
USU0740LAH88,corporate
USU07798AA69,corporate
USU0856AAG41,corporate
USU0856AAH24,corporate
USU0856AAJ89,corporate
USU0877JAA35,corporate
USU08985AJ95,corporate
USU08985AL42,corporate
USU08985AN08,corporate
USU08985AP55,corporate
USU08985AQ39,corporate
USU0900UAC54,corporate
USU0901RAB34,corporate
USU0901RAC17,corporate
USU0901RAE72,corporate
USU09026AA02,corporate
USU0921NAA01,corporate
USU09254AC45,corporate
USU09254AD28,corporate
USU0925BAA27,corporate
USU0925BAC82,corporate
USU0925BAD65,corporate
USU0925BAH79,corporate
USU0925BAJ36,corporate
USU0925BAK09,corporate
USU0925QAB78,corporate
USU0925QAC51,corporate
USU0925QAE18,corporate
USU0926HBC35,corporate
USU0926MAA72,corporate
USU0926MAC39,corporate
USU0942DAH27,corporate
USU0942MAG43,corporate
USU0943HAA78,corporate
USU09513HC60,corporate
USU09513HK86,corporate
USU09513HS13,corporate
USU09513HW25,corporate
USU09513HY80,corporate
USU09513JC43,corporate
USU09513JG56,corporate
USU09513JK68,corporate
USU09513JL42,corporate
USU09513JQ39,corporate
USU09513JR12,corporate
USU09513JV24,corporate
USU09513JW07,corporate
USU09513JX89,corporate
USU09513KC24,corporate
USU09513KD07,corporate
USU09513KE89,corporate
USU09513KF54,corporate
USU09513KH11,corporate
USU09513KJ76,corporate
USU09513KK40,corporate
USU09513KL23,corporate
USU09513KM06,corporate
USU09513KU22,corporate
USU09513KV05,corporate
USU09513KW87,corporate
USU09513KX60,corporate
USU09513KZ19,corporate
USU09513LC15,corporate
USU09513LD97,corporate
USU09513LE70,corporate
USU09513LF46,corporate
USU0R49BAC08,corporate
USU1000LAA62,corporate
USU1000LAB46,corporate
USU1022EAF52,corporate
USU1056LAC55,corporate
USU1056LAE12,corporate
USU1056LAF86,corporate
USU1065PAA94,corporate
USU11016AA75,corporate
USU11016AC32,corporate
USU11016AD15,corporate
USU1109MAP15,corporate
USU1109MBA37,corporate
USU11147AC67,corporate
USU1221HAA87,corporate
USU1221JAB27,corporate
USU1230PAA94,corporate
USU1230PAB77,corporate
USU1230PAC50,corporate
USU1230PAD34,corporate
USU12501AR01,corporate
USU12501AV13,corporate
USU12501AY51,corporate
USU12501BA66,corporate
USU12501BD06,corporate
USU12501BH10,corporate
USU12501BL22,corporate
USU12501BN87,corporate
USU12501BP36,corporate
USU12501BQ19,corporate
USU12501BR91,corporate
USU12501BS74,corporate
USU12709AA67,corporate
USU1300RAJ15,corporate
USU1300RAL60,corporate
USU1301NAC49,corporate
USU1301NAD22,corporate
USU1303AAH96,corporate
USU1303AAK26,corporate
USU13077AS85,corporate
USU1309CAD84,corporate
USU13133AA87,corporate
USU13133AB60,corporate
USU13518AC64,corporate
USU13809AM78,corporate
USU1380MAA46,corporate
USU1390CAA46,corporate
USU13922AA41,corporate
USU14144AC07,corporate
USU14178EG57,corporate
USU14178EL43,corporate
USU14178ES95,corporate
USU14178EV25,corporate
USU14178EZ39,corporate
USU14178FB51,corporate
USU14178FG49,corporate
USU14178FJ87,corporate
USU14178FL34,corporate
USU14178FM17,corporate
USU14178FR04,corporate
USU1453NAA47,corporate
USU1468GAD61,corporate
USU1468GAK05,corporate
USU15118AD13,corporate
USU15118AE95,corporate
USU15307AD06,corporate
USU1566PAD79,corporate
USU1569XAB11,corporate
USU1569XAE59,corporate
USU1585LAA99,corporate
USU15921AA47,corporate
USU16109BD86,corporate
USU16109BE69,corporate
USU16309AH65,corporate
USU16309AJ22,corporate
USU16309AK94,corporate
USU16344AF72,corporate
USU16353AK73,corporate
USU1638HAB34,corporate
USU16708AK26,corporate
USU16708AM81,corporate
USU17127AX63,corporate
USU1714QAF10,corporate
USU17176AL91,corporate
USU17176AM74,corporate
USU1718RAD09,corporate
USU1718RAG30,corporate
USU1749LAF14,corporate
USU1800QAD17,corporate
USU18266AH62,corporate
USU18266AJ29,corporate
USU18266AK91,corporate
USU1828LAE84,corporate
USU1828LAF59,corporate
USU1828LAG33,corporate
USU18510AE44,corporate
USU1851TAE11,corporate
USU1851TAF85,corporate
USU18520AG81,corporate
USU1852LAL19,corporate
USU1852LAM91,corporate
USU1852LAN74,corporate
USU1852LAQ06,corporate
USU1852LAR88,corporate
USU1852LAS61,corporate
USU18898AA16,corporate
USU18898AB98,corporate
USU1900QAA68,corporate
USU19210AH34,corporate
USU19283AH02,corporate
USU19328AA89,corporate
USU19328AB62,corporate
USU20030AN99,corporate
USU2021FAC87,corporate
USU2038JAD91,corporate
USU2038JAE74,corporate
USU2043DAA10,corporate
USU2062LAA99,corporate
USU2100AAB53,corporate
USU2100VAA18,corporate
USU2100VAC73,corporate
USU2100VAG87,corporate
USU21180AG60,corporate
USU21180AH44,corporate
USU21180AJ00,corporate
USU22018AK86,corporate
USU22018AM43,corporate
USU22018AU68,corporate
USU22018AZ55,corporate
USU22018BC51,corporate
USU22018BF82,corporate
USU22018BG65,corporate
USU2203CAG60,corporate
USU2204NAA47,corporate
USU2206AAA08,corporate
USU2214LAB46,corporate
USU23325AB67,corporate
USU2339CCQ97,corporate
USU2339CDB10,corporate
USU2339CDU90,corporate
USU2339CDY13,corporate
USU2339CEB01,corporate
USU2340BAF41,corporate
USU2340BAG24,corporate
USU2340BAH07,corporate
USU2340BAM91,corporate
USU2340BAQ06,corporate
USU2340BAT45,corporate
USU2340BAW73,corporate
USU2340BAX56,corporate
USU2340BAY30,corporate
USU2340BAZ05,corporate
USU2340BBA45,corporate
USU2340BBB28,corporate
USU2340BBC01,corporate
USU2340BBD83,corporate
USU2340BBE66,corporate
USU2340BBF32,corporate
USU23536AA06,corporate
USU23536AB88,corporate
USU23888AE71,corporate
USU23888AF47,corporate
USU23888AH03,corporate
USU23888AJ68,corporate
USU23911AB34,corporate
USU2410DAB48,corporate
USU24442AE29,corporate
USU24463AA68,corporate
USU24570AC41,corporate
USU24570AF71,corporate
USU24652AU08,corporate
USU24652AW63,corporate
USU24789AF37,corporate
USU24789AG10,corporate
USU25319AA95,corporate
USU2541MAA81,corporate
USU2541MAC48,corporate
USU2541MAE04,corporate
USU2541MAG51,corporate
USU2542MAA72,corporate
USU25486AQ11,corporate
USU25650AA76,corporate
USU25783AJ77,corporate
USU25783AK41,corporate
USU2583JAA44,corporate
USU26469AA18,corporate
USU26469AB90,corporate
USU2648LAA27,corporate
USU2651NAA29,corporate
USU26723AB92,corporate
USU2689EAB66,corporate
USU26947AC26,corporate
USU26947AD09,corporate
USU26947AE81,corporate
USU2781AAA35,corporate
USU27827AA96,corporate
USU28361AA88,corporate
USU2884KAA70,corporate
USU29136AA31,corporate
USU2913CAA00,corporate
USU2915CAG51,corporate
USU2915CAH35,corporate
USU2915CAJ90,corporate
USU2916CAB55,corporate
USU29195AD36,corporate
USU29195AE19,corporate
USU29195AH40,corporate
USU2920WAA72,corporate
USU29298AD57,corporate
USU29298AE31,corporate
USU2936CAA37,corporate
USU2936CAB10,corporate
USU2936LAC91,corporate
USU2936LAD74,corporate
USU2947RAB51,corporate
USU2947RAD18,corporate
USU2947RAF65,corporate
USU29490AX42,corporate
USU29490BA30,corporate
USU2959EAA11,corporate
USU3000TAB36,corporate
USU30249AC72,corporate
USU3066PAA40,corporate
USU3133WAB64,corporate
USU3133WAG51,corporate
USU3135PAF00,corporate
USU3149FAA76,corporate
USU3149FAB59,corporate
USU3149FAD16,corporate
USU3154WAB01,corporate
USU31563AA47,corporate
USU3156NAB83,corporate
USU3156TAB53,corporate
USU3157AAB53,corporate
USU3157AAC37,corporate
USU3165HAA24,corporate
USU3168PAA13,corporate
USU3168PAB95,corporate
USU31745AA71,corporate
USU3190CAA28,corporate
USU3195CAB55,corporate
USU3195CAD12,corporate
USU3200VAA80,corporate
USU3200VAD20,corporate
USU3201HAA87,corporate
USU3232FAB32,corporate
USU3377HAA69,corporate
USU33791AB79,corporate
USU33791AC52,corporate
USU33791AD36,corporate
USU3458LAM38,corporate
USU3461LAD83,corporate
USU35914AA51,corporate
USU3618TAB71,corporate
USU3618TAD38,corporate
USU3618TAG68,corporate
USU3618TAH42,corporate
USU3618TAJ08,corporate
USU36547AF18,corporate
USU36547AG90,corporate
USU3700NAA10,corporate
USU37016AA70,corporate
USU37016AC37,corporate
USU37016AF67,corporate
USU3742LAC10,corporate
USU3742LAE75,corporate
USU37818AR97,corporate
USU37818AT53,corporate
USU37818AV00,corporate
USU37818AX65,corporate
USU37818BB37,corporate
USU37818BC10,corporate
USU37818BD92,corporate
USU37818BF41,corporate
USU37818BG24,corporate
USU37818BJ62,corporate
USU37818BK36,corporate
USU37818BL19,corporate
USU37818BM91,corporate
USU37818BN74,corporate
USU37818BQ06,corporate
USU37818BS61,corporate
USU37818BT45,corporate
USU37818BU18,corporate
USU37818BW73,corporate
USU37818BY30,corporate
USU37818BZ05,corporate
USU38265AA92,corporate
USU3826MAB01,corporate
USU3826PAA58,corporate
USU3826RAK96,corporate
USU38277AC05,corporate
USU3828QAA14,corporate
USU3829MAA90,corporate
USU3830AAB09,corporate
USU3906YAB75,corporate
USU4034QAE18,corporate
USU4053JAA17,corporate
USU41441AB92,corporate
USU41441AC75,corporate
USU41441AD58,corporate
USU41441AF07,corporate
USU4219PAF72,corporate
USU4232PAC78,corporate
USU4234PAD34,corporate
USU4248MAA00,corporate
USU4248TAA52,corporate
USU42511AH57,corporate
USU4260LAF41,corporate
USU42804AW13,corporate
USU42804AY78,corporate
USU4281PAD51,corporate
USU4281PAF00,corporate
USU4282DAA73,corporate
USU43279AH81,corporate
USU43279AJ48,corporate
USU43279AK11,corporate
USU43279AL93,corporate
USU43279AN59,corporate
USU4328RAF11,corporate
USU4328RAG93,corporate
USU4328RAH76,corporate
USU4328RAJ33,corporate
USU4328RAK06,corporate
USU4328RAL88,corporate
USU4328RAM61,corporate
USU4328RAN45,corporate
USU4328RAP92,corporate
USU4328TAB62,corporate
USU4329KAA61,corporate
USU4333TAA17,corporate
USU43781AE02,corporate
USU43781AF76,corporate
USU43781AG59,corporate
USU44259CA21,corporate
USU44276AK61,corporate
USU44276AL45,corporate
USU4434TAH42,corporate
USU44927BD96,corporate
USU4501WAH52,corporate
USU4501WAJ19,corporate
USU4501WAK81,corporate
USU4501WAM48,corporate
USU4501WAN21,corporate
USU4503MAA00,corporate
USU45049AF79,corporate
USU4504YAA39,corporate
USU45057AN37,corporate
USU45057AQ67,corporate
USU4505NAA64,corporate
USU45064AA74,corporate
USU4506JAA44,corporate
USU4524MAA54,corporate
USU4526LAG24,corporate
USU4526LAL19,corporate
USU45690AE15,corporate
USU45787AB12,corporate
USU45950AF68,corporate
USU45950AG42,corporate
USU46009AD51,corporate
USU46009AG82,corporate
USU46009AH65,corporate
USU46009AJ22,corporate
USU46009AK94,corporate
USU46009AL77,corporate
USU46009AM50,corporate
USU46009AN34,corporate
USU46013AA33,corporate
USU4608DAB20,corporate
USU46092AA78,corporate
USU46093AG22,corporate
USU46093AK34,corporate
USU4609CAF42,corporate
USU4866DAC75,corporate
USU49467AA87,corporate
USU49467AB60,corporate
USU49486AA84,corporate
USU49487AA67,corporate
USU4948XAA91,corporate
USU49495AA91,corporate
USU4984RAE90,corporate
USU4R90AAB46,corporate
USU4R90AAD02,corporate
USU5007TAB18,corporate
USU5007TAD73,corporate
USU5007TAE56,corporate
USU5010CAA54,corporate
USU51407AE17,corporate
USU5140GAA95,corporate
USU5140LAB63,corporate
USU52503AB29,corporate
USU5256PAC50,corporate
USU5256PAD34,corporate
USU5256PAE17,corporate
USU52783BL76,corporate
USU52783BQ63,corporate
USU52799BE93,corporate
USU5286JAD10,corporate
USU52902AC41,corporate
USU52902AD24,corporate
USU52932BB29,corporate
USU52932BL01,corporate
USU52932BN66,corporate
USU52932BT37,corporate
USU53039AJ97,corporate
USU53039AN00,corporate
USU53203AC60,corporate
USU5324NAA29,corporate
USU5324YAA83,corporate
USU53737AC32,corporate
USU53737AD15,corporate
USU53737AE97,corporate
USU53897AH41,corporate
USU53897AJ07,corporate
USU5462TAE39,corporate
USU5462TAF04,corporate
USU54639AB22,corporate
USU54639AE60,corporate
USU54639AF36,corporate
USU54639AG19,corporate
USU54985AA15,corporate
USU5521TAE20,corporate
USU5521TAG77,corporate
USU5521TAH50,corporate
USU5521TAK89,corporate
USU5521TAL62,corporate
USU55288AB72,corporate
USU5561TAA17,corporate
USU5562LAE93,corporate
USU5562LAF68,corporate
USU5562LAH25,corporate
USU5562LAJ80,corporate
USU5562LAK53,corporate
USU56321AB53,corporate
USU5649LAA45,corporate
USU5649LAB28,corporate
USU5649LAC01,corporate
USU5649LAD83,corporate
USU57149AE33,corporate
USU57149AF08,corporate
USU57346AB11,corporate
USU57346AC93,corporate
USU57346AD76,corporate
USU57346AK10,corporate
USU57346AP07,corporate
USU57346AQ89,corporate
USU57346AR62,corporate
USU57346AT29,corporate
USU57346AU91,corporate
USU57346AV74,corporate
USU57346AW57,corporate
USU57346AX31,corporate
USU57346AY14,corporate
USU5739PAA67,corporate
USU57467AD12,corporate
USU5756WAQ43,corporate
USU57576AF42,corporate
USU5759TAC90,corporate
USU57619AE59,corporate
USU57619AG08,corporate
USU57631AF78,corporate
USU57634AA21,corporate
USU57634AB04,corporate
USU5763HAE54,corporate
USU5763PAB32,corporate
USU5763PAC15,corporate
USU5763PAD97,corporate
USU5763PAE70,corporate
USU5764AAB53,corporate
USU5876JAG05,corporate
USU5876JAL99,corporate
USU5876JAM72,corporate
USU5876JAQ86,corporate
USU5876JAR69,corporate
USU5876JAS43,corporate
USU5876JAU98,corporate
USU5876JAX38,corporate
USU5876JBA26,corporate
USU5876JBB09,corporate
USU5876JBC81,corporate
USU5876JBD64,corporate
USU5876JBE48,corporate
USU5876JBF13,corporate
USU5876JBG95,corporate
USU5876JBH78,corporate
USU5876JBR50,corporate
USU5876JBS34,corporate
USU5876JBT17,corporate
USU5876JBU89,corporate
USU5876JBV62,corporate
USU58913AA96,corporate
USU59020AA29,corporate
USU5919UAF67,corporate
USU59224AA07,corporate
USU5922DDT64,corporate
USU5922DEF51,corporate
USU5922DEP34,corporate
USU5922DEX67,corporate
USU5922DEY41,corporate
USU5933QAB69,corporate
USU5935PAA85,corporate
USU5S63AAA55,corporate
USU6054JAA52,corporate
USU60712AA12,corporate
USU6071MAA72,corporate
USU6071MAB55,corporate
USU6075QAD89,corporate
USU60868AC79,corporate
USU60868AD52,corporate
USU60868AE36,corporate
USU60868AG83,corporate
USU61070AG02,corporate
USU61070AJ41,corporate
USU61734AB21,corporate
USU62024AA94,corporate
USU6203KAG95,corporate
USU6203WAA63,corporate
USU6203WAB47,corporate
USU62886AL72,corporate
USU62886AN39,corporate
USU6295YAP89,corporate
USU6295YAQ62,corporate
USU63012AD77,corporate
USU6302AAA44,corporate
USU6375WAD21,corporate
USU63768AB83,corporate
USU6377MAA81,corporate
USU64059AA31,corporate
USU64059AD79,corporate
USU6408XAK55,corporate
USU6408XAL39,corporate
USU6408XAM12,corporate
USU6408XAN94,corporate
USU6408XAP43,corporate
USU6408XAQ26,corporate
USU64106AZ76,corporate
USU64106CA08,corporate
USU64106CB80,corporate
USU6413EAD68,corporate
USU6415RAF02,corporate
USU64952AC52,corporate
USU64959BT22,corporate
USU64959BU94,corporate
USU64959CU85,corporate
USU64959DD51,corporate
USU64962AG56,corporate
USU64962AH30,corporate
USU64962AK68,corporate
USU64962AL42,corporate
USU6500TAB18,corporate
USU6500TAH87,corporate
USU6510BAA09,corporate
USU65354AH25,corporate
USU65354AK53,corporate
USU65354AQ24,corporate
USU65354AR07,corporate
USU65354AU36,corporate
USU6536EAC04,corporate
USU65478BV76,corporate
USU6547TAC46,corporate
USU6547TAD29,corporate
USU6547TAE02,corporate
USU6547TAF76,corporate
USU6547TAG59,corporate
USU6547TAH33,corporate
USU6547TAJ98,corporate
USU6547TAK61,corporate
USU6547TAL45,corporate
USU66499AF88,corporate
USU66499AG61,corporate
USU66631AA74,corporate
USU66646AB35,corporate
USU66646AC18,corporate
USU66646AD90,corporate
USU66647AA35,corporate
USU66962AQ18,corporate
USU66962AS73,corporate
USU66962AU20,corporate
USU66962AV03,corporate
USU66962AW85,corporate
USU66962AX68,corporate
USU66962AY42,corporate
USU66962BB30,corporate
USU66962BC13,corporate
USU66962BD95,corporate
USU66962BF44,corporate
USU66962BG27,corporate
USU66962BH00,corporate
USU66962BJ65,corporate
USU66962BK39,corporate
USU66962BL12,corporate
USU66962BM94,corporate
USU6700TAC72,corporate
USU6700TAF04,corporate
USU6768CAG43,corporate
USU6775MAD03,corporate
USU67959AB91,corporate
USU68195AA11,corporate
USU68279AT27,corporate
USU6830PAA22,corporate
USU6831VAA80,corporate
USU68336AG80,corporate
USU68337AN15,corporate
USU68337AP62,corporate
USU6835WAA28,corporate
USU6835WAB01,corporate
USU6836MAB10,corporate
USU6837AAA89,corporate
USU6837GAA59,corporate
USU6840PAA04,corporate
USU69452AA58,corporate
USU69452AC15,corporate
USU6949NAB39,corporate
USU6949NAD94,corporate
USU6952FAB41,corporate
USU69869AA06,corporate
USU69875AA73,corporate
USU6S68YAE81,corporate
USU6S68YAF56,corporate
USU6S68YAJ78,corporate
USU6S68YAK42,corporate
USU7000RAF92,corporate
USU70453AG75,corporate
USU70453AH58,corporate
USU70453AJ15,corporate
USU7089FAC69,corporate
USU7089FAD43,corporate
USU7089FAG73,corporate
USU7089FAH56,corporate
USU7089FAJ13,corporate
USU71000AQ38,corporate
USU71000BE98,corporate
USU71000BM15,corporate
USU71355AE82,corporate
USU71355AF57,corporate
USU7135VAA99,corporate
USU7135VAC55,corporate
USU7136QAA95,corporate
USU71500AA72,corporate
USU71896AA90,corporate
USU71907AA48,corporate
USU7250JAB36,corporate
USU7260AAA26,corporate
USU72644AA28,corporate
USU7265LAA36,corporate
USU7318UAQ59,corporate
USU7318UAT98,corporate
USU7318UAV45,corporate
USU7318UAW28,corporate
USU7318UAY83,corporate
USU7404UAA52,corporate
USU74078BZ52,corporate
USU74078CC58,corporate
USU74078CD32,corporate
USU74078CG62,corporate
USU74078CH46,corporate
USU74078CL57,corporate
USU74078CM31,corporate
USU74078CP61,corporate
USU74078CS01,corporate
USU74078CT83,corporate
USU74078CU56,corporate
USU74078CV30,corporate
USU74078CW13,corporate
USU74078CY78,corporate
USU74079AN15,corporate
USU74079AQ46,corporate
USU7410FAJ13,corporate
USU7410WAD75,corporate
USU7415PAG01,corporate
USU7415QAA14,corporate
USU7430LAE57,corporate
USU7431HAC70,corporate
USU7431HAD53,corporate
USU7467RAA69,corporate
USU7468CAA81,corporate
USU7468CAB64,corporate
USU7471QAJ32,corporate
USU7487UAA52,corporate
USU7491JAA44,corporate
USU75000AN65,corporate
USU75000BL90,corporate
USU75000BP05,corporate
USU75000BV72,corporate
USU75000BW55,corporate
USU75000BX39,corporate
USU75000CF14,corporate
USU75000CG96,corporate
USU75000CH79,corporate
USU75000CJ36,corporate
USU75000CL81,corporate
USU75000CM64,corporate
USU75000CP95,corporate
USU75000CQ78,corporate
USU75000CT18,corporate
USU75000CU80,corporate
USU75000CV63,corporate
USU7501MAB38,corporate
USU7501WAA37,corporate
USU7502FAA94,corporate
USU7504AAA89,corporate
USU75065AA70,corporate
USU75065AB53,corporate
USU75065AC37,corporate
USU75065AD10,corporate
USU75065AE92,corporate
USU7507LAB90,corporate
USU7507WAC39,corporate
USU7507WAD12,corporate
USU7507WAE94,corporate
USU7507WAF69,corporate
USU75082AA20,corporate
USU75111AJ00,corporate
USU75111AL55,corporate
USU75295AN28,corporate
USU7530NAA82,corporate
USU75355AJ39,corporate
USU7536YAA83,corporate
USU7603CAA46,corporate
USU7603CAB29,corporate
USU7603CAC02,corporate
USU76198AA52,corporate
USU76198AB36,corporate
USU76198AC19,corporate
USU76453AG15,corporate
USU76664AA65,corporate
USU76673AC39,corporate
USU77434AA39,corporate
USU77434AF26,corporate
USU77796AA56,corporate
USU77796AC13,corporate
USU79630AF32,corporate
USU7966KAA70,corporate
USU8035UAC63,corporate
USU8066LAF14,corporate
USU8066LAH79,corporate
USU8066LAK09,corporate
USU8066LAL81,corporate
USU8066LAM64,corporate
USU8066LAN48,corporate
USU8066LAP95,corporate
USU8068MAB64,corporate
USU8069CAB73,corporate
USU81257AA27,corporate
USU8148PAJ67,corporate
USU81516AB98,corporate
USU81522AD31,corporate
USU81522AE14,corporate
USU81522AF88,corporate
USU81522AG61,corporate
USU8164VAA18,corporate
USU81700AA12,corporate
USU81700AB94,corporate
USU81972AC29,corporate
USU82107AB67,corporate
USU8215LAA27,corporate
USU8215PAA31,corporate
USU8275QAK68,corporate
USU8275QAN08,corporate
USU82764AM01,corporate
USU82764AQ15,corporate
USU82764AS70,corporate
USU82764AT53,corporate
USU82764AU27,corporate
USU82764AV00,corporate
USU8276BAA09,corporate
USU8277BAA99,corporate
USU8302LAD02,corporate
USU8302LAJ71,corporate
USU8302LAL28,corporate
USU8302WAK00,corporate
USU8302WAL82,corporate
USU8302WAM65,corporate
USU83037AD01,corporate
USU83067AL95,corporate
USU83067AM78,corporate
USU83067AN51,corporate
USU83223AK06,corporate
USU83223AM61,corporate
USU83223AN45,corporate
USU83223AP92,corporate
USU83274AA55,corporate
USU8336LAB46,corporate
USU8336LAC29,corporate
USU83415AA48,corporate
USU8344AAA08,corporate
USU8344PAE98,corporate
USU83546AK48,corporate
USU83574AF73,corporate
USU8357XAD85,corporate
USU8358AAA35,corporate
USU83595AC97,corporate
USU85223AE25,corporate
USU85223AF99,corporate
USU85238AA89,corporate
USU85254AH08,corporate
USU8526DAB20,corporate
USU8526DAC03,corporate
USU8528KAA61,corporate
USU8531HAB60,corporate
USU8531HAC44,corporate
USU8531HAD27,corporate
USU8531HAE00,corporate
USU85343AD05,corporate
USU85343AJ74,corporate
USU85343AK48,corporate
USU85440AF96,corporate
USU85440AH52,corporate
USU85539AA93,corporate
USU85656AJ26,corporate
USU85656AK98,corporate
USU8585EAA02,corporate
USU8585EAB84,corporate
USU85861AA75,corporate
USU85861AB58,corporate
USU85861AD15,corporate
USU85861AE97,corporate
USU85861AK57,corporate
USU85861AL31,corporate
USU85861AM14,corporate
USU8586FAA67,corporate
USU8586FAB41,corporate
USU8586FAD07,corporate
USU8586FAE89,corporate
USU85969AF71,corporate
USU8596HAA06,corporate
USU8600AAE11,corporate
USU8601TAC37,corporate
USU86039AB79,corporate
USU86043AJ26,corporate
USU86043AK98,corporate
USU86057AA10,corporate
USU86610AB50,corporate
USU8675JAA08,corporate
USU8675JAB80,corporate
USU8675JAC63,corporate
USU8675JAD47,corporate
USU8675JAF94,corporate
USU8675JAG77,corporate
USU8675JAL62,corporate
USU86786AD98,corporate
USU8681CAB55,corporate
USU8729LAC73,corporate
USU87602AV70,corporate
USU87602AW53,corporate
USU87602AY10,corporate
USU87602BA25,corporate
USU8760NAB56,corporate
USU8760NAF60,corporate
USU8761TAE56,corporate
USU87934AB81,corporate
USU8801TAD91,corporate
USU8801TAE74,corporate
USU88030BP28,corporate
USU88030BQ01,corporate
USU88037AH63,corporate
USU88086AB69,corporate
USU88125AD86,corporate
USU8841RAB97,corporate
USU8882PAA58,corporate
USU8936PAX16,corporate
USU8936PBA04,corporate
USU8936PBB86,corporate
USU8936PBC69,corporate
USU8936PBE26,corporate
USU8936PBF90,corporate
USU8936PBG73,corporate
USU8936PBH56,corporate
USU89389AA54,corporate
USU89389AB38,corporate
USU89616AE30,corporate
USU8962LAA71,corporate
USU8969QAD35,corporate
USU8T82TAA40,corporate
USU9001AAA26,corporate
USU9029YAG53,corporate
USU9033CAD49,corporate
USU9033UAE20,corporate
USU9034PAA04,corporate
USU90375AC72,corporate
USU90375AD55,corporate
USU90375AE39,corporate
USU90375AF04,corporate
USU90375AG86,corporate
USU90921AG93,corporate
USU9094LAD02,corporate
USU90984AG71,corporate
USU9098VAP77,corporate
USU9100BAA09,corporate
USU91139AJ13,corporate
USU91139AK85,corporate
USU91139AL68,corporate
USU9118RAC17,corporate
USU9118RAD99,corporate
USU91458AA49,corporate
USU91505AQ77,corporate
USU91505AW46,corporate
USU91505AZ76,corporate
USU9155TAC19,corporate
USU91913AA89,corporate
USU91913AB62,corporate
USU91913AC46,corporate
USU91913AE02,corporate
USU91919AA59,corporate
USU92147AE40,corporate
USU9220MAA19,corporate
USU9220MAB91,corporate
USU9220MAC74,corporate
USU9220MAD57,corporate
USU9220NAB74,corporate
USU9220NAC57,corporate
USU9220NAD31,corporate
USU9220NAH45,corporate
USU92222AE55,corporate
USU92222AH86,corporate
USU9222UAB99,corporate
USU9223QAA95,corporate
USU92244AA79,corporate
USU92266AA07,corporate
USU9226VAD92,corporate
USU9226VAE75,corporate
USU9226VAF41,corporate
USU9226VAH07,corporate
USU9226VAM91,corporate
USU9226VAN74,corporate
USU9226VAR88,corporate
USU9226VAS61,corporate
USU9226VAT45,corporate
USU9226VAU18,corporate
USU9226VAY30,corporate
USU9226VAZ05,corporate
USU9226VBA45,corporate
USU9226VBB28,corporate
USU9226VBC01,corporate
USU92272AA82,corporate
USU9227CAA63,corporate
USU9229LAA45,corporate
USU92728AA90,corporate
USU9273ACK98,corporate
USU9273ACX10,corporate
USU9273ADB80,corporate
USU9273ADF94,corporate
USU9273ADL62,corporate
USU9273ADM46,corporate
USU9273ADR33,corporate
USU9273ADS16,corporate
USU9273ADT98,corporate
USU9273ADW28,corporate
USU9273ADX01,corporate
USU9273ADY83,corporate
USU9273AEB71,corporate
USU9273AEC54,corporate
USU9273AED38,corporate
USU9273AEG68,corporate
USU9273AEJ08,corporate
USU9273AEK70,corporate
USU9273AEM37,corporate
USU9273AEN10,corporate
USU9273AEX91,corporate
USU9273AEY74,corporate
USU9291PAD25,corporate
USU92928AB30,corporate
USU92928AC13,corporate
USU9300LAA62,corporate
USU9338EAA83,corporate
USU94217AC76,corporate
USU94217AD59,corporate
USU94226AC83,corporate
USU94299AD35,corporate
USU94303AD39,corporate
USU94303AE12,corporate
USU94303AF86,corporate
USU94783AB06,corporate
USU94877AA20,corporate
USU9598QAA68,corporate
USU9598QAB42,corporate
USU96089AH71,corporate
USU96089AJ38,corporate
USU96089AK01,corporate
USU96089AL83,corporate
USU9633LAA45,corporate
USU9633LAB28,corporate
USU9697NAE59,corporate
USU9700AAA61,corporate
USU9701DAB74,corporate
USU9701PAA22,corporate
USU97128AP49,corporate
USU97128AR05,corporate
USU97128AU34,corporate
USU97907AA43,corporate
USU98323AB12,corporate
USU98347AL87,corporate
USU98354AA80,corporate
USU98354AC47,corporate
USU98354AE03,corporate
USU9839JAA17,corporate
USU98401AB58,corporate
USU98401AE97,corporate
USU9840LAA36,corporate
USU9840LAB19,corporate
USU9840VAK99,corporate
USU9840YAB30,corporate
USU9841NAP51,corporate
USU9841NAQ35,corporate
USU98737AG17,corporate
USU98737AH99,corporate
USU98737AJ55,corporate
USU9887UAA70,corporate
USU9895LAA71,corporate
USU9900PAA13,corporate
USU9T71RAB76,corporate
USU9T83JAB15,corporate
USU9T83JAD70,corporate
USU9T83JAE53,corporate
USU9T83JAJ41,corporate
USU9T83JAL96,corporate
USV2754PAA22,corporate
USV3855MAA54,corporate
USV4605MAA63,corporate
USV4819LAA09,corporate
USV7780TAE39,corporate
USV7780TAH69,corporate
USV7780TAN38,corporate
USV7780TAP85,corporate
USV7780TAQ68,corporate
USW3R27CAD47,corporate
USW8454EAU20,corporate
USW8454EAV03,corporate
USW8454EAW85,corporate
USW8454EAY42,corporate
USW94239AF24,corporate
USW9423AAD47,corporate
USW9423BAA80,corporate
USW9423BAB63,corporate
USX10001AB51,corporate
USX10001AC35,corporate
USX10001AD18,corporate
USX10001AE90,corporate
USX10001AF65,corporate
USX60003AA22,corporate
USX60003AB05,corporate
USX60003AD60,corporate
USX60003AE44,corporate
USX6000AAA61,corporate
USX6000LAD65,corporate
USX6000LAE49,corporate
USX6000LAG96,corporate
USX9518SAB44,corporate
USX9816MAA81,corporate
USX9816MAB64,corporate
USY000AKAD95,government
USY000AKAF44,government
USY000AKAK39,government
USY000AKAL12,government
USY000AKAM94,government
USY00130RP42,corporate
USY00130VS35,corporate
USY00130XS17,corporate
USY00130YU53,corporate
USY0606WBQ25,corporate
USY0606WBZ24,corporate
USY0606WCA63,corporate
USY0606WCD03,corporate
USY0606WCE85,corporate
USY06072AF24,corporate
USY06072AH89,corporate
USY0616GAA14,corporate
USY0889VAC47,corporate
USY1001PAA22,corporate
USY2056PAJ58,government
USY2350DAF34,corporate
USY2350DAG17,corporate
USY2350DER36,corporate
USY2387VAB90,government
USY2387VAC73,government
USY2700RAA06,corporate
USY27906AD16,corporate
USY29011DG83,corporate
USY29011DM51,corporate
USY2R40TAB40,corporate
USY3004DAD67,corporate
USY3004DAE41,corporate
USY3004WAA00,corporate
USY306AXAD26,corporate
USY306AXAL42,corporate
USY3422VCX48,government
USY3815NAZ43,corporate
USY3815NBG52,corporate
USY3815NBH36,corporate
USY3815NBK64,corporate
USY38604AA52,corporate
USY38604AB36,corporate
USY3R78RMD40,corporate
USY3R78RMP79,corporate
USY44680RV38,corporate
USY44680RW11,corporate
USY4470XAA10,corporate
USY4760JAD55,corporate
USY48406BA27,corporate
USY4841MW395,government
USY4841MWE56,government
USY4841PAD43,government
USY4841PAE26,government
USY4872ATJ60,corporate
USY48861DC21,corporate
USY48861DE86,corporate
USY48861DF51,corporate
USY4899GFA68,corporate
USY4899GGX52,corporate
USY4899GHF38,corporate
USY4907LAD48,corporate
USY4907LAF95,corporate
USY4907LAJ18,corporate
USY4907LAP77,corporate
USY4907LAU62,corporate
USY4938AAK52,corporate
USY4938AAL36,corporate
USY49915BC76,corporate
USY49915BF08,corporate
USY4S71YAA27,corporate
USY50800AA26,corporate
USY51478AA66,corporate
USY5257YAJ65,corporate
USY5257YAL12,corporate
USY5257YAM94,corporate
USY52758AF94,corporate
USY56616AA68,corporate
USY5749NAA55,corporate
USY5749NAB39,corporate
USY59500AA95,corporate
USY5951MAA00,corporate
USY5S5CGAA01,corporate
USY5S5CGAK82,corporate
USY5S5CGAL65,corporate
USY5S5CGAM49,corporate
USY5S5CGAN22,corporate
USY5S5CGAP79,corporate
USY5S5CGAQ52,corporate
USY5S5CGAR36,corporate
USY5S5CGAS19,corporate
USY5S5CGAT91,corporate
USY5S5CGAU64,corporate
USY5S5CGAV48,corporate
USY5S80VAB27,corporate
USY6080GAB33,corporate
USY6396XAF60,corporate
USY6396XAM12,corporate
USY68851AK32,corporate
USY68856AV83,corporate
USY68856BD76,corporate
USY68856BE59,corporate
USY68856BF25,corporate
USY6886MAC48,corporate
USY6972HLP91,government
USY70750CB13,corporate
USY70750CC95,corporate
USY71247AA15,corporate
USY7133MAB55,corporate
USY7140WAC20,corporate
USY7140WAD03,corporate
USY7140WAF50,corporate
USY7140WAG34,corporate
USY7141BAA18,corporate
USY7141BAB90,corporate
USY7141BAC73,corporate
USY7150KAA98,corporate
USY7150MAE76,corporate
USY7150MAF42,corporate
USY7150MAG25,corporate
USY71548BZ60,corporate
USY72570AM99,corporate
USY72570AN72,corporate
USY72570AR86,corporate
USY72570AS69,corporate
USY72570AU16,corporate
USY7279WAA90,corporate
USY7280PAA13,corporate
USY72910AA35,corporate
USY7389MAA81,corporate
USY75638AF67,corporate
USY77108AA93,corporate
USY77108AD33,corporate
USY77108AF80,corporate
USY7749XBA82,corporate
USY775M1CJ07,corporate
USY7770HAB43,corporate
USY7770HAE81,corporate
USY7S272AH57,corporate
USY7S272AL69,corporate
USY7S272AM43,corporate
USY7S27KAX02,corporate
USY7T4K3AC40,corporate
USY8085FBD16,corporate
USY8085FBK58,corporate
USY8085FBL32,corporate
USY8085FBT67,corporate
USY8085FBU31,corporate
USY8085FBY52,corporate
USY8085FBZ28,corporate
USY8190DAA55,corporate
USY8563UAK44,corporate
USY86218AC16,corporate
USY8793YAL66,government
USY9048BAA18,corporate
USY9350HAA06,corporate
USY9700WAB29,corporate
XS0070553820,government
XS0074789503,government
XS0076085603,corporate
XS0076593267,government
XS0076717411,government
XS0077909371,corporate
XS0078528352,corporate
XS0078962809,government
XS0079398250,corporate
XS0082720698,government
XS0083707884,corporate
XS0084291201,government
XS0084380723,government
XS0084863447,corporate
XS0085235090,corporate
XS0085727559,government
XS0089572316,government
XS0094391371,corporate
XS0094675641,government
XS0095130943,government
XS0095884424,corporate
XS0096272355,government
XS0096298822,corporate
XS0096412548,corporate
XS0096499057,government
XS0096806590,government
XS0097283096,corporate
XS0097772965,corporate
XS0098449456,government
XS0099196197,government
XS0100583177,government
XS0102835237,government
XS0107681016,corporate
XS0113419690,government
XS0113708969,government
XS0113731433,corporate
XS0113734379,government
XS0114126294,government
XS0116066449,corporate
XS0116967836,government
XS0118010569,corporate
XS0121617517,corporate
XS0122710857,corporate
XS0123656836,corporate
XS0124111385,corporate
XS0124554618,corporate
XS0128311700,corporate
XS0129065446,corporate
XS0129547948,corporate
XS0130337735,corporate
XS0131731175,corporate
XS0132108704,government
XS0132424614,corporate
XS0138037733,government
XS0138038624,government
XS0138039275,government
XS0140516864,corporate
XS0143739182,corporate
XS0144628053,corporate
XS0146173371,government
XS0146389464,corporate
XS0147048762,corporate
XS0148579666,corporate
XS0149581935,corporate
XS0154681737,corporate
XS0156756917,corporate
XS0161100515,corporate
XS0161488498,corporate
XS0162513211,corporate
XS0162869076,corporate
XS0162990229,corporate
XS0163814469,government
XS0165510313,corporate
XS0172367921,government
XS0177618039,corporate
XS0179407910,corporate
XS0181673798,government
XS0182703743,corporate
XS0191352847,government
XS0197336968,government
XS0200950326,government
XS0202197694,corporate
XS0202407093,government
XS0203470157,corporate
XS0209139244,government
XS0209792166,corporate
XS0210781828,corporate
XS0211284491,corporate
XS0214965963,corporate
XS0218274107,government
XS0219724878,government
XS0222638545,corporate
XS0223484345,government
XS0224480722,government
XS0228265574,corporate
XS0229567440,corporate
XS0231558858,government
XS0241265445,corporate
XS0245936496,corporate
XS0257129519,corporate
XS0265930346,corporate
XS0272949016,corporate
XS0275787728,corporate
XS0276809927,corporate
XS0282340230,corporate
XS0282506657,government
XS0284501094,government
XS0289513706,corporate
XS0291949120,corporate
XS0293707377,government
XS0294364954,corporate
XS0294367205,corporate
XS0295018070,corporate
XS0295479983,government
XS0296754814,corporate
XS0299416296,government
XS0300113254,corporate
XS0301022231,corporate
XS0301197546,corporate
XS0302236673,government
XS0306322065,government
XS0307424274,government
XS0308427581,corporate
XS0327443627,corporate
XS0330497149,corporate
XS0334989000,government
XS0340470490,corporate
XS0347230285,corporate
XS0350890470,corporate
XS0357124618,corporate
XS0359924643,corporate
XS0372391945,corporate
XS0399412443,corporate
XS0401016919,corporate
XS0408958683,corporate
XS0411137317,government
XS0415532273,government
XS0437306904,corporate
XS0438844093,corporate
XS0440592748,corporate
XS0442449939,corporate
XS0449155455,corporate
XS0451790280,corporate
XS0452187320,corporate
XS0459855390,corporate
XS0459858220,corporate
XS0459859111,corporate
XS0459859897,corporate
XS0459861364,corporate
XS0459862099,corporate
XS0459862412,corporate
XS0459870357,corporate
XS0459881982,corporate
XS0459882105,corporate
XS0459883921,corporate
XS0459891866,corporate
XS0459914312,corporate
XS0459919543,corporate
XS0460005365,corporate
XS0460007577,corporate
XS0460010522,corporate
XS0460012650,corporate
XS0460021990,corporate
XS0460061517,corporate
XS0460070930,corporate
XS0460071078,corporate
XS0460077513,corporate
XS0460079485,corporate
XS0460081465,corporate
XS0460081549,corporate
XS0460081622,corporate
XS0460081895,corporate
XS0460082943,corporate
XS0460083248,corporate
XS0460083677,corporate
XS0460084055,corporate
XS0460085375,corporate
XS0460087744,corporate
XS0460088718,corporate
XS0460089526,corporate
XS0460091779,corporate
XS0460092314,corporate
XS0460092827,corporate
XS0460094286,corporate
XS0460094443,corporate
XS0460095093,corporate
XS0460095689,corporate
XS0460096224,corporate
XS0460097032,corporate
XS0460097545,corporate
XS0460098279,corporate
XS0460099160,corporate
XS0460099244,corporate
XS0460099830,corporate
XS0460100430,corporate
XS0460100786,corporate
XS0460100869,corporate
XS0460101321,corporate
XS0460102139,corporate
XS0460103889,corporate
XS0460104341,corporate
XS0460109498,corporate
XS0460110827,corporate
XS0461330051,corporate
XS0461330721,corporate
XS0461336769,corporate
XS0461336926,corporate
XS0461337148,corporate
XS0461348855,corporate
XS0461350836,corporate
XS0461359464,corporate
XS0461365511,corporate
XS0461367483,corporate
XS0461376633,corporate
XS0461379819,corporate
XS0461388646,corporate
XS0461516824,corporate
XS0461525577,corporate
XS0461556705,corporate
XS0461569278,corporate
XS0461589037,corporate
XS0461590639,corporate
XS0461590712,corporate
XS0461596677,corporate
XS0461616962,corporate
XS0461617002,corporate
XS0461628389,corporate
XS0461629783,corporate
XS0461641309,corporate
XS0461642026,corporate
XS0461994567,corporate
XS0462066498,corporate
XS0468535637,government
XS0497367465,corporate
XS0497839570,corporate
XS0501195993,government
XS0501197262,government
XS0505157965,government
XS0505478684,government
XS0513009711,government
XS0519906761,corporate
XS0522079911,government
XS0522550580,government
XS0526993802,corporate
XS0530302628,corporate
XS0553728709,corporate
XS0556373347,corporate
XS0611783928,corporate
XS0612983121,corporate
XS0615236188,government
XS0617450506,corporate
XS0620233097,corporate
XS0620245182,corporate
XS0629875708,corporate
XS0638906932,government
XS0664719779,government
XS0672272639,government
XS0687587690,corporate
XS0691970601,corporate
XS0693939935,government
XS0699618350,corporate
XS0707820659,government
XS0726582488,government
XS0731209341,corporate
XS0735770637,corporate
XS0740808802,government
XS0743062845,corporate
XS0752034206,government
XS0753308393,corporate
XS0755239471,government
XS0755873253,government
XS0757586267,corporate
XS0762739448,government
XS0764314695,corporate
XS0767581407,corporate
XS0768478868,government
XS0773669972,government
XS0777338764,government
XS0782697071,corporate
XS0790003023,corporate
XS0806125240,corporate
XS0812855277,corporate
XS0825495368,corporate
XS0826189028,corporate
XS0834371469,corporate
XS0834385923,corporate
XS0835891838,corporate
XS0844395920,corporate
XS0850884916,government
XS0858672024,corporate
XS0859366899,government
XS0862347852,corporate
XS0863076930,corporate
XS0864259717,government
XS0868517177,corporate
XS0869315241,corporate
XS0875267394,corporate
XS0875797515,corporate
XS0876282137,government
XS0878008225,government
XS0880134258,corporate
XS0880764435,corporate
XS0881740384,corporate
XS0884326900,corporate
XS0884635524,government
XS0885399583,corporate
XS0888530911,corporate
XS0905658349,corporate
XS0908570459,corporate
XS0911024635,corporate
XS0911388832,corporate
XS0916345621,corporate
XS0927200393,government
XS0931063779,corporate
XS0934539726,corporate
XS0935427970,corporate
XS0937160272,corporate
XS0939100524,corporate
XS0940293763,corporate
XS0940779159,corporate
XS0942224352,government
XS0942965525,corporate
XS0944835734,corporate
XS0952922838,government
XS0954302369,corporate
XS0958048968,corporate
XS0960306578,government
XS0968972199,corporate
XS0969846269,government
XS0975634204,government
XS0982711474,corporate
XS0984087204,corporate
XS0985567881,corporate
XS0988905997,corporate
XS1001594065,corporate
XS1023703090,corporate
XS1024136282,corporate
XS1042343308,corporate
XS1045386494,corporate
XS1046593908,government
XS1049037119,corporate
XS1049699926,corporate
XS1051723895,corporate
XS1053602667,government
XS1054250318,corporate
XS1055501974,corporate
XS1061043367,corporate
XS1065235506,corporate
XS1069928783,corporate
XS1071551474,corporate
XS1071747023,corporate
XS1075995768,corporate
XS1075996907,corporate
XS1078022826,corporate
XS1081321595,corporate
XS1082229136,government
XS1082890663,corporate
XS1084811618,corporate
XS1084874533,corporate
XS1093758024,corporate
XS1099761485,corporate
XS1101754007,corporate
XS1101901400,corporate
XS1102305320,corporate
XS1107247725,government
XS1107718279,government
XS1107727007,corporate
XS1109765005,corporate
XS1111448186,corporate
XS1114159277,corporate
XS1128224703,corporate
XS1130139667,government
XS1134003661,corporate
XS1135224290,corporate
XS1139708983,corporate
XS1148073205,corporate
XS1167120168,corporate
XS1167524922,government
XS1167667283,corporate
XS1172951508,corporate
XS1180130939,corporate
XS1182150950,corporate
XS1183208328,government
XS1186363336,corporate
XS1186987035,corporate
XS1188017179,corporate
XS1191309720,corporate
XS1192872866,government
XS1193155659,corporate
XS1193213953,corporate
XS1196419854,government
XS1196496688,corporate
XS1197833137,corporate
XS1198103456,government
XS1199954691,corporate
XS1200679071,corporate
XS1204140971,corporate
XS1206541366,corporate
XS1208855889,government
XS1208856341,government
XS1209947271,government
XS1212987678,corporate
XS1213065227,corporate
XS1216006764,corporate
XS1218289103,government
XS1218363270,corporate
XS1218809389,government
XS1222594472,corporate
XS1223842847,corporate
XS1224445202,government
XS1226364708,corporate
XS1231204006,corporate
XS1233734562,corporate
XS1236685613,government
XS1237271421,corporate
XS1238805102,government
XS1241085353,corporate
XS1252209082,corporate
XS1258877759,government
XS1265213162,corporate
XS1273452877,corporate
XS1273516192,corporate
XS1287056862,corporate
XS1288555649,corporate
XS1297553775,corporate
XS1298431799,corporate
XS1298728707,corporate
XS1300302970,corporate
XS1308290409,corporate
XS1308291985,corporate
XS1308292017,corporate
XS1308292876,corporate
XS1308293411,corporate
XS1308293924,corporate
XS1308294229,corporate
XS1309529680,government
XS1310032260,government
XS1311440082,corporate
XS1312891895,government
XS1313004928,government
XS1313654623,government
XS1313675974,government
XS1315150570,corporate
XS1316420089,corporate
XS1317148580,government
XS1317187646,corporate
XS1334468425,corporate
XS1334470751,corporate
XS1335427958,government
XS1342506158,government
XS1346201889,government
XS1346228577,corporate
XS1347679448,government
XS1361554584,government
XS1362373224,corporate
XS1369323149,government
XS1369651234,government
XS1373156618,government
XS1375955678,corporate
XS1379122523,corporate
XS1379184473,corporate
XS1380334224,corporate
XS1382696398,government
XS1382791975,corporate
XS1387224576,government
XS1389118453,corporate
XS1396285279,corporate
XS1396347723,government
XS1397134609,corporate
XS1401196958,corporate
XS1401197253,corporate
XS1402123266,corporate
XS1403264291,corporate
XS1403388694,corporate
XS1405762805,corporate
XS1405781854,government
XS1406006798,corporate
XS1409726731,government
XS1410426024,corporate
XS1410582313,corporate
XS1412711217,corporate
XS1414115276,corporate
XS1414121084,corporate
XS1414125408,corporate
XS1417280325,corporate
XS1417876163,corporate
XS1420338102,corporate
XS1420357318,government
XS1420379551,government
XS1420492792,government
XS1422953932,government
XS1423777215,corporate
XS1425928279,corporate
XS1428088626,government
XS1428773763,corporate
XS1437467472,corporate
XS1441837546,corporate
XS1447634087,corporate
XS1457608286,corporate
XS1480699641,corporate
XS1482554075,corporate
XS1482752380,government
XS1484045429,corporate
XS1485725854,corporate
XS1487983386,government
XS1488480333,corporate
XS1489814340,corporate
XS1490724975,government
XS1492580516,corporate
XS1492825481,corporate
XS1493328477,corporate
XS1493724584,corporate
XS1495631993,corporate
XS1496739464,government
XS1497633179,corporate
XS1499594916,government
XS1500338618,government
XS1500528234,government
XS1501367921,corporate
XS1501554874,government
XS1501560848,government
XS1503043694,government
XS1503131713,corporate
XS1504194173,corporate
XS1504958817,corporate
XS1505039575,corporate
XS1505062981,corporate
XS1505555075,government
XS1505567088,government
XS1506036505,corporate
XS1506398244,corporate
XS1508156145,government
XS1508156657,government
XS1508156905,government
XS1508157382,government
XS1508157895,government
XS1508377584,government
XS1508404651,corporate
XS1508450688,corporate
XS1508566392,government
XS1508566558,government
XS1508585772,government
XS1508669790,corporate
XS1508831051,corporate
XS1508912646,corporate
XS1508988034,government
XS1511781897,government
XS1511793124,corporate
XS1511904564,government
XS1512827095,corporate
XS1513091196,government
XS1513739760,corporate
XS1515048178,government
XS1515240015,corporate
XS1517523657,corporate
XS1523189790,government
XS1526108235,corporate
XS1527192485,corporate
XS1527515321,corporate
XS1527556192,corporate
XS1533910508,corporate
XS1533957301,corporate
XS1547492410,government
XS1548387593,corporate
XS1548773982,corporate
XS1548865911,corporate
XS1549541040,corporate
XS1550938978,corporate
XS1550984816,corporate
XS1550988643,corporate
XS1551045039,government
XS1551068676,corporate
XS1551294256,government
XS1551294926,corporate
XS1551355149,corporate
XS1551446880,corporate
XS1551917591,corporate
XS1554373677,corporate
XS1554373834,corporate
XS1555331617,government
XS1556395710,corporate
XS1556937891,corporate
XS1557095616,corporate
XS1558023088,corporate
XS1558078496,government
XS1558078736,government
XS1558166861,corporate
XS1560772086,government
XS1561096576,corporate
XS1561109908,corporate
XS1561110237,corporate
XS1561572287,government
XS1562584158,government
XS1562601424,corporate
XS1566190945,government
XS1567906059,corporate
XS1568888777,corporate
XS1569756569,corporate
XS1569845404,corporate
XS1572222526,government
XS1573135099,corporate
XS1573827307,corporate
XS1573845895,corporate
XS1574954530,corporate
XS1575640054,corporate
XS1575957920,corporate
XS1575992596,corporate
XS1577945824,corporate
XS1578046937,government
XS1579354611,government
XS1580231303,government
XS1580239207,corporate
XS1583490278,corporate
XS1584122763,corporate
XS1584129347,corporate
XS1584894650,government
XS1584994286,corporate
XS1586228824,government
XS1586230051,government
XS1586230309,government
XS1586230481,government
XS1586555945,corporate
XS1588019221,government
XS1588672144,government
XS1591255994,corporate
XS1593171967,corporate
XS1595796035,corporate
XS1596740453,corporate
XS1596778008,corporate
XS1596795358,corporate
XS1598110937,corporate
XS1598828298,corporate
XS1599193072,government
XS1599193403,government
XS1599662241,corporate
XS1600847666,corporate
XS1603301554,corporate
XS1603892149,corporate
XS1605368536,government
XS1606720131,government
XS1607989982,corporate
XS1610659358,corporate
XS1610670322,corporate
XS1610672708,corporate
XS1610677335,corporate
XS1610690197,corporate
XS1610695741,corporate
XS1610698844,corporate
XS1610705219,corporate
XS1611855237,corporate
XS1612533163,corporate
XS1612977717,government
XS1613116349,corporate
XS1615079974,corporate
XS1615677280,government
XS1616411119,corporate
XS1617531063,corporate
XS1617533275,government
XS1619563502,corporate
XS1619567677,government
XS1619568139,government
XS1619568303,corporate
XS1619568998,corporate
XS1620560851,corporate
XS1621087516,corporate
XS1621760302,government
XS1622415674,government
XS1623355457,corporate
XS1626191792,government
XS1626600040,corporate
XS1627599654,corporate
XS1627819797,corporate
XS1628401009,corporate
XS1628401421,corporate
XS1628403047,corporate
XS1628405760,corporate
XS1628405844,corporate
XS1628409754,corporate
XS1628410505,corporate
XS1628412899,corporate
XS1628413780,corporate
XS1628413863,corporate
XS1628415306,corporate
XS1628416536,corporate
XS1629387462,corporate
XS1631415400,government
XS1631415582,corporate
XS1632632037,government
XS1634368259,corporate
XS1635996603,corporate
XS1636266832,corporate
XS1636950575,corporate
XS1637846616,corporate
XS1639849204,corporate
XS1641457277,government
XS1642641812,corporate
XS1642686676,corporate
XS1644429935,corporate
XS1644458520,corporate
XS1646530565,corporate
XS1648263926,corporate
XS1649999478,corporate
XS1650072041,corporate
XS1652512705,corporate
XS1652866002,corporate
XS1655676929,corporate
XS1668098780,corporate
XS1668531335,corporate
XS1668899104,government
XS1669420637,corporate
XS1669423730,corporate
XS1669468594,corporate
XS1672151492,corporate
XS1673097710,government
XS1673102734,corporate
XS1676401414,government
XS1677437730,corporate
XS1681513492,corporate
XS1681539372,corporate
XS1681539539,corporate
XS1681539968,corporate
XS1682538183,corporate
XS1683971433,corporate
XS1684384867,corporate
XS1684831982,corporate
XS1685542497,corporate
XS1686882298,government
XS1688567251,corporate
XS1690650392,government
XS1691781865,corporate
XS1691891706,corporate
XS1693818525,corporate
XS1693853944,corporate
XS1694223030,government
XS1695276367,corporate
XS1696445516,government
XS1697550512,government
XS1698906259,corporate
XS1700578724,corporate
XS1700721464,corporate
XS1701884204,corporate
XS1702729275,corporate
XS1706922256,corporate
XS1707075245,corporate
XS1707075328,corporate
XS1708121824,corporate
XS1709328899,government
XS1709374497,corporate
XS1713193586,corporate
XS1713462668,government
XS1713475306,government
XS1715194541,corporate
XS1717584913,corporate
XS1718417717,corporate
XS1718418103,corporate
XS1718862284,corporate
XS1720032900,government
XS1720052254,corporate
XS1720216388,corporate
XS1720700191,government
XS1722801708,corporate
XS1725580622,corporate
XS1725633413,corporate
XS1726152108,corporate
XS1729875598,government
XS1729882024,corporate
XS1730885073,corporate
XS1731511363,corporate
XS1733877762,corporate
XS1734533372,corporate
XS1734689620,corporate
XS1736887099,corporate
XS1743535491,corporate
XS1743727130,corporate
XS1747444831,corporate
XS1747493614,corporate
XS1748236699,government
XS1748803282,government
XS1748890313,corporate
XS1750010263,government
XS1750986744,corporate
XS1751001139,government
XS1751359016,government
XS1751476679,corporate
XS1751479426,corporate
XS1752475720,corporate
XS1752953726,corporate
XS1752967197,corporate
XS1753595328,corporate
XS1753775730,government
XS1753808929,corporate
XS1755428502,corporate
XS1756364474,corporate
XS1756716764,government
XS1757392540,corporate
XS1757822496,government
XS1757830085,corporate
XS1759975631,corporate
XS1760019411,corporate
XS1760383577,corporate
XS1760409042,government
XS1760777604,government
XS1761617288,corporate
XS1761785077,corporate
XS1764081110,government
XS1766477522,corporate
XS1767087866,corporate
XS1768067297,government
XS1768067453,government
XS1768074319,government
XS1768074749,government
XS1772374770,corporate
XS1772457633,corporate
XS1774694597,government
XS1778436102,corporate
XS1781196057,corporate
XS1783244970,government
XS1784311703,corporate
XS1785147098,government
XS1785340172,corporate
XS1787075230,corporate
XS1787097804,corporate
XS1788513734,corporate
XS1788586375,corporate
XS1788694856,corporate
XS1789176846,corporate
XS1789752182,corporate
XS1789759195,corporate
XS1790104530,government
XS1791485011,government
XS1792116532,government
XS1792122266,corporate
XS1793255198,corporate
XS1793273092,corporate
XS1793294841,corporate
XS1793329225,government
XS1793329498,government
XS1794216660,corporate
XS1794354628,corporate
XS1795252672,corporate
XS1795323952,corporate
XS1796107446,corporate
XS1796121512,corporate
XS1796123641,corporate
XS1796209010,corporate
XS1796266754,government
XS1796266838,government
XS1796926431,corporate
XS1799611642,corporate
XS1799939027,corporate
XS1801143196,government
XS1801905628,corporate
XS1803215869,corporate
XS1803247557,corporate
XS1807174393,government
XS1807174559,government
XS1808482746,corporate
XS1808738212,corporate
XS1808862657,corporate
XS1809925537,corporate
XS1809945212,corporate
XS1809946533,corporate
XS1809946962,corporate
XS1810057346,corporate
XS1810396470,corporate
XS1810653540,corporate
XS1810730637,corporate
XS1810760204,corporate
XS1811812574,corporate
XS1811821211,corporate
XS1814679756,government
XS1815116998,corporate
XS1816361148,corporate
XS1816536046,corporate
XS1816537440,corporate
XS1816604737,corporate
XS1817577361,corporate
XS1817718957,corporate
XS1822560212,corporate
XS1823502577,corporate
XS1824248626,government
XS1824424706,corporate
XS1826622240,corporate
XS1828033834,corporate
XS1828046570,government
XS1829261087,government
XS1829276275,government
XS1829309035,corporate
XS1834055276,corporate
XS1837994794,government
XS1839570824,corporate
XS1840206533,corporate
XS1840618216,corporate
XS1841769711,corporate
XS1841784439,corporate
XS1842813252,corporate
XS1842825421,corporate
XS1842871615,corporate
XS1842876416,corporate
XS1843433639,government
XS1843434876,government
XS1843443190,corporate
XS1843448314,corporate
XS1844348570,government
XS1845225785,corporate
XS1847692636,corporate
XS1851226891,government
XS1851229218,government
XS1852086211,corporate
XS1852239653,corporate
XS1852280020,corporate
XS1853161658,corporate
XS1853278924,corporate
XS1853999313,corporate
XS1858856740,corporate
XS1859423417,government
XS1859424902,corporate
XS1860315479,corporate
XS1861206636,corporate
XS1862518062,corporate
XS1864034365,government
XS1865126343,government
XS1865437930,corporate
XS1866725341,corporate
XS1866780361,corporate
XS1869582335,corporate
XS1872032799,corporate
XS1873209172,corporate
XS1873223249,government
XS1874127902,corporate
XS1874128033,corporate
XS1877595014,corporate
XS1877595444,corporate
XS1877654126,corporate
XS1877838877,corporate
XS1878191219,corporate
XS1879156864,corporate
XS1879174768,corporate
XS1881333048,corporate
XS1881333121,corporate
XS1882681452,corporate
XS1883352335,corporate
XS1883352764,corporate
XS1883355197,corporate
XS1883879006,corporate
XS1883963990,corporate
XS1885608817,corporate
XS1890684761,corporate
XS1892127470,government
XS1892141620,government
XS1892221570,government
XS1892382158,corporate
XS1893631769,corporate
XS1897339096,corporate
XS1897340854,government
XS1897486632,government
XS1901055472,corporate
XS1901219250,government
XS1901761269,corporate
XS1901817079,corporate
XS1903485800,corporate
XS1904648570,corporate
XS1904690341,corporate
XS1907150780,corporate
XS1907155235,government
XS1907181827,corporate
XS1910934535,corporate
XS1910948089,corporate
XS1910948162,corporate
XS1910948329,corporate
XS1910948592,corporate
XS1910948675,corporate
XS1912495691,government
XS1912654594,corporate
XS1913927361,corporate
XS1913994049,corporate
XS1916015727,government
XS1917358621,corporate
XS1917590959,corporate
XS1931227521,corporate
XS1931312125,corporate
XS1932879130,corporate
XS1934865251,government
XS1934867547,government
XS1935141033,government
XS1935916558,corporate
XS1936063772,corporate
XS1936100483,government
XS1936139770,corporate
XS1936208419,corporate
XS1937059878,government
XS1938387237,government
XS1940071597,government
XS1941747138,corporate
XS1941841311,corporate
XS1942622215,government
XS1942629061,corporate
XS1942756096,government
XS1943561883,corporate
XS1944327631,corporate
XS1945125547,corporate
XS1947578321,government
XS1948611840,corporate
XS1948630634,corporate
XS1949607359,corporate
XS1950126109,corporate
XS1951092144,government
XS1951230553,corporate
XS1953056253,government
XS1953240261,corporate
XS1955077596,corporate
XS1955173981,government
XS1955187775,corporate
XS1955187858,corporate
XS1955187932,corporate
XS1956027947,corporate
XS1956154113,corporate
XS1957230011,corporate
XS1957324186,corporate
XS1957349332,government
XS1957516252,corporate
XS1958436609,corporate
XS1958534528,government
XS1959337582,government
XS1959337749,government
XS1960361720,government
XS1960476387,corporate
XS1961820047,corporate
XS1962270168,corporate
XS1963116964,corporate
XS1963469884,government
XS1963719585,government
XS1963745234,corporate
XS1963745580,corporate
XS1964701822,corporate
XS1966120096,government
XS1966966795,corporate
XS1966992361,corporate
XS1966994060,corporate
XS1968706876,government
XS1968754090,corporate
XS1969593943,government
XS1970481070,corporate
XS1970488166,corporate
XS1970504897,corporate
XS1970505191,corporate
XS1970505605,corporate
XS1970508708,corporate
XS1970509854,corporate
XS1970549561,government
XS1970549728,government
XS1971463382,corporate
XS1972547696,corporate
XS1972726787,government
XS1973748707,corporate
XS1974394758,government
XS1978552237,government
XS1980064833,corporate
XS1980085242,government
XS1980276858,corporate
XS1980277237,government
XS1980856345,government
XS1980857319,government
XS1981823542,corporate
XS1982112499,government
XS1982113208,corporate
XS1982113463,corporate
XS1982116136,corporate
XS1982834282,government
XS1983901510,corporate
XS1984727518,corporate
XS1987796957,corporate
XS1987805618,government
XS1989213274,government
XS1989293284,government
XS1989705063,corporate
XS1991126431,corporate
XS1991188548,corporate
XS1991219442,government
XS1992085867,corporate
XS1992925013,corporate
XS1992958709,corporate
XS1992985694,corporate
XS1993965950,corporate
XS1994769716,corporate
XS1996438948,corporate
XS1996439086,corporate
XS1997070781,corporate
XS1997070864,corporate
XS1997071086,corporate
XS1998795535,government
XS1998798042,corporate
XS1998868357,government
XS1998930926,government
XS1999841445,government
XS2001211122,corporate
XS2001278899,corporate
XS2001732283,corporate
XS2001737910,corporate
XS2001738991,corporate
XS2002516446,government
XS2003471617,corporate
XS2005658781,corporate
XS2006277508,corporate
XS2010026214,government
XS2010030083,corporate
XS2010031990,government
XS2010032378,corporate
XS2010036874,corporate
XS2010039548,corporate
XS2010039894,corporate
XS2010039977,corporate
XS2010044209,corporate
XS2010044894,corporate
XS2010045198,corporate
XS2010045438,corporate
XS2011040503,corporate
XS2011154692,corporate
XS2011156127,corporate
XS2011160152,corporate
XS2011165037,corporate
XS2011171431,corporate
XS2011173056,corporate
XS2011173130,corporate
XS2011260705,corporate
XS2011969735,corporate
XS2011969818,corporate
XS2013520023,corporate
XS2013626010,corporate
XS2013677864,government
XS2013678086,government
XS2014373182,corporate
XS2014373851,corporate
XS2015227494,government
XS2015329498,corporate
XS2015340891,corporate
XS2015351740,government
XS2016138765,government
XS2016228087,corporate
XS2016768439,corporate
XS2017796694,government
XS2018637327,corporate
XS2019797146,corporate
XS2019797732,corporate
XS2019808794,corporate
XS2019816979,government
XS2020595117,government
XS2020608548,corporate
XS2021173922,government
XS2021421412,corporate
XS2021462440,corporate
XS2021499871,corporate
XS2021508960,corporate
XS2022093517,corporate
XS2022424993,corporate
XS2023644201,corporate
XS2023644540,corporate
XS2024602240,corporate
XS2024715794,corporate
XS2024716099,corporate
XS2025468542,corporate
XS2025933644,corporate
XS2026150313,corporate
XS2026710553,corporate
XS2027377907,government
XS2027593198,corporate
XS2027596530,government
XS2027596704,government
XS2028401086,corporate
XS2028900087,corporate
XS2029713349,corporate
XS2030348903,corporate
XS2031277077,corporate
XS2031926731,corporate
XS2032727310,corporate
XS2033262895,corporate
XS2034715305,government
XS2035406987,government
XS2035564629,corporate
XS2035620710,corporate
XS2040573201,government
XS2042716667,corporate
XS2043842744,corporate
XS2043888655,corporate
XS2044279334,corporate
XS2045822462,government
XS2045886434,government
XS2046591413,corporate
XS2047479469,corporate
XS2047500926,corporate
XS2049090595,corporate
XS2049146215,corporate
XS2049150837,corporate
XS2049153187,corporate
XS2049584084,corporate
XS2049616621,corporate
XS2049616894,corporate
XS2049625028,government
XS2049630028,corporate
XS2049769297,corporate
XS2050404800,corporate
XS2050584866,corporate
XS2051032444,corporate
XS2051106073,corporate
XS2051210214,government
XS2051362072,corporate
XS2051657463,corporate
XS2051660509,corporate
XS2051777873,corporate
XS2052469165,corporate
XS2052474678,government
XS2053052895,corporate
XS2053056706,corporate
XS2054210252,corporate
XS2055079904,corporate
XS2055106137,corporate
XS2055399054,corporate
XS2055627538,corporate
XS2055636109,corporate
XS2055728054,corporate
XS2055744689,government
XS2055781962,government
XS2056378347,corporate
XS2056396919,corporate
XS2056399855,corporate
XS2056484889,corporate
XS2056488013,corporate
XS2056491587,corporate
XS2056558088,corporate
XS2056707420,corporate
XS2056723468,corporate
XS2056730679,corporate
XS2057069762,corporate
XS2057070182,corporate
XS2057072121,corporate
XS2057072477,corporate
XS2057076387,corporate
XS2057835808,corporate
XS2057845518,government
XS2058556619,corporate
XS2058809414,corporate
XS2058855441,corporate
XS2058888616,corporate
XS2059553722,corporate
XS2059770409,corporate
XS2061633728,corporate
XS2061763699,corporate
XS2062666602,corporate
XS2062667246,corporate
XS2063232727,corporate
XS2063283472,government
XS2063288190,corporate
XS2063350925,corporate
XS2063423318,government
XS2063540038,government
XS2064247377,government
XS2064673390,corporate
XS2064675171,corporate
XS2064899011,corporate
XS2065939469,government
XS2065946837,corporate
XS2066003901,government
XS2066025110,government
XS2066347076,corporate
XS2066392452,corporate
XS2066569489,government
XS2066652897,corporate
XS2066706909,corporate
XS2068063465,corporate
XS2068071641,government
XS2068075980,corporate
XS2068969067,corporate
XS2069102163,government
XS2069304033,corporate
XS2069310865,corporate
XS2069380991,corporate
XS2069960990,government
XS2075811781,corporate
XS2075923313,corporate
XS2075924048,corporate
XS2076023295,corporate
XS2076139166,corporate
XS2076155105,corporate
XS2077546682,corporate
XS2077601610,corporate
XS2077670342,corporate
XS2078642183,corporate
XS2078734626,corporate
XS2078928665,government
XS2079107830,corporate
XS2079126467,corporate
XS2079692732,government
XS2079798562,government
XS2080214864,corporate
XS2080771806,government
XS2080771988,government
XS2080899516,corporate
XS2080944833,corporate
XS2080974749,corporate
XS2081018629,corporate
XS2081058096,government
XS2081605912,government
XS2081615473,corporate
XS2082333787,corporate
XS2082472122,corporate
XS2083976139,corporate
XS2084418339,corporate
XS2084429963,government
XS2084488209,corporate
XS2084497705,corporate
XS2086462657,government
XS2086495236,corporate
XS2086495400,corporate
XS2087717364,corporate
XS2088167726,corporate
XS2088238253,corporate
XS2089226026,corporate
XS2089229806,corporate
XS2090807293,corporate
XS2092626907,corporate
XS2093973407,corporate
XS2094027690,corporate
XS2094028821,corporate
XS2098350965,corporate
XS2099049699,corporate
XS2099130382,corporate
XS2100569552,corporate
XS2101201817,corporate
XS2101346208,government
XS2101357072,corporate
XS2101558307,corporate
XS2102154171,government
XS2102293888,corporate
XS2102357014,corporate
XS2102357105,corporate
XS2102380776,corporate
XS2102388597,corporate
XS2102392276,corporate
XS2102495673,government
XS2102905168,corporate
XS2102932055,corporate
XS2102988354,government
XS2103013210,corporate
XS2103014291,corporate
XS2103014457,corporate
XS2104886341,government
XS2104968404,corporate
XS2104985598,government
XS2105085208,government
XS2105803527,government
XS2105977511,corporate
XS2106563161,corporate
XS2106579670,corporate
XS2107302148,corporate
XS2107315470,corporate
XS2107332640,corporate
XS2108075784,corporate
XS2108392916,corporate
XS2108560306,corporate
XS2108560645,corporate
XS2109396957,corporate
XS2109438205,corporate
XS2109453691,corporate
XS2109606603,government
XS2109812508,government
XS2109813142,government
XS2109948823,government
XS2109949391,government
XS2110013997,corporate
XS2110105769,corporate
XS2110114324,corporate
XS2110832040,government
XS2110875957,government
XS2111458977,government
XS2111939729,government
XS2111944133,corporate
XS2112373928,corporate
XS2113033281,government
XS2113121904,government
XS2113167568,corporate
XS2113700921,corporate
XS2113737097,corporate
XS2114143758,corporate
XS2114850949,corporate
XS2115092442,corporate
XS2116503546,corporate
XS2116739405,government
XS2117452156,corporate
XS2117454871,corporate
XS2118273601,corporate
XS2118276026,corporate
XS2121002005,corporate
XS2121038298,corporate
XS2121441856,corporate
XS2122174415,corporate
XS2122575678,government
XS2122894855,government
XS2122895159,government
XS2122990810,corporate
XS2124046678,corporate
XS2124190369,corporate
XS2124942595,corporate
XS2124980256,corporate
XS2125644356,corporate
XS2125681630,corporate
XS2128499105,corporate
XS2130065258,corporate
XS2132986741,corporate
XS2133071774,corporate
XS2135361686,government
XS2138680041,government
XS2143035587,corporate
XS2147977636,corporate
XS2148390755,corporate
XS2149280948,corporate
XS2149379211,corporate
XS2150023575,corporate
XS2150091739,corporate
XS2150158405,government
XS2150179740,government
XS2152061904,corporate
XS2152329053,corporate
XS2152796269,corporate
XS2152796426,corporate
XS2152902479,corporate
XS2152932542,corporate
XS2153599480,corporate
XS2153608141,government
XS2154339860,government
XS2154343623,government
XS2154347707,corporate
XS2154348424,corporate
XS2155352664,government
XS2155352748,government
XS2156583259,corporate
XS2156598281,corporate
XS2159887590,corporate
XS2160861808,government
XS2161027623,government
XS2161921338,corporate
XS2161992511,government
XS2166219720,corporate
XS2166754957,corporate
XS2166755509,corporate
XS2168038847,government
XS2168048564,government
XS2168285000,corporate
XS2168629967,corporate
XS2168630205,corporate
XS2168676703,corporate
XS2168680051,corporate
XS2168735723,corporate
XS2168739717,corporate
XS2170186923,government
XS2170362672,corporate
XS2170362912,corporate
XS2170411552,corporate
XS2170736180,corporate
XS2170736263,corporate
XS2171713006,corporate
XS2175210090,corporate
XS2175968580,corporate
XS2175969125,corporate
XS2176021223,corporate
XS2176534795,corporate
XS2176558620,corporate
XS2176621253,government
XS2176715667,corporate
XS2176785447,corporate
XS2177021271,corporate
XS2177021602,corporate
XS2177122624,corporate
XS2177122897,corporate
XS2177349912,corporate
XS2177363665,government
XS2177364390,government
XS2177365017,government
XS2177365363,government
XS2177365520,government
XS2177443343,corporate
XS2177447179,government
XS2177555062,corporate
XS2177580250,corporate
XS2177580508,corporate
XS2178457425,corporate
XS2178769159,corporate
XS2178857954,government
XS2179039636,government
XS2180007549,corporate
XS2180008513,corporate
XS2180643889,government
XS2180875234,corporate
XS2181689659,government
XS2181902789,corporate
XS2181959110,corporate
XS2182093943,government
XS2185867160,corporate
XS2185867913,corporate
XS2185868051,corporate
XS2185883100,corporate
XS2186001314,corporate
XS2186093410,corporate
XS2186093923,corporate
XS2187525196,government
XS2187529180,corporate
XS2187635375,corporate
XS2187689380,corporate
XS2188805845,corporate
XS2189259018,government
XS2189565992,corporate
XS2189595049,corporate
XS2189613982,corporate
XS2189767515,government
XS2189786226,corporate
XS2190201983,government
XS2190256706,corporate
XS2190958301,corporate
XS2191367734,corporate
XS2191509038,corporate
XS2193666042,corporate
XS2193666125,corporate
XS2193950354,corporate
XS2193974701,corporate
XS2194192527,corporate
XS2194283839,corporate
XS2194370727,corporate
XS2194373077,corporate
XS2194790262,government
XS2195096420,corporate
XS2196317742,corporate
XS2196325331,corporate
XS2197076651,corporate
XS2197945251,corporate
XS2198574209,corporate
XS2198580271,corporate
XS2198879145,corporate
XS2199266003,corporate
XS2199266268,corporate
XS2199266698,corporate
XS2199484929,corporate
XS2199719233,government
XS2200244072,government
XS2201333460,corporate
XS2201333544,corporate
XS2201333627,corporate
XS2201333890,corporate
XS2201333973,corporate
XS2201851172,government
XS2201851685,government
XS2201857534,corporate
XS2201946634,corporate
XS2203969246,corporate
XS2203969329,corporate
XS2203996306,corporate
XS2206379567,corporate
XS2206799004,corporate
XS2207510319,corporate
XS2209023402,corporate
XS2209794408,government
XS2209982151,corporate
XS2210006339,government
XS2213668085,corporate
XS2214237807,government
XS2214238102,government
XS2214238284,government
XS2214238441,government
XS2214238524,government
XS2214238953,government
XS2214239175,government
XS2214239258,government
XS2214239332,government
XS2214239506,government
XS2214239688,government
XS2214239845,government
XS2216812581,government
XS2216900105,corporate
XS2216900287,corporate
XS2217530380,corporate
XS2218405772,corporate
XS2219365314,corporate
XS2221845683,corporate
XS2223703963,corporate
XS2223761813,corporate
XS2223762381,corporate
XS2224439971,corporate
XS2224621420,corporate
XS2225428809,government
XS2225429872,government
XS2226241854,government
XS2226280084,government
XS2226669880,corporate
XS2226808165,corporate
XS2226808249,corporate
XS2226961949,corporate
XS2227296535,government
XS2228113762,corporate
XS2228683350,corporate
XS2228892860,corporate
XS2229089573,corporate
XS2229434852,corporate
XS2230265246,corporate
XS2230266301,corporate
XS2230650405,government
XS2231165668,corporate
XS2231331260,corporate
XS2231588547,government
XS2231814570,corporate
XS2232022926,corporate
XS2233088132,corporate
XS2233120554,government
XS2233217558,corporate
XS2233227516,corporate
XS2233263586,corporate
XS2234002058,corporate
XS2234516164,corporate
XS2234516248,corporate
XS2234567233,corporate
XS2234567662,corporate
XS2234571425,government
XS2234571771,government
XS2234573710,corporate
XS2234579675,corporate
XS2235996217,corporate
XS2236022153,government
XS2236340522,government
XS2236363573,corporate
XS2237384354,corporate
XS2237434472,corporate
XS2237434803,corporate
XS2237447961,corporate
XS2237901355,corporate
XS2238022060,government
XS2238533231,government
XS2238783778,corporate
XS2239067379,corporate
XS2239553048,corporate
XS2239829216,government
XS2239829646,government
XS2239845253,corporate
XS2240278692,government
XS2240505268,corporate
XS2240978085,corporate
XS2241387096,corporate
XS2241390710,corporate
XS2241390983,corporate
XS2241828644,government
XS2242171291,corporate
XS2242686967,corporate
XS2242728041,corporate
XS2242931603,corporate
XS2243298069,corporate
XS2243564478,corporate
XS2243712259,government
XS2243753360,government
XS2243918625,corporate
XS2243921413,corporate
XS2244389404,government
XS2244916628,corporate
XS2244936659,corporate
XS2244941147,corporate
XS2248073418,government
XS2248458395,corporate
XS2249600771,corporate
XS2249740601,corporate
XS2249741245,corporate
XS2249741674,corporate
XS2249778080,government
XS2250024010,corporate
XS2250201329,government
XS2250376477,corporate
XS2250526386,corporate
XS2250730749,corporate
XS2250902389,corporate
XS2251330184,government
XS2251371022,government
XS2251626896,corporate
XS2251655051,corporate
XS2251655648,corporate
XS2251782160,government
XS2255665007,corporate
XS2255776507,government
XS2255812666,government
XS2258398911,government
XS2258400162,government
XS2259191273,government
XS2259191430,government
XS2259193998,corporate
XS2259626856,government
XS2259627235,government
XS2259776230,corporate
XS2259783103,corporate
XS2261215011,corporate
XS2261309426,government
XS2262139533,government
XS2262211076,government
XS2262263622,government
XS2262853265,corporate
XS2262853349,corporate
XS2262853422,corporate
XS2263517364,government
XS2263684776,corporate
XS2264055182,government
XS2264087110,corporate
XS2264161964,corporate
XS2264546917,government
XS2264692737,corporate
XS2265262936,government
XS2265360359,corporate
XS2265369491,corporate
XS2265990452,corporate
XS2267100514,corporate
XS2267895378,corporate
XS2269112863,corporate
XS2269740598,corporate
XS2270142966,corporate
XS2270282895,government
XS2270397016,corporate
XS2270406452,corporate
XS2270576619,government
XS2270576965,government
XS2270577344,government
XS2272247110,corporate
XS2274511497,corporate
XS2275090822,corporate
XS2278257402,corporate
XS2278343319,corporate
XS2280637039,government
XS2280845145,corporate
XS2281321799,corporate
XS2281343256,corporate
XS2281343413,corporate
XS2281343686,corporate
XS2281370903,government
XS2281478268,government
XS2282095970,corporate
XS2282238083,corporate
XS2283177561,corporate
XS2283188683,corporate
XS2283226798,government
XS2283340060,government
XS2285181074,government
XS2285999210,government
XS2286041947,corporate
XS2286044370,corporate
XS2286303495,corporate
XS2286422071,government
XS2286441964,corporate
XS2286442186,corporate
XS2287877018,government
XS2287879733,government
XS2288484178,corporate
XS2288920502,government
XS2288932853,government
XS2288948859,corporate
XS2289130226,corporate
XS2289133758,corporate
XS2289203551,corporate
XS2289404704,government
XS2289410420,government
XS2289549938,government
XS2289587789,government
XS2289588167,government
XS2289795465,corporate
XS2289822376,government
XS2289841087,corporate
XS2290963466,government
XS2291793813,government
XS2291901994,corporate
XS2291905474,government
XS2292260960,government
XS2292487076,corporate
XS2292545618,corporate
XS2292953069,government
XS2292954893,corporate
XS2293075680,corporate
XS2293578592,government
XS2293681685,corporate
XS2293753856,corporate
XS2294319194,government
XS2294495838,corporate
XS2294835017,corporate
XS2295280411,corporate
XS2295333988,corporate
XS2295335413,corporate
XS2295710102,government
XS2296155562,government
XS2296203123,corporate
XS2297177664,corporate
XS2297204815,corporate
XS2297687787,government
XS2298601514,government
XS2299001888,corporate
XS2299002423,corporate
XS2299008206,government
XS2299242813,corporate
XS2299242904,corporate
XS2299521026,corporate
XS2299521299,corporate
XS2300185613,corporate
XS2300197030,corporate
XS2302922302,government
XS2303089697,corporate
XS2303107937,corporate
XS2303762475,corporate
XS2303841931,government
XS2304339174,government
XS2304664597,corporate
XS2306530978,government
XS2306851853,corporate
XS2306852828,government
XS2306986782,corporate
XS2306988564,corporate
XS2307309893,government
XS2307764238,corporate
XS2307764311,corporate
XS2307879721,government
XS2308197693,government
XS2308298962,corporate
XS2308323661,government
XS2308329783,government
XS2308586911,corporate
XS2309428113,government
XS2309433899,government
XS2310410522,government
XS2310797696,corporate
XS2310951103,corporate
XS2310951368,corporate
XS2311299957,corporate
XS2312584779,corporate
XS2312756062,corporate
XS2313830429,corporate
XS2314010245,corporate
XS2314020806,government
XS2314066205,corporate
XS2314078986,corporate
XS2314130902,corporate
XS2314267449,corporate
XS2314312179,corporate
XS2314657409,corporate
XS2314675997,government
XS2316244065,corporate
XS2317069685,corporate
XS2317123052,government
XS2319520719,government
XS2320533131,corporate
XS2320539765,corporate
XS2320745156,corporate
XS2320746394,corporate
XS2320894152,corporate
XS2321476793,government
XS2321526480,corporate
XS2322254249,corporate
XS2322254322,corporate
XS2322452553,corporate
XS2322452637,corporate
XS2324361661,government
XS2324724645,corporate
XS2324826994,corporate
XS2324836878,corporate
XS2325157910,corporate
XS2325158488,corporate
XS2325562697,corporate
XS2325565104,corporate
XS2325602402,government
XS2325696628,corporate
XS2325733413,corporate
XS2326548562,corporate
XS2326550899,corporate
XS2327392234,corporate
XS2327420977,corporate
XS2328412064,corporate
XS2328418186,corporate
XS2329144591,corporate
XS2329145648,government
XS2330503694,government
XS2330514899,government
XS2330535381,corporate
XS2331271242,corporate
XS2331288212,corporate
XS2331327564,government
XS2331735253,government
XS2331742036,government
XS2331926357,government
XS2332184212,government
XS2332306344,corporate
XS2332552541,corporate
XS2332590475,corporate
XS2332592760,government
XS2332687040,corporate
XS2332689681,corporate
XS2332689764,corporate
XS2332799431,corporate
XS2332851026,government
XS2332979769,government
XS2332980932,corporate
XS2333297625,corporate
XS2333388184,corporate
XS2333388937,corporate
XS2334114779,government
XS2334267098,government
XS2334361354,government
XS2334361511,government
XS2334852253,corporate
XS2334857138,corporate
XS2335148024,corporate
XS2335148701,corporate
XS2337335710,corporate
XS2337345784,government
XS2337430461,corporate
XS2337604479,corporate
XS2338004497,government
XS2338173680,corporate
XS2338530467,corporate
XS2338564870,corporate
XS2338570331,corporate
XS2338955805,corporate
XS2338991941,government
XS2339217775,government
XS2339399946,government
XS2339777562,government
XS2339789732,corporate
XS2340147813,corporate
XS2340149439,corporate
XS2340854848,corporate
XS2341269970,corporate
XS2341724172,corporate
XS2342245573,government
XS2342723900,corporate
XS2342732562,corporate
XS2342732646,corporate
XS2342930521,corporate
XS2342932576,corporate
XS2343114687,corporate
XS2343321399,corporate
XS2343538372,government
XS2343540519,corporate
XS2343554148,government
XS2343565698,corporate
XS2343822503,corporate
XS2343850892,government
XS2344716357,government
XS2344735811,corporate
XS2345050251,corporate
XS2345050848,corporate
XS2345317510,corporate
XS2345447721,corporate
XS2345876333,government
XS2346124410,corporate
XS2346127272,corporate
XS2346128320,corporate
XS2347284825,government
XS2347367018,corporate
XS2347684925,corporate
XS2347960895,corporate
XS2347999083,corporate
XS2348007282,corporate
XS2348062899,corporate
XS2348241048,corporate
XS2348658035,corporate
XS2348690350,corporate
XS2348703864,corporate
XS2348714713,corporate
XS2349180104,corporate
XS2350601162,corporate
XS2350632472,corporate
XS2350744434,corporate
XS2350746215,corporate
XS2351088955,government
XS2351092478,corporate
XS2351220814,corporate
XS2351382473,corporate
XS2352862119,corporate
XS2353057123,government
XS2353073161,corporate
XS2353405421,government
XS2353473692,corporate
XS2353483733,corporate
XS2354308194,corporate
XS2354444379,corporate
XS2354569407,corporate
XS2354941242,corporate
XS2355059911,corporate
XS2355105292,corporate
XS2355149316,corporate
XS2355172482,corporate
XS2355632584,corporate
XS2355632741,corporate
XS2356033147,government
XS2356217039,corporate
XS2356409966,government
XS2357205587,corporate
XS2357239057,corporate
XS2357433536,corporate
XS2357737910,corporate
XS2357738058,corporate
XS2357754097,corporate
XS2357812556,corporate
XS2357818678,corporate
XS2357951164,corporate
XS2358009855,corporate
XS2358231798,corporate
XS2358287824,corporate
XS2359292955,government
XS2359653727,corporate
XS2360310044,corporate
XS2360589217,corporate
XS2361047538,government
XS2361053007,government
XS2361253433,corporate
XS2361253607,corporate
XS2361258317,corporate
XS2361358299,corporate
XS2361358539,corporate
XS2361416915,government
XS2361850527,government
XS2362566932,corporate
XS2362913837,government
XS2363235107,corporate
XS2363910436,government
XS2364001078,corporate
XS2364199674,government
XS2364199757,government
XS2364200357,government
XS2364200514,government
XS2364593579,corporate
XS2364593652,corporate
XS2364754411,government
XS2364756036,government
XS2365061931,government
XS2366923378,corporate
XS2367081523,corporate
XS2367082091,corporate
XS2367892093,government
XS2368364449,corporate
XS2371866307,corporate
XS2372975040,corporate
XS2373163711,government
XS2373172548,corporate
XS2373642102,corporate
XS2374592702,corporate
XS2374594823,corporate
XS2374595044,corporate
XS2377291963,corporate
XS2377318162,government
XS2377379461,government
XS2377768366,corporate
XS2378468420,corporate
XS2378796945,corporate
XS2378803311,corporate
XS2378876978,corporate
XS2379011260,corporate
XS2379053692,corporate
XS2379063659,corporate
XS2379073963,corporate
XS2379084572,corporate
XS2379392397,corporate
XS2380239710,corporate
XS2380748439,corporate
XS2381043350,corporate
XS2381248835,corporate
XS2381261424,corporate
XS2381272207,corporate
XS2381277008,corporate
XS2381375786,government
XS2381566616,government
XS2381599898,corporate
XS2381671671,corporate
XS2381735237,corporate
XS2381801476,corporate
XS2381810972,corporate
XS2382223977,corporate
XS2382267750,government
XS2382296858,corporate
XS2382853641,corporate
XS2382953789,corporate
XS2383421711,corporate
XS2383492902,corporate
XS2383503013,corporate
XS2383886947,corporate
XS2383901761,corporate
XS2384273715,corporate
XS2384274366,corporate
XS2384580218,corporate
XS2384615378,government
XS2384715244,corporate
XS2384716648,corporate
XS2384716721,corporate
XS2384716994,corporate
XS2384723263,corporate
XS2385120857,corporate
XS2385121582,corporate
XS2385121749,corporate
XS2385150177,government
XS2385150334,government
XS2385150508,government
XS2385150847,government
XS2385151142,government
XS2385151738,government
XS2385151811,government
XS2385386029,corporate
XS2385390724,corporate
XS2385397901,corporate
XS2385398206,corporate
XS2385642041,corporate
XS2386139732,government
XS2386184878,government
XS2386287416,corporate
XS2386287762,corporate
XS2386592138,corporate
XS2386592302,corporate
XS2386638220,government
XS2386650274,corporate
XS2386877133,corporate
XS2386882729,corporate
XS2386886803,corporate
XS2387060259,corporate
XS2387370526,government
XS2387450393,corporate
XS2387859288,government
XS2387925501,corporate
XS2388085370,government
XS2388161650,government
XS2388172855,corporate
XS2388378981,corporate
XS2388426541,corporate
XS2388445764,corporate
XS2388457264,government
XS2388491289,corporate
XS2388495942,government
XS2388876232,corporate
XS2388910270,corporate
XS2389315768,corporate
XS2389353181,corporate
XS2389353264,corporate
XS2389362687,corporate
XS2389983524,corporate
XS2389984175,corporate
XS2389986899,corporate
XS2390292303,corporate
XS2390304751,corporate
XS2390393838,corporate
XS2390400716,corporate
XS2390472624,corporate
XS2390510142,corporate
XS2390861362,government
XS2391348740,corporate
XS2391406530,corporate
XS2391832719,government
XS2391850703,government
XS2391860843,corporate
XS2391861064,corporate
XS2391865305,corporate
XS2392596008,government
XS2393236000,corporate
XS2393236695,corporate
XS2393405803,corporate
XS2393510008,government
XS2393511071,government
XS2393542548,corporate
XS2393635391,government
XS2393661397,corporate
XS2393662015,corporate
XS2393687350,corporate
XS2393692434,corporate
XS2393758987,corporate
XS2394063437,corporate
XS2394823418,corporate
XS2395331247,corporate
XS2395558534,corporate
XS2395858090,corporate
XS2395954998,corporate
XS2396643699,government
XS2396652682,government
XS2397065330,corporate
XS2397065504,corporate
XS2397082939,government
XS2397352233,corporate
XS2397352662,corporate
XS2397683694,government
XS2398286984,government
XS2398287289,government
XS2398664099,corporate
XS2398688197,corporate
XS2398699632,corporate
XS2398757935,government
XS2399467807,corporate
XS2399787899,corporate
XS2399788277,corporate
XS2399851901,corporate
XS2399889976,corporate
XS2399933386,corporate
XS2399976195,corporate
XS2399990006,corporate
XS2400040460,corporate
XS2400296773,corporate
XS2400299363,government
XS2400630005,corporate
XS2400630187,corporate
XS2401731158,government
XS2401848341,government
XS2401961078,corporate
XS2401961151,corporate
XS2402142371,corporate
XS2403426427,corporate
XS2403428472,corporate
XS2403533263,corporate
XS2403696300,corporate
XS2403887586,government
XS2404266848,corporate
XS2404642923,corporate
XS2404974847,government
XS2405489092,government
XS2405855375,corporate
XS2405871570,corporate
XS2406010285,corporate
XS2406737036,corporate
XS2407010656,corporate
XS2407048623,corporate
XS2407277735,government
XS2407520936,corporate
XS2407521074,corporate
XS2407729909,corporate
XS2407748016,corporate
XS2407954002,corporate
XS2407955827,corporate
XS2408458730,corporate
XS2408460041,government
XS2408608219,government
XS2408981103,government
XS2409676934,corporate
XS2410368042,corporate
XS2411178630,corporate
XS2411241693,corporate
XS2411537033,corporate
XS2411541738,corporate
XS2411720233,corporate
XS2412044567,corporate
XS2412044641,corporate
XS2412566262,corporate
XS2412586450,corporate
XS2412732708,corporate
XS2413632360,corporate
XS2413632527,corporate
XS2413677464,corporate
XS2414130711,corporate
XS2415308761,corporate
XS2415386726,corporate
XS2415400147,corporate
XS2416413339,corporate
XS2416563901,corporate
XS2416978190,corporate
XS2417084030,corporate
XS2419364653,government
XS2419405274,corporate
XS2419733790,government
XS2420426038,government
XS2421385548,corporate
XS2422522685,corporate
XS2422800750,corporate
XS2422874524,government
XS2423359459,corporate
XS2423900591,corporate
XS2424374465,government
XS2427995001,corporate
XS2428063874,corporate
XS2428496637,corporate
XS2428496710,corporate
XS2428618685,corporate
XS2429205540,corporate
XS2429208999,corporate
XS2430062104,corporate
XS2430965538,government
XS2431006233,government
XS2431025613,government
XS2431029441,corporate
XS2431032403,government
XS2431032585,government
XS2431453336,corporate
XS2431946529,corporate
XS2432299449,corporate
XS2432303571,government
XS2432629504,government
XS2433126807,corporate
XS2433136194,government
XS2433139966,corporate
XS2433140113,corporate
XS2433141947,corporate
XS2433211310,corporate
XS2433226854,corporate
XS2433240764,corporate
XS2433243271,government
XS2433244246,corporate
XS2433363509,government
XS2433385650,government
XS2433828071,corporate
XS2433831885,government
XS2433833071,government
XS2434314840,government
XS2434410051,government
XS2434412859,corporate
XS2434421413,corporate
XS2434506320,corporate
XS2434513706,government
XS2434515313,corporate
XS2434704123,corporate
XS2434895475,government
XS2434895558,government
XS2434895632,government
XS2434895806,government
XS2434895988,government
XS2434896010,government
XS2435129726,government
XS2435594135,government
XS2435783613,corporate
XS2435787283,government
XS2436124205,corporate
XS2436132059,government
XS2436141472,government
XS2436153139,corporate
XS2436234483,corporate
XS2436424423,corporate
XS2436454842,government
XS2436475920,corporate
XS2436807940,corporate
XS2436817584,government
XS2436920321,government
XS2436922616,corporate
XS2437747210,government
XS2437854487,corporate
XS2438616240,corporate
XS2438631710,government
XS2439108205,corporate
XS2439224374,government
XS2439224705,government
XS2439227047,government
XS2439526547,government
XS2439527271,government
XS2439701488,corporate
XS2440105125,government
XS2440511975,corporate
XS2440682438,government
XS2441552192,corporate
XS2441555021,government
XS2441555880,government
XS2441706095,government
XS2442988858,corporate
XS2443432526,government
XS2443527234,corporate
XS2443749648,corporate
XS2443893255,corporate
XS2444203462,government
XS2444273168,government
XS2444704758,corporate
XS2444707850,corporate
XS2445142867,corporate
XS2445179190,corporate
XS2445343259,government
XS2445343689,corporate
XS2445667236,government
XS2446295045,government
XS2446841657,government
XS2446843430,corporate
XS2446844594,corporate
XS2446846888,corporate
XS2447550620,corporate
XS2447550893,corporate
XS2447564332,corporate
XS2447602793,government
XS2447757308,government
XS2447948824,government
XS2447977336,government
XS2448241708,corporate
XS2448242268,corporate
XS2448412879,government
XS2449505820,corporate
XS2449929194,corporate
XS2450391581,corporate
XS2451376219,corporate
XS2451802768,corporate
XS2451803063,corporate
XS2453958766,government
XS2454749206,government
XS2454764429,government
XS2454874285,corporate
XS2455411558,corporate
XS2455938212,corporate
XS2455983861,corporate
XS2455984679,corporate
XS2456247787,corporate
XS2457006521,corporate
XS2457274707,government
XS2457469547,corporate
XS2457496359,corporate
XS2459026204,corporate
XS2459056706,corporate
XS2459163619,corporate
XS2459747791,government
XS2459747874,corporate
XS2460229847,corporate
XS2460231074,government
XS2461766805,corporate
XS2461786829,corporate
XS2461966991,government
XS2462321212,corporate
XS2462321303,corporate
XS2462321485,corporate
XS2462466611,corporate
XS2462468740,corporate
XS2463450408,corporate
XS2463518998,corporate
XS2463550702,government
XS2463934864,corporate
XS2463961248,corporate
XS2463961321,corporate
XS2463961677,corporate
XS2463988795,corporate
XS2463990775,corporate
XS2464091029,corporate
XS2464407514,corporate
XS2464407860,corporate
XS2464409999,corporate
XS2464422075,corporate
XS2465633225,government
XS2465984107,corporate
XS2465984529,corporate
XS2466172363,corporate
XS2467774209,corporate
XS2468221747,corporate
XS2468223107,corporate
XS2468403428,corporate
XS2468413658,government
XS2468434142,government
XS2468525451,government
XS2468855593,corporate
XS2469137223,government
XS2469466390,corporate
XS2470200473,corporate
XS2470200713,corporate
XS2470212726,corporate
XS2470975033,government
XS2471066188,government
XS2471137385,corporate
XS2471137898,corporate
XS2471549654,government
XS2471859251,corporate
XS2471908645,government
XS2472637136,government
XS2472845911,corporate
XS2473687106,corporate
XS2473721210,corporate
XS2473866619,government
XS2474955924,government
XS2475492349,government
XS2475919663,corporate
XS2475954579,corporate
XS2475954900,government
XS2475955543,corporate
XS2475958059,corporate
XS2476287979,government
XS2476513572,corporate
XS2476557868,corporate
XS2476596924,corporate
XS2478808525,government
XS2478874311,government
XS2479344561,corporate
XS2480515662,corporate
XS2480975825,corporate
XS2480982870,corporate
XS2480989610,corporate
XS2480993729,corporate
XS2481287634,corporate
XS2481491160,corporate
XS2481608029,government
XS2481703879,corporate
XS2481728785,corporate
XS2482388449,government
XS2482450850,corporate
XS2482474520,corporate
XS2482533127,corporate
XS2482607699,corporate
XS2482615957,corporate
XS2482857617,corporate
XS2482869208,corporate
XS2482872251,corporate
XS2482887879,corporate
XS2483047317,corporate
XS2483844176,government
XS2484093393,government
XS2484111047,corporate
XS2484327999,corporate
XS2484502823,corporate
XS2485162163,corporate
XS2485172980,government
XS2485248806,government
XS2485249523,government
XS2485265214,corporate
XS2485360981,corporate
XS2485532357,government
XS2485814680,government
XS2485856681,government
XS2486282358,government
XS2486285021,corporate
XS2486285294,corporate
XS2486285377,corporate
XS2486449072,corporate
XS2486825669,corporate
XS2486825826,corporate
XS2486839298,corporate
XS2486840544,corporate
XS2487052487,corporate
XS2487342649,government
XS2487693512,government
XS2487770104,corporate
XS2488448098,government
XS2489287354,corporate
XS2489343793,government
XS2489466446,government
XS2489772991,corporate
XS2489775580,corporate
XS2489982293,corporate
XS2490471807,corporate
XS2490472102,corporate
XS2490811168,corporate
XS2491029380,corporate
XS2491074923,corporate
XS2491542457,corporate
XS2491626557,government
XS2491664137,corporate
XS2491730375,corporate
XS2491737461,government
XS2491738949,corporate
XS2492498667,government
XS2495084621,corporate
XS2495359403,corporate
XS2497281795,corporate
XS2498154207,government
XS2498554992,corporate
XS2499011059,corporate
XS2500341990,government
XS2500674887,government
XS2502402360,corporate
XS2502850865,government
XS2504099669,government
XS2514440309,government
XS2516960809,government
XS2520339800,government
XS2521820048,corporate
XS2521882071,corporate
XS2521888789,corporate
XS2521890843,corporate
XS2523326853,corporate
XS2523960719,corporate
XS2524143125,government
XS2524143554,corporate
XS2524675050,corporate
XS2524678666,corporate
XS2525157470,corporate
XS2526379313,government
XS2526828996,corporate
XS2526839258,corporate
XS2526839506,corporate
XS2526839761,corporate
XS2526846469,corporate
XS2526881532,corporate
XS2526882001,corporate
XS2527319979,corporate
XS2527914779,government
XS2527965334,corporate
XS2528170777,corporate
XS2528311348,corporate
XS2528323780,corporate
XS2528343119,government
XS2528553865,government
XS2528875714,government
XS2529233814,corporate
XS2529234200,government
XS2529513850,corporate
XS2529520715,corporate
XS2530053789,corporate
XS2530208490,government
XS2530219349,corporate
XS2530444624,corporate
XS2530757082,corporate
XS2530843759,corporate
XS2531479462,corporate
XS2531569965,corporate
XS2531570039,corporate
XS2531570112,corporate
XS2531672892,corporate
XS2532247892,corporate
XS2532310682,corporate
XS2532384968,corporate
XS2532472235,government
XS2532642415,government
XS2532818049,corporate
XS2533094400,corporate
XS2534786590,corporate
XS2534883363,corporate
XS2534891978,corporate
XS2534908889,corporate
XS2534976886,corporate
XS2535352962,government
XS2535724772,corporate
XS2535725159,corporate
XS2536362622,corporate
XS2536364081,corporate
XS2536376416,corporate
XS2536502227,corporate
XS2536817211,government
XS2536817484,government
XS2536846236,corporate
XS2537060746,corporate
XS2537091899,government
XS2537251170,corporate
XS2537263340,corporate
XS2537499548,government
XS2538368221,corporate
XS2538440780,government
XS2538441598,government
XS2538442562,government
XS2538738175,corporate
XS2538764684,corporate
XS2539440722,government
XS2539449608,government
XS2539608336,government
XS2539943634,government
XS2540585564,corporate
XS2540993685,government
XS2541314584,corporate
XS2541394750,corporate
XS2541433590,corporate
XS2542166231,corporate
XS2542166744,corporate
XS2545759099,corporate
XS2546781985,corporate
XS2547270756,government
XS2547609433,corporate
XS2547940317,corporate
XS2547941398,corporate
XS2547999552,government
XS2548003503,corporate
XS2548490734,government
XS2549711898,government
XS2549815913,corporate
XS2549862758,government
XS2550081454,corporate
XS2550868801,corporate
XS2550924133,government
XS2551486058,corporate
XS2551896546,government
XS2552369469,corporate
XS2552878857,government
XS2552880838,government
XS2553072153,government
XS2553243655,corporate
XS2553554812,government
XS2554488978,corporate
XS2554489513,corporate
XS2554504501,government
XS2554746185,corporate
XS2554997937,corporate
XS2555166128,government
XS2555179378,corporate
XS2555196463,corporate
XS2555198089,corporate
XS2555198162,corporate
XS2555420103,corporate
XS2555716567,corporate
XS2555717706,corporate
XS2556232143,corporate
XS2556376908,corporate
XS2556656853,corporate
XS2557262347,corporate
XS2558395278,corporate
XS2558395351,corporate
XS2558591967,corporate
XS2558592932,corporate
XS2558594391,government
XS2558916693,corporate
XS2558956483,corporate
XS2558966953,corporate
XS2558972415,corporate
XS2559133363,corporate
XS2559401802,government
XS2559501429,corporate
XS2559699272,corporate
XS2559941583,corporate
XS2560753936,corporate
XS2560994035,government
XS2560994381,corporate
XS2562543442,corporate
XS2562651500,government
XS2562879192,corporate
XS2562941927,corporate
XS2563353361,corporate
XS2563353957,government
XS2564365661,government
XS2567397711,corporate
XS2567535377,corporate
XS2567576488,corporate
XS2568343672,corporate
XS2570364138,government
XS2570759154,corporate
XS2571922884,government
XS2571923007,government
XS2571924070,government
XS2572298409,corporate
XS2572499726,government
XS2572996606,corporate
XS2573807778,corporate
XS2573952517,government
XS2574095118,corporate
XS2574268822,government
XS2574382797,government
XS2574388646,government
XS2574873183,corporate
XS2574873266,corporate
XS2575555938,corporate
XS2575556589,corporate
XS2575878868,government
XS2576297597,government
XS2576298991,government
XS2576361195,corporate
XS2576364371,government
XS2576655349,corporate
XS2577042893,corporate
XS2577053825,corporate
XS2577054716,corporate
XS2577109049,government
XS2577222792,government
XS2577382059,government
XS2577396430,corporate
XS2577518215,government
XS2577526580,government
XS2577528107,government
XS2577533875,corporate
XS2577572188,corporate
XS2577826386,corporate
XS2577836187,corporate
XS2577874782,corporate
XS2578574506,government
XS2579050639,government
XS2579284469,corporate
XS2579291910,government
XS2579293536,corporate
XS2579293619,corporate
XS2579319513,corporate
XS2579321337,government
XS2579324869,corporate
XS2579480307,corporate
XS2579483319,government
XS2579483822,government
XS2579816146,corporate
XS2579950200,corporate
XS2580013386,corporate
XS2580221658,corporate
XS2580715147,corporate
XS2580724727,government
XS2581211716,government
XS2581238248,government
XS2581365785,government
XS2581380826,government
XS2581393134,corporate
XS2581756389,government
XS2582098187,corporate
XS2582194143,government
XS2582195207,corporate
XS2582360330,corporate
XS2582388349,government
XS2582501925,corporate
XS2582870700,government
XS2583205906,corporate
XS2583211201,corporate
XS2583633966,corporate
XS2584128263,government
XS2584128776,corporate
XS2584640101,government
XS2584685031,corporate
XS2584685387,corporate
XS2585240984,corporate
XS2586007036,corporate
XS2586011491,government
XS2586778115,government
XS2586873379,corporate
XS2586942448,government
XS2586944147,government
XS2586944659,government
XS2587298204,government
XS2587421681,corporate
XS2587558474,corporate
XS2587558714,corporate
XS2587748174,government
XS2588464433,corporate
XS2588859376,corporate
XS2588885025,corporate
XS2589361240,corporate
XS2589712996,corporate
XS2589713614,corporate
XS2589727168,government
XS2589790018,corporate
XS2589790109,corporate
XS2589792220,corporate
XS2589820294,corporate
XS2589828941,corporate
XS2589830095,government
XS2590764713,government
XS2591029876,corporate
XS2591032235,corporate
XS2591456947,corporate
XS2592017300,corporate
XS2592088236,corporate
XS2592240712,corporate
XS2592433275,government
XS2592516210,corporate
XS2592650373,corporate
XS2592658947,corporate
XS2593105393,corporate
XS2593610103,government
XS2594025814,corporate
XS2595343059,corporate
XS2595410775,corporate
XS2595412631,corporate
XS2595417945,corporate
XS2595418166,corporate
XS2595418596,corporate
XS2595418679,corporate
XS2595650222,government
XS2595780946,government
XS2596456389,government
XS2596496419,corporate
XS2596500384,corporate
XS2597110613,corporate
XS2597905491,corporate
XS2597907190,corporate
XS2597995112,corporate
XS2598063480,corporate
XS2599156192,corporate
XS2599169922,corporate
XS2599730822,corporate
XS2599851537,corporate
XS2599882847,corporate
XS2600246552,corporate
XS2600248335,corporate
XS2600822642,government
XS2601280782,corporate
XS2601281244,corporate
XS2601459162,corporate
XS2604699327,corporate
XS2604821228,government
XS2604953211,corporate
XS2604961669,corporate
XS2604974480,corporate
XS2604974647,corporate
XS2605008130,corporate
XS2605008304,corporate
XS2606261597,corporate
XS2606264005,corporate
XS2607063497,corporate
XS2607193435,corporate
XS2607535684,corporate
XS2608638602,corporate
XS2608652934,government
XS2609970848,corporate
XS2610167962,government
XS2610210218,corporate
XS2610236528,government
XS2610457967,corporate
XS2610788569,corporate
XS2610898665,government
XS2611177382,government
XS2613192926,government
XS2613209753,corporate
XS2613259774,government
XS2613472963,corporate
XS2613629372,corporate
XS2613658041,corporate
XS2613666739,corporate
XS2613821300,government
XS2614258403,corporate
XS2615064677,corporate
XS2615183501,corporate
XS2615584328,corporate
XS2615587263,government
XS2615916850,government
XS2615919284,corporate
XS2615928863,corporate
XS2615940215,corporate
XS2616399395,government
XS2616621244,corporate
XS2617456582,corporate
XS2617457127,corporate
XS2618711068,corporate
XS2619991883,government
XS2621319040,corporate
XS2622198955,corporate
XS2623206187,corporate
XS2623221228,corporate
XS2623222978,corporate
XS2623223513,corporate
XS2623668634,corporate
XS2623868994,corporate
XS2623956773,corporate
XS2623957078,corporate
XS2624016932,government
XS2624017070,corporate
XS2624479288,corporate
XS2625136531,corporate
XS2625194225,corporate
XS2625196352,corporate
XS2625207571,government
XS2625968347,corporate
XS2625968693,corporate
XS2625968776,corporate
XS2626024868,government
XS2626288760,government
XS2626291129,corporate
XS2626343375,corporate
XS2626691906,corporate
XS2626775758,government
XS2627338580,corporate
XS2628785466,corporate
XS2629058293,corporate
XS2629064267,corporate
XS2629468278,corporate
XS2629470506,corporate
XS2629470761,corporate
XS2629470845,corporate
XS2629485447,corporate
XS2629713178,corporate
XS2630109226,corporate
XS2630111719,corporate
XS2630112014,corporate
XS2630112287,government
XS2630117328,corporate
XS2630420268,corporate
XS2630524713,corporate
XS2630617640,corporate
XS2630617996,corporate
XS2630633092,corporate
XS2630642671,corporate
XS2630642838,corporate
XS2630645856,corporate
XS2632826553,corporate
XS2633136234,corporate
XS2633136317,corporate
XS2633317701,corporate
XS2633553933,corporate
XS2634567429,corporate
XS2634593938,corporate
XS2634594076,corporate
XS2634687912,corporate
XS2635185437,government
XS2636410354,corporate
XS2636439684,government
XS2636718137,government
XS2636745882,corporate
XS2637445276,corporate
XS2637854014,government
XS2637881504,corporate
XS2637954582,corporate
XS2638075700,corporate
XS2638076187,corporate
XS2638082664,corporate
XS2638438510,corporate
XS2638490354,corporate
XS2638712948,corporate
XS2638924709,corporate
XS2639007587,corporate
XS2640904319,corporate
XS2641755348,corporate
XS2641775452,corporate
XS2642454271,corporate
XS2643320018,corporate
XS2643320109,corporate
XS2643829711,government
XS2644423035,corporate
XS2644936259,corporate
XS2645250718,government
XS2645737003,corporate
XS2646697404,government
XS2647405849,corporate
XS2647979181,government
XS2648078322,corporate
XS2648489388,corporate
XS2648493570,corporate
XS2648498371,corporate
XS2649050106,government
XS2649502361,government
XS2649518953,government
XS2649891244,corporate
XS2651619285,corporate
XS2653221742,corporate
XS2653233754,corporate
XS2653475843,corporate
XS2654057970,corporate
XS2654059752,corporate
XS2654097927,corporate
XS2654098222,corporate
XS2655852726,corporate
XS2655993033,corporate
XS2657846825,corporate
XS2657847393,corporate
XS2660380622,corporate
XS2665176298,corporate
XS2666415836,corporate
XS2667718352,government
XS2668508836,corporate
XS2669240975,government
XS2671019573,government
XS2671200991,corporate
XS2671251127,corporate
XS2671621402,corporate
XS2671723661,corporate
XS2671723745,corporate
XS2672278889,government
XS2672410821,government
XS2672418055,corporate
XS2672452237,corporate
XS2672744013,corporate
XS2672967234,corporate
XS2673433814,corporate
XS2673437484,corporate
XS2673536541,corporate
XS2673547746,corporate
XS2673570995,government
XS2673808486,corporate
XS2673929944,corporate
XS2673931171,corporate
XS2673978487,government
XS2673978644,government
XS2675226422,corporate
XS2675226695,corporate
XS2675884576,corporate
XS2675884733,corporate
XS2676388619,corporate
XS2676390359,corporate
XS2676395077,corporate
XS2676395317,corporate
XS2676395408,corporate
XS2676777605,corporate
XS2676863355,corporate
XS2676883114,corporate
XS2677517497,corporate
XS2677519196,government
XS2677607132,government
XS2677624657,corporate
XS2677631355,corporate
XS2677668357,corporate
XS2678191904,corporate
XS2678207676,corporate
XS2678226114,corporate
XS2678233243,corporate
XS2678749990,corporate
XS2678939427,corporate
XS2679063862,corporate
XS2679764493,government
XS2679878319,corporate
XS2679898184,corporate
XS2679922828,government
XS2680046021,corporate
XS2680932907,government
XS2681334962,government
XS2681541327,corporate
XS2681943390,government
XS2682061754,government
XS2682195016,corporate
XS2684455871,corporate
XS2684826014,corporate
XS2684846806,corporate
XS2684974046,corporate
XS2687917018,corporate
XS2688620645,corporate
XS2688673172,corporate
XS2688718373,corporate
XS2688793236,corporate
XS2688837207,corporate
XS2689044258,corporate
XS2689046626,corporate
XS2689049059,corporate
XS2689093388,government
XS2689094279,corporate
XS2689095086,corporate
XS2689476476,government
XS2689948078,government
XS2689949043,government
XS2689949399,government
XS2689949555,government
XS2689964869,government
XS2690137612,corporate
XS2690137885,corporate
XS2694863841,government
XS2694872594,corporate
XS2694874533,corporate
XS2695009998,corporate
XS2695011978,corporate
XS2695038401,corporate
XS2695039128,government
XS2695047659,corporate
XS2695375159,corporate
XS2695410832,corporate
XS2696046460,corporate
XS2696089197,corporate
XS2696224315,corporate
XS2696749626,corporate
XS2696803696,corporate
XS2696803852,corporate
XS2696811368,corporate
XS2696902837,corporate
XS2697243827,corporate
XS2698045130,corporate
XS2698047771,government
XS2698713695,corporate
XS2698773830,corporate
XS2698773913,corporate
XS2699256710,corporate
XS2699547951,corporate
XS2700245561,corporate
XS2701559440,corporate
XS2701655677,corporate
XS2701661303,corporate
XS2701724663,corporate
XS2701725983,government
XS2702257051,corporate
XS2702257564,corporate
XS2703610050,corporate
XS2703616255,government
XS2703950233,corporate
XS2706176547,corporate
XS2706208506,corporate
XS2706984502,corporate
XS2707149600,corporate
XS2707161308,government
XS2707303967,corporate
XS2707629056,corporate
XS2707689209,government
XS2708134023,corporate
XS2708197533,corporate
XS2708221341,corporate
XS2708368365,corporate
XS2708406637,government
XS2710808325,corporate
XS2710911509,government
XS2710913380,government
XS2711350848,government
XS2711408513,corporate
XS2711413273,corporate
XS2711420054,corporate
XS2711511795,government
XS2711552989,government
XS2712527063,government
XS2712746960,corporate
XS2712747182,corporate
XS2714333528,corporate
XS2714336117,corporate
XS2714337784,corporate
XS2714338592,corporate
XS2715297672,corporate
XS2715940891,corporate
XS2715941949,corporate
XS2716887760,government
XS2716887844,government
XS2717294487,corporate
XS2717309855,corporate
XS2717310945,corporate
XS2717378231,corporate
XS2717426576,corporate
XS2718201275,government
XS2719090636,corporate
XS2719096831,corporate
XS2719176948,government
XS2719294634,corporate
XS2721113160,corporate
XS2721465271,corporate
XS2722190795,corporate
XS2722717472,corporate
XS2722717555,corporate
XS2722771685,corporate
XS2722858532,corporate
XS2722876609,government
XS2723150517,corporate
XS2724428193,corporate
XS2724510792,corporate
XS2724940619,corporate
XS2724943639,corporate
XS2725838465,corporate
XS2725942523,corporate
XS2725959683,corporate
XS2725962398,corporate
XS2726262863,corporate
XS2726263325,corporate
XS2726263911,corporate
XS2726335099,corporate
XS2726911931,government
XS2728486536,corporate
XS2728560959,corporate
XS2728561098,corporate
XS2729234000,corporate
XS2729835004,corporate
XS2729836150,corporate
XS2730013104,corporate
XS2730661100,corporate
XS2732161034,corporate
XS2732246298,government
XS2732357525,corporate
XS2733417575,corporate
XS2734113991,corporate
XS2734222420,corporate
XS2734844850,corporate
XS2735280245,government
XS2735317930,government
XS2735493236,government
XS2736475208,corporate
XS2737652474,corporate
XS2739009855,corporate
XS2739009939,corporate
XS2739132897,corporate
XS2740446757,corporate
XS2741069996,corporate
XS2741344613,corporate
XS2741362862,corporate
XS2743711298,corporate
XS2744125696,corporate
XS2744169637,government
XS2744177143,government
XS2744299335,corporate
XS2744491874,government
XS2744831210,government
XS2744858502,corporate
XS2744862959,government
XS2744911756,corporate
XS2744911830,corporate
XS2744943288,corporate
XS2744955373,government
XS2745126792,government
XS2745344601,corporate
XS2745346051,corporate
XS2745706445,corporate
XS2745725155,corporate
XS2745726047,corporate
XS2746102479,government
XS2746103014,government
XS2746110498,government
XS2746180194,corporate
XS2746269682,corporate
XS2747093321,corporate
XS2747181969,corporate
XS2747182181,corporate
XS2747198187,government
XS2747557416,corporate
XS2747590896,corporate
XS2747596315,corporate
XS2747600018,corporate
XS2747600109,corporate
XS2747610751,corporate
XS2747616105,corporate
XS2747631914,corporate
XS2748213290,corporate
XS2748850687,government
XS2748968844,government
XS2748970402,corporate
XS2749469115,corporate
XS2749477134,corporate
XS2749527417,government
XS2749532680,government
XS2749537481,government
XS2749769696,government
XS2749779570,government
XS2749786195,government
XS2750224201,corporate
XS2750306511,corporate
XS2750326899,corporate
XS2750331030,government
XS2750475894,corporate
XS2750476603,government
XS2751590931,government
XS2751598322,corporate
XS2751678272,corporate
XS2751681730,government
XS2752052063,corporate
XS2752075783,government
XS2752471206,corporate
XS2752872882,corporate
XS2752873005,corporate
XS2753304349,corporate
XS2753315626,corporate
XS2753412233,government
XS2753429047,government
XS2753539068,government
XS2753542104,government
XS2753544902,government
XS2753834493,corporate
XS2754067242,government
XS2754070899,corporate
XS2754491640,corporate
XS2755443459,corporate
XS2755487076,corporate
XS2755899775,corporate
XS2756298639,corporate
XS2756341314,corporate
XS2756342122,corporate
XS2756383233,government
XS2756519232,corporate
XS2756520248,corporate
XS2756521212,government
XS2756521303,government
XS2756539933,government
XS2756543539,government
XS2756954835,government
XS2757516005,government
XS2757519017,government
XS2758730555,government
XS2758880798,corporate
XS2758930569,corporate
XS2759983385,corporate
XS2760108592,corporate
XS2760109053,corporate
XS2760217880,corporate
XS2760218003,corporate
XS2760218185,corporate
XS2760760277,government
XS2760773411,corporate
XS2760775549,government
XS2760863329,corporate
XS2761146468,corporate
XS2761205900,corporate
XS2761222400,corporate
XS2761223127,corporate
XS2761357594,corporate
XS2762276967,corporate
XS2763630857,corporate
XS2763640815,government
XS2764405432,corporate
XS2764430208,government
XS2764853425,corporate
XS2764856873,government
XS2764875584,government
XS2764876475,corporate
XS2765024414,government
XS2765026468,government
XS2765498717,government
XS2765558635,corporate
XS2765559443,corporate
XS2765559799,corporate
XS2765600262,corporate
XS2765734897,government
XS2767246148,government
XS2767499275,corporate
XS2767499945,corporate
XS2767974095,corporate
XS2767979052,corporate
XS2768185030,corporate
XS2768730751,government
XS2769352670,corporate
XS2769352753,corporate
XS2769501698,corporate
XS2769620431,corporate
XS2769637328,corporate
XS2769667234,corporate
XS2769685301,corporate
XS2769685483,corporate
XS2769688073,corporate
XS2769892519,corporate
XS2769892865,corporate
XS2769894135,corporate
XS2770920937,government
XS2770921315,government
XS2771478828,government
XS2771480139,government
XS2772266693,corporate
XS2773062471,corporate
XS2773068676,corporate
XS2774408574,government
XS2775026409,government
XS2775400703,corporate
XS2775699577,corporate
XS2775780690,corporate
XS2776001880,corporate
XS2776523669,corporate
XS2776665700,corporate
XS2776676145,government
XS2776890902,corporate
XS2776891207,corporate
XS2777428371,government
XS2777604286,corporate
XS2778179932,corporate
XS2778272471,government
XS2778274410,government
XS2778367933,government
XS2778370051,corporate
XS2778384516,government
XS2778385240,corporate
XS2778864210,corporate
XS2778918834,corporate
XS2778944913,corporate
XS2779805097,government
XS2780033887,government
XS2781410712,corporate
XS2781419424,corporate
XS2782184902,corporate
XS2782311273,corporate
XS2782352202,corporate
XS2782775345,corporate
XS2782976752,corporate
XS2782977057,corporate
XS2783084218,government
XS2783589844,corporate
XS2783622561,corporate
XS2783626638,corporate
XS2783791838,corporate
XS2784415718,corporate
XS2784801271,corporate
XS2785437901,corporate
XS2785548053,corporate
XS2785658076,corporate
XS2787169536,government
XS2787194724,corporate
XS2787862346,corporate
XS2787862429,corporate
XS2787873541,corporate
XS2788023450,corporate
XS2788380306,corporate
XS2788433600,corporate
XS2788600869,corporate
XS2788614498,corporate
XS2789519449,corporate
XS2790212828,corporate
XS2790222116,government
XS2790315555,corporate
XS2790334184,corporate
XS2791959906,corporate
XS2791960664,corporate
XS2791993756,corporate
XS2791994309,corporate
XS2792099157,corporate
XS2792100187,corporate
XS2792108164,corporate
XS2792113677,corporate
XS2792113750,corporate
XS2792114485,corporate
XS2792118809,corporate
XS2792119872,corporate
XS2792129160,corporate
XS2792222379,government
XS2793223475,corporate
XS2793255162,corporate
XS2793263935,corporate
XS2793368957,corporate
XS2793675534,corporate
XS2793703500,corporate
XS2793946315,corporate
XS2794610969,government
XS2795420293,corporate
XS2795696108,government
XS2796491681,corporate
XS2796523475,government
XS2796662323,government
XS2797440638,government
XS2797444895,corporate
XS2798085416,corporate
XS2798098310,corporate
XS2798125907,corporate
XS2798174434,corporate
XS2798286071,corporate
XS2798964164,government
XS2799493825,corporate
XS2799786848,corporate
XS2800644671,government
XS2800922580,corporate
XS2800973146,corporate
XS2801321527,government
XS2801333530,corporate
XS2801337283,corporate
XS2802891833,corporate
XS2802892054,corporate
XS2802909478,corporate
XS2802928692,corporate
XS2802928775,corporate
XS2803760359,government
XS2803760607,government
XS2804483381,corporate
XS2804485915,corporate
XS2804501208,corporate
XS2805274326,corporate
XS2805330094,corporate
XS2805530776,corporate
XS2805621146,corporate
XS2806383076,corporate
XS2806383159,corporate
XS2806452145,corporate
XS2806614223,corporate
XS2807461699,government
XS2807518639,corporate
XS2807760843,corporate
XS2808189760,corporate
XS2808539410,corporate
XS2808977446,corporate
XS2809676294,government
XS2810168737,corporate
XS2810168810,corporate
XS2810278163,corporate
XS2810278247,corporate
XS2811096267,corporate
XS2811681779,corporate
XS2811764120,corporate
XS2812381247,corporate
XS2812381676,corporate
XS2812484728,corporate
XS2813134793,corporate
XS2813159436,corporate
XS2813175713,government
XS2813211294,corporate
XS2813319816,corporate
XS2813323685,corporate
XS2813326605,corporate
XS2813826752,corporate
XS2813846354,corporate
XS2814265679,corporate
XS2814343062,corporate
XS2814412131,corporate
XS2814425117,corporate
XS2814721945,corporate
XS2815488247,corporate
XS2815984732,corporate
XS2816013937,government
XS2816638873,corporate
XS2816638956,corporate
XS2816639095,corporate
XS2816779263,corporate
XS2816816305,corporate
XS2817890077,corporate
XS2817911170,corporate
XS2817920080,corporate
XS2818061140,corporate
XS2818155710,government
XS2818726213,corporate
XS2818827169,corporate
XS2819338091,corporate
XS2819840120,corporate
XS2820206378,corporate
XS2820438401,corporate
XS2820499619,corporate
XS2821647364,corporate
XS2821653768,government
XS2821704850,corporate
XS2821727802,government
XS2821745374,corporate
XS2821758948,corporate
XS2821787962,corporate
XS2821788770,corporate
XS2821789232,corporate
XS2821801201,corporate
XS2822443656,corporate
XS2823260604,corporate
XS2823825711,corporate
XS2823825802,corporate
XS2823828061,corporate
XS2823931824,corporate
XS2824056522,corporate
XS2824215425,corporate
XS2824643220,corporate
XS2824647999,corporate
XS2824740778,corporate
XS2824742048,government
XS2824746544,corporate
XS2824758044,corporate
XS2824764521,corporate
XS2824765338,government
XS2825483998,corporate
XS2825500593,corporate
XS2825539617,corporate
XS2825558328,corporate
XS2826609971,corporate
XS2826669793,government
XS2826701604,corporate
XS2826712551,corporate
XS2826718087,corporate
XS2826815446,corporate
XS2827680112,corporate
XS2827694170,corporate
XS2827696035,corporate
XS2827697272,corporate
XS2827708145,corporate
XS2828422035,corporate
XS2828685631,corporate
XS2828830153,corporate
XS2828914767,corporate
XS2828917943,corporate
XS2829209720,government
XS2829701718,government
XS2829703680,government
XS2829724173,corporate
XS2829810923,government
XS2829811731,government
XS2830454554,corporate
XS2830523895,corporate
XS2831061796,corporate
XS2831585786,corporate
XS2831749481,corporate
XS2831757153,corporate
XS2831765099,government
XS2832048719,corporate
XS2832873355,corporate
XS2832954270,corporate
XS2833315711,corporate
XS2833397008,corporate
XS2834253127,corporate
XS2834272002,government
XS2834282142,corporate
XS2834282225,corporate
XS2834282498,corporate
XS2834365277,government
XS2834462983,corporate
XS2834471463,corporate
XS2834924867,corporate
XS2835739660,corporate
XS2835887931,government
XS2837710917,corporate
XS2837886014,corporate
XS2837886105,corporate
XS2837886287,corporate
XS2838370414,corporate
XS2838495542,corporate
XS2838500218,corporate
XS2838544778,government
XS2838545825,government
XS2838886062,government
XS2838900152,government
XS2838904907,corporate
XS2840096908,corporate
XS2840116193,corporate
XS2840132802,government
XS2841151553,corporate
XS2841181972,corporate
XS2841247583,government
XS2841932614,corporate
XS2842061421,corporate
XS2842080488,corporate
XS2842188687,corporate
XS2842544491,corporate
XS2843279261,government
XS2844398482,corporate
XS2845154124,corporate
XS2845167613,corporate
XS2845845200,corporate
XS2846982234,government
XS2846984529,government
XS2847641961,corporate
XS2847684938,corporate
XS2847688251,corporate
XS2849763045,corporate
XS2850435731,corporate
XS2850573374,corporate
XS2850686903,corporate
XS2851602784,corporate
XS2851605886,corporate
XS2851607403,government
XS2851609102,government
XS2852136063,corporate
XS2852136816,corporate
XS2852894679,corporate
XS2852920342,corporate
XS2852959555,corporate
XS2852966501,corporate
XS2852993810,corporate
XS2852997993,corporate
XS2853370976,corporate
XS2853489271,corporate
XS2853679053,corporate
XS2854303729,corporate
XS2854309684,corporate
XS2854315814,corporate
XS2854329104,corporate
XS2854329286,corporate
XS2854422578,corporate
XS2854422818,corporate
XS2855153602,corporate
XS2855391533,corporate
XS2855412479,corporate
XS2856144576,government
XS2856773606,corporate
XS2856781963,corporate
XS2856820704,corporate
XS2857868942,corporate
XS2857869163,corporate
XS2858703569,government
XS2859398872,corporate
XS2859746237,corporate
XS2860457071,corporate
XS2860946867,corporate
XS2861000235,corporate
XS2861062425,government
XS2861550817,corporate
XS2861551898,corporate
XS2861553167,corporate
XS2861554645,government
XS2861555964,corporate
XS2861686041,corporate
XS2861753924,corporate
XS2862382541,corporate
XS2862887663,corporate
XS2862924532,corporate
XS2862984510,corporate
XS2862984601,corporate
XS2863565326,corporate
XS2864287466,corporate
XS2865535590,government
XS2865538776,corporate
XS2865588797,government
XS2867238532,corporate
XS2867238888,corporate
XS2867272630,corporate
XS2870878456,corporate
XS2870879850,corporate
XS2872164160,government
XS2872349613,corporate
XS2872799734,corporate
XS2872800680,corporate
XS2872909697,corporate
XS2872909770,corporate
XS2875795945,government
XS2876564084,corporate
XS2877153234,corporate
XS2878460885,government
XS2879056534,corporate
XS2879811987,corporate
XS2880928424,corporate
XS2882097236,corporate
XS2882098556,corporate
XS2882669059,corporate
XS2883451044,government
XS2883979705,corporate
XS2884003778,corporate
XS2884045936,government
XS2885225966,corporate
XS2886118079,corporate
XS2886118236,corporate
XS2886269013,corporate
XS2886269286,corporate
XS2886668149,corporate
XS2887172067,government
XS2887184401,corporate
XS2887185127,corporate
XS2887871072,corporate
XS2887872989,corporate
XS2887887078,corporate
XS2887896574,corporate
XS2887897200,government
XS2887901325,corporate
XS2887901598,corporate
XS2887901911,corporate
XS2887903966,government
XS2888260564,corporate
XS2888538431,corporate
XS2888621922,corporate
XS2888624785,corporate
XS2889374356,corporate
XS2890149185,corporate
XS2890420834,government
XS2890435600,government
XS2890435865,corporate
XS2890436087,government
XS2891034063,corporate
XS2891101433,corporate
XS2891741923,corporate
XS2891742731,corporate
XS2892322061,corporate
XS2892386462,corporate
XS2892944815,corporate
XS2892988192,corporate
XS2892988275,corporate
XS2893984067,corporate
XS2894850820,corporate
XS2894851042,corporate
XS2894862080,corporate
XS2894869416,corporate
XS2894908768,corporate
XS2895055981,government
XS2895057094,corporate
XS2895631567,corporate
XS2895631641,corporate
XS2895769086,government
XS2896892655,corporate
XS2897299686,corporate
XS2897383043,corporate
XS2897406513,government
XS2898168799,corporate
XS2898762864,corporate
XS2898794982,corporate
XS2898886754,government
XS2899487917,corporate
XS2899636935,corporate
XS2900264586,government
XS2900282133,corporate
XS2900306171,corporate
XS2900380226,government
XS2900380812,corporate
XS2900381117,government
XS2900391777,corporate
XS2900444139,corporate
XS2900445375,corporate
XS2900445615,corporate
XS2900964565,corporate
XS2901347737,corporate
XS2901369897,corporate
XS2901397245,government
XS2901491261,corporate
XS2901886361,government
XS2901898291,corporate
XS2901969902,corporate
XS2901993019,corporate
XS2902087423,government
XS2902087936,corporate
XS2902088314,government
XS2902578322,corporate
XS2902710370,corporate
XS2902720171,corporate
XS2903312002,corporate
XS2903447519,corporate
XS2903447600,corporate
XS2904504979,corporate
XS2904540692,corporate
XS2904554990,corporate
XS2904658007,corporate
XS2904658429,corporate
XS2904660755,corporate
XS2904849879,corporate
XS2905386962,corporate
XS2905387267,corporate
XS2905387697,corporate
XS2905387937,corporate
XS2905418591,government
XS2905432584,corporate
XS2905504671,corporate
XS2905504754,corporate
XS2905582479,corporate
XS2906240028,government
XS2906339747,corporate
XS2907137736,corporate
XS2907249457,corporate
XS2907338128,corporate
XS2907977131,corporate
XS2908093805,corporate
XS2908095172,corporate
XS2908177145,corporate
XS2908178119,corporate
XS2908633683,government
XS2908644615,government
XS2908645265,government
XS2908712040,government
XS2908714178,government
XS2908722783,corporate
XS2908739910,corporate
XS2908831568,corporate
XS2908831642,corporate
XS2908897742,corporate
XS2909743648,corporate
XS2909821899,corporate
XS2909822194,corporate
XS2909822277,corporate
XS2910412563,corporate
XS2910505572,government
XS2910509566,corporate
XS2910536452,corporate
XS2910609432,government
XS2910613970,government
XS2911004658,corporate
XS2911006430,corporate
XS2911013303,corporate
XS2911044019,corporate
XS2911046147,corporate
XS2911115645,corporate
XS2911134604,corporate
XS2911156326,government
XS2911193956,corporate
XS2911633274,corporate
XS2911679004,corporate
XS2911681083,corporate
XS2911742489,government
XS2913069428,government
XS2913414384,corporate
XS2914003533,corporate
XS2914160804,corporate
XS2914558593,corporate
XS2914568121,corporate
XS2915279140,corporate
XS2915461458,corporate
XS2915462001,corporate
XS2915465012,corporate
XS2915465442,corporate
XS2915525369,government
XS2916456663,corporate
XS2916827152,corporate
XS2917468618,corporate
XS2917911401,corporate
XS2919216122,government
XS2919471156,corporate
XS2919679816,corporate
XS2919680236,corporate
XS2919891361,corporate
XS2919906573,government
XS2920501868,government
XS2920504292,corporate
XS2921374273,corporate
XS2921409756,corporate
XS2921540030,corporate
XS2921544024,corporate
XS2922070342,government
XS2922628339,corporate
XS2922763896,government
XS2922764191,government
XS2922764431,government
XS2923391606,government
XS2923399252,government
XS2923451194,corporate
XS2924823532,government
XS2924856896,corporate
XS2926256186,corporate
XS2926261426,corporate
XS2926264529,corporate
XS2926264875,corporate
XS2927492798,corporate
XS2928014245,corporate
XS2928133334,corporate
XS2928390736,corporate
XS2928396774,corporate
XS2928478747,corporate
XS2928593925,government
XS2928646806,government
XS2928674253,corporate
XS2929985385,corporate
XS2930103580,corporate
XS2930112730,corporate
XS2930118265,corporate
XS2931402866,corporate
XS2931916972,corporate
XS2932096691,government
XS2932787687,corporate
XS2932806065,corporate
XS2934329967,government
XS2935607221,corporate
XS2936100960,corporate
XS2936665392,government
XS2937174196,corporate
XS2937252174,corporate
XS2938562068,corporate
XS2938565673,corporate
XS2938568693,corporate
XS2938578494,corporate
XS2939000274,corporate
XS2939527102,corporate
XS2939545773,government
XS2940309649,corporate
XS2941354727,corporate
XS2941356698,government
XS2941360963,corporate
XS2941605078,corporate
XS2941605235,corporate
XS2942371274,corporate
XS2942377123,corporate
XS2942478822,corporate
XS2942479044,corporate
XS2943809900,corporate
XS2944441810,corporate
XS2944871586,corporate
XS2944872121,corporate
XS2944915201,corporate
XS2944926406,corporate
XS2945642093,corporate
XS2947177650,corporate
XS2947292244,corporate
XS2948048462,corporate
XS2948063180,government
XS2948178160,corporate
XS2948434266,corporate
XS2948435743,corporate
XS2948768556,corporate
XS2949307289,government
XS2949309905,corporate
XS2949605625,corporate
XS2952053184,corporate
XS2952510340,corporate
XS2953887903,corporate
XS2954181843,corporate
XS2954183039,corporate
XS2954943366,corporate
XS2956845262,corporate
XS2957380228,corporate
XS2958385580,corporate
XS2958536976,corporate
XS2958621810,corporate
XS2961083321,corporate
XS2961863094,corporate
XS2962054602,corporate
XS2962112731,government
XS2962240060,corporate
XS2963790931,corporate
XS2963877464,corporate
XS2963891028,corporate
XS2963891531,corporate
XS2963902759,corporate
XS2964354570,corporate
XS2964604602,corporate
XS2964604867,corporate
XS2964605088,corporate
XS2964613694,corporate
XS2964613777,corporate
XS2964624899,corporate
XS2964628296,corporate
XS2965663656,corporate
XS2965681633,corporate
XS2965706216,corporate
XS2966427895,government
XS2966430683,corporate
XS2967738597,corporate
XS2967933453,government
XS2969397491,corporate
XS2970145012,corporate
XS2970728205,corporate
XS2970888660,corporate
XS2970895368,corporate
XS2970950569,corporate
XS2971148593,corporate
XS2971584813,corporate
XS2971601336,corporate
XS2971648725,corporate
XS2971936948,government
XS2971937672,government
XS2971989475,corporate
XS2971996843,corporate
XS2972044163,government
XS2972957059,corporate
XS2972963883,corporate
XS2972971399,corporate
XS2972982917,government
XS2973019693,government
XS2973477990,corporate
XS2974146156,government
XS2974156627,corporate
XS2974521770,corporate
XS2975081303,government
XS2975106902,government
XS2975119988,corporate
XS2975125365,government
XS2975276143,government
XS2975280509,government
XS2975281499,government
XS2975294393,corporate
XS2975300208,corporate
XS2976035316,corporate
XS2976284450,government
XS2976327523,government
XS2976328687,government
XS2976328760,corporate
XS2976332283,corporate
XS2976350004,corporate
XS2976492566,government
XS2977903314,government
XS2977993471,government
XS2978001324,corporate
XS2978050883,corporate
XS2978109952,government
XS2978438930,corporate
XS2978439235,corporate
XS2978479298,government
XS2978482169,corporate
XS2978489925,government
XS2978508732,corporate
XS2978594989,corporate
XS2978743222,corporate
XS2978771942,corporate
XS2978907512,corporate
XS2978923550,government
XS2978924442,government
XS2979608499,corporate
XS2979644536,corporate
XS2979654923,government
XS2979655813,corporate
XS2979655904,corporate
XS2979686297,corporate
XS2979761926,government
XS2980203785,corporate
XS2980761014,government
XS2980858794,government
XS2980870146,government
XS2980930148,government
XS2981975027,corporate
XS2981975613,corporate
XS2981978989,corporate
XS2982058583,government
XS2982069788,government
XS2982096914,government
XS2982107547,government
XS2982117694,corporate
XS2982295797,corporate
XS2982296092,corporate
XS2982315819,corporate
XS2982315900,corporate
XS2982322609,corporate
XS2982325883,corporate
XS2982327665,corporate
XS2982330610,corporate
XS2982332319,corporate
XS2982332400,corporate
XS2982333713,government
XS2983840435,corporate
XS2983840518,corporate
XS2984015334,corporate
XS2984119896,corporate
XS2985139356,corporate
XS2985204515,government
XS2985211569,corporate
XS2985250898,corporate
XS2985300156,corporate
XS2985302954,government
XS2985310031,corporate
XS2985425524,corporate
XS2985434948,government
XS2986319205,corporate
XS2986331325,corporate
XS2986639701,corporate
XS2987626509,government
XS2987630873,corporate
XS2987792269,corporate
XS2987793150,corporate
XS2987801359,corporate
XS2987801433,corporate
XS2987895401,corporate
XS2988659632,government
XS2988661612,government
XS2988670878,corporate
XS2988685983,corporate
XS2988686288,corporate
XS2988687682,corporate
XS2989306506,corporate
XS2989340869,corporate
XS2989340943,corporate
XS2989570945,corporate
XS2990293792,corporate
XS2991145033,corporate
XS2991233086,government
XS2991271847,corporate
XS2991272068,corporate
XS2991917530,government
XS2991917613,government
XS2992015979,corporate
XS2992020037,corporate
XS2992021787,corporate
XS2992041462,government
XS2993364178,corporate
XS2993415343,corporate
XS2993446819,corporate
XS2993845945,corporate
XS2993970925,government
XS2994527351,government
XS2995385916,government
XS2996672437,government
XS2996771767,corporate
XS2997348037,corporate
XS2997361485,corporate
XS2997390153,government
XS2997425637,government
XS2997428227,government
XS2997439935,corporate
XS2997535146,corporate
XS2998271436,corporate
XS2998700145,corporate
XS2998746213,corporate
XS2998746486,corporate
XS2998752880,government
XS2998909530,government
XS2998909613,government
XS2999533271,government
XS2999546687,government
XS2999552909,government
XS2999564235,government
XS2999564581,government
XS2999573905,government
XS2999576080,corporate
XS2999578706,corporate
XS2999619070,government
XS2999676385,government
XS2999676468,government
XS3000457666,government
XS3000458557,government
XS3000977234,corporate
XS3000977317,corporate
XS3000977408,corporate
XS3002351073,government
XS3002400540,corporate
XS3002418914,corporate
XS3002420498,corporate
XS3002420902,corporate
XS3002421389,corporate
XS3003427872,corporate
XS3004202654,government
XS3004243179,corporate
XS3004571850,corporate
XS3005193183,corporate
XS3006160033,government
XS3006252079,government
XS3006253044,corporate
XS3008626320,government
XS3008638176,corporate
XS3008639810,government
XS3009012637,corporate
XS3009463996,corporate
XS3010338856,government
XS3010536061,corporate
XS3010536145,corporate
XS3010578493,corporate
XS3010580127,corporate
XS3010826819,corporate
XS3011744623,corporate
XS3012400746,corporate
XS3012914779,corporate
XS3012916048,corporate
XS3012919141,corporate
XS3012958636,corporate
XS3012976372,corporate
XS3013013241,corporate
XS3013061489,corporate
XS3013242196,corporate
XS3013754174,government
XS3013974533,corporate
XS3015248209,corporate
XS3015684361,corporate
XS3015760567,government
XS3016383294,corporate
XS3017017990,corporate
XS3017208235,corporate
XS3017216097,corporate
XS3017932602,corporate
XS3017995518,corporate
XS3019296840,corporate
XS3019303133,corporate
XS3019311581,corporate
XS3019726523,corporate
XS3021201887,corporate
XS3021202000,corporate
XS3021376259,government
XS3021378032,government
XS3021378388,government
XS3021378461,government
XS3021385326,government
XS3022686490,corporate
XS3023943692,corporate
XS3023950556,corporate
XS3024074521,government
XS3025205850,corporate
XS3025207807,corporate
XS3025437982,corporate
XS3025937288,government
XS3025944573,government
XS3026019334,government
XS3026747876,corporate
XS3027975799,corporate
XS3027994824,corporate
XS3028070608,government
XS3028073701,corporate
XS3029433540,government
XS3029557272,corporate
XS3029558676,corporate
XS3029562439,corporate
XS3030091329,government
XS3030248325,corporate
XS3030340569,government
XS3030374030,corporate
XS3032013511,corporate
XS3032042379,corporate
XS3032045398,corporate
XS3032045471,corporate
XS3032045554,corporate
XS3032045984,corporate
XS3032046016,corporate
XS3032919543,corporate
XS3032924113,corporate
XS3032928965,corporate
XS3032938410,government
XS3033154629,corporate
XS3033158885,corporate
XS3033922389,corporate
XS3034033533,corporate
XS3034073836,corporate
XS3034372584,corporate
XS3035215261,corporate
XS3035229999,corporate
XS3035904559,government
XS3035948762,corporate
XS3036647694,corporate
XS3036647777,corporate
XS3037102301,corporate
XS3037621086,corporate
XS3037682112,corporate
XS3037926865,corporate
XS3038052067,corporate
XS3038527274,government
XS3038535962,corporate
XS3038559129,corporate
XS3038659267,corporate
XS3039124360,corporate
XS3040316971,corporate
XS3040319306,corporate
XS3040320908,corporate
XS3040333638,corporate
XS3040382098,corporate
XS3040422902,corporate
XS3040572979,corporate
XS3040573191,corporate
XS3040591920,government
XS3041229439,government
XS3041346316,corporate
XS3041347637,corporate
XS3041348015,corporate
XS3043537169,corporate
XS3044344730,government
XS3044351867,corporate
XS3044357047,corporate
XS3044417049,government
XS3044417981,corporate
XS3045678300,corporate
XS3045681197,corporate
XS3045728683,government
XS3046322593,corporate
XS3046338839,corporate
XS3046357896,government
XS3046422542,corporate
XS3046428408,corporate
XS3047452316,corporate
XS3047452746,corporate
XS3047457117,government
XS3047514446,corporate
XS3048610615,corporate
XS3048741550,corporate
XS3049411971,corporate
XS3049412359,corporate
XS3049459749,corporate
XS3049460242,corporate
XS3049473146,corporate
XS3049815122,corporate
XS3050686321,corporate
XS3050996605,government
XS3051927757,corporate
XS3053576776,government
XS3055657848,corporate
XS3055733706,government
XS3055735073,corporate
XS3056053799,corporate
XS3058827802,corporate
XS3059422868,corporate
XS3060305235,corporate
XS3060780973,corporate
XS3062237808,corporate
XS3063310190,corporate
XS3063717113,corporate
XS3063879368,government
XS3063879442,government
XS3065322862,corporate
XS3065329446,corporate
XS3066581664,corporate
XS3066590574,corporate
XS3066661185,corporate
XS3066663124,corporate
XS3066719959,corporate
XS3067311145,corporate
XS3068732455,corporate
XS3070067072,corporate
XS3070545234,corporate
XS3070657203,corporate
XS3071310059,corporate
XS3071332293,corporate
XS3071332962,corporate
XS3071335478,corporate
XS3071336526,corporate
XS3071347994,corporate
XS3071392198,government
XS3072230744,corporate
XS3072238309,government
XS3072348405,corporate
XS3072899464,corporate
XS3072908984,corporate
XS3073101712,corporate
XS3073122478,corporate
XS3073621552,corporate
XS3073626601,corporate
XS3073629290,corporate
XS3073629530,corporate
XS3074383996,corporate
XS3074424188,corporate
XS3074428841,government
XS3074499511,corporate
XS3075026156,corporate
XS3075393499,corporate
XS3075425879,government
XS3075490188,corporate
XS3075490261,corporate
XS3075491152,corporate
XS3075492044,government
XS3075496896,government
XS3076190324,corporate
XS3076265944,government
XS3076272130,corporate
XS3076285389,government
XS3076304602,corporate
XS3076315558,corporate
XS3076318065,corporate
XS3076918419,corporate
XS3077018714,corporate
XS3077376047,government
XS3077379223,corporate
XS3077380825,corporate
XS3077386434,government
XS3077388729,corporate
XS3078479576,corporate
XS3078501254,corporate
XS3078501338,corporate
XS3078501502,corporate
XS3078501684,corporate
XS3078501767,corporate
XS3078538256,government
XS3078653279,corporate
XS3079581479,corporate
XS3080022091,corporate
XS3080462222,corporate
XS3080684551,corporate
XS3080713756,government
XS3080782488,government
XS3080786398,government
XS3081339072,government
XS3081756002,corporate
XS3081780648,corporate
XS3081821699,corporate
XS3081949144,government
XS3081952791,corporate
XS3083232002,corporate
XS3083835044,corporate
XS3083841521,corporate
XS3083844111,corporate
XS3084116055,corporate
XS3084266538,corporate
XS3084344863,corporate
XS3084344947,corporate
XS3084345241,corporate
XS3084356529,government
XS3084366163,government
XS3084418907,corporate
XS3085134594,corporate
XS3085146929,corporate
XS3085147810,government
XS3085616079,corporate
XS3086358721,corporate
XS3086405407,corporate
XS3086810929,corporate
XS3086851105,corporate
XS3087255611,corporate
XS3087726082,government
XS3088629178,corporate
XS3089771029,corporate
XS3090081467,corporate
XS3090109813,corporate
XS3090124960,corporate
XS3090129332,corporate
XS3091032113,corporate
XS3091296288,government
XS3091296528,government
XS3091660194,corporate
XS3091931058,corporate
XS3091944978,corporate
XS3091960404,corporate
XS3092022444,corporate
XS3092574055,corporate
XS3092597932,government
XS3093364290,corporate
XS3093383324,corporate
XS3093520255,government
XS3093812207,corporate
XS3093813940,corporate
XS3093814831,corporate
XS3093862210,corporate
XS3093863291,corporate
XS3093864935,corporate
XS3094282269,corporate
XS3094282343,corporate
XS3094548123,corporate
XS3094762989,corporate
XS3094765735,corporate
XS3095373943,corporate
XS3095441021,government
XS3095441377,government
XS3095445105,corporate
XS3096112688,corporate
XS3096118610,government
XS3096176659,corporate
XS3096211076,corporate
XS3096703700,corporate
XS3096716942,corporate
XS3097000403,corporate
XS3097930138,corporate
XS3097942141,corporate
XS3098329496,corporate
XS3098976098,corporate
XS3098982815,corporate
XS3098989588,corporate
XS3099087325,corporate
XS3099153994,corporate
XS3099809306,government
XS3099828355,corporate
XS3099830419,corporate
XS3099995337,corporate
XS3100081507,corporate
XS3100767915,corporate
XS3100773996,corporate
XS3100795452,corporate
XS3101363011,corporate
XS3101364092,corporate
XS3101377151,corporate
XS3101460304,corporate
XS3101501776,government
XS3102029678,government
XS3102778191,corporate
XS3103532480,corporate
XS3103651496,government
XS3103692250,corporate
XS3104247732,corporate
XS3104415545,corporate
XS3104481257,corporate
XS3104481414,corporate
XS3104483113,corporate
XS3106109849,corporate
XS3106543534,corporate
XS3106719910,corporate
XS3106723516,corporate
XS3106724241,corporate
XS3107112503,corporate
XS3107139373,corporate
XS3108459572,government
XS3108471197,corporate
XS3109446610,government
XS3109460959,government
XS3109485782,corporate
XS3109629371,corporate
XS3109629702,corporate
XS3109821051,corporate
XS3109833817,corporate
XS3109834112,corporate
XS3110850347,corporate
XS3111001817,corporate
XS3111004241,corporate
XS3111819473,government
XS3112542272,corporate
XS3112542355,corporate
XS3112552313,corporate
XS3112555258,government
XS3112831543,government
XS3113268307,corporate
XS3114010922,corporate
XS3114353454,corporate
XS3114368569,government
XS3114394995,government
XS3114872131,corporate
XS3114873295,corporate
XS3114878922,corporate
XS3114879490,corporate
XS3114882106,corporate
XS3114882361,corporate
XS3114887089,corporate
XS3114897633,government
XS3114901336,government
XS3115862388,corporate
XS3116722664,corporate
XS3117840309,corporate
XS3118936452,corporate
XS3119606955,corporate
XS3120114684,government
XS3120975753,corporate
XS3121750619,corporate
XS3122168928,government
XS3123715297,government
XS3124322424,corporate
XS3124322770,corporate
XS3124345631,government
XS3124393367,government
XS3124417562,corporate
XS3124428254,corporate
XS3124532311,government
XS3124949226,corporate
XS3124951040,corporate
XS3125027808,corporate
XS3125157928,corporate
XS3125178924,corporate
XS3125429350,corporate
XS3125446958,corporate
XS3125482599,corporate
XS3129375732,government
XS3130021366,corporate
XS3133105588,corporate
XS3134523011,corporate
XS3134603987,government
XS3135157298,corporate
XS3135157967,government
XS3135622044,government
XS3136720771,corporate
XS3136855783,corporate
XS3136863456,corporate
XS3137229962,corporate
XS3137300425,corporate
XS3137392950,corporate
XS3137519883,corporate
XS3137681394,corporate
XS3138763225,corporate
XS3138898070,corporate
XS3138916740,corporate
XS3138921583,corporate
XS3139476371,corporate
XS3139476967,corporate
XS3139479557,corporate
XS3139488384,corporate
XS3139510229,corporate
XS3140808315,government
XS3142048910,government
XS3145651009,corporate
XS3145700491,corporate
XS3146987543,corporate
XS3147194099,corporate
XS3148200457,corporate
XS3148258299,government
XS3149166541,corporate
XS3149462783,corporate
XS3149806971,government
XS3150869819,corporate
XS3151416727,corporate
XS3151775023,corporate
XS3152021245,corporate
XS3152138601,corporate
XS3152597897,corporate
XS3154053436,corporate
XS3156305925,corporate
XS3156346796,corporate
XS3157912943,corporate
XS3158032840,corporate
XS3158156573,corporate
XS3158282288,corporate
XS3158522857,corporate
XS3159040727,corporate
XS3159082307,corporate
XS3160674092,corporate
XS3163597522,corporate
XS3163869467,corporate
XS3164854641,corporate
XS3164961560,corporate
XS3165356158,corporate
XS3166221948,corporate
XS3166255920,corporate
XS3166721913,government
XS3167361651,corporate
XS3167486607,corporate
XS3168164286,corporate
XS3168197377,corporate
XS3168197450,corporate
XS3168203019,corporate
XS3168205659,corporate
XS3168718529,corporate
XS3168817263,corporate
XS3169054049,corporate
XS3170163367,government
XS3170229135,corporate
XS3170344314,corporate
XS3170345980,corporate
XS3170555794,corporate
XS3170818044,corporate
XS3170898723,corporate
XS3170935608,corporate
XS3171591889,corporate
XS3171593661,corporate
XS3171594636,corporate
XS3171646378,government
XS3171699146,corporate
XS3171756128,government
XS3171756714,corporate
XS3172152152,government
XS3172211347,corporate
XS3172420930,corporate
XS3172421235,corporate
XS3173656243,corporate
XS3174368152,corporate
XS3174757644,corporate
XS3175869737,corporate
XS3175946071,government
XS3175947046,government
XS3175969875,corporate
XS3176118548,corporate
XS3176118894,corporate
XS3176492075,corporate
XS3176713934,corporate
XS3176776931,corporate
XS3176783986,corporate
XS3177263418,corporate
XS3177888198,corporate
XS3177889758,corporate
XS3177958827,corporate
XS3178086230,corporate
XS3178401793,corporate
XS3178628494,corporate
XS3178769041,government
XS3178858224,corporate
XS3178858497,corporate
XS3178859388,government
XS3179710010,corporate
XS3179720167,corporate
XS3181011753,corporate
XS3181116180,government
XS3181619688,corporate
XS3181621239,government
XS3181924302,corporate
XS3181934442,corporate
XS3182054422,corporate
XS3182415979,corporate
XS3182417249,corporate
XS3182455769,government
XS3183159733,government
XS3183160236,government
XS3183178527,corporate
XS3183186629,government
XS3184094806,government
XS3184155441,corporate
XS3184474891,corporate
XS3185295071,corporate
XS3185322909,corporate
XS3185370890,government
XS3185370973,government
XS3185371195,government
XS3185372326,corporate
XS3185374884,corporate
XS3185740811,corporate
XS3187006211,corporate
XS3187006302,corporate
XS3187008266,corporate
XS3187013779,corporate
XS3187728277,corporate
XS3187746097,corporate
XS3187827251,government
XS3188782000,corporate
XS3188804507,government
XS3189630372,corporate
XS3189681011,corporate
XS3190446636,corporate
XS3190527120,corporate
XS3190749450,government
XS3190788607,corporate
XS3192215492,corporate
XS3192216110,corporate
XS3192253402,corporate
XS3192255449,government
XS3192259516,corporate
XS3192259862,corporate
XS3192371865,government
XS3192974643,corporate
XS3192976937,government
XS3192977828,government
XS3192981424,government
XS3193815977,corporate
XS3193854281,corporate
XS3193932699,corporate
XS3194057553,corporate
XS3194135706,corporate
XS3194153352,government
XS3194155563,corporate
XS3194824747,corporate
XS3194910314,corporate
XS3194913763,corporate
XS3194932631,corporate
XS3195025054,corporate
XS3195038206,corporate
XS3195042224,corporate
XS3195043891,corporate
XS3195078251,corporate
XS3195078335,corporate
XS3195124204,corporate
XS3195126084,corporate
XS3195126837,corporate
XS3195977510,corporate
XS3196022597,corporate
XS3196024296,corporate
XS3197768347,government
XS3197773180,government
XS3198384573,government
XS3198384813,government
XS3198387246,government
XS3198391511,government
XS3198654207,corporate
XS3198655279,corporate
XS3199025035,corporate
XS3199025118,corporate
XS3199025621,corporate
XS3199025894,corporate
XS3199069165,corporate
XS3199382220,corporate
XS3199474852,corporate
XS3200103490,corporate
XS3200121716,corporate
XS3200176298,government
XS3200183583,government
XS3201262311,corporate
XS3201877886,corporate
XS3201899856,corporate
XS3201905091,corporate
XS3201918318,corporate
XS3201936724,corporate
XS3201944314,corporate
XS3201977595,corporate
XS3201991232,corporate
XS3202009034,government
XS3202703834,corporate
XS3203038347,corporate
XS3203180503,corporate
XS3203204964,corporate
XS3203997005,corporate
XS3203997427,corporate
XS3204041266,corporate
XS3204229812,corporate
XS3204746716,corporate
XS3205709309,corporate
XS3205725255,corporate
XS3205730503,corporate
XS3205799375,government
XS3206364690,corporate
XS3206365150,corporate
XS3206383484,corporate
XS3206481650,corporate
XS3206485487,government
XS3206492186,corporate
XS3206513288,corporate
XS3206517867,corporate
XS3206563549,corporate
XS3206904123,government
XS3207981161,corporate
XS3208056948,government
XS3208904469,government
XS3209437014,corporate
XS3209437790,corporate
XS3209438418,corporate
XS3209539520,corporate
XS3209550337,government
XS3212399193,corporate
XS3212436813,corporate
XS3212439916,corporate
XS3213207833,government
XS3213255998,corporate
XS3214409750,corporate
XS3214409834,corporate
XS3215470280,corporate
XS3215491955,government
XS3215517429,corporate
XS3215529192,corporate
XS3215636435,corporate
XS3216149909,corporate
XS3216226749,corporate
XS3217498875,corporate
XS3217508939,corporate
XS3217509408,corporate
XS3217510166,corporate
XS3217585259,government
XS3217760274,corporate
XS3218687625,corporate
XS3218710625,corporate
XS3218787417,government
XS3219235424,corporate
XS3219360081,corporate
XS3219374975,corporate
XS3219429621,government
XS3219577148,corporate
XS3220654936,government
XS3220745817,corporate
XS3220963998,corporate
XS3220972478,corporate
XS3221100574,corporate
XS3221808705,corporate
XS3221826608,government
XS3221850228,corporate
XS3221864013,corporate
XS3221873600,corporate
XS3221874160,corporate
XS3222601059,corporate
XS3222743869,government
XS3222746375,corporate
XS3222746458,corporate
XS3222746532,corporate
XS3223038665,corporate
XS3223040216,corporate
XS3223297253,corporate
XS3223314017,corporate
XS3223939466,corporate
XS3224517410,corporate
XS3224600232,corporate
XS3224652209,corporate
XS3225153249,corporate
XS3225241457,corporate
XS3225833972,corporate
XS3225872525,corporate
XS3225966699,corporate
XS3225966939,corporate
XS3225990483,corporate
XS3226519372,corporate
XS3226565219,corporate
XS3226565482,corporate
XS3226594581,corporate
XS3226607409,corporate
XS3226699091,corporate
XS3226699331,corporate
XS3227294132,corporate
XS3227332080,corporate
XS3227335422,corporate
XS3227899989,corporate
XS3229398766,corporate
XS3229424943,corporate
XS3229496180,corporate
XS3229499101,corporate
XS3230037429,corporate
XS3231134084,corporate
XS3231164586,corporate
XS3231165716,corporate
XS3231178701,corporate
XS3231216998,corporate
XS3231974745,corporate
XS3231985436,government
XS3232556525,corporate
XS3233076366,corporate
XS3233459968,corporate
XS3233493801,corporate
XS3233499089,corporate
XS3233814535,corporate
XS3234003344,corporate
XS3236970433,corporate
XS3237195519,corporate
XS3237223311,government
XS3238164688,corporate
XS3238204062,corporate
XS3238211943,corporate
XS3238244282,corporate
XS3238272572,corporate
XS3238400322,government
XS3238403185,government
XS3239210324,corporate
XS3239889788,government
XS3239891339,government
XS3239891503,government
XS3239902805,corporate
XS3239977997,corporate
XS3240164650,corporate
XS3240761661,corporate
XS3240803844,government
XS3240866411,corporate
XS3243589861,corporate
XS3244063445,corporate
XS3244184159,corporate
XS3244639921,corporate
XS3244707272,corporate
XS3244780436,corporate
XS3244786714,corporate
XS3244786805,corporate
XS3244787522,corporate
XS3244788090,corporate
XS3244789908,corporate
XS3244792282,corporate
XS3244804475,corporate
XS3244806256,corporate
XS3244863729,corporate
XS3244877869,corporate
XS3245598415,government
XS3246209749,corporate
XS3246895240,corporate
XS3246991981,corporate
XS3247588109,corporate
XS3247588281,corporate
XS3248326533,corporate
XS3249057400,corporate
XS3249926695,corporate
XS3249926935,corporate
XS3249928394,corporate
XS3250457010,corporate
XS3250457101,corporate
XS3250517367,corporate
XS3251552561,corporate
XS3251654565,corporate
XS3251660703,corporate
XS3251688381,government
XS3252429900,corporate
XS3253177367,corporate
XS3253240827,corporate
XS3255333158,corporate
XS3255333315,corporate
XS3255373964,corporate
XS3255390463,corporate
XS3256146336,corporate
XS3256622633,corporate
XS3258406761,corporate
XS3258450074,corporate
XS3258458721,corporate
XS3258535908,corporate
XS3258536112,corporate
XS3259372970,government
XS3260262988,corporate
XS3261062080,corporate
XS3261067717,corporate
XS3261068525,corporate
XS3261145539,corporate
XS3261940426,government
XS3262549754,corporate
XS3262577961,government
XS3265539729,government
XS3265540909,government
XS3265586217,corporate
XS3267117995,corporate
XS3267165028,corporate
XS3267335472,corporate
XS3267889965,corporate
XS3268032516,corporate
XS3268040964,government
XS3268043554,government
XS3268298463,government
XS3268851345,government
XS3268973966,government
XS3269554690,government
XS3269555234,government
XS3270869954,government
XS3270893822,corporate
XS3270897575,corporate
XS3271041959,corporate
XS3271042338,corporate
XS3271043146,government
XS3271049341,government
XS3271063417,corporate
XS3272079206,corporate
XS3272082846,government
XS3272087720,government
XS3272090195,government
XS3272215743,corporate
XS3272223846,government
XS3272371876,government
XS3272983563,corporate
XS3273059728,corporate
XS3273135502,corporate
XS3273161680,corporate
XS3273169402,corporate
XS3273288244,corporate
XS3273291974,government
XS3273845118,government
XS3273845209,corporate
XS3273847916,corporate
XS3274254476,corporate
XS3274464794,corporate
XS3274805376,corporate
XS3274805459,corporate
XS3275332743,corporate
XS3275404328,government
XS3276127514,corporate
XS3276162776,corporate
XS3276164046,corporate
XS3276167577,corporate
XS3276183343,corporate
XS3276183426,corporate
XS3276197137,corporate
XS3276212035,government
XS3276317990,government
XS3276320358,government
XS3276321752,government
XS3276325662,government
XS3276327288,corporate
XS3276331553,corporate
XS3276608372,corporate
XS3276952234,corporate
XS3276952317,corporate
XS3276952408,corporate
XS3277000900,corporate
XS3277001031,government
XS3277009877,corporate
XS3277074004,corporate
XS3277636877,government
XS3277753839,corporate
XS3277781293,corporate
XS3277810142,corporate
XS3277812940,corporate
XS3277815372,corporate
XS3277937135,corporate
XS3277939420,corporate
XS3278058782,corporate
XS3278661841,government
XS3278734317,corporate
XS3278744894,government
XS3278761633,corporate
XS3278827590,corporate
XS3279617560,corporate
XS3280338107,corporate
XS3280518773,government
XS3280518856,corporate
XS3280519078,corporate
XS3280519318,corporate
XS3280962856,corporate
XS3280963821,corporate
XS3280995518,corporate
XS3281146749,government
XS3281692072,corporate
XS3281712441,corporate
XS3281731821,corporate
XS3281761901,corporate
XS3281838972,corporate
XS3281856446,government
XS3281863574,corporate
XS3282202293,government
XS3282211286,corporate
XS3282781460,corporate
XS3282797383,corporate
XS3282799165,corporate
XS3282849952,corporate
XS3282968372,corporate
XS3282973455,corporate
XS3282974933,corporate
XS3282975583,corporate
XS3282975740,corporate
XS3283442112,government
XS3283442625,government
XS3283523622,corporate
XS3283801291,government
XS3283898511,corporate
XS3284396622,corporate
XS3284440891,corporate
XS3284968529,government
XS3284973107,government
XS3285368380,government
XS3285368620,government
XS3285384403,corporate
XS3285529148,government
XS3285553361,corporate
XS3285765031,corporate
XS3285777713,corporate
XS3286235877,corporate
XS3286239788,corporate
XS3286385417,corporate
XS3286678191,corporate
XS3286678514,corporate
XS3287334042,corporate
XS3289038815,government
XS3289056395,corporate
XS3289240726,corporate
XS3289609151,corporate
XS3289702360,corporate
XS3289702527,corporate
XS3289703418,corporate
XS3289742408,corporate
XS3289874227,corporate
XS3290522146,corporate
XS3290846040,corporate
XS3291934209,corporate
XS3292805275,corporate
XS3292846030,government
XS3293278688,corporate
XS3293638568,corporate
XS3293639376,corporate
XS3293797448,government
XS3293833003,corporate
XS3293833854,government
XS3293865625,corporate
XS3294937332,corporate
XS3294947216,government
XS3295034022,corporate
XS3295066735,corporate
XS3295137262,government
XS3295618527,corporate
XS3295696754,corporate
XS3296386264,corporate
XS3296391777,corporate
XS3296797643,government
XS3296830444,corporate
XS3296848735,corporate
XS3296851010,government
XS3296892394,corporate
XS3296922647,corporate
XS3296961975,corporate
XS3296963591,corporate
XS3296963674,corporate
XS3298231567,corporate
XS3298382931,corporate
XS3298383319,corporate
XS3298816797,corporate
XS3298823223,corporate
XS3298828966,corporate
XS3299380850,corporate
XS3299432248,corporate
XS3299472111,corporate
XS3299472202,corporate
XS3299472384,corporate
XS3299472467,corporate
XS3299556996,corporate
XS3300117184,corporate
XS3300299354,corporate
XS3300916064,corporate
XS3300918359,corporate
XS3302904555,corporate
XS3302912061,corporate
XS3303026150,government
XS3304272217,government
XS3304274189,corporate
XS3304298287,corporate
XS3304372868,corporate
XS3304372942,corporate
XS3305116058,corporate
XS3305133814,corporate
XS3305893292,corporate
XS3305934823,corporate
XS3307229321,corporate
XS3307259237,corporate
XS3307268576,corporate
XS3307303159,corporate
XS3307305287,corporate
XS3307432800,government
XS3307442197,government
XS3307443245,government
XS3307951403,corporate
XS3307981491,government
XS3308045130,government
XS3308076796,government
XS3308142093,corporate
XS3308142176,corporate
XS3309060146,corporate
XS3309139080,government
XS3309139916,corporate
XS3309776808,corporate
XS3309869132,government
XS3309869215,corporate
XS3310319689,corporate
XS3310326031,corporate
XS3310330140,corporate
XS3310367738,corporate
XS3310388734,corporate
XS3310391878,corporate
XS3311087152,corporate
XS3311171881,corporate
XS3311858255,corporate
XS3311978319,corporate
XS3311989787,corporate
XS3312132338,corporate
XS3312144184,government
XS3314905046,corporate
XS3314910632,corporate
XS3315501083,corporate
XS3315809965,corporate
XS3316074528,corporate
XS3316147266,corporate
XS3317510736,government
XS3317583022,corporate
XS3317637059,corporate
XS3318840223,corporate
XS3319130731,corporate
XS3319131119,corporate
XS3319132430,corporate
XS3319132513,corporate
XS3319976687,corporate
XS3320004032,government
XS3320026860,corporate
XS3320129599,corporate
XS3320130175,corporate
XS3320130258,corporate
XS3320639100,corporate
XS3320639282,corporate
XS3320729869,corporate
XS3320740320,corporate
XS3320965752,corporate
XS3323598279,government
XS3323680366,corporate
XS3323712235,government
XS3324546178,government
XS3324546251,corporate
XS3324547655,corporate
XS3324593097,government
XS3324769390,corporate
XS3324769804,corporate
XS3324770307,corporate
XS3325285214,government
XS3325290214,corporate
XS3325330457,government
XS3325350307,government
XS3325357658,corporate
XS3325368267,government
XS3326332791,corporate
XS3326336198,corporate
XS3326336511,corporate
XS3326337329,corporate
XS3326337915,corporate
XS3326479469,corporate
XS3326547992,corporate
XS3327050244,government
XS3327684414,corporate
XS3328487551,corporate
XS3328488104,corporate
XS3328490423,government
XS3328610772,corporate
XS3328610939,corporate
XS3328693703,corporate
XS3329267721,corporate
XS3330157572,corporate
XS3330165674,corporate
XS3330351464,corporate
XS3331456262,government
XS3333014747,government
XS3333021791,government
XS3333137407,government
XS3333139288,corporate
XS3333155052,corporate
XS3334208058,government
XS3335419555,corporate
XS3335806678,corporate
XS3338495347,corporate
XS3338741567,corporate
XS3338743936,corporate
XS3338901781,corporate
XS3338962064,corporate
XS3338984464,corporate
XS3339795786,corporate
XS3340633489,corporate
XS3343218866,corporate
XS3343287838,corporate
XS3344378339,corporate
XS3344411643,government
XS3344416287,government
XS3344454619,corporate
XS3344481935,corporate
XS3344488864,corporate
XS3344488948,corporate
XS3344489169,corporate
XS3344489755,corporate
XS3344647840,corporate
XS3344655512,government
XS3345525946,corporate
XS3345888583,corporate
XS3346650974,corporate
XS3346849113,corporate
XS3348120653,corporate
XS3348738546,corporate
XS3348859094,corporate
XS3349815418,corporate
XS3349823941,corporate
XS3349824675,corporate
XS3349824915,corporate
XS3349826373,corporate
XS3349838204,corporate
XS3349840283,corporate
XS3349843899,government
XS3349847882,government
XS3349981426,corporate
XS3350929454,corporate
XS3350929702,corporate
XS3350935774,corporate
XS3351033785,corporate
XS3351045284,government
XS3351070803,corporate
XS3351090405,corporate
XS3351118420,corporate
XS3352063047,corporate
XS3352591906,corporate
XS3352592201,corporate
XS3352631033,corporate
XS3352849684,corporate
XS3353682589,government
XS3353891669,corporate
XS3353982385,corporate
XS3353988580,corporate
XS3356130073,corporate
XS3356130826,corporate
XS3357187809,corporate
XS3357256208,government
XS3358317132,corporate
XS3358362278,government
XS3358407636,corporate
XS3358409681,government
XS3358409921,government
XS3358410184,government
XS3359581363,corporate
XS3361215315,corporate
XS3362208079,corporate
XS3362209713,corporate
XS3362209804,corporate
XS3362222732,corporate
XS3362223623,corporate
XS3362255237,government
XS3363426191,corporate
XS3363473193,corporate
XS3364827983,corporate
XS3364887615,corporate
XS3366141128,corporate
XS3366248279,corporate
XS3366248519,corporate
XS3366248600,corporate
XS3366268541,corporate
XS3367688887,corporate
XS3367713826,corporate
XS3367714048,corporate
XS3367725754,corporate
XS3368929611,corporate
XS3369011039,corporate
XS3370280557,corporate
XS3370292644,corporate
XS3370296801,corporate
XS3370298682,corporate
XS3371242911,corporate
XS3372779697,corporate
XS3372847957,corporate
XS3372848419,corporate
XS3373371551,government
XS3373520900,corporate
XS3373524050,corporate
XS3375000729,corporate
XS3375191486,corporate
XS3375307025,corporate
XS3375770321,corporate
XS3376351055,corporate
XS3376380310,corporate
XS3376678721,corporate
XS3377655645,corporate
XS3379436325,corporate
XS3379436598,corporate
XS3379667564,corporate
XS3379782074,corporate
XS3379782157,corporate
XS3379782231,corporate
XS3379901260,corporate
XS3381219891,corporate
XS3381223067,corporate
XS3381692725,government
XS3382611443,corporate
XS3382738600,corporate
XS3383867374,government
XS3385465482,corporate
XS3385477222,corporate
XS3385893956,corporate
XS3386670270,corporate
XS3386678844,corporate
XS3386702149,corporate
XS3386742285,corporate
XS3386742798,corporate
XS3386748993,corporate
XS3386749025,corporate
XS3388149687,corporate
XS3388170964,government
XS3388179676,corporate
XS3388188586,corporate
XS3388189394,corporate
XS3388195441,corporate
XS3389097646,corporate
XS3389229900,corporate
XS3389599310,corporate
XS3389663348,corporate
XS3389803704,corporate
XS3391767103,corporate
XS3391835546,government
XS3392169754,corporate
XS3392853902,corporate
XS3393830651,corporate
XS3393867224,corporate
XS3393867810,corporate
XS3393869279,corporate
XS3393869782,corporate
XS3393874436,corporate
XS3393974491,corporate
XS3394042322,corporate
XS3394773538,corporate
XS3394857984,corporate
XS3394864170,corporate
XS3394864501,corporate
XS3395895934,corporate
XS3395907705,government
XS3395917761,corporate
XS3395922506,government
XS3395928966,corporate
XS3395929774,corporate
XS3395953998,government
XS3396007596,corporate
XS3396008487,government
XS3396011432,corporate
XS3396018015,corporate
XS3397076939,government
XS3398041338,government
XS3398382674,corporate
XS3399025694,government
XS3401027118,corporate
XS3401028785,corporate
XS3401031656,corporate
XS3401046928,corporate
XS3401047223,corporate
XS3401887057,corporate
XS3401888964,corporate
XS3401900173,corporate
XS3401900256,corporate
XS3401963502,government
XS3402712627,corporate
XS3402716701,government
XS3402723400,government
XS3402786829,corporate
XS3402816162,corporate
XS3402822210,corporate
XS3402832441,government
XS3402928637,corporate
XS3402929528,government
XS3403817003,government
XS3404437991,corporate
XS3404490883,corporate
XS3404559240,corporate
XS3405406896,corporate
XS3405434674,corporate
XS3405543029,government
XS3405562839,corporate
XS3406494438,corporate
XS3406813124,corporate
XS3406814445,corporate
XS3406852536,corporate
XS3407408403,corporate
XS3408760596,corporate
XS3408822370,corporate
XS3408822537,corporate
XS3408976507,government
XS3410918612,government
XS3410927365,government
XS3412559299,corporate
XS3412686563,corporate
XS3412707070,government
XS3413306617,corporate
XS3415148942,corporate
XS3415269490,corporate
XS3415292989,corporate
XS3417523530,corporate
XS3418550631,corporate
XS3418565829,corporate
XS3418566124,corporate
XS3418658756,corporate
XS3418675925,government
XS3420300843,corporate
XS3420366190,corporate
XS3420476452,corporate
XS3421957922,corporate
XS3422176308,corporate
XS3422176480,corporate
XS3422186109,corporate
XS3422188576,corporate
XS3422189202,corporate
XS3423368334,corporate
XS3423368417,corporate
XS3423369571,corporate
XS3423950230,corporate
XS3423950313,corporate
XS3423982605,corporate
XS3424466806,corporate
XS3425662601,government
XS3425713792,government
XS3425737114,corporate
XS3425737387,corporate
XS3427418432,corporate
XS3427418606,corporate
XS3427418788,corporate
XS3427521953,corporate
XS3427670958,government
XS3428230844,corporate
XS3429167243,corporate
XS3429175857,government
XS3429232674,government
XS3429338315,government
XS3430526189,corporate
XS3430526346,corporate
XS3430669450,corporate
XS3430748676,corporate
XS3430748759,corporate
XS3431962532,corporate
XS3433787341,corporate
XS3433863621,corporate
XS3433863977,corporate
XS3433864199,corporate
XS3433864355,corporate
XS3435193381,corporate
XS3435244804,corporate
XS3435288769,government
XS3435293504,corporate
XS3435383164,government
XS3435390961,government
XS3435515179,corporate
XS3435668325,corporate
XS3435670222,corporate
XS3435925824,corporate
XS3436174372,corporate
XS3436174539,corporate
XS3437347431,government
XS3437347787,government
XS3437376612,government
XS3437376703,government
XS3438593926,corporate
XS3439305189,government
XS3440163569,government
XS3440165937,corporate
XS3440171075,government
XS3441656454,government
XS3441656611,government
XS3441656702,government
XS3441682534,corporate
XS3444284767,government
XS3445916524,corporate
XS3446530621,corporate
XS3447650907,corporate
XS3447651111,corporate
XS3447651202,corporate
XS3448558893,corporate
XS3449045965,government
XS3451742061,corporate
XS3452829636,government
XS3455113186,government
XS3457420423,government
XS3458340877,corporate
XS3458961391,corporate
XS3459014349,government
XS3459990860,corporate
XS3460884193,government
XS3460896288,government
XS3462009369,corporate
XS3464390767,corporate
XS3465649039,corporate
XS3465649112,corporate
XS3468166270,government
XS3470616387,government
XS3478197190,corporate
XS3479238340,government
XS3479243183,corporate
XS3480525867,corporate
XS3480590416,corporate
XS3480769069,government
XS3481545088,government
XS3485481157,corporate
ZAG000030404,government
ZAG000077470,government
ZAG000077488,government
ZAG000106998,government
ZAG000107004,government
ZAG000107012,government
ZAG000125972,government
ZAG000125980,government
ZAG000195280,government
ZAG000208364,government
