ticker,exchange,isin,name
EURONEXT:0021N,EURONEXT,FR0013239274,Natixis SA 0.0% 15-JUN-2027
EURONEXT:0028N,EURONEXT,FR0013268174,Natixis SA 0.0% 12-JAN-2028
EURONEXT:0029N,EURONEXT,FR0013297389,Natixis SA 0.0% 21-APR-2028
EURONEXT:0030N,EURONEXT,FR0013370962,Natixis SA 0.0% 20-APR-2029
EURONEXT:0044N,EURONEXT,FR0014000TV0,Natixis SA 0.0% 03-JAN-2031
EURONEXT:0115N,EURONEXT,FR001400LX28,Natixis SA 0.0% 26-FEB-2032
SWB:0ATF,SWB,US02209SAR40,"Altria Group, Inc. 5.375% 31-JAN-2044"
TRADEGATE:0EEA,TRADEGATE,XS2262211076,Government of Romania 1.375% 02-DEC-2029
GETTEX:0EGP,GETTEX,EU000A1GY6W8,European Union 3.75% 04-APR-2042
TRADEGATE:0EGP,TRADEGATE,EU000A1GY6W8,European Union 3.75% 04-APR-2042
HAM:0EGV,HAM,EU000A1HBXS7,European Union 2.5% 04-NOV-2027
GETTEX:0O1C,GETTEX,DE0001789303,State of Saxony 0.01% 05-NOV-2029
MUN:105390,MUN,DE0001053908,State of Bavaria 2.375% 17-JAN-2033
GETTEX:105391,GETTEX,DE0001053916,State of Bavaria 3.0% 19-FEB-2055
GETTEX:105394,GETTEX,DE0001053940,State of Bavaria 2.375% 21-FEB-2031
LSX:110241,LSX,DE0001102416,Germany 0.25% 15-FEB-2027
LS:110241,LS,DE0001102416,Germany 0.25% 15-FEB-2027
LSX:110242,LSX,DE0001102424,Germany 0.5% 15-AUG-2027
LS:110242,LS,DE0001102424,Germany 0.5% 15-AUG-2027
LSX:110244,LSX,DE0001102440,Germany 0.5% 15-FEB-2028
LS:110244,LS,DE0001102440,Germany 0.5% 15-FEB-2028
LS:110245,LS,DE0001102457,Germany 0.25% 15-AUG-2028
LSX:110245,LSX,DE0001102457,Germany 0.25% 15-AUG-2028
LSX:110246,LSX,DE0001102465,Germany 0.25% 15-FEB-2029
LS:110246,LS,DE0001102465,Germany 0.25% 15-FEB-2029
LSX:110248,LSX,DE0001102481,Germany 0.0% 15-AUG-2050
LSX:110249,LSX,DE0001102499,Germany 0.0% 15-FEB-2030
LS:110249,LS,DE0001102499,Germany 0.0% 15-FEB-2030
LSX:110252,LSX,DE0001102523,Germany 0.0% 15-NOV-2027
LS:110252,LS,DE0001102523,Germany 0.0% 15-NOV-2027
LSX:110253,LSX,DE0001102531,Germany 0.0% 15-FEB-2031
LSX:110260,LSX,DE0001102606,Germany 1.7% 15-AUG-2032
LS:110260,LS,DE0001102606,Germany 1.7% 15-AUG-2032
LSX:110262,LSX,DE0001102622,Germany 2.1% 15-NOV-2029
LS:110262,LS,DE0001102622,Germany 2.1% 15-NOV-2029
LSX:113506,LSX,DE0001135069,Germany 5.625% 04-JAN-2028
LS:113506,LS,DE0001135069,Germany 5.625% 04-JAN-2028
LSX:113508,LSX,DE0001135085,Germany 4.75% 04-JUL-2028
LSX:113514,LSX,DE0001135143,Germany 6.25% 04-JAN-2030
LSX:113517,LSX,DE0001135176,Germany 5.5% 04-JAN-2031
LSX:113522,LSX,DE0001135226,Germany 4.75% 04-JUL-2034
LS:113527,LS,DE0001135275,Germany 4.0% 04-JAN-2037
LSX:113527,LSX,DE0001135275,Germany 4.0% 04-JAN-2037
LSX:113532,LSX,DE0001135325,Germany 4.25% 04-JUL-2039
LS:113532,LS,DE0001135325,Germany 4.25% 04-JUL-2039
LSX:113536,LSX,DE0001135366,Germany 4.75% 04-JUL-2040
LS:113536,LS,DE0001135366,Germany 4.75% 04-JUL-2040
LS:113543,LS,DE0001135432,Germany 3.25% 04-JUL-2042
LSX:113543,LSX,DE0001135432,Germany 3.25% 04-JUL-2042
LS:114184,LS,DE0001141844,Germany 0.0% 09-OCT-2026
LSX:114184,LSX,DE0001141844,Germany 0.0% 09-OCT-2026
LSX:114185,LSX,DE0001141851,Germany 0.0% 16-APR-2027
LS:114185,LS,DE0001141851,Germany 0.0% 16-APR-2027
LSX:114186,LSX,DE0001141869,Germany 1.3% 15-OCT-2027
LS:114186,LS,DE0001141869,Germany 1.3% 15-OCT-2027
GETTEX:159200,GETTEX,GB0004893086,UK Treasury Stock 4.25% 07-JUN-2032
LSX:189731,LSX,IT0001086567,Italy 7.25% 01-NOV-2026
LSX:193811,LSX,AT0000383864,Government of Austria 6.25% 15-JUL-2027
TRADEGATE:1OQ1,TRADEGATE,US8629452017,"Strive, Inc. Perf Pfd Registered Shs Series A"
TRADEGATE:1UTA,TRADEGATE,XS2306986782,EnBW International Finance BV 0.125% 01-MAR-2028
LSX:230567,LSX,FR0000571218,France 5.5% 25-APR-2029
LSX:230570,LSX,NL0000102317,Netherlands 5.5% 15-JAN-2028
GETTEX:2S2D,GETTEX,DE000A351SC5,State of Saxony-Anhalt 2.95% 20-JUN-2033
GETTEX:324477,GETTEX,US912810FJ26,United States Treasury Bond 6.125% 15-AUG-2029
FWB:3V6F,FWB,US92826CAN20,Visa Inc. 1.1% 15-FEB-2031
TRADEGATE:4F0N,TRADEGATE,XS1417876163,Mellenu Finance S.A. 11.25% 23-MAY-2028
GETTEX:4F0N,GETTEX,XS1417876163,Mellenu Finance S.A. 11.25% 23-MAY-2028
FWB:4RF9,FWB,FR0012993103,France 1.5% 25-MAY-2031
GETTEX:4SN2,GETTEX,ES00000128C6,Spain 2.9% 31-OCT-2046
GETTEX:4SN3,GETTEX,ES00000128E2,Spain 3.45% 30-JUL-2066
FWB:4SN3,FWB,ES00000128E2,Spain 3.45% 30-JUL-2066
SWB:4SN9,SWB,ES00000128Q6,Spain 2.35% 30-JUL-2033
GETTEX:5P0E,GETTEX,US71647NAN93,Petrobras Global Finance BV 6.85% 05-JUN-2115
LSX:607762,LSX,ES0000012411,Spain 5.75% 30-JUL-2032
GETTEX:610743,GETTEX,US912810FP85,United States Treasury Bond 5.375% 15-FEB-2031
LSX:686543,LSX,FR0000187635,France 5.75% 25-OCT-2032
FWB:721A,FWB,US298785JN70,European Investment Bank 1.625% 13-MAY-2031
LSX:724183,LSX,XS0161100515,Olivetti Finance NV 7.75% 24-JAN-2033
LS:724183,LS,XS0161100515,Olivetti Finance NV 7.75% 24-JAN-2033
LSX:727319,LSX,FR0000471930,Orange SA 8.125% 28-JAN-2033
LS:748537,LS,XS0162513211,E.ON International Finance BV 5.75% 14-FEB-2033
LSX:755460,LSX,XS0162990229,"Electricite de France, Societe Anonyme 5.625% 21-FEB-2033"
GETTEX:777309,GETTEX,GB0032452392,UK Treasury Stock 4.25% 07-MAR-2036
LSX:905497,LSX,FR0010014845,GIE PSA Tresorerie 6.0% 19-SEP-2033
LSX:907835,LSX,IT0003535157,Italy 5.0% 01-AUG-2034
LSX:A0AXNP,LSX,FR0010070060,France 4.75% 25-APR-2035
LSX:A0BCKS,LSX,BE0000304130,Belgium 5.0% 28-MAR-2035
LSX:A0D2B5,LSX,NL0000102234,Netherlands 4.0% 15-JAN-2037
LSX:A0DEN7,LSX,DE000A0DEN75,Deutsche Postbank Funding Trust I Notes 2004-without fixed maturity floating rate Reg S
LSX:A0DUDM,LSX,XS0209139244,Government of Argentina 0.0% 15-DEC-2035
LS:A0DUDM,LS,XS0209139244,Government of Argentina 0.0% 15-DEC-2035
LSX:A0DW8E,LSX,ES0000012932,Spain 4.2% 31-JAN-2037
LSX:A0DZFW,LSX,FR0010171975,France 4.0% 25-APR-2055
LSX:A0G4X4,LSX,AT0000A04967,Government of Austria 4.15% 15-MAR-2037
LSX:A0GG8H,LSX,IT0003934657,Italy 4.0% 01-FEB-2037
GETTEX:A0GM7Y,GETTEX,US912810FT08,United States Treasury Bond 4.5% 15-FEB-2036
LSX:A0GP0C,LSX,PTOTE5OE0007,Government of Portugal 4.1% 15-APR-2037
LSX:A0GX3N,LSX,FR0010371401,France 4.0% 25-OCT-2038
LS:A0GX3N,LS,FR0010371401,France 4.0% 25-OCT-2038
LSX:A0NRKE,LSX,XS0295018070,Tesco PLC 5.125% 10-APR-2047
LSX:A0NULV,LSX,XS0300113254,Procter & Gamble Company 4.875% 11-MAY-2027
LSX:A0NXYY,LSX,ES00000120N0,Spain 4.9% 30-JUL-2040
LSX:A0TSC4,LSX,XS0350890470,GE Capital European Funding Unlimited Co. 6.025% 01-MAR-2038
LSX:A0VTZ1,LSX,XS0501195993,Government of Argentina 3.38% 31-DEC-2038
LS:A0VTZ1,LS,XS0501195993,Government of Argentina 3.38% 31-DEC-2038
GETTEX:A13R5E,GETTEX,XS1114159277,adidas AG 2.25% 08-OCT-2026
LSX:A13SL3,LSX,DE000A13SL34,SAP SE 1.75% 22-FEB-2027
GETTEX:A14JZZ,GETTEX,DE000A14JZZ1,State of Baden-Wurttemberg FRN 22-JUL-2027
LS:A169NC,LS,DE000A169NC2,Mercedes-Benz Group AG 1.375% 11-MAY-2028
LSX:A169NC,LSX,DE000A169NC2,Mercedes-Benz Group AG 1.375% 11-MAY-2028
TRADEGATE:A169NC,TRADEGATE,DE000A169NC2,Mercedes-Benz Group AG 1.375% 11-MAY-2028
LSX:A180B3,LSX,XS1397134609,Linde Finance B.V. 1.0% 20-APR-2028
LSX:A1814W,LSX,XS1420357318,Government of Romania 2.875% 26-MAY-2028
LSX:A1866N,LSX,XS1500338618,European Investment Bank 0.5% 13-NOV-2037
LSX:A1875J,LSX,XS1508566392,Government of Poland 1.0% 25-OCT-2028
LSX:A187GC,LSX,IT0005217390,Italy 2.8% 01-MAR-2067
LSX:A187GX,LSX,XS1503043694,European Investment Bank 0.25% 14-SEP-2029
LSX:A187P0,LSX,XS1505567088,European Investment Bank 0.875% 13-SEP-2047
LSX:A187VE,LSX,XS1506398244,Westpac Banking Corporation 0.875% 17-APR-2027
LS:A188ER,LS,AT0000A1PEF7,Government of Austria 1.5% 02-NOV-2086
LSX:A188ER,LSX,AT0000A1PEF7,Government of Austria 1.5% 02-NOV-2086
LSX:A18X6P,LSX,AT0000A1K9C8,Government of Austria 0.75% 20-OCT-2026
LS:A18X6P,LS,AT0000A1K9C8,Government of Austria 0.75% 20-OCT-2026
LSX:A18X6Q,LSX,AT0000A1K9F1,Government of Austria 1.5% 20-FEB-2047
LS:A18X6Q,LS,AT0000A1K9F1,Government of Austria 1.5% 20-FEB-2047
LSX:A18Y8M,LSX,XS1382791975,Deutsche Telekom International Finance BV 1.5% 03-APR-2028
LSX:A18ZDS,LSX,BE6285457519,Anheuser-Busch InBev NV/SA 2.75% 17-MAR-2036
LSX:A190PQ,LSX,AT0000A21LA8,Best in Parking-Konzernfinanzierungs GmbH 3.5% 03-JUL-2028
GETTEX:A1918W,GETTEX,AU0000013740,Australia 2.5% 21-MAY-2030
GETTEX:A19190,GETTEX,CH0344958688,Government of Switzerland 0.5% 27-JUN-2032
LS:A191CW,LS,XS1828033834,Deutsche Telekom International Finance BV 2.0% 01-DEC-2029
LSX:A191CW,LSX,XS1828033834,Deutsche Telekom International Finance BV 2.0% 01-DEC-2029
GETTEX:A191M2,GETTEX,SE0011281922,Sweden 0.75% 12-NOV-2029
LSX:A192X6,LSX,ES0000012B88,Spain 1.4% 30-JUL-2028
LSX:A19340,LSX,XS1861206636,"Goldman Sachs Group, Inc. 2.0% 01-NOV-2028"
LSX:A19387,LSX,IT0005340929,Italy 2.8% 01-DEC-2028
LSX:A195BY,LSX,XS1874128033,Siemens Financieringsmaatschappij NV 1.0% 06-SEP-2027
LS:A19B3J,LS,XS1554373834,Fresenius Finance Ireland Plc 3.0% 30-JAN-2032
LSX:A19B4R,LSX,IT0005240350,Italy 2.45% 01-SEP-2033
LSX:A19B62,LSX,XS1555331617,European Investment Bank 0.5% 15-JAN-2027
LSX:A19BHN,LSX,IE00BV8C9B83,Government of Ireland 1.7% 15-MAY-2037
LSX:A19BUX,LSX,XS1551294256,Government of Israel 1.5% 18-JAN-2027
GETTEX:A19C2Z,GETTEX,US912828V988,United States Treasury Notes 2.25% 15-FEB-2027
GETTEX:A19CF7,GETTEX,XS1557095616,Deutsche Telekom International Finance BV 1.375% 30-JAN-2027
LSX:A19CF7,LSX,XS1557095616,Deutsche Telekom International Finance BV 1.375% 30-JAN-2027
LSX:A19CK5,LSX,ES00000128P8,Spain 1.5% 30-APR-2027
GETTEX:A19DHT,GETTEX,NO0010786288,Norway 1.75% 17-FEB-2027
LSX:A19DZD,LSX,ES00000128Q6,Spain 2.35% 30-JUL-2033
LS:A19GBU,LS,XS1599193403,Government of Romania 2.375% 19-APR-2027
LSX:A19GBU,LSX,XS1599193403,Government of Romania 2.375% 19-APR-2027
LSX:A19GCS,LSX,AT0000A1VGK0,Government of Austria 0.5% 20-APR-2027
LSX:A19HJV,LSX,XS1612977717,European Investment Bank 1.125% 13-APR-2033
GETTEX:A19JXW,GETTEX,XS1629387462,Heidelberg Materials Finance Luxembourg SA 1.5% 14-JUN-2027
LSX:A19JXW,LSX,XS1629387462,Heidelberg Materials Finance Luxembourg SA 1.5% 14-JUN-2027
LSX:A19KVL,LSX,ES0000012A89,Spain 1.45% 31-OCT-2027
LSX:A19PCG,LSX,AT0000A1XML2,Government of Austria 2.1% 20-SEP-2117
LS:A19PCG,LS,AT0000A1XML2,Government of Austria 2.1% 20-SEP-2117
LSX:A19QHN,LSX,XS1696445516,Government of Hungary 1.75% 10-OCT-2027
LS:A19QHN,LS,XS1696445516,Government of Hungary 1.75% 10-OCT-2027
LSX:A19QW4,LSX,XS1702729275,E.ON International Finance BV 1.25% 19-OCT-2027
LSX:A19RCC,LSX,XS1707075245,Nestle Finance International Ltd. 1.75% 02-NOV-2037
FWB:A19S80,FWB,DE000A19S801,Hylea Group SA 7.25% 01-DEC-2022
GETTEX:A19SP0,GETTEX,CH0373476123,St.Galler Kantonalbank AG 1.0% 30-NOV-2027
LSX:A19TQ4,LSX,XS1734689620,OMV Aktiengesellschaft 1.0% 14-DEC-2026
LSX:A19UK0,LSX,XS1747444831,BMW Finance NV 1.125% 10-JAN-2028
LSX:A19UWV,LSX,PTOTEVOE0018,Government of Portugal 2.125% 17-OCT-2028
LS:A19V3R,LS,XS1768067297,Government of Romania 2.5% 08-FEB-2030
LSX:A19V3R,LSX,XS1768067297,Government of Romania 2.5% 08-FEB-2030
LSX:A19V3T,LSX,XS1768074319,Government of Romania 3.375% 08-FEB-2038
LS:A19VB0,LS,AT0000A1ZGE4,Government of Austria 0.75% 20-FEB-2028
LSX:A19VB0,LSX,AT0000A1ZGE4,Government of Austria 0.75% 20-FEB-2028
LSX:A19VLA,LSX,XS1761785077,E.ON International Finance BV 1.5% 31-JUL-2029
LS:A19VLA,LS,XS1761785077,E.ON International Finance BV 1.5% 31-JUL-2029
GETTEX:A19VUS,GETTEX,IT0005323032,Italy 2.0% 01-FEB-2028
LS:A19XN0,LS,XS1790104530,Government of Senegal 4.75% 13-MAR-2028
GETTEX:A19XZC,GETTEX,NL0012818504,Netherlands 0.75% 15-JUL-2028
LSX:A19ZEK,LSX,PTOTEWOE0017,Government of Portugal 2.25% 18-APR-2034
GETTEX:A19ZL2,GETTEX,XS1810653540,Heidelberg Materials Finance Luxembourg SA 1.75% 24-APR-2028
LSX:A19ZL2,LSX,XS1810653540,Heidelberg Materials Finance Luxembourg SA 1.75% 24-APR-2028
GETTEX:A19ZVX,GETTEX,NO0010821598,Norway 2.0% 26-APR-2028
LSX:A1A21E,LSX,XS0553728709,Deutsche Telekom International Finance BV 4.5% 28-OCT-2030
LSX:A1AJL2,LSX,FR0010773192,France 4.5% 25-APR-2041
LS:A1AJL2,LS,FR0010773192,France 4.5% 25-APR-2041
LSX:A1AM06,LSX,ES00000121S7,Spain 4.7% 30-JUL-2041
LSX:A1AUUV,LSX,FR0010870956,France 4.0% 25-APR-2060
LS:A1AUUV,LS,FR0010870956,France 4.0% 25-APR-2060
LSX:A1AWF4,LSX,BE0000320292,Belgium 4.25% 28-MAR-2041
LSX:A1AWU6,LSX,XS0505157965,European Investment Bank 4.0% 15-APR-2030
LSX:A1G0AT,LSX,EU000A1G0AT6,European Financial Stability Facility SA (Luxembourg) 3.375% 03-APR-2037
LSX:A1G0BJ,LSX,EU000A1G0BJ5,European Financial Stability Facility SA (Luxembourg) 3.0% 04-SEP-2034
LSX:A1G12E,LSX,NL0010071189,Netherlands 2.5% 15-JAN-2033
LS:A1G12E,LS,NL0010071189,Netherlands 2.5% 15-JAN-2033
LSX:A1G19C,LSX,XS0755873253,European Investment Bank 3.5% 15-APR-2027
LSX:A1G1L5,LSX,XS0752034206,European Investment Bank 3.625% 14-MAR-2042
GETTEX:A1G1UE,GETTEX,GR0128014710,Government of Greece 4.3% 24-FEB-2027
GETTEX:A1G1UF,GETTEX,GR0133006198,Government of Greece 4.3% 24-FEB-2028
GETTEX:A1G1UG,GETTEX,GR0133007204,Government of Greece 4.3% 24-FEB-2029
GETTEX:A1G1UK,GETTEX,GR0133010232,Government of Greece 4.3% 24-FEB-2032
LSX:A1G2KY,LSX,BE0000326356,Belgium 4.0% 28-MAR-2032
LSX:A1G30R,LSX,EU000A1G30R0,European Union 3.375% 04-APR-2038
LSX:A1G4UN,LSX,XS0782697071,OBB-Infrastruktur AG 3.375% 18-MAY-2032
GETTEX:A1G6BK,GETTEX,CH0127181193,Switzerland 1.25% 27-JUN-2037
LS:A1G6UV,LS,AT0000A0VRQ6,Government of Austria 3.15% 20-JUN-2044
LSX:A1G6UV,LSX,AT0000A0VRQ6,Government of Austria 3.15% 20-JUN-2044
LSX:A1G6UW,LSX,FI4000046545,Government of Finland 2.625% 04-JUL-2042
LSX:A1G87J,LSX,FR0011317783,France 2.75% 25-OCT-2027
LS:A1G87J,LS,FR0011317783,France 2.75% 25-OCT-2027
LS:A1GNQ0,LS,FR0011022474,ENGIE SA 5.95% 16-MAR-2111
LSX:A1GNQ0,LSX,FR0011022474,ENGIE SA 5.95% 16-MAR-2111
LSX:A1GVVF,LSX,EU000A1GVVF8,European Union 3.0% 04-SEP-2026
LS:A1GY6W,LS,EU000A1GY6W8,European Union 3.75% 04-APR-2042
LSX:A1GY6W,LSX,EU000A1GY6W8,European Union 3.75% 04-APR-2042
LSX:A1GZRP,LSX,AT0000A0U299,Government of Austria 3.8% 26-JAN-2062
LS:A1GZRP,LS,AT0000A0U299,Government of Austria 3.8% 26-JAN-2062
LSX:A1HE5Q,LSX,XS0878008225,European Investment Bank 2.625% 15-MAR-2035
LSX:A1HH3K,LSX,FR0011461037,France 3.25% 25-MAY-2045
LS:A1HH3K,LS,FR0011461037,France 3.25% 25-MAY-2045
LSX:A1HJL6,LSX,AT0000A10683,Government of Austria 2.4% 23-MAY-2034
LSX:A1HNMJ,LSX,ES00000124C5,Spain 5.15% 31-OCT-2028
LSX:A1HQ0J,LSX,BE0000331406,Belgium 3.75% 22-JUN-2045
LSX:A1HR6Q,LSX,ES00000124H4,Spain 5.15% 31-OCT-2044
LSX:A1HRJ3,LSX,XS0975634204,European Investment Bank 3.0% 14-OCT-2033
GETTEX:A1HTRW,GETTEX,AU000XCLWAG2,Australia 4.5% 21-APR-2033
GETTEX:A1RQDW,GETTEX,DE000A1RQDW4,State of Hessen 0.01% 11-MAR-2030
GETTEX:A1RQEN,GETTEX,DE000A1RQEN1,State of Hessen 3.25% 05-OCT-2028
FWB:A1RQET,FWB,DE000A1RQET8,State of Hessen 2.875% 12-MAR-2029
GETTEX:A1UDV4,GETTEX,XS0875797515,Deutsche Telekom International Finance BV 3.25% 17-JAN-2028
TRADEGATE:A1UDWN,TRADEGATE,DE000A1UDWN5,Siemens Financieringsmaatschappij NV 2.875% 10-MAR-2028
LSX:A1VQCB,LSX,ES00000128H5,Spain 1.3% 31-OCT-2026
GETTEX:A1VWLB,GETTEX,IT0005390874,Italy 0.85% 15-JAN-2027
LS:A1Z7JJ,LS,FR0012993103,France 1.5% 25-MAY-2031
LSX:A1Z7JJ,LSX,FR0012993103,France 1.5% 25-MAY-2031
GETTEX:A1Z99F,GETTEX,EU000A1Z99F0,European Stability Mechanism (ESM) 0.75% 05-SEP-2028
LSX:A1Z9LA,LSX,XS1313004928,Government of Romania 3.875% 29-OCT-2035
LS:A1Z9LA,LS,XS1313004928,Government of Romania 3.875% 29-OCT-2035
GETTEX:A1ZCQC,GETTEX,FR0011710284,"Electricite de France, Societe Anonyme 6.0% 23-JAN-2114"
LS:A1ZHSU,LS,FR0011883966,France 2.5% 25-MAY-2030
LSX:A1ZHSU,LSX,FR0011883966,France 2.5% 25-MAY-2030
LSX:A1ZJGS,LSX,IT0005024234,Italy 3.5% 01-MAR-2030
LS:A1ZN7D,LS,XS1107247725,European Investment Bank 1.75% 15-SEP-2045
LSX:A1ZPDR,LSX,PTOTEROE0014,Government of Portugal 3.875% 15-FEB-2030
LSX:A1ZR7B,LSX,IE00BJ38CR43,Government of Ireland 2.4% 15-MAY-2030
LSX:A1ZU1N,LSX,PTOTEBOE0020,Government of Portugal 4.1% 15-FEB-2045
LS:A1ZU1N,LS,PTOTEBOE0020,Government of Portugal 4.1% 15-FEB-2045
GETTEX:A1ZUTM,GETTEX,XS1167667283,Volkswagen International Finance NV 1.625% 16-JAN-2030
LS:A1ZUTM,LS,XS1167667283,Volkswagen International Finance NV 1.625% 16-JAN-2030
LSX:A1ZUTM,LSX,XS1167667283,Volkswagen International Finance NV 1.625% 16-JAN-2030
LSX:A1ZVUJ,LSX,IE00BV8C9186,Government of Ireland 2.0% 18-FEB-2045
LSX:A1ZWX5,LSX,BE0000335449,Belgium 1.0% 22-JUN-2031
LSX:A1ZXQ6,LSX,ES00000127A2,Spain 1.95% 30-JUL-2030
LS:A1ZYTK,LS,XS1206541366,Volkswagen International Finance NV 3.5% PERP
GETTEX:A1ZZXP,GETTEX,HU0000403001,Government of Hungary 3.25% 22-OCT-2031
LSX:A254PP,LSX,DE000A254PP9,KfW 0.0% 31-MAR-2027
LSX:A254QR,LSX,XS2103014291,E.ON SE 0.375% 29-SEP-2027
LS:A254QS,LS,XS2103014457,E.ON SE 0.75% 18-DEC-2030
LS:A254R5,LS,XS2178769159,Fresenius Medical Care AG 1.5% 29-MAY-2030
LSX:A254R5,LSX,XS2178769159,Fresenius Medical Care AG 1.5% 29-MAY-2030
LSX:A255C7,LSX,XS2069380991,E.ON SE 0.25% 24-OCT-2026
LSX:A255DV,LSX,XS2084497705,Fresenius Medical Care AG 0.625% 30-NOV-2026
LSX:A255DW,LSX,XS2084488209,Fresenius Medical Care AG 1.25% 29-NOV-2029
LSX:A282BP,LSX,LU2228213398,Government of Luxembourg 0.0% 14-SEP-2032
GETTEX:A282BP,GETTEX,LU2228213398,Government of Luxembourg 0.0% 14-SEP-2032
LS:A282BP,LS,LU2228213398,Government of Luxembourg 0.0% 14-SEP-2032
LSX:A282F2,LSX,IT0005421703,Italy 1.8% 01-MAR-2041
LSX:A282UD,LSX,XS2234571771,Government of Bulgaria 1.375% 23-SEP-2050
LS:A282UD,LS,XS2234571771,Government of Bulgaria 1.375% 23-SEP-2050
GETTEX:A28329,GETTEX,AT0000A2KQ43,Government of Austria 0.0% 20-OCT-2040
LSX:A28329,LSX,AT0000A2KQ43,Government of Austria 0.0% 20-OCT-2040
LSX:A28385,LSX,EU000A283859,European Union 0.0% 04-OCT-2030
LSX:A283UQ,LSX,XS2242728041,EnBW International Finance BV 0.25% 19-OCT-2030
LSX:A28446,LSX,EU000A284469,European Union 0.3% 04-NOV-2050
LSX:A2848N,LSX,XS2259191430,Government of Hungary 1.5% 17-NOV-2050
LSX:A2848P,LSX,XS2259191273,Government of Hungary 0.5% 18-NOV-2030
LSX:A284HK,LSX,IT0005425233,Italy 1.7% 01-SEP-2051
LS:A285JX,LS,XS2263684776,Nestle Finance International Ltd. 0.0% 03-MAR-2033
LSX:A285JX,LSX,XS2263684776,Nestle Finance International Ltd. 0.0% 03-MAR-2033
GETTEX:A285UJ,GETTEX,US91282CAY75,United States Treasury Notes 0.625% 30-NOV-2027
LSX:A285V0,LSX,XS2258400162,Government of Romania 2.625% 02-DEC-2040
LSX:A285VM,LSX,EU000A285VM2,European Union 0.0% 04-JUL-2035
LS:A285VY,LS,XS2262211076,Government of Romania 1.375% 02-DEC-2029
LSX:A285VY,LSX,XS2262211076,Government of Romania 1.375% 02-DEC-2029
LS:A285YE,LS,XS2265360359,Stora Enso Oyj 0.625% 02-DEC-2030
LS:A2876Z,LS,FR0014001NN8,France 0.5% 25-MAY-2072
GETTEX:A2876Z,GETTEX,FR0014001NN8,France 0.5% 25-MAY-2072
LSX:A2876Z,LSX,FR0014001NN8,France 0.5% 25-MAY-2072
LSX:A287DG,LSX,XS2280845145,BMW Finance NV 0.2% 11-JAN-2033
LSX:A287SB,LSX,XS2286422071,Council of Europe Development Bank 0.0% 20-JAN-2031
LSX:A287WF,LSX,ES0000012H41,Spain 0.1% 30-APR-2031
LSX:A288D5,LSX,XS2292954893,"Goldman Sachs Group, Inc. 0.25% 26-JAN-2028"
LS:A288D5,LS,XS2292954893,"Goldman Sachs Group, Inc. 0.25% 26-JAN-2028"
MUN:A289C4,MUN,DE000A289C48,State of Lower Saxony 0.01% 16-JUN-2028
LSX:A289Q5,LSX,XS2237447961,Fresenius SE & Co. KGaA 1.125% 28-JAN-2033
LS:A289QR,LS,DE000A289QR9,Mercedes-Benz Group AG 0.75% 10-SEP-2030
FWB:A289RK,FWB,DE000A289RK2,KfW 0.0% 17-SEP-2030
LS:A289XF,LS,XS2177122897,Deutsche Post AG 1.0% 20-MAY-2032
LSX:A289XF,LSX,XS2177122897,Deutsche Post AG 1.0% 20-MAY-2032
LSX:A289XG,LSX,DE000A289XG8,Mercedes-Benz Group AG 2.375% 22-MAY-2030
TRADEGATE:A289XG,TRADEGATE,DE000A289XG8,Mercedes-Benz Group AG 2.375% 22-MAY-2030
LSX:A289XL,LSX,XS2177580250,E.ON SE 0.75% 20-FEB-2028
LSX:A289XM,LSX,XS2177580508,E.ON SE 0.875% 20-AUG-2031
FWB:A289YC,FWB,DE000A289YC5,Pandion AG 8.0% 05-FEB-2026
TRADEGATE:A289YC,TRADEGATE,DE000A289YC5,Pandion AG 8.0% 05-FEB-2026
GETTEX:A289YC,GETTEX,DE000A289YC5,Pandion AG 8.0% 05-FEB-2026
LSX:A28R15,LSX,FR0013476090,RCI Banque S.A. 1.125% 15-JAN-2027
LSX:A28SDS,LSX,ES0000012F76,Spain 0.5% 30-APR-2030
LSX:A28SG2,LSX,XS2107332640,"Goldman Sachs Group, Inc. 0.875% 21-JAN-2030"
LSX:A28SHC,LSX,IT0005398406,Italy 2.45% 01-SEP-2050
LSX:A28SVH,LSX,XS2109812508,Government of Romania 2.0% 28-JAN-2032
LSX:A28SVK,LSX,XS2109813142,Government of Romania 3.375% 28-JAN-2050
LS:A28SVK,LS,XS2109813142,Government of Romania 3.375% 28-JAN-2050
GETTEX:A28T5C,GETTEX,BE0000350596,Belgium 0.4% 22-JUN-2040
GETTEX:A28TLK,GETTEX,US912828Z948,United States Treasury Notes 1.5% 15-FEB-2030
LSX:A28TT4,LSX,IT0005402117,Italy 1.45% 01-MAR-2036
GETTEX:A28TXS,GETTEX,NO0010875230,Norway 1.375% 19-AUG-2030
LSX:A28VTJ,LSX,XS2154348424,OMV Aktiengesellschaft 2.375% 09-APR-2032
GETTEX:A28WL5,GETTEX,LU2162831981,Government of Luxembourg 0.0% 28-APR-2030
LSX:A28WLL,LSX,ES0000012G34,Spain 1.25% 31-OCT-2030
LSX:A28WV2,LSX,XS2168048564,European Investment Bank 0.0% 17-JUN-2027
LSX:A28X1Q,LSX,NL0015031501,Netherlands 0.0% 15-JAN-2027
LSX:A28X66,LSX,XS2177364390,Government of Argentina 3.875% 09-JUL-2035
LSX:A28X86,LSX,XS2181689659,Government of Hungary 1.75% 05-JUN-2035
LSX:A28XCT,LSX,XS2176534795,Wurth Finance International BV 0.75% 22-NOV-2027
GETTEX:A28XE0,GETTEX,AU0000087454,Australia 1.0% 21-DEC-2030
GETTEX:A28XEG,GETTEX,US912810SN90,United States Treasury Bond 1.25% 15-MAY-2050
GETTEX:A28XVV,GETTEX,XS2178857954,Government of Romania 3.624% 26-MAY-2030
LS:A28XVV,LS,XS2178857954,Government of Romania 3.624% 26-MAY-2030
LSX:A28XVV,LSX,XS2178857954,Government of Romania 3.624% 26-MAY-2030
GETTEX:A28Y97,GETTEX,AT0000A2HLC4,Government of Austria 0.85% 30-JUN-2120
LSX:A28Y97,LSX,AT0000A2HLC4,Government of Austria 0.85% 30-JUN-2120
LS:A28Y97,LS,AT0000A2HLC4,Government of Austria 0.85% 30-JUN-2120
LSX:A28YAH,LSX,XS2177365363,Government of Argentina 3.0% 09-JUL-2041
LS:A28YAH,LS,XS2177365363,Government of Argentina 3.0% 09-JUL-2041
LS:A28YAK,LS,XS2177365017,Government of Argentina 4.25% 09-JAN-2038
LSX:A28YE7,LSX,IT0005413171,Italy 1.65% 01-DEC-2030
LSX:A28YJ8,LSX,XS2189613982,OMV Aktiengesellschaft 0.75% 16-JUN-2030
LSX:A28YNH,LSX,GR0124036709,Government of Greece 1.5% 18-JUN-2030
LSX:A28YP8,LSX,ES0000012G42,Spain 1.2% 31-OCT-2040
HAM:A2AASM,HAM,DE000A2AASM1,PROKON Regenerative Energien eG 3.5% 25-JUN-2030
GETTEX:A2AASM,GETTEX,DE000A2AASM1,PROKON Regenerative Energien eG 3.5% 25-JUN-2030
FWB:A2AASM,FWB,DE000A2AASM1,PROKON Regenerative Energien eG 3.5% 25-JUN-2030
LS:A2BN7P,LS,XS1501367921,Lanxess AG 1.0% 07-OCT-2026
LS:A2BPA5,LS,DE000A2BPA51,BASF SE 0.875% 06-OCT-2031
FWB:A2DADL,FWB,DE000A2DADL9,Energiekontor Finanzanlagen V GmbH & Co. KG 4.3% 01-NOV-2035
FWB:A2E4Q8,FWB,DE000A2E4Q88,IKB Deutsche Industriebank AG 4.0% 20-SEP-2027
LSX:A2E4Q8,LSX,DE000A2E4Q88,IKB Deutsche Industriebank AG 4.0% 20-SEP-2027
LSX:A2G8S7,LSX,XS1734533372,Deutsche Post AG 1.0% 13-DEC-2027
FWB:A2GSB8,FWB,DE000A2GSB86,paragon GmbH & Co. KGaA 9.25% 05-JUL-2027
HAM:A2GSB8,HAM,DE000A2GSB86,paragon GmbH & Co. KGaA 9.25% 05-JUL-2027
TRADEGATE:A2GSB8,TRADEGATE,DE000A2GSB86,paragon GmbH & Co. KGaA 9.25% 05-JUL-2027
LSX:A2GSCW,LSX,DE000A2GSCW3,Mercedes-Benz Group AG 1.5% 03-JUL-2029
TRADEGATE:A2GSCW,TRADEGATE,DE000A2GSCW3,Mercedes-Benz Group AG 1.5% 03-JUL-2029
LSX:A2GSCX,LSX,DE000A2GSCX1,Mercedes-Benz Group AG 2.125% 03-JUL-2037
LSX:A2GSFA,LSX,DE000A2GSFA2,KfW 0.5% 15-SEP-2027
LSX:A2GSGH,LSX,XS1718418103,BASF SE 0.875% 15-NOV-2027
LS:A2GSLY,LS,DE000A2GSLY0,Mercedes-Benz Group AG 1.0% 15-NOV-2027
LSX:A2GSLY,LSX,DE000A2GSLY0,Mercedes-Benz Group AG 1.0% 15-NOV-2027
GETTEX:A2LQ5F,GETTEX,XS1823502577,BASF SE 1.5% 22-MAY-2030
LS:A2LQ6C,LS,XS1893631769,Volkswagen Financial Services Overseas AG 2.25% 16-OCT-2026
LSX:A2LQ6C,LSX,XS1893631769,Volkswagen Financial Services Overseas AG 2.25% 16-OCT-2026
LSX:A2LQ6G,LSX,XS1972547696,Volkswagen Financial Services Overseas AG 2.25% 01-OCT-2027
GETTEX:A2LQ6G,GETTEX,XS1972547696,Volkswagen Financial Services Overseas AG 2.25% 01-OCT-2027
LS:A2LQ6G,LS,XS1972547696,Volkswagen Financial Services Overseas AG 2.25% 01-OCT-2027
GETTEX:A2LQ6L,GETTEX,XS2152061904,Volkswagen Financial Services Overseas AG 3.375% 06-APR-2028
LSX:A2LQ6L,LSX,XS2152061904,Volkswagen Financial Services Overseas AG 3.375% 06-APR-2028
LSX:A2LQ6R,LSX,XS2374595044,Volkswagen Financial Services Overseas AG 0.125% 12-FEB-2027
GETTEX:A2LQ6R,GETTEX,XS2374595044,Volkswagen Financial Services Overseas AG 0.125% 12-FEB-2027
LSX:A2LQ6S,LSX,XS2374594823,Volkswagen Financial Services Overseas AG 0.375% 12-FEB-2030
LSX:A2LQ6U,LSX,XS2438616240,Volkswagen Financial Services Overseas AG 0.875% 31-JAN-2028
LSX:A2LQ6W,LSX,XS2837886014,Volkswagen Financial Services Overseas AG 3.75% 10-SEP-2026
GETTEX:A2LQPD,GETTEX,DE000A2LQPD9,City of Hamburg 0.01% 30-JUN-2028
FWB:A2LQQD,FWB,DE000A2LQQD7,Energiekontor Finanzanlagen VI GmbH & Co. KG 4.5% 01-NOV-2036
LSX:A2LQSH,LSX,DE000A2LQSH4,KfW 0.75% 28-JUN-2028
GETTEX:A2NBF1,GETTEX,XS1885608817,Deutsche Bahn Finance GmbH 1.375% 28-MAR-2031
GETTEX:A2NBY2,GETTEX,DE000A2NBY22,ESPG AG 6.0% 01-OCT-2026
FWB:A2NBY2,FWB,DE000A2NBY22,ESPG AG 6.0% 01-OCT-2026
LSX:A2R0AA,LSX,XS1934867547,Government of Romania 2.0% 08-DEC-2026
LSX:A2R0AC,LSX,XS1970549561,Government of Romania 3.5% 03-APR-2034
GETTEX:A2R0AE,GETTEX,XS1968706876,Government of Romania 4.625% 03-APR-2049
LSX:A2R0AE,LSX,XS1968706876,Government of Romania 4.625% 03-APR-2049
LS:A2R0AE,LS,XS1968706876,Government of Romania 4.625% 03-APR-2049
GETTEX:A2R33D,GETTEX,USK0479SAF58,A.P. Moller - Maersk A/S 4.5% 20-JUN-2029
GETTEX:A2R37Q,GETTEX,XS2018637327,Heidelberg Materials Finance Luxembourg SA 1.125% 01-DEC-2027
LS:A2R37Q,LS,XS2018637327,Heidelberg Materials Finance Luxembourg SA 1.125% 01-DEC-2027
LSX:A2R3SN,LSX,ES0000012F43,Spain 0.6% 31-OCT-2029
LSX:A2R3SQ,LSX,IT0005377152,Italy 3.1% 01-MAR-2040
GETTEX:A2R3T3,GETTEX,US92857WBT62,Vodafone Group Public Limited Company 5.125% 19-JUN-2059
LS:A2R3UP,LS,XS2013678086,Government of Lithuania 1.625% 19-JUN-2049
LSX:A2R3YH,LSX,XS2015227494,European Investment Bank 0.125% 20-JUN-2029
LS:A2R47U,LS,XS2027596530,Government of Romania 2.124% 16-JUL-2031
LSX:A2R47U,LSX,XS2027596530,Government of Romania 2.124% 16-JUL-2031
LS:A2R4J5,LS,XS2022093517,OMV Aktiengesellschaft 1.0% 03-JUL-2034
LSX:A2R68L,LSX,XS2049616621,Siemens Financieringsmaatschappij NV 0.125% 05-SEP-2029
GETTEX:A2R6KL,GETTEX,US58013MFJ80,McDonald's Corporation 2.625% 01-SEP-2029
LSX:A2R73K,LSX,AT0000A2AEA8,S IMMO AG 2.0% 15-OCT-2029
LSX:A2R81T,LSX,FR0013451507,France 0.0% 25-NOV-2029
LS:A2R81T,LS,FR0013451507,France 0.0% 25-NOV-2029
GETTEX:A2R99N,GETTEX,USU5521TAE20,MSCI Inc. 4.0% 15-NOV-2029
FWB:A2R9ZU,FWB,DE000A2R9ZU9,Mercedes-Benz International Finance BV 0.625% 06-MAY-2027
LSX:A2R9ZU,LSX,DE000A2R9ZU9,Mercedes-Benz International Finance BV 0.625% 06-MAY-2027
LSX:A2RS2Q,LSX,IE00BFZRQ242,Government of Ireland 1.35% 18-MAR-2031
GETTEX:A2RSAC,GETTEX,XS1487983386,African Development Bank 0.0% 09-SEP-2036
GETTEX:A2RSYB,GETTEX,XS1892221570,African Development Bank 0.0% 11-OCT-2028
LSX:A2RUZT,LSX,XS1917590959,OMV Aktiengesellschaft 1.875% 04-DEC-2028
LSX:A2RWFC,LSX,IE00BH3SQ895,Government of Ireland 1.1% 15-MAY-2029
LS:A2RWFR,LS,XS1936100483,Government of Israel 1.5% 16-JAN-2029
LSX:A2RWN7,LSX,IT0005358806,Italy 3.35% 01-MAR-2035
LSX:A2RWZ7,LSX,ES0000012E51,Spain 1.45% 30-APR-2029
LS:A2RX14,LS,XS1843443190,"Altria Group, Inc. 2.2% 15-JUN-2027"
GETTEX:A2RX5R,GETTEX,HU0000403696,Government of Hungary 3.0% 21-AUG-2030
LSX:A2RXDK,LSX,AT0000A269M8,Government of Austria 0.5% 20-FEB-2029
LSX:A2RXDR,LSX,XS1948611840,BMW Finance NV 1.5% 06-FEB-2029
GETTEX:A2RXRZ,GETTEX,IT0005363111,Italy 3.85% 01-SEP-2049
LSX:A2RXRZ,LSX,IT0005363111,Italy 3.85% 01-SEP-2049
LSX:A2RXZ3,LSX,NL0013332430,Netherlands 0.25% 15-JUL-2029
GETTEX:A2RXZ3,GETTEX,NL0013332430,Netherlands 0.25% 15-JUL-2029
LSX:A2RY3M,LSX,FR0013407236,France 0.5% 25-MAY-2029
LS:A2RY3M,LS,FR0013407236,France 0.5% 25-MAY-2029
LSX:A2RYDQ,LSX,XS1955187932,Siemens Financieringsmaatschappij NV 1.75% 28-FEB-2039
LSX:A2RYQD,LSX,ES0000012E69,Spain 1.85% 30-JUL-2035
GETTEX:A2RYSC,GETTEX,NO0010844079,Norway 1.75% 06-SEP-2029
GETTEX:A2SA77,GETTEX,XS1801143196,International Finance Corp. 7.02% 06-APR-2028
GETTEX:A2SAF3,GETTEX,US64110LAX47,"Netflix, Inc. 6.375% 15-MAY-2029"
LSX:A2TED0,LSX,XS1999841445,KfW 0.01% 05-MAY-2027
LSX:A2TEF9,LSX,XS2209794408,KfW 0.0% 15-SEP-2028
LS:A2TR08,LS,DE000A2TR083,Mercedes-Benz Group AG 2.0% 27-FEB-2031
LSX:A2TR08,LSX,DE000A2TR083,Mercedes-Benz Group AG 2.0% 27-FEB-2031
LS:A2TSDE,LS,DE000A2TSDE2,Deutsche Telekom AG 1.75% 25-MAR-2031
GETTEX:A2TSDW,GETTEX,DE000A2TSDW4,DZ HYP AG 0.01% 15-JAN-2027
FWB:A2TSEC,FWB,DE000A2TSEC4,Umweltprojekt GmbH 2.3% 01-OCT-2029
LSX:A2TSTA,LSX,XS1917358621,Deutsche Post AG 1.625% 05-DEC-2028
LS:A2YB7B,LS,DE000A2YB7B5,Schaeffler AG 2.875% 26-MAR-2027
GETTEX:A2YB7B,GETTEX,DE000A2YB7B5,Schaeffler AG 2.875% 26-MAR-2027
LSX:A2YB7B,LSX,DE000A2YB7B5,Schaeffler AG 2.875% 26-MAR-2027
LSX:A2YN0A,LSX,XS2282095970,Volkswagen Leasing GmbH 0.5% 12-JAN-2029
LS:A2YN0A,LS,XS2282095970,Volkswagen Leasing GmbH 0.5% 12-JAN-2029
LSX:A2YN0D,LSX,XS2343822503,Volkswagen Leasing GmbH 0.625% 19-JUL-2029
LSX:A2YN0E,LSX,XS2745344601,Volkswagen Leasing GmbH 3.625% 11-OCT-2026
LS:A2YN0F,LS,XS2745725155,Volkswagen Leasing GmbH 3.875% 11-OCT-2028
LSX:A2YN0F,LSX,XS2745725155,Volkswagen Leasing GmbH 3.875% 11-OCT-2028
GETTEX:A2YN0G,GETTEX,XS2745726047,Volkswagen Leasing GmbH 4.0% 11-APR-2031
LS:A2YN0G,LS,XS2745726047,Volkswagen Leasing GmbH 4.0% 11-APR-2031
LSX:A2YN0G,LSX,XS2745726047,Volkswagen Leasing GmbH 4.0% 11-APR-2031
LSX:A2YN1R,LSX,XS2089226026,Deutsche Telekom AG 1.75% 09-DEC-2049
LS:A2YN1R,LS,XS2089226026,Deutsche Telekom AG 1.75% 09-DEC-2049
TRADEGATE:A2YN2U,TRADEGATE,DE000A2YN2U2,HOCHTIEF Aktiengesellschaft 0.5% 03-SEP-2027
LSX:A2YN2U,LSX,DE000A2YN2U2,HOCHTIEF Aktiengesellschaft 0.5% 03-SEP-2027
TRADEGATE:A2YN2V,TRADEGATE,DE000A2YN2V0,HOCHTIEF Aktiengesellschaft 1.25% 03-SEP-2031
LSX:A2YN2V,LSX,DE000A2YN2V0,HOCHTIEF Aktiengesellschaft 1.25% 03-SEP-2031
LSX:A2YN2Z,LSX,XS2047479469,HELLA GmbH & Co. KGaA 0.5% 26-JAN-2027
LSX:A2YNSJ,LSX,XS2024715794,Deutsche Telekom AG 0.5% 05-JUL-2027
LS:A2YNSJ,LS,XS2024715794,Deutsche Telekom AG 0.5% 05-JUL-2027
GETTEX:A2YNSK,GETTEX,XS2024716099,Deutsche Telekom AG 1.375% 05-JUL-2034
LSX:A2YNSK,LSX,XS2024716099,Deutsche Telekom AG 1.375% 05-JUL-2034
LS:A2YNSK,LS,XS2024716099,Deutsche Telekom AG 1.375% 05-JUL-2034
LSX:A2YNX0,LSX,XS2047500926,E.ON SE 0.35% 28-FEB-2030
GETTEX:A2YNX0,GETTEX,XS2047500926,E.ON SE 0.35% 28-FEB-2030
HAM:A2YNXQ,HAM,DE000A2YNXQ5,Euroboden GmbH 5.5% 01-OCT-2024
FWB:A2YNZ1,FWB,DE000A2YNZ16,KfW 0.05% 29-SEP-2034
GETTEX:A2YNZW,GETTEX,DE000A2YNZW8,Mercedes-Benz International Finance BV 0.375% 08-NOV-2026
LSX:A2YNZW,LSX,DE000A2YNZW8,Mercedes-Benz International Finance BV 0.375% 08-NOV-2026
LSX:A2YNZX,LSX,DE000A2YNZX6,Mercedes-Benz Group AG 0.75% 08-FEB-2030
LSX:A2YNZY,LSX,DE000A2YNZY4,Mercedes-Benz Group AG 1.125% 08-AUG-2034
TRADEGATE:A2YPEZ,TRADEGATE,DE000A2YPEZ1,Eyemaxx Real Estate AG 6.0% 24-SEP-2024
TRADEGATE:A2YPFU,TRADEGATE,DE000A2YPFU9,Mercedes-Benz Group AG 1.125% 06-NOV-2031
LSX:A2YPFU,LSX,DE000A2YPFU9,Mercedes-Benz Group AG 1.125% 06-NOV-2031
HAM:A2YPFU,HAM,DE000A2YPFU9,Mercedes-Benz Group AG 1.125% 06-NOV-2031
GETTEX:A2YPFU,GETTEX,DE000A2YPFU9,Mercedes-Benz Group AG 1.125% 06-NOV-2031
FWB:A30V2U,FWB,DE000A30V2U2,PCC SE 5.0% 01-DEC-2027
TRADEGATE:A30V3F,TRADEGATE,DE000A30V3F1,Katjesgreenfood GmbH & Co. KG 8.0% 29-NOV-2027
LSX:A30V3F,LSX,DE000A30V3F1,Katjesgreenfood GmbH & Co. KG 8.0% 29-NOV-2027
FWB:A30V3F,FWB,DE000A30V3F1,Katjesgreenfood GmbH & Co. KG 8.0% 29-NOV-2027
LS:A30V3F,LS,DE000A30V3F1,Katjesgreenfood GmbH & Co. KG 8.0% 29-NOV-2027
TRADEGATE:A30V5F,TRADEGATE,DE000A30V5F6,Deutsche Bank Aktiengesellschaft 3.0% 18-JUL-2030
LS:A30V5U,LS,XS2577874782,Heidelberg Materials AG 3.75% 31-MAY-2032
GETTEX:A30V5U,GETTEX,XS2577874782,Heidelberg Materials AG 3.75% 31-MAY-2032
LSX:A30V5U,LSX,XS2577874782,Heidelberg Materials AG 3.75% 31-MAY-2032
GETTEX:A30V6L,GETTEX,DE000A30V6L2,SoWiTec group GmbH 8.0% 30-MAR-2028
FWB:A30V6L,FWB,DE000A30V6L2,SoWiTec group GmbH 8.0% 30-MAR-2028
TRADEGATE:A30V6L,TRADEGATE,DE000A30V6L2,SoWiTec group GmbH 8.0% 30-MAR-2028
GETTEX:A30V78,GETTEX,NO0012888769,Katjes International GmbH & Co. KG 6.75% 21-SEP-2028
LSX:A30V78,LSX,NO0012888769,Katjes International GmbH & Co. KG 6.75% 21-SEP-2028
LS:A30V78,LS,NO0012888769,Katjes International GmbH & Co. KG 6.75% 21-SEP-2028
GETTEX:A30V83,GETTEX,XS2584685031,RWE AG 3.625% 13-FEB-2029
LSX:A30V83,LSX,XS2584685031,RWE AG 3.625% 13-FEB-2029
LS:A30V83,LS,XS2584685031,RWE AG 3.625% 13-FEB-2029
LSX:A30V84,LSX,XS2584685387,RWE AG 4.125% 13-FEB-2035
GETTEX:A30V84,GETTEX,XS2584685387,RWE AG 4.125% 13-FEB-2035
LS:A30V84,LS,XS2584685387,RWE AG 4.125% 13-FEB-2035
GETTEX:A30V87,GETTEX,DE000A30V877,State of Lower Saxony 2.875% 18-APR-2028
LS:A30V8A,LS,XS2574873266,E.ON SE 3.5% 12-JAN-2028
GETTEX:A30V8A,GETTEX,XS2574873266,E.ON SE 3.5% 12-JAN-2028
LSX:A30V8A,LSX,XS2574873266,E.ON SE 3.5% 12-JAN-2028
LS:A30V8B,LS,XS2574873183,E.ON SE 3.875% 12-JAN-2035
LSX:A30V8B,LSX,XS2574873183,E.ON SE 3.875% 12-JAN-2035
LSX:A30V8D,LSX,XS2577042893,Deutsche Bahn Finance GmbH 3.625% 18-DEC-2037
GETTEX:A30V8Q,GETTEX,DE000A30V8Q7,State of Lower Saxony 2.75% 17-FEB-2031
TRADEGATE:A30V9J,TRADEGATE,DE000A30V9J0,KfW 3.125% 07-JUN-2030
LSX:A30V9M,LSX,DE000A30V9M4,KfW 2.875% 07-JUN-2033
GETTEX:A30V9T,GETTEX,NO0012530965,Mutares SE & Co. KGaA FRN 31-MAR-2027
LS:A30VH4,LS,XS2484327999,Deutsche Bahn Finance GmbH 1.875% 24-MAY-2030
LSX:A30VH4,LSX,XS2484327999,Deutsche Bahn Finance GmbH 1.875% 24-MAY-2030
LSX:A30VJF,LSX,XS2482887879,RWE AG 2.75% 24-MAY-2030
LS:A30VJW,LS,DE000A30VJW3,PNE AG 5.0% 23-JUN-2027
LSX:A30VJW,LSX,DE000A30VJW3,PNE AG 5.0% 23-JUN-2027
FWB:A30VJX,FWB,DE000A30VJX1,Energiekontor Finanzanlagen IX GmbH & Co. KG 4.0% 01-DEC-2028
LSX:A30VPB,LSX,XS2530444624,Fresenius Medical Care AG 3.875% 20-SEP-2027
GETTEX:A30VPB,GETTEX,XS2530444624,Fresenius Medical Care AG 3.875% 20-SEP-2027
GETTEX:A30VQ4,GETTEX,XS2558972415,Continental AG 3.625% 30-NOV-2027
LSX:A30VQ4,LSX,XS2558972415,Continental AG 3.625% 30-NOV-2027
LS:A30VT9,LS,DE000A30VT97,Deutsche Bank Aktiengesellschaft 10.0% PERP
GETTEX:A30VUV,GETTEX,XS2541394750,Deutsche Bahn Finance GmbH 3.875% 13-OCT-2042
LSX:A30VUV,LSX,XS2541394750,Deutsche Bahn Finance GmbH 3.875% 13-OCT-2042
GETTEX:A30WF8,GETTEX,DE000A30WF84,Deutsche Pfandbriefbank AG 5.0% 05-FEB-2027
FWB:A30WF8,FWB,DE000A30WF84,Deutsche Pfandbriefbank AG 5.0% 05-FEB-2027
LSX:A30WF8,LSX,DE000A30WF84,Deutsche Pfandbriefbank AG 5.0% 05-FEB-2027
LSX:A30WFV,LSX,DE000A30WFV1,Deutsche Pfandbriefbank AG 4.375% 28-AUG-2026
FWB:A31RJZ,FWB,DE000A31RJZ2,Deutsche Pfandbriefbank AG 3.625% 28-OCT-2027
GETTEX:A3510L,GETTEX,US500769JY19,KfW 4.125% 15-JUL-2033
GETTEX:A3511H,GETTEX,XS2722190795,Deutsche Bahn Finance GmbH 4.0% 23-NOV-2043
TRADEGATE:A3511S,TRADEGATE,DE000A3511S2,PCC SE 6.0% 01-FEB-2029
GETTEX:A3511S,GETTEX,DE000A3511S2,PCC SE 6.0% 01-FEB-2029
GETTEX:A35138,GETTEX,XS2672452237,Continental AG 4.0% 01-MAR-2027
FWB:A35148,FWB,DE000A351488,hep solar projects GmbH 8.0% 22-NOV-2028
GETTEX:A35148,GETTEX,DE000A351488,hep solar projects GmbH 8.0% 22-NOV-2028
LSX:A3514U,LSX,XS2694872594,Volkswagen Leasing GmbH 4.625% 25-MAR-2029
LSX:A3514V,LSX,XS2694874533,Volkswagen Leasing GmbH 4.75% 25-SEP-2031
LS:A3514V,LS,XS2694874533,Volkswagen Leasing GmbH 4.75% 25-SEP-2031
LS:A3515F,LS,XS2698713695,Fresenius SE & Co. KGaA 5.125% 05-OCT-2030
LSX:A3515F,LSX,XS2698713695,Fresenius SE & Co. KGaA 5.125% 05-OCT-2030
FWB:A351K9,FWB,DE000A351K90,PCC SE 5.0% 01-JUL-2028
FWB:A351MJ,FWB,DE000A351MJ3,reconcept Solar Deutschland GmbH 6.75% 18-OCT-2029
LS:A351ML,LS,XS2615940215,Porsche Automobil Holding SE 4.5% 27-SEP-2028
LSX:A351ML,LSX,XS2615940215,Porsche Automobil Holding SE 4.5% 27-SEP-2028
GETTEX:A351ML,GETTEX,XS2615940215,Porsche Automobil Holding SE 4.5% 27-SEP-2028
LSX:A351MT,LSX,DE000A351MT2,KfW 3.125% 10-OCT-2028
HAM:A351MT,HAM,DE000A351MT2,KfW 3.125% 10-OCT-2028
FWB:A351NK,FWB,DE000A351NK9,7C Solarparken AG 2.5% 30-MAY-2028
FWB:A351P3,FWB,DE000A351P38,LAIQON AG 7.0% 24-MAY-2028
FWB:A351PD,FWB,DE000A351PD9,BayWa AG 7.75% PERP
GETTEX:A351PU,GETTEX,XS2630117328,Continental AG 4.0% 01-JUN-2028
LSX:A351SW,LSX,XS2643320018,Porsche Automobil Holding SE 4.125% 27-SEP-2027
GETTEX:A351SW,GETTEX,XS2643320018,Porsche Automobil Holding SE 4.125% 27-SEP-2027
LSX:A351SX,LSX,XS2643320109,Porsche Automobil Holding SE 4.25% 27-SEP-2030
LS:A351SX,LS,XS2643320109,Porsche Automobil Holding SE 4.25% 27-SEP-2030
GETTEX:A351SX,GETTEX,XS2643320109,Porsche Automobil Holding SE 4.25% 27-SEP-2030
GETTEX:A351TV,GETTEX,XS2624017070,Deutsche Bahn Finance GmbH 3.25% 19-MAY-2033
LSX:A351U0,LSX,XS2630112014,Bayer AG 4.25% 26-AUG-2029
GETTEX:A351U0,GETTEX,XS2630112014,Bayer AG 4.25% 26-AUG-2029
LS:A351U0,LS,XS2630112014,Bayer AG 4.25% 26-AUG-2029
LSX:A351U1,LSX,XS2630111719,Bayer AG 4.625% 26-MAY-2033
LS:A351U1,LS,XS2630111719,Bayer AG 4.625% 26-MAY-2033
GETTEX:A351U1,GETTEX,XS2630111719,Bayer AG 4.625% 26-MAY-2033
TRADEGATE:A351U4,TRADEGATE,DE000A351U49,Allianz SE 5.824% 25-JUL-2053
LS:A351U9,LS,NO0012938325,HORMANN lndustries GmbH 7.0% 11-JUL-2028
GETTEX:A351U9,GETTEX,NO0012938325,HORMANN lndustries GmbH 7.0% 11-JUL-2028
LSX:A351U9,LSX,NO0012938325,HORMANN lndustries GmbH 7.0% 11-JUL-2028
TRADEGATE:A351UP,TRADEGATE,DE000A351UP3,State of Brandenburg 3.0% 28-MAY-2035
GETTEX:A351VG,GETTEX,XS2673536541,E.ON SE 3.75% 01-MAR-2029
LSX:A351VH,LSX,XS2673547746,E.ON SE 4.0% 29-AUG-2033
LSX:A351WB,LSX,DE000A351WB9,Sixt SE 5.125% 09-OCT-2027
LSX:A351WY,LSX,XS2644423035,Deutsche Post AG 3.375% 03-JUL-2033
GETTEX:A351WY,GETTEX,XS2644423035,Deutsche Post AG 3.375% 03-JUL-2033
FWB:A351XF,FWB,DE000A351XF8,Neue ZWL Zahnradwerk Leipzig GmbH 9.5% 15-NOV-2028
GETTEX:A351XF,GETTEX,DE000A351XF8,Neue ZWL Zahnradwerk Leipzig GmbH 9.5% 15-NOV-2028
FWB:A351XK,FWB,DE000A351XK8,DZ HYP AG 3.375% 31-JAN-2028
LSX:A351Y9,LSX,DE000A351Y94,KfW 2.375% 05-AUG-2027
LSX:A352ED,LSX,DE000A352ED1,KfW 2.625% 10-JAN-2034
TRADEGATE:A38240,TRADEGATE,DE000A382400,KfW 2.75% 20-FEB-2031
LSX:A38247,LSX,DE000A382475,KfW 2.625% 26-APR-2029
GETTEX:A3825T,GETTEX,DE000A3825T4,DZ HYP AG 3.0% 31-MAY-2035
TRADEGATE:A38261,TRADEGATE,DE000A382616,Deutsche Pfandbriefbank AG 4.0% 27-JAN-2028
MUN:A38261,MUN,DE000A382616,Deutsche Pfandbriefbank AG 4.0% 27-JAN-2028
GETTEX:A38261,GETTEX,DE000A382616,Deutsche Pfandbriefbank AG 4.0% 27-JAN-2028
LSX:A38261,LSX,DE000A382616,Deutsche Pfandbriefbank AG 4.0% 27-JAN-2028
LS:A38261,LS,DE000A382616,Deutsche Pfandbriefbank AG 4.0% 27-JAN-2028
TRADEGATE:A38264,TRADEGATE,DE000A382640,Deutsche Pfandbriefbank AG 2.625% 30-MAY-2029
TRADEGATE:A38266,TRADEGATE,DE000A382665,Deutsche Pfandbriefbank AG 3.25% 01-SEP-2028
GETTEX:A38266,GETTEX,DE000A382665,Deutsche Pfandbriefbank AG 3.25% 01-SEP-2028
LS:A38266,LS,DE000A382665,Deutsche Pfandbriefbank AG 3.25% 01-SEP-2028
LSX:A38266,LSX,DE000A382665,Deutsche Pfandbriefbank AG 3.25% 01-SEP-2028
GETTEX:A3826L,GETTEX,XS2743711298,RWE AG 3.625% 10-JAN-2032
GETTEX:A3826T,GETTEX,XS2747600018,E.ON SE 3.375% 15-JAN-2031
LSX:A3826T,LSX,XS2747600018,E.ON SE 3.375% 15-JAN-2031
LSX:A3826U,LSX,XS2747600109,E.ON SE 3.75% 15-JAN-2036
LS:A3826U,LS,XS2747600109,E.ON SE 3.75% 15-JAN-2036
GETTEX:A3827A,GETTEX,DE000A3827A0,Deutsche Pfandbriefbank AG 3.125% 07-JUN-2030
FWB:A3827B,FWB,DE000A3827B8,Deutsche Pfandbriefbank AG 4.25% 06-JUL-2029
GETTEX:A3827B,GETTEX,DE000A3827B8,Deutsche Pfandbriefbank AG 4.25% 06-JUL-2029
MUN:A3827B,MUN,DE000A3827B8,Deutsche Pfandbriefbank AG 4.25% 06-JUL-2029
TRADEGATE:A3827B,TRADEGATE,DE000A3827B8,Deutsche Pfandbriefbank AG 4.25% 06-JUL-2029
LSX:A3827B,LSX,DE000A3827B8,Deutsche Pfandbriefbank AG 4.25% 06-JUL-2029
HAM:A3827B,HAM,DE000A3827B8,Deutsche Pfandbriefbank AG 4.25% 06-JUL-2029
LS:A3827B,LS,DE000A3827B8,Deutsche Pfandbriefbank AG 4.25% 06-JUL-2029
DUS:A3827B,DUS,DE000A3827B8,Deutsche Pfandbriefbank AG 4.25% 06-JUL-2029
LSX:A3827R,LSX,DE000A3827R4,Sixt SE 3.75% 25-JAN-2029
GETTEX:A3827R,GETTEX,DE000A3827R4,Sixt SE 3.75% 25-JAN-2029
HAM:A38283,HAM,DE000A382830,Die Sparkasse Bremen AG 2.8% 25-MAR-2028
FWB:A38289,FWB,DE000A382897,reconcept GmbH 6.75% 30-SEP-2030
HAM:A38290,HAM,DE000A382905,Hamburger Sparkasse AG 3.0% 15-MAY-2028
GETTEX:A38298,GETTEX,DE000A382988,Mercedes-Benz International Finance BV 3.25% 15-NOV-2030
LSX:A38298,LSX,DE000A382988,Mercedes-Benz International Finance BV 3.25% 15-NOV-2030
TRADEGATE:A38298,TRADEGATE,DE000A382988,Mercedes-Benz International Finance BV 3.25% 15-NOV-2030
FWB:A3829D,FWB,DE000A3829D0,Deutsche Bank Aktiengesellschaft 4.125% 04-APR-2030
LSX:A383B1,LSX,DE000A383B10,KfW 2.75% 01-OCT-2027
GETTEX:A383B1,GETTEX,DE000A383B10,KfW 2.75% 01-OCT-2027
TRADEGATE:A383B1,TRADEGATE,DE000A383B10,KfW 2.75% 01-OCT-2027
TRADEGATE:A383BE,TRADEGATE,DE000A383BE0,Aream Solar Finance GmbH 8.0% 17-JUL-2029
FWB:A383BE,FWB,DE000A383BE0,Aream Solar Finance GmbH 8.0% 17-JUL-2029
FWB:A383C7,FWB,DE000A383C76,DN Group AG 10.0% 23-MAY-2029
LS:A383CB,LS,XS2832873355,Fraport AG Frankfurt Airport Services Worldwide 4.25% 11-JUN-2032
LSX:A383CB,LSX,XS2832873355,Fraport AG Frankfurt Airport Services Worldwide 4.25% 11-JUN-2032
GETTEX:A383CH,GETTEX,XS2778370051,METRO AG 4.625% 07-MAR-2029
LSX:A383CH,LSX,XS2778370051,METRO AG 4.625% 07-MAR-2029
LS:A383CH,LS,XS2778370051,METRO AG 4.625% 07-MAR-2029
LSX:A383CT,LSX,XS2784415718,Deutsche Post AG 3.5% 25-MAR-2036
GETTEX:A383CT,GETTEX,XS2784415718,Deutsche Post AG 3.5% 25-MAR-2036
LS:A383CT,LS,XS2784415718,Deutsche Post AG 3.5% 25-MAR-2036
GETTEX:A383CV,GETTEX,XS2791959906,E.ON SE 3.5% 25-MAR-2032
LS:A383CV,LS,XS2791959906,E.ON SE 3.5% 25-MAR-2032
LSX:A383CV,LSX,XS2791959906,E.ON SE 3.5% 25-MAR-2032
LSX:A383CW,LSX,XS2791960664,E.ON SE 4.125% 25-MAR-2044
LS:A383CW,LS,XS2791960664,E.ON SE 4.125% 25-MAR-2044
GETTEX:A383CW,GETTEX,XS2791960664,E.ON SE 4.125% 25-MAR-2044
LSX:A383DZ,LSX,XS2788600869,Deutsche Telekom AG 3.25% 20-MAR-2036
LS:A383DZ,LS,XS2788600869,Deutsche Telekom AG 3.25% 20-MAR-2036
GETTEX:A383EL,GETTEX,DE000A383EL9,HOCHTIEF Aktiengesellschaft 4.25% 31-MAY-2030
LS:A383EL,LS,DE000A383EL9,HOCHTIEF Aktiengesellschaft 4.25% 31-MAY-2030
LSX:A383EL,LSX,DE000A383EL9,HOCHTIEF Aktiengesellschaft 4.25% 31-MAY-2030
TRADEGATE:A383EL,TRADEGATE,DE000A383EL9,HOCHTIEF Aktiengesellschaft 4.25% 31-MAY-2030
TRADEGATE:A383EM,TRADEGATE,DE000A383EM7,PCC SE 5.75% 01-JUL-2029
GETTEX:A383ET,GETTEX,XS2837886287,Volkswagen Financial Services Overseas AG 3.875% 10-SEP-2030
LSX:A383ET,LSX,XS2837886287,Volkswagen Financial Services Overseas AG 3.875% 10-SEP-2030
LSX:A383EX,LSX,XS2842061421,Heidelberg Materials AG 3.95% 19-JUL-2034
LS:A383EX,LS,XS2842061421,Heidelberg Materials AG 3.95% 19-JUL-2034
GETTEX:A383EX,GETTEX,XS2842061421,Heidelberg Materials AG 3.95% 19-JUL-2034
GETTEX:A383FH,GETTEX,DE000A383FH4,Semper idem Underberg AG 5.75% 02-OCT-2030
LSX:A383FH,LSX,DE000A383FH4,Semper idem Underberg AG 5.75% 02-OCT-2030
HAM:A383FH,HAM,DE000A383FH4,Semper idem Underberg AG 5.75% 02-OCT-2030
FWB:A383GQ,FWB,DE000A383GQ3,DS Investor GmbH 6.0% 01-OCT-2029
LS:A383H7,LS,XS2802891833,Porsche Automobil Holding SE 3.75% 27-SEP-2029
GETTEX:A383H7,GETTEX,XS2802891833,Porsche Automobil Holding SE 3.75% 27-SEP-2029
LSX:A383H7,LSX,XS2802891833,Porsche Automobil Holding SE 3.75% 27-SEP-2029
LS:A383H8,LS,XS2802892054,Porsche Automobil Holding SE 4.125% 27-SEP-2032
LSX:A383H8,LSX,XS2802892054,Porsche Automobil Holding SE 4.125% 27-SEP-2032
LS:A383N1,LS,XS2815984732,Deutsche Lufthansa AG 4.0% 21-MAY-2030
LSX:A383N1,LSX,XS2815984732,Deutsche Lufthansa AG 4.0% 21-MAY-2030
TRADEGATE:A383P4,TRADEGATE,DE000A383P48,KfW 2.5% 15-OCT-2031
LSX:A383P4,LSX,DE000A383P48,KfW 2.5% 15-OCT-2031
GETTEX:A383QX,GETTEX,XS2892988275,Deutsche Lufthansa AG 3.625% 03-SEP-2028
LSX:A383QX,LSX,XS2892988275,Deutsche Lufthansa AG 3.625% 03-SEP-2028
LSX:A383QY,LSX,XS2892988192,Deutsche Lufthansa AG 4.125% 03-SEP-2032
LS:A383QY,LS,XS2892988192,Deutsche Lufthansa AG 4.125% 03-SEP-2032
GETTEX:A383QY,GETTEX,XS2892988192,Deutsche Lufthansa AG 4.125% 03-SEP-2032
GETTEX:A383RA,GETTEX,DE000A383RA4,Neue ZWL Zahnradwerk Leipzig GmbH 9.75% 07-NOV-2029
GETTEX:A383RD,GETTEX,XS2887896574,MTU Aero Engines AG 3.875% 18-SEP-2031
LSX:A383RD,LSX,XS2887896574,MTU Aero Engines AG 3.875% 18-SEP-2031
LS:A383RD,LS,XS2887896574,MTU Aero Engines AG 3.875% 18-SEP-2031
GETTEX:A383RQ,GETTEX,DE000A383RQ0,WeGrow AG 8.0% 11-NOV-2029
FWB:A383RQ,FWB,DE000A383RQ0,WeGrow AG 8.0% 11-NOV-2029
GETTEX:A383RS,GETTEX,XS2904554990,Heidelberg Materials AG 3.375% 17-OCT-2031
GETTEX:A383RX,GETTEX,XS2905504671,Knorr-Bremse AG 3.0% 30-SEP-2029
LSX:A383RX,LSX,XS2905504671,Knorr-Bremse AG 3.0% 30-SEP-2029
LSX:A383RY,LSX,XS2905504754,Knorr-Bremse AG 3.25% 30-SEP-2032
LSX:A383SS,LSX,XS2910536452,Fressnapf Holding SE 5.25% 31-OCT-2031
TRADEGATE:A383SZ,TRADEGATE,DE000A383SZ9,PCC SE 5.75% 01-JAN-2030
FWB:A383SZ,FWB,DE000A383SZ9,PCC SE 5.75% 01-JAN-2030
TRADEGATE:A383TD,TRADEGATE,DE000A383TD4,KfW 2.375% 11-APR-2028
LSX:A383TE,LSX,DE000A383TE2,KfW 2.75% 17-JAN-2035
TRADEGATE:A383TE,TRADEGATE,DE000A383TE2,KfW 2.75% 17-JAN-2035
LSX:A383UW,LSX,XS2895631641,E.ON SE 3.875% 05-SEP-2038
GETTEX:A383UW,GETTEX,XS2895631641,E.ON SE 3.875% 05-SEP-2038
LS:A383UW,LS,XS2895631641,E.ON SE 3.875% 05-SEP-2038
GETTEX:A383UX,GETTEX,XS2895631567,E.ON SE 3.125% 05-MAR-2030
LSX:A383UX,LSX,XS2895631567,E.ON SE 3.125% 05-MAR-2030
LS:A383UX,LS,XS2895631567,E.ON SE 3.125% 05-MAR-2030
TRADEGATE:A383V6,TRADEGATE,DE000A383V65,Score Capital AG 8.0% 12-DEC-2027
GETTEX:A383V6,GETTEX,DE000A383V65,Score Capital AG 8.0% 12-DEC-2027
FWB:A383V6,FWB,DE000A383V65,Score Capital AG 8.0% 12-DEC-2027
GETTEX:A383VK,GETTEX,XS2910509566,Continental AG 3.5% 01-OCT-2029
LS:A383W2,LS,XS2938562068,KION GROUP AG 4.0% 20-NOV-2029
GETTEX:A383W2,GETTEX,XS2938562068,KION GROUP AG 4.0% 20-NOV-2029
LSX:A383W2,LSX,XS2938562068,KION GROUP AG 4.0% 20-NOV-2029
LS:A383X3,LS,XS2978482169,E.ON SE 4.0% 16-JAN-2040
LSX:A383X3,LSX,XS2978482169,E.ON SE 4.0% 16-JAN-2040
GETTEX:A383X3,GETTEX,XS2978482169,E.ON SE 4.0% 16-JAN-2040
LS:A383X4,LS,XS2978594989,E.ON SE 3.5% 16-APR-2033
GETTEX:A383X4,GETTEX,XS2978594989,E.ON SE 3.5% 16-APR-2033
LSX:A383X4,LSX,XS2978594989,E.ON SE 3.5% 16-APR-2033
GETTEX:A38J4B,GETTEX,XS2887903966,KfW 2.375% 04-OCT-2029
LSX:A3C4MW,LSX,SE0016785794,Fastighetsbolaget Emilshus AB Pref Registered Shs
LS:A3CNWG,LS,US11259P1093,Brookfield BRP Holdings (Canada) Inc 4.625 % Notes 2021-Without Fixed Maturity Global Sub
LSX:A3CPMM,LSX,US4101204067,Hancock Whitney Corporation 6.25 % Notes 2020-15.06.60 Global
LSX:A3DPFV,LSX,US5949728878,Strategy Inc 8 % Pfd Registered shs Series A
LS:A3DPFV,LS,US5949728878,Strategy Inc 8 % Pfd Registered shs Series A
LSX:A3E444,LSX,XS2198879145,Fraport AG Frankfurt Airport Services Worldwide 2.125% 09-JUL-2027
LS:A3E444,LS,XS2198879145,Fraport AG Frankfurt Airport Services Worldwide 2.125% 09-JUL-2027
LS:A3E5F0,LS,XS2324724645,Fraport AG Frankfurt Airport Services Worldwide 1.875% 31-MAR-2028
LSX:A3E5F0,LSX,XS2324724645,Fraport AG Frankfurt Airport Services Worldwide 1.875% 31-MAR-2028
GETTEX:A3E5F0,GETTEX,XS2324724645,Fraport AG Frankfurt Airport Services Worldwide 1.875% 31-MAR-2028
LSX:A3E5L9,LSX,DE000A3E5L98,EWE Aktiengesellschaft 0.25% 08-JUN-2028
FWB:A3E5LU,FWB,DE000A3E5LU1,KfW 0.0% 09-NOV-2028
FWB:A3E5MY,FWB,DE000A3E5MY1,Umweltprojekt GmbH 1.75% 01-OCT-2031
LS:A3E5W2,LS,XS2383886947,Lanxess AG 0.0% 08-SEP-2027
LSX:A3E5W2,LSX,XS2383886947,Lanxess AG 0.0% 08-SEP-2027
FWB:A3E5WT,FWB,DE000A3E5WT0,reconcept GmbH 6.25% 25-JAN-2028
GETTEX:A3E5WT,GETTEX,DE000A3E5WT0,reconcept GmbH 6.25% 25-JAN-2028
LS:A3H241,LS,XS2296203123,Deutsche Lufthansa AG 3.75% 11-FEB-2028
GETTEX:A3H241,GETTEX,XS2296203123,Deutsche Lufthansa AG 3.75% 11-FEB-2028
GETTEX:A3H24E,GETTEX,DE000A3H24E1,State of Lower Saxony 0.01% 19-FEB-2029
LS:A3H24S,LS,XS2270142966,Deutsche Bahn Finance GmbH 0.625% 08-DEC-2050
GETTEX:A3H256,GETTEX,DE000A3H2564,State of Baden-Wurttemberg 2.75% 26-NOV-2032
DUS:A3H258,DUS,DE000A3H2580,State of Baden-Wurttemberg 2.75% 27-JAN-2033
TRADEGATE:A3H26A,TRADEGATE,DE000A3H26A4,State of Baden-Wurttemberg 3.0% 12-MAY-2031
GETTEX:A3H26A,GETTEX,DE000A3H26A4,State of Baden-Wurttemberg 3.0% 12-MAY-2031
GETTEX:A3H26B,GETTEX,DE000A3H26B2,State of Baden-Wurttemberg 3.5% 10-JUN-2041
GETTEX:A3H2TW,GETTEX,DE000A3H2TW4,EWE Aktiengesellschaft 0.375% 22-OCT-2032
FWB:A3H2ZF,FWB,DE000A3H2ZF6,KfW 0.0% 10-JAN-2031
TRADEGATE:A3H3JM,TRADEGATE,DE000A3H3JM4,Mercedes-Benz Group AG 0.75% 11-MAR-2033
LSX:A3K034,LSX,XS2433136194,Government of Israel 0.625% 18-JAN-2032
LSX:A3K06Q,LSX,PTOTEPOE0032,Government of Portugal 1.15% 11-APR-2042
LSX:A3K0NZ,LSX,FR0014007L00,France 0.0% 25-MAY-2032
LSX:A3K0XL,LSX,IT0005480980,Italy 2.15% 01-SEP-2052
LSX:A3K11W,LSX,XS2441552192,"Goldman Sachs Group, Inc. 1.25% 07-FEB-2029"
LSX:A3K1Z0,LSX,XS2434895558,Government of Romania 2.125% 07-MAR-2028
LS:A3K1Z0,LS,XS2434895558,Government of Romania 2.125% 07-MAR-2028
LSX:A3K1Z1,LSX,XS2434895806,Government of Romania 3.75% 07-FEB-2034
LSX:A3K2AW,LSX,ES0000012K46,Spain 1.9% 31-OCT-2052
LSX:A3K2JV,LSX,XS2447564332,BMW Finance NV 1.0% 22-MAY-2028
GETTEX:A3K2S9,GETTEX,IT0005484552,Italy 1.1% 01-APR-2027
GETTEX:A3K31K,GETTEX,US91282CEF41,United States Treasury Notes 2.5% 31-MAR-2027
LSX:A3K3L5,LSX,XS2462321212,Nestle Finance International Ltd. 0.875% 29-MAR-2027
LSX:A3K3L6,LSX,XS2462321485,Nestle Finance International Ltd. 1.5% 29-MAR-2035
LS:A3K3L6,LS,XS2462321485,Nestle Finance International Ltd. 1.5% 29-MAR-2035
GETTEX:A3K3T6,GETTEX,IT0005491250,Government of Italy FRN 15-OCT-2030
LS:A3K3VY,LS,AT0000A2WSC8,Government of Austria 0.9% 20-FEB-2032
LSX:A3K3VY,LSX,AT0000A2WSC8,Government of Austria 0.9% 20-FEB-2032
GETTEX:A3K47C,GETTEX,IT0005494239,Italy 2.5% 01-DEC-2032
LSX:A3K4CV,LSX,PTOTEYOE0031,Government of Portugal 1.65% 16-JUL-2032
GETTEX:A3K4D4,GETTEX,EU000A3K4D41,European Union 3.25% 04-JUL-2034
LSX:A3K4DE,LSX,EU000A3K4DE6,European Union 1.125% 04-JUN-2037
LSX:A3K4DG,LSX,EU000A3K4DG1,European Union 1.25% 04-FEB-2043
LSX:A3K4DT,LSX,EU000A3K4DT4,European Union 2.5% 04-OCT-2052
LSX:A3K4DV,LSX,EU000A3K4DV0,European Union 3.375% 04-NOV-2042
LSX:A3K4DW,LSX,EU000A3K4DW8,European Union 2.75% 04-FEB-2033
LSX:A3K4DY,LSX,EU000A3K4DY4,European Union 3.0% 04-MAR-2053
GETTEX:A3K4EG,GETTEX,EU000A3K4EG9,European Investment Bank 3.125% 15-MAY-2037
GETTEX:A3K4EL,GETTEX,EU000A3K4EL9,European Union 4.0% 04-APR-2044
GETTEX:A3K4EU,GETTEX,EU000A3K4EU0,European Union 3.25% 04-FEB-2050
LSX:A3K4EU,LSX,EU000A3K4EU0,European Union 3.25% 04-FEB-2050
LSX:A3K4EY,LSX,EU000A3K4EY2,European Union 3.375% 05-OCT-2054
LSX:A3K54C,LSX,AT0000A2Y8G4,Government of Austria 1.85% 23-MAY-2049
GETTEX:A3K595,GETTEX,CA89117F7G86,Toronto-Dominion Bank 4.21% 01-JUN-2027
LSX:A3K5DY,LSX,XS2480515662,Wurth Finance International BV 2.125% 23-AUG-2030
LS:A3K5DY,LS,XS2480515662,Wurth Finance International BV 2.125% 23-AUG-2030
LSX:A3K5Y6,LSX,FR001400AIN5,France 0.75% 25-FEB-2028
GETTEX:A3K66U,GETTEX,FR001400B1L7,RCI Banque S.A. 4.75% 06-JUL-2027
LSX:A3K6K4,LSX,ES0000012K61,Spain 2.55% 31-OCT-2032
LSX:A3K7HG,LSX,FR001400BKZ3,France 2.0% 25-NOV-2032
LSX:A3K7MW,LSX,EU000A3K7MW2,European Union 1.625% 04-DEC-2029
LSX:A3K99A,LSX,FR001400D0F9,Carrefour SA 4.125% 12-OCT-2028
GETTEX:A3K9J1,GETTEX,FR001400CRG6,RCI Banque S.A. 4.875% 21-SEP-2028
LSX:A3K9K0,LSX,XS2536502227,"Goldman Sachs Group, Inc. 4.0% 21-SEP-2029"
LS:A3K9K0,LS,XS2536502227,"Goldman Sachs Group, Inc. 4.0% 21-SEP-2029"
LSX:A3K9RK,LSX,ES0000012K95,Spain 3.45% 30-JUL-2043
LSX:A3K9SE,LSX,XS2538440780,Government of Romania 5.0% 27-SEP-2026
LSX:A3K9WT,LSX,XS2538441598,Government of Romania 6.625% 27-SEP-2029
LS:A3K9WT,LS,XS2538441598,Government of Romania 6.625% 27-SEP-2029
GETTEX:A3KK7P,GETTEX,AT0000A2NW83,Government of Austria 0.0% 20-FEB-2031
GETTEX:A3KLLS,GETTEX,US459058JR58,International Bank for Reconstruction & Development 1.25% 10-FEB-2031
LSX:A3KLNB,LSX,PTOTECOE0037,Government of Portugal 1.0% 12-APR-2052
LSX:A3KLR1,LSX,NL00150006U0,Netherlands 0.0% 15-JUL-2031
LSX:A3KLV8,LSX,ES0000012H58,Spain 1.45% 31-OCT-2071
GETTEX:A3KLV8,GETTEX,ES0000012H58,Spain 1.45% 31-OCT-2071
LSX:A3KM2D,LSX,IT0005438004,Italy 1.5% 30-APR-2045
GETTEX:A3KNN0,GETTEX,US87264ABW45,"T-Mobile USA, Inc. 3.5% 15-APR-2031"
LSX:A3KNQQ,LSX,GR0138017836,Government of Greece 1.875% 24-JAN-2052
GETTEX:A3KNSE,GETTEX,US91282CBS98,United States Treasury Notes 1.25% 31-MAR-2028
GETTEX:A3KPGV,GETTEX,FR0014002WK3,France 0.0% 25-NOV-2031
LSX:A3KPH9,LSX,XS2330503694,Government of Romania 2.0% 14-APR-2033
LSX:A3KPJB,LSX,XS2330514899,Government of Romania 2.75% 14-APR-2041
LSX:A3KPKQ,LSX,IT0005441883,Italy 2.15% 01-MAR-2072
LSX:A3KPSK,LSX,AT0000A2QQB6,Government of Austria 0.7% 20-APR-2071
GETTEX:A3KPSK,GETTEX,AT0000A2QQB6,Government of Austria 0.7% 20-APR-2071
GETTEX:A3KPV1,GETTEX,XS2334114779,International Development Association 0.35% 22-APR-2036
GETTEX:A3KQG0,GETTEX,US91282CBZ32,United States Treasury Notes 1.25% 30-APR-2028
LSX:A3KS64,LSX,ES0000012I32,Spain 0.5% 31-OCT-2031
LSX:A3KSAC,LSX,XS2350746215,Nestle Finance International Ltd. 0.625% 14-FEB-2034
GETTEX:A3KSAD,GETTEX,XS2350744434,Nestle Finance International Ltd. 0.875% 14-JUN-2041
LSX:A3KTGW,LSX,EU000A3KTGW6,European Union 0.7% 06-JUL-2051
GETTEX:A3KTVY,GETTEX,FR0014004J31,France 0.75% 25-MAY-2053
LSX:A3KTZA,LSX,XS2364199757,Government of Romania 1.75% 13-JUL-2030
GETTEX:A3KTZC,GETTEX,XS2364200514,Government of Romania 2.875% 13-APR-2042
LSX:A3KTZC,LSX,XS2364200514,Government of Romania 2.875% 13-APR-2042
GETTEX:A3KUZ4,GETTEX,US91282CCS89,United States Treasury Notes 1.25% 15-AUG-2031
LSX:A3KV00,LSX,XS2385151142,Province of Buenos Aires 4.5% 01-SEP-2037
LS:A3KV00,LS,XS2385151142,Province of Buenos Aires 4.5% 01-SEP-2037
LS:A3KV0J,LS,XS2385150508,Province of Buenos Aires 5.125% 01-SEP-2037
LSX:A3KV0Y,LSX,XS2385150177,Province of Buenos Aires 5.125% 01-SEP-2037
LS:A3KV0Y,LS,XS2385150177,Province of Buenos Aires 5.125% 01-SEP-2037
LSX:A3KWFB,LSX,AT0000A2T198,Government of Austria 0.25% 20-OCT-2036
TRADEGATE:A3KWKY,TRADEGATE,DE000A3KWKY4,Photon Energy N.V. 6.5% 23-NOV-2027
GETTEX:A3KWLU,GETTEX,XS2389353264,"Goldman Sachs Group, Inc. 0.75% 23-MAR-2032"
GETTEX:A3KWWR,GETTEX,NL0015000LS8,Government of the Netherlands 0.0% 15-JAN-2029
LS:A3KX5K,LS,ES0000012J15,Spain 0.0% 31-JAN-2027
LSX:A3KX5K,LSX,ES0000012J15,Spain 0.0% 31-JAN-2027
LSX:A3KYHA,LSX,IT0005466013,Italy 0.95% 01-JUN-2032
GETTEX:A3KZ5V,GETTEX,US58933YBE41,"Merck & Co., Inc. 2.15% 10-DEC-2031"
GETTEX:A3KZD5,GETTEX,US91282CDL28,United States Treasury Notes 1.5% 30-NOV-2028
GETTEX:A3L0AH,GETTEX,GB00BQC82C90,Government of United Kingdom 4.25% 31-JUL-2034
GETTEX:A3L0K3,GETTEX,NO0013250647,KoskiRent Oy FRN 28-JUN-2027
GETTEX:A3L0SD,GETTEX,US91282CKX82,United States Treasury Notes 4.25% 30-JUN-2029
GETTEX:A3L0YY,GETTEX,US298785KE52,European Investment Bank 4.375% 10-OCT-2031
LSX:A3L1DJ,LSX,EU000A3L1DJ0,European Union 2.5% 04-DEC-2031
GETTEX:A3L1KX,GETTEX,AU0000345241,Australia 4.25% 21-DEC-2035
LSX:A3L1LT,LSX,XS2862984510,EnBW International Finance BV 3.5% 22-JUL-2031
LS:A3L1LT,LS,XS2862984510,EnBW International Finance BV 3.5% 22-JUL-2031
GETTEX:A3L1LU,GETTEX,XS2862984601,EnBW International Finance BV 4.0% 22-JUL-2036
LSX:A3L1LU,LSX,XS2862984601,EnBW International Finance BV 4.0% 22-JUL-2036
LS:A3L1LU,LS,XS2862984601,EnBW International Finance BV 4.0% 22-JUL-2036
GETTEX:A3L20Y,GETTEX,AU3SG0003064,Queensland Treasury Corp. 5.0% 21-JUL-2037
LSX:A3L23P,LSX,XS2887901325,BMW International Investment BV 3.0% 27-AUG-2027
LSX:A3L23Q,LSX,XS2887901598,BMW International Investment BV 3.125% 27-AUG-2030
LSX:A3L23R,LSX,XS2887901911,BMW International Investment BV 3.375% 27-AUG-2034
LSX:A3L28Y,LSX,XS2890435600,Government of Bulgaria 4.25% 05-SEP-2044
LS:A3L28Y,LS,XS2890435600,Government of Bulgaria 4.25% 05-SEP-2044
GETTEX:A3L2YT,GETTEX,XS2886118079,OMV Aktiengesellschaft 3.25% 04-SEP-2031
LSX:A3L2YU,LSX,XS2886118236,OMV Aktiengesellschaft 3.75% 04-SEP-2036
GETTEX:A3L2YU,GETTEX,XS2886118236,OMV Aktiengesellschaft 3.75% 04-SEP-2036
GETTEX:A3L2Z7,GETTEX,US912810UD80,United States Treasury Bond 4.125% 15-AUG-2044
LSX:A3L3HZ,LSX,IT0005611741,Italy 4.3% 01-OCT-2054
LS:A3L3HZ,LS,IT0005611741,Italy 4.3% 01-OCT-2054
GETTEX:A3L3R2,GETTEX,XS2905582479,GRENKE Finance Plc 5.125% 04-JAN-2029
LSX:A3L3RJ,LSX,FR001400SSO4,RCI Banque S.A. 3.875% 30-SEP-2030
LSX:A3L3V8,LSX,XS2908644615,Government of Romania 5.125% 24-SEP-2031
GETTEX:A3L3V8,GETTEX,XS2908644615,Government of Romania 5.125% 24-SEP-2031
GETTEX:A3L3WA,GETTEX,XS2908645265,Government of Romania 6.0% 24-SEP-2044
LSX:A3L41X,LSX,XS2928478747,Nestle Finance International Ltd. 3.125% 28-OCT-2036
LSX:A3L48G,LSX,IT0005619546,Italy 3.15% 15-NOV-2031
LSX:A3L4C1,LSX,EU000A3L4C16,European Investment Bank 2.25% 14-DEC-2029
LSX:A3L4ZU,LSX,XS2922764191,Government of Poland 3.875% 22-OCT-2039
LSX:A3L594,LSX,XS2942478822,EnBW International Finance BV 3.0% 20-MAY-2029
GETTEX:A3L594,GETTEX,XS2942478822,EnBW International Finance BV 3.0% 20-MAY-2029
LS:A3L594,LS,XS2942478822,EnBW International Finance BV 3.0% 20-MAY-2029
LSX:A3L595,LSX,XS2942479044,EnBW International Finance BV 3.75% 20-NOV-2035
LS:A3L595,LS,XS2942479044,EnBW International Finance BV 3.75% 20-NOV-2035
GETTEX:A3L595,GETTEX,XS2942479044,EnBW International Finance BV 3.75% 20-NOV-2035
GETTEX:A3L5HJ,GETTEX,US91282CLR06,United States Treasury Notes 4.125% 31-OCT-2029
GETTEX:A3L5Q2,GETTEX,GB00BSQNRC93,Government of United Kingdom 4.375% 07-MAR-2028
GETTEX:A3L5Y2,GETTEX,FR001400U4M6,RCI Banque S.A. 3.375% 26-JUL-2029
LS:A3L708,LS,XS2971936948,Government of Hungary 4.5% 16-JUN-2034
LSX:A3L708,LSX,XS2971936948,Government of Hungary 4.5% 16-JUN-2034
GETTEX:A3L708,GETTEX,XS2971936948,Government of Hungary 4.5% 16-JUN-2034
LSX:A3L709,LSX,XS2971937672,Government of Hungary 4.875% 22-MAR-2040
LS:A3L709,LS,XS2971937672,Government of Hungary 4.875% 22-MAR-2040
GETTEX:A3L71Y,GETTEX,XS2976332283,Nestle Finance International Ltd. 3.5% 14-JAN-2045
LSX:A3L71Y,LSX,XS2976332283,Nestle Finance International Ltd. 3.5% 14-JAN-2045
LSX:A3L72E,LSX,FR001400WK95,RCI Banque S.A. 3.5% 17-JAN-2028
LSX:A3L72W,LSX,BE0000363722,Belgium 3.1% 22-JUN-2035
LSX:A3L773,LSX,XS2975280509,Government of Poland 3.0% 16-JAN-2030
LSX:A3L774,LSX,XS2975276143,Government of Poland 3.625% 16-JAN-2035
LS:A3L77M,LS,IT0005631590,Italy 3.65% 01-AUG-2035
LSX:A3L77M,LSX,IT0005631590,Italy 3.65% 01-AUG-2035
LSX:A3L77N,LSX,IT0005631608,Italy 4.1% 30-APR-2046
LSX:A3L78G,LSX,PTOTEAOE0005,Government of Portugal 3.0% 15-JUN-2035
GETTEX:A3L7TB,GETTEX,US91282CMD01,United States Treasury Notes 4.375% 31-DEC-2029
LSX:A3L7YF,LSX,XS2970728205,Sudzucker International Finance BV 4.125% 29-JAN-2032
LS:A3L7YF,LS,XS2970728205,Sudzucker International Finance BV 4.125% 29-JAN-2032
GETTEX:A3L7YF,GETTEX,XS2970728205,Sudzucker International Finance BV 4.125% 29-JAN-2032
LSX:A3LA3E,LSX,IT0005518128,Italy 4.4% 01-MAY-2033
LSX:A3LA6Q,LSX,XS2555196463,Nestle Finance International Ltd. 3.0% 15-MAR-2028
LSX:A3LA6R,LSX,XS2555198089,Nestle Finance International Ltd. 3.25% 15-JAN-2031
LSX:A3LA6S,LSX,XS2555198162,Nestle Finance International Ltd. 3.375% 15-NOV-2034
GETTEX:A3LB41,GETTEX,AU3SG0002702,New South Wales Treasury Corp. 4.75% 20-FEB-2035
GETTEX:A3LBJ4,GETTEX,NZGOVDT534C4,New Zealand 4.25% 15-MAY-2034
LSX:A3LBJX,LSX,IT0005519787,Italy 3.85% 15-DEC-2029
GETTEX:A3LBJX,GETTEX,IT0005519787,Italy 3.85% 15-DEC-2029
LSX:A3LBKB,LSX,XS2558395351,EnBW International Finance BV 3.625% 22-NOV-2026
LSX:A3LBKC,LSX,XS2558395278,EnBW International Finance BV 4.049% 22-NOV-2029
GETTEX:A3LBKC,GETTEX,XS2558395278,EnBW International Finance BV 4.049% 22-NOV-2029
LSX:A3LBMA,LSX,XS2558594391,Government of Hungary 5.0% 22-FEB-2027
GETTEX:A3LBMA,GETTEX,XS2558594391,Government of Hungary 5.0% 22-FEB-2027
LSX:A3LBMY,LSX,DE000A3LBMY2,Mercedes-Benz Finance Canada Inc. 3.0% 23-FEB-2027
FWB:A3LBMY,FWB,DE000A3LBMY2,Mercedes-Benz Finance Canada Inc. 3.0% 23-FEB-2027
GETTEX:A3LBQB,GETTEX,US912810TM09,United States Treasury Bond 4.0% 15-NOV-2042
GETTEX:A3LBSH,GETTEX,AU0000249302,Australia 3.75% 21-MAY-2034
LSX:A3LBW2,LSX,IT0005521981,Italy 3.4% 01-APR-2028
LS:A3LC2R,LS,BE0000357666,Belgium 3.0% 22-JUN-2033
LSX:A3LC2R,LSX,BE0000357666,Belgium 3.0% 22-JUN-2033
LSX:A3LC3Y,LSX,IT0005530032,Italy 4.45% 01-SEP-2043
LSX:A3LCQ4,LSX,AT0000A324S8,Government of Austria 2.9% 20-FEB-2033
LSX:A3LCW4,LSX,PTOTEZOE0014,Government of Portugal 3.5% 18-JUN-2038
LS:A3LD4X,LS,FR001400FTH3,France 3.0% 25-MAY-2054
LSX:A3LD4X,LSX,FR001400FTH3,France 3.0% 25-MAY-2054
LSX:A3LD52,LSX,XS2586944147,Government of Poland 4.25% 14-FEB-2043
LS:A3LD52,LS,XS2586944147,Government of Poland 4.25% 14-FEB-2043
LS:A3LD53,LS,XS2586944659,Government of Poland 3.875% 14-FEB-2033
LSX:A3LD53,LSX,XS2586944659,Government of Poland 3.875% 14-FEB-2033
GETTEX:A3LD55,GETTEX,NO0012837642,Norway 3.0% 15-AUG-2033
GETTEX:A3LD6R,GETTEX,US458140CG35,Intel Corporation 5.2% 10-FEB-2033
LSX:A3LDC2,LSX,XS2579293619,EnBW International Finance BV 3.5% 24-JUL-2028
LS:A3LDC2,LS,XS2579293619,EnBW International Finance BV 3.5% 24-JUL-2028
GETTEX:A3LDC2,GETTEX,XS2579293619,EnBW International Finance BV 3.5% 24-JUL-2028
LS:A3LDC3,LS,XS2579293536,EnBW International Finance BV 4.0% 24-JAN-2035
GETTEX:A3LDC3,GETTEX,XS2579293536,EnBW International Finance BV 4.0% 24-JAN-2035
LSX:A3LDDQ,LSX,GR0124039737,Government of Greece 4.25% 15-JUN-2033
LSX:A3LDPZ,LSX,ES0000012L52,Spain 3.15% 30-APR-2033
LSX:A3LDQE,LSX,FI4000546528,Government of Finland 2.75% 15-APR-2038
MUN:A3LE0J,MUN,DE000A3LE0J4,AustriaEnergy International GmbH 8.0% 30-JUN-2028
LSX:A3LE1W,LSX,XS2595417945,McDonald's Corporation 4.25% 07-MAR-2035
LSX:A3LE6U,LSX,XS2595410775,Nestle Finance International Ltd. 3.5% 13-DEC-2027
LSX:A3LEHD,LSX,ES00001010K8,Community of Madrid 3.596% 30-APR-2033
LSX:A3LEHR,LSX,SK4000022539,Government of Slovakia 3.75% 23-FEB-2035
LS:A3LEHS,LS,SK4000022547,Government of Slovakia 4.0% 23-FEB-2043
LSX:A3LEHS,LSX,SK4000022547,Government of Slovakia 4.0% 23-FEB-2043
LSX:A3LEHW,LSX,BE0000358672,Belgium 3.3% 22-JUN-2054
LSX:A3LEJW,LSX,FR001400FYQ4,France 2.5% 24-SEP-2026
LSX:A3LELH,LSX,IT0005534141,Italy 4.5% 01-OCT-2053
LS:A3LELH,LS,IT0005534141,Italy 4.5% 01-OCT-2053
LS:A3LF0T,LS,FR001400H2O3,RCI Banque S.A. 4.5% 06-APR-2027
LSX:A3LF0T,LSX,FR001400H2O3,RCI Banque S.A. 4.5% 06-APR-2027
GETTEX:A3LF0T,GETTEX,FR001400H2O3,RCI Banque S.A. 4.5% 06-APR-2027
LS:A3LF6D,LS,GR0114033583,Government of Greece 3.875% 15-JUN-2028
LSX:A3LF6D,LSX,GR0114033583,Government of Greece 3.875% 15-JUN-2028
LSX:A3LG3Y,LSX,FR001400HI98,France 2.75% 25-FEB-2029
LSX:A3LG9N,LSX,IT0005544082,Italy 4.35% 01-NOV-2033
GETTEX:A3LGG4,GETTEX,XS2611177382,International Bank for Reconstruction & Development 3.1% 14-APR-2038
GETTEX:A3LGGP,GETTEX,IT0005542359,Italy 4.0% 30-OCT-2031
LSX:A3LGQG,LSX,AT0000A33SH3,Government of Austria 2.9% 23-MAY-2029
LS:A3LGQG,LS,AT0000A33SH3,Government of Austria 2.9% 23-MAY-2029
LSX:A3LGQH,LSX,AT0000A33SK7,Government of Austria 3.15% 20-OCT-2053
GETTEX:A3LGT7,GETTEX,IT0005542797,Italy 3.7% 15-JUN-2030
GETTEX:A3LH5S,GETTEX,GB00BMF9LF76,Treasury Gilt 4.0% 22-OCT-2063
GETTEX:A3LH6U,GETTEX,DE000A3LH6U5,Mercedes-Benz International Finance BV 3.7% 30-MAY-2031
LSX:A3LH6U,LSX,DE000A3LH6U5,Mercedes-Benz International Finance BV 3.7% 30-MAY-2031
FWB:A3LH6U,FWB,DE000A3LH6U5,Mercedes-Benz International Finance BV 3.7% 30-MAY-2031
LSX:A3LHZP,LSX,XS2625968693,BMW Finance NV 3.25% 22-NOV-2026
LS:A3LHZR,LS,XS2625968776,BMW Finance NV 3.625% 22-MAY-2035
LSX:A3LHZR,LSX,XS2625968776,BMW Finance NV 3.625% 22-MAY-2035
GETTEX:A3LHZR,GETTEX,XS2625968776,BMW Finance NV 3.625% 22-MAY-2035
FWB:A3LJCA,FWB,DE000A3LJCA6,R-Logitech SARL 10.25% 30-SEP-2026
GETTEX:A3LJCA,GETTEX,DE000A3LJCA6,R-Logitech SARL 10.25% 30-SEP-2026
LSX:A3LJS4,LSX,XS2634687912,Bank of America Corporation 4.134% 12-JUN-2028
LSX:A3LK3C,LSX,XS2648489388,Avis Budget Finance Plc 7.25% 31-JUL-2030
LSX:A3LK9P,LSX,GR0128017747,Government of Greece 4.375% 18-JUL-2038
LSX:A3LKWD,LSX,XS2647979181,European Investment Bank 3.0% 15-JUL-2033
GETTEX:A3LLWD,GETTEX,US91282CHT18,United States Treasury Notes 3.875% 15-AUG-2033
GETTEX:A3LM15,GETTEX,AT0000A37249,Wienerberger AG 4.875% 04-OCT-2028
LSX:A3LM5S,LSX,XS2680932907,Government of Hungary 5.375% 12-SEP-2033
LS:A3LM5S,LS,XS2680932907,Government of Hungary 5.375% 12-SEP-2033
GETTEX:A3LMCN,GETTEX,US912810TU25,United States Treasury Bond 4.375% 15-AUG-2043
GETTEX:A3LNF0,GETTEX,EU000A3LNF05,European Union 3.125% 04-DEC-2030
LSX:A3LNGE,LSX,XS2689949399,Government of Romania 5.5% 18-SEP-2028
LSX:A3LNGG,LSX,XS2689948078,Government of Romania 6.375% 18-SEP-2033
LS:A3LNGG,LS,XS2689948078,Government of Romania 6.375% 18-SEP-2033
LSX:A3LNVU,LSX,XS2695009998,GRENKE Finance Plc 7.875% 06-APR-2027
GETTEX:A3LNVU,GETTEX,XS2695009998,GRENKE Finance Plc 7.875% 06-APR-2027
LSX:A3LNYD,LSX,FR001400KY69,RCI Banque S.A. 4.875% 02-OCT-2029
GETTEX:A3LNYD,GETTEX,FR001400KY69,RCI Banque S.A. 4.875% 02-OCT-2029
LSX:A3LPBL,LSX,XS2698773830,BMW Finance NV 3.875% 04-OCT-2028
GETTEX:A3LPBL,GETTEX,XS2698773830,BMW Finance NV 3.875% 04-OCT-2028
LSX:A3LPBM,LSX,XS2698773913,BMW Finance NV 4.125% 04-OCT-2033
GETTEX:A3LPJ7,GETTEX,FR001400L834,France 3.5% 25-NOV-2033
LSX:A3LQ3K,LSX,BE0002976570,UCB SA 5.2% 21-NOV-2029
LSX:A3LQ42,LSX,XS2721465271,Heidelberg Materials Finance Luxembourg SA 4.875% 21-NOV-2033
GETTEX:A3LQUW,GETTEX,XS2716887844,Government of Bulgaria 4.875% 13-MAY-2036
LSX:A3LQUW,LSX,XS2716887844,Government of Bulgaria 4.875% 13-MAY-2036
GETTEX:A3LQVK,GETTEX,US91282CJJ18,United States Treasury Notes 4.5% 15-NOV-2033
LSX:A3LQZS,LSX,XS2717309855,Nestle Finance International Ltd. 3.5% 17-JAN-2030
LSX:A3LQZT,LSX,XS2717310945,Nestle Finance International Ltd. 3.75% 14-NOV-2035
LSX:A3LREE,LSX,XS2722717472,EnBW International Finance BV 3.85% 23-MAY-2030
LSX:A3LREF,LSX,XS2722717555,EnBW International Finance BV 4.3% 23-MAY-2034
LS:A3LREF,LS,XS2722717555,EnBW International Finance BV 4.3% 23-MAY-2034
GETTEX:A3LRHN,GETTEX,US912810TW80,United States Treasury Bond 4.75% 15-NOV-2043
LSX:A3LRPY,LSX,XS2726911931,Government of Poland 3.625% 29-NOV-2030
LS:A3LS0Q,LS,XS2746102479,Government of Poland 3.625% 11-JAN-2034
LSX:A3LS0Q,LSX,XS2746102479,Government of Poland 3.625% 11-JAN-2034
LSX:A3LS0Z,LSX,XS2746103014,Government of Poland 4.125% 11-JAN-2044
LS:A3LS0Z,LS,XS2746103014,Government of Poland 4.125% 11-JAN-2044
GETTEX:A3LSR3,GETTEX,FR001400N3F1,RCI Banque S.A. 3.875% 12-JAN-2029
LSX:A3LSR3,LSX,FR001400N3F1,RCI Banque S.A. 3.875% 12-JAN-2029
LSX:A3LSYG,LSX,DE000A3LSYG8,Mercedes-Benz International Finance BV 3.0% 10-JUL-2027
LSX:A3LSYH,LSX,DE000A3LSYH6,Mercedes-Benz International Finance BV 3.25% 10-JAN-2032
FWB:A3LSYH,FWB,DE000A3LSYH6,Mercedes-Benz International Finance BV 3.25% 10-JAN-2032
GETTEX:A3LT2E,GETTEX,XS2756383233,European Bank for Reconstruction & Development 30.0% 29-JAN-2027
LSX:A3LT42,LSX,DE000A3LT423,BMW US Capital LLC 3.375% 02-FEB-2034
TRADEGATE:A3LT42,TRADEGATE,DE000A3LT423,BMW US Capital LLC 3.375% 02-FEB-2034
LSX:A3LT43,LSX,DE000A3LT431,BMW US Capital LLC 3.0% 02-NOV-2027
LS:A3LT43,LS,DE000A3LT431,BMW US Capital LLC 3.0% 02-NOV-2027
LSX:A3LT85,LSX,GR0124040743,Government of Greece 3.375% 15-JUN-2034
GETTEX:A3LTA7,GETTEX,ES0000012M85,Spain 3.25% 30-APR-2034
GETTEX:A3LTNG,GETTEX,XS2752873005,Nestle Finance International Ltd. 3.25% 23-JAN-2037
LSX:A3LTNG,LSX,XS2752873005,Nestle Finance International Ltd. 3.25% 23-JAN-2037
LSX:A3LTNP,LSX,FR001400NEF3,France 3.0% 25-JUN-2049
LSX:A3LTRT,LSX,AT0000A39UW5,Government of Austria 2.9% 20-FEB-2034
LSX:A3LTSV,LSX,XS2753429047,Government of Hungary 4.0% 25-JUL-2029
LSX:A3LUCM,LSX,IT0005582421,Italy 4.15% 01-OCT-2039
LS:A3LUD3,LS,ES0000012M93,Spain 4.0% 31-OCT-2054
LSX:A3LUD3,LSX,ES0000012M93,Spain 4.0% 31-OCT-2054
GETTEX:A3LUEL,GETTEX,NL0015001XZ6,Netherlands 2.5% 15-JUL-2034
GETTEX:A3LUH0,GETTEX,NO0013148338,Norway 3.625% 13-APR-2034
GETTEX:A3LUL1,GETTEX,US172967PG03,Citigroup Inc. 5.827% 13-FEB-2035
LSX:A3LUL3,LSX,BE0000361700,Belgium 3.5% 22-JUN-2055
GETTEX:A3LV32,GETTEX,US731011AY80,Government of Poland 5.125% 18-SEP-2034
GETTEX:A3LV33,GETTEX,US731011AZ55,Government of Poland 5.5% 18-MAR-2054
LSX:A3LVH3,LSX,FR001400OHF4,France 3.25% 25-MAY-2055
GETTEX:A3LVLH,GETTEX,CA135087R713,Government of Canada 3.5% 01-MAR-2034
GETTEX:A3LVNF,GETTEX,IT0005584856,Italy 3.85% 01-JUL-2034
LSX:A3LWD7,LSX,XS2790222116,Government of Turkey 5.875% 21-MAY-2030
GETTEX:A3LWM9,GETTEX,FR001400P3E2,RCI Banque S.A. 4.125% 04-APR-2031
LS:A3LWM9,LS,FR001400P3E2,RCI Banque S.A. 4.125% 04-APR-2031
LSX:A3LWM9,LSX,FR001400P3E2,RCI Banque S.A. 4.125% 04-APR-2031
GETTEX:A3LWTB,GETTEX,XS2795696108,European Bank for Reconstruction & Development 0.0% 05-APR-2036
GETTEX:A3LXDY,GETTEX,BE0000362716,Belgium 2.7% 22-OCT-2029
GETTEX:A3LXQJ,GETTEX,AT0000A3EPP2,Government of Austria 2.5% 20-OCT-2029
LSX:A3LXQJ,LSX,AT0000A3EPP2,Government of Austria 2.5% 20-OCT-2029
GETTEX:A3LXRA,GETTEX,US683234AV04,Province of Ontario 5.05% 24-APR-2034
LSX:A3LY0F,LSX,IT0005596470,Italy 4.05% 30-OCT-2037
GETTEX:A3LY0F,GETTEX,IT0005596470,Italy 4.05% 30-OCT-2037
GETTEX:A3LY39,GETTEX,XS2828685631,GRENKE Finance Plc 5.75% 06-JUL-2029
LS:A3LYXQ,LS,XS2823825802,BMW International Investment BV 3.5% 17-NOV-2032
LSX:A3LYXQ,LSX,XS2823825802,BMW International Investment BV 3.5% 17-NOV-2032
LSX:A3LYYS,LSX,FI4000571260,Finnair Oyj 4.75% 24-MAY-2029
LSX:A3LZ0X,LSX,EU000A3LZ0X9,European Union 3.375% 04-OCT-2039
LSX:A3LZCH,LSX,AT0000A3D3Q8,Government of Austria 3.2% 15-JUL-2039
GETTEX:A3LZEF,GETTEX,XS2829209720,Government of Romania 5.25% 30-MAY-2032
GETTEX:A3LZEH,GETTEX,XS2829810923,Government of Romania 5.625% 30-MAY-2037
LSX:A3LZEH,LSX,XS2829810923,Government of Romania 5.625% 30-MAY-2037
LSX:A3LZGN,LSX,FR001400QC85,Eramet SA 6.5% 30-NOV-2029
LSX:A3LZRV,LSX,ES0000012N35,Spain 3.45% 31-OCT-2034
LSX:A3LZW4,LSX,FR001400QMF9,France 3.0% 25-NOV-2034
LSX:A3MP70,LSX,XS2412044567,RWE AG 0.5% 26-NOV-2028
GETTEX:A3MP71,GETTEX,XS2412044641,RWE AG 1.0% 26-NOV-2033
LSX:A3MP71,LSX,XS2412044641,RWE AG 1.0% 26-NOV-2033
LS:A3MP81,LS,XS2433244246,E.ON SE 0.875% 18-OCT-2034
TRADEGATE:A3MQEN,TRADEGATE,DE000A3MQEN8,PCC SE 4.0% 01-DEC-2026
FWB:A3MQQJ,FWB,DE000A3MQQJ0,reconcept Green Energy Asset Bond II GmbH 4.25% 28-JUN-2027
TRADEGATE:A3MQTG,TRADEGATE,DE000A3MQTG0,City of Hamburg 2.375% 25-SEP-2029
GETTEX:A3MQV2,GETTEX,XS2482872251,Fresenius SE & Co. KGaA 2.875% 24-MAY-2030
LS:A3MQV2,LS,XS2482872251,Fresenius SE & Co. KGaA 2.875% 24-MAY-2030
LSX:A3MQV2,LSX,XS2482872251,Fresenius SE & Co. KGaA 2.875% 24-MAY-2030
LSX:A3MQY9,LSX,XS2463518998,E.ON SE 1.625% 29-MAR-2031
LS:A3UFWG,LS,XS2587748174,Landwirtschaftliche Rentenbank 2.75% 16-FEB-2032
LSX:A3UFWH,LSX,XS2595650222,Landwirtschaftliche Rentenbank 3.25% 06-SEP-2030
LSX:A41EXE,LSX,US5949728530,Strategy Inc 11.5% Perp Stretch PFD Registered Shs Series A
LS:A41EXE,LS,US5949728530,Strategy Inc 11.5% Perp Stretch PFD Registered Shs Series A
FWB:A460A7,FWB,DE000A460A74,Solmotion Holding GmbH 7.25% 01-OCT-2030
HAM:A460A9,HAM,DE000A460A90,Hamburger Sparkasse AG 2.0% 28-AUG-2028
LSX:A460AS,LSX,NO0013639112,DEAG Deutsche Entertainment Aktiengesellschaft 7.75% 16-OCT-2029
LS:A460AS,LS,NO0013639112,DEAG Deutsche Entertainment Aktiengesellschaft 7.75% 16-OCT-2029
LSX:A460AT,LSX,DE000A460AT6,FuBballclub Gelsenkirchen-Schalke 04 eV 6.5% 26-NOV-2030
GETTEX:A460AT,GETTEX,DE000A460AT6,FuBballclub Gelsenkirchen-Schalke 04 eV 6.5% 26-NOV-2030
TRADEGATE:A460AT,TRADEGATE,DE000A460AT6,FuBballclub Gelsenkirchen-Schalke 04 eV 6.5% 26-NOV-2030
FWB:A460AT,FWB,DE000A460AT6,FuBballclub Gelsenkirchen-Schalke 04 eV 6.5% 26-NOV-2030
LSX:A460BE,LSX,XS3178858497,Fresenius SE & Co. KGaA 2.75% 15-SEP-2029
LS:A460BF,LS,XS3178858224,Fresenius SE & Co. KGaA 3.5% 15-MAR-2034
LSX:A460BF,LSX,XS3178858224,Fresenius SE & Co. KGaA 3.5% 15-MAR-2034
GETTEX:A460BF,GETTEX,XS3178858224,Fresenius SE & Co. KGaA 3.5% 15-MAR-2034
TRADEGATE:A460C9,TRADEGATE,DE000A460C98,KfW 3.0% 04-JAN-2036
GETTEX:A460DH,GETTEX,XS3233499089,Fresenius Medical Care AG 3.25% 24-NOV-2030
LSX:A460DH,LSX,XS3233499089,Fresenius Medical Care AG 3.25% 24-NOV-2030
FWB:A460DL,FWB,DE000A460DL7,GEPVOLT SE 8.0% 01-JAN-2033
GETTEX:A460EP,GETTEX,XS3274805376,E.ON SE 3.448% 19-JAN-2034
GETTEX:A460EQ,GETTEX,XS3274805459,E.ON SE 3.895% 19-JAN-2038
TRADEGATE:A460EZ,TRADEGATE,DE000A460EZ5,Amprion GmbH 4.58% 15-JAN-2046
LSX:A460GT,LSX,XS3314910632,KION GROUP AG 4.125% 24-MAR-2031
LS:A460GT,LS,XS3314910632,KION GROUP AG 4.125% 24-MAR-2031
GETTEX:A460GT,GETTEX,XS3314910632,KION GROUP AG 4.125% 24-MAR-2031
GETTEX:A460H0,GETTEX,US500769KP82,KfW 3.5% 15-MAY-2029
GETTEX:A460H5,GETTEX,DE000A460H51,State of Lower Saxony 2.6% 15-MAR-2029
MUN:A460HM,MUN,DE000A460HM6,City of Munich (Germany) 3.375% 31-MAR-2036
LS:A460HY,LS,XS3356130073,Deutsche Telekom AG 3.375% 28-APR-2033
LS:A460HZ,LS,XS3356130826,Deutsche Telekom AG 3.875% 28-APR-2038
GETTEX:A460HZ,GETTEX,XS3356130826,Deutsche Telekom AG 3.875% 28-APR-2038
LSX:A460HZ,LSX,XS3356130826,Deutsche Telekom AG 3.875% 28-APR-2038
TRADEGATE:A460J7,TRADEGATE,DE000A460J75,PNE AG 7.0% 18-JUN-2031
GETTEX:A460J7,GETTEX,DE000A460J75,PNE AG 7.0% 18-JUN-2031
LS:A460J7,LS,DE000A460J75,PNE AG 7.0% 18-JUN-2031
FWB:A460J7,FWB,DE000A460J75,PNE AG 7.0% 18-JUN-2031
LSX:A460J7,LSX,DE000A460J75,PNE AG 7.0% 18-JUN-2031
LSX:A460JL,LSX,XS3376351055,Deutsche Lufthansa AG 4.125% 27-JAN-2032
LS:A460JL,LS,XS3376351055,Deutsche Lufthansa AG 4.125% 27-JAN-2032
GETTEX:A460JL,GETTEX,XS3376351055,Deutsche Lufthansa AG 4.125% 27-JAN-2032
FWB:A460JR,FWB,DE000A460JR1,PCC SE 4.25% 01-DEC-2028
TRADEGATE:A460JR,TRADEGATE,DE000A460JR1,PCC SE 4.25% 01-DEC-2028
FWB:A460JS,FWB,DE000A460JS9,PCC SE 5.75% 01-JUL-2031
GETTEX:A460L9,GETTEX,XS3435668325,Fresenius SE & Co. KGaA 3.375% 08-JUL-2031
GETTEX:A460LA,GETTEX,XS3435670222,Fresenius SE & Co. KGaA 3.75% 08-JUL-2034
FWB:A460N4,FWB,DE000A460N46,Nakiki SE 9.875% 22-JAN-2031
LS:A460PG,LS,XS3229499101,Deutsche Post AG 3.75% 25-NOV-2037
LSX:A460PG,LSX,XS3229499101,Deutsche Post AG 3.75% 25-NOV-2037
GETTEX:A460PG,GETTEX,XS3229499101,Deutsche Post AG 3.75% 25-NOV-2037
LSX:A460PH,LSX,XS3229496180,Deutsche Post AG 3.0% 25-NOV-2031
GETTEX:A460PH,GETTEX,XS3229496180,Deutsche Post AG 3.0% 25-NOV-2031
LS:A460PH,LS,XS3229496180,Deutsche Post AG 3.0% 25-NOV-2031
HAM:A460Q4,HAM,DE000A460Q43,Hamburger Sparkasse AG 2.0% 02-FEB-2029
GETTEX:A460QR,GETTEX,DE000A460QR6,Deutsche Borse AG 3.25% 24-MAR-2031
TRADEGATE:A460QR,TRADEGATE,DE000A460QR6,Deutsche Borse AG 3.25% 24-MAR-2031
LS:A460QT,LS,XS3320729869,Deutsche Post AG 3.25% 23-DEC-2030
GETTEX:A460QT,GETTEX,XS3320729869,Deutsche Post AG 3.25% 23-DEC-2030
LSX:A460QT,LSX,XS3320729869,Deutsche Post AG 3.25% 23-DEC-2030
GETTEX:A460QU,GETTEX,XS3320740320,Deutsche Post AG 3.75% 23-DEC-2034
LSX:A46Z70,LSX,DE000A46Z700,Sixt SE 3.75% 15-JAN-2031
TRADEGATE:A46Z70,TRADEGATE,DE000A46Z700,Sixt SE 3.75% 15-JAN-2031
LS:A46Z70,LS,DE000A46Z700,Sixt SE 3.75% 15-JAN-2031
LS:A46Z7W,LS,XS3244707272,Deutsche Telekom AG 2.625% 04-DEC-2029
LSX:A46Z7W,LSX,XS3244707272,Deutsche Telekom AG 2.625% 04-DEC-2029
TRADEGATE:A46ZW1,TRADEGATE,DE000A46ZW17,HOCHTIEF Aktiengesellschaft 4.0% 15-APR-2034
LS:A46ZW1,LS,DE000A46ZW17,HOCHTIEF Aktiengesellschaft 4.0% 15-APR-2034
LSX:A46ZW1,LSX,DE000A46ZW17,HOCHTIEF Aktiengesellschaft 4.0% 15-APR-2034
GETTEX:A46ZW1,GETTEX,DE000A46ZW17,HOCHTIEF Aktiengesellschaft 4.0% 15-APR-2034
FWB:A46ZW1,FWB,DE000A46ZW17,HOCHTIEF Aktiengesellschaft 4.0% 15-APR-2034
TRADEGATE:A46ZWZ,TRADEGATE,DE000A46ZWZ6,State of Thuringia 3.25% 13-MAY-2036
LSX:A46ZX4,LSX,XS3379436598,Heidelberg Materials AG 4.0% 18-JUL-2035
GETTEX:A46ZX4,GETTEX,XS3379436598,Heidelberg Materials AG 4.0% 18-JUL-2035
LS:A46ZX4,LS,XS3379436598,Heidelberg Materials AG 4.0% 18-JUL-2035
LSX:A46ZX5,LSX,XS3379436325,Heidelberg Materials AG 3.5% 10-OCT-2029
GETTEX:A46ZX5,GETTEX,XS3379436325,Heidelberg Materials AG 3.5% 10-OCT-2029
TRADEGATE:A46ZXA,TRADEGATE,DE000A46ZXA7,EWE Aktiengesellschaft 3.875% 28-MAY-2034
GETTEX:A4D513,GETTEX,XS2982096914,Asian Infrastructure Investment Bank 7.0% 23-JAN-2032
LSX:A4D54E,LSX,FR001400WYO4,France 3.6% 25-MAY-2042
LSX:A4D54S,LSX,ES0000012O67,Spain 3.15% 30-APR-2035
LSX:A4D5RF,LSX,GR0124041758,Government of Greece 3.625% 15-JUN-2035
LSX:A4D5RW,LSX,XS2982332400,BMW International Investment BV 3.125% 22-JUL-2029
GETTEX:A4D5RX,GETTEX,XS2982332319,BMW International Investment BV 3.5% 22-JAN-2033
LSX:A4D5RX,LSX,XS2982332319,BMW International Investment BV 3.5% 22-JAN-2033
LSX:A4D5X0,LSX,IE00080U68D3,Government of Ireland 3.15% 18-OCT-2055
GETTEX:A4D5XF,GETTEX,XS2985204515,International Development Association 3.25% 24-JAN-2040
GETTEX:A4D60V,GETTEX,US91282CMM00,United States Treasury Notes 4.625% 15-FEB-2035
GETTEX:A4D60W,GETTEX,US912810UG12,United States Treasury Bond 4.625% 15-FEB-2055
LSX:A4D64N,LSX,FR001400XJJ3,France 3.75% 25-MAY-2056
GETTEX:A4D64N,GETTEX,FR001400XJJ3,France 3.75% 25-MAY-2056
LS:A4D64N,LS,FR001400XJJ3,France 3.75% 25-MAY-2056
GETTEX:A4D6CS,GETTEX,AT0000A3HU25,Government of Austria 2.95% 20-FEB-2035
LSX:A4D6CS,LSX,AT0000A3HU25,Government of Austria 2.95% 20-FEB-2035
LSX:A4D6F0,LSX,XS2958536976,NewPrinces S.p.A. 4.75% 12-FEB-2031
GETTEX:A4D6KG,GETTEX,XS2997535146,"T-Mobile USA, Inc. 3.8% 11-FEB-2045"
LSX:A4D6T2,LSX,XS2999533271,Government of Romania 5.25% 10-MAR-2030
LSX:A4D6T4,LSX,XS2999552909,Government of Romania 6.25% 10-SEP-2034
LS:A4D6T4,LS,XS2999552909,Government of Romania 6.25% 10-SEP-2034
GETTEX:A4D6W2,GETTEX,GB00BT7J0027,Government of United Kingdom 4.5% 07-MAR-2035
LSX:A4D78K,LSX,BE0000364738,Belgium 3.45% 22-JUN-2042
LSX:A4D7E6,LSX,XS3008639810,Government of Uzbekistan 5.1% 25-FEB-2029
LSX:A4D7E9,LSX,SK4000026845,Government of Slovakia 3.75% 27-FEB-2040
LSX:A4D7LK,LSX,ES0000012O75,Spain 3.5% 31-JAN-2041
GETTEX:A4D7PA,GETTEX,FR001400XLW2,France 2.4% 24-SEP-2028
GETTEX:A4D81E,GETTEX,US91282CMU26,United States Treasury Notes 4.0% 31-MAR-2030
GETTEX:A4D8KD,GETTEX,EU000A4D8KD2,European Union 3.375% 12-DEC-2035
GETTEX:A4D94U,GETTEX,FR001400Z2L7,France 2.7% 25-FEB-2031
LSX:A4D9G8,LSX,XS3021378032,Government of Romania 5.875% 11-JUL-2032
LSX:A4D9G9,LSX,XS3021378388,Government of Romania 6.75% 11-JUL-2039
GETTEX:A4D9G9,GETTEX,XS3021378388,Government of Romania 6.75% 11-JUL-2039
LS:A4D9G9,LS,XS3021378388,Government of Romania 6.75% 11-JUL-2039
FWB:A4DE12,FWB,DE000A4DE123,reconcept Solar Deutschland GmbH 6.5% 05-MAY-2031
TRADEGATE:A4DE12,TRADEGATE,DE000A4DE123,reconcept Solar Deutschland GmbH 6.5% 05-MAY-2031
LSX:A4DE16,LSX,XS2948768556,Deutsche Telekom AG 3.25% 04-JUN-2035
GETTEX:A4DE16,GETTEX,XS2948768556,Deutsche Telekom AG 3.25% 04-JUN-2035
LS:A4DE16,LS,XS2948768556,Deutsche Telekom AG 3.25% 04-JUN-2035
FWB:A4DE9R,FWB,DE000A4DE9R7,VOSS Beteiligung GmbH 7.0% 28-MAY-2030
MUN:A4DFCB,MUN,DE000A4DFCB7,Evonik Industries AG 3.25% 15-JAN-2030
LSX:A4DFCB,LSX,DE000A4DFCB7,Evonik Industries AG 3.25% 15-JAN-2030
TRADEGATE:A4DFCB,TRADEGATE,DE000A4DFCB7,Evonik Industries AG 3.25% 15-JAN-2030
FWB:A4DFCD,FWB,DE000A4DFCD3,Bioenergiepark Kuste Besitzgesellschaft mbH 7.0% 15-APR-2030
GETTEX:A4DFCK,GETTEX,DE000A4DFCK8,Sixt SE 3.25% 22-JAN-2030
LS:A4DFD0,LS,XS2987630873,Deutsche Telekom AG 3.0% 03-FEB-2032
LSX:A4DFD0,LSX,XS2987630873,Deutsche Telekom AG 3.0% 03-FEB-2032
FWB:A4DFDS,FWB,DE000A4DFDS9,PCC SE 5.75% 01-APR-2030
TRADEGATE:A4DFDS,TRADEGATE,DE000A4DFDS9,PCC SE 5.75% 01-APR-2030
GETTEX:A4DFDZ,GETTEX,XS2985250898,Deutsche Telekom AG 3.625% 03-FEB-2045
LS:A4DFDZ,LS,XS2985250898,Deutsche Telekom AG 3.625% 03-FEB-2045
LSX:A4DFDZ,LSX,XS2985250898,Deutsche Telekom AG 3.625% 03-FEB-2045
GETTEX:A4DFEK,GETTEX,XS3032045471,Deutsche Post AG 3.0% 24-MAR-2030
LSX:A4DFEK,LSX,XS3032045471,Deutsche Post AG 3.0% 24-MAR-2030
GETTEX:A4DFEL,GETTEX,XS3032045554,Deutsche Post AG 3.5% 24-MAR-2034
LS:A4DFEL,LS,XS3032045554,Deutsche Post AG 3.5% 24-MAR-2034
LSX:A4DFEM,LSX,XS3032045398,Deutsche Post AG 4.0% 24-MAR-2040
GETTEX:A4DFEM,GETTEX,XS3032045398,Deutsche Post AG 4.0% 24-MAR-2040
LS:A4DFEM,LS,XS3032045398,Deutsche Post AG 4.0% 24-MAR-2040
GETTEX:A4DFJH,GETTEX,NO0013586024,Formycon AG FRN 09-JUL-2029
GETTEX:A4DFK3,GETTEX,DE000A4DFK32,CHAPTERS Group AG 7.0% 08-AUG-2030
FWB:A4DFKS,FWB,DE000A4DFKS4,DZ HYP AG 3.125% 29-AUG-2031
LSX:A4DFL2,LSX,XS3036647694,Fresenius Medical Care AG 3.125% 08-DEC-2028
GETTEX:A4DFL2,GETTEX,XS3036647694,Fresenius Medical Care AG 3.125% 08-DEC-2028
LS:A4DFL3,LS,XS3036647777,Fresenius Medical Care AG 3.75% 08-APR-2032
GETTEX:A4DFL3,GETTEX,XS3036647777,Fresenius Medical Care AG 3.75% 08-APR-2032
LSX:A4DFL3,LSX,XS3036647777,Fresenius Medical Care AG 3.75% 08-APR-2032
GETTEX:A4DFL9,GETTEX,DE000A4DFL98,State of Lower Saxony 3.0% 16-APR-2035
LS:A4DFLC,LS,XS3015684361,METRO AG 5.25% 05-MAR-2030
LSX:A4DFLC,LSX,XS3015684361,METRO AG 5.25% 05-MAR-2030
MUN:A4DFLK,MUN,DE000A4DFLK9,PCC SE 5.5% 01-JUL-2030
LSX:A4DFLP,LSX,DE000A4DFLP8,Schaeffler AG 4.25% 01-APR-2028
LSX:A4DFLQ,LSX,DE000A4DFLQ6,Schaeffler AG 5.375% 01-APR-2031
GETTEX:A4DFM0,GETTEX,XS3075393499,Continental AG 2.875% 22-NOV-2028
GETTEX:A4DFMA,GETTEX,DE000A4DFMA8,PCC SE 4.0% 01-JUL-2027
FWB:A4DFMZ,FWB,DE000A4DFMZ5,DN Group AG 10.0% 15-DEC-2030
LSX:A4DFNG,LSX,XS3084418907,Deutsche Post AG 3.125% 05-JUN-2032
LS:A4DFNG,LS,XS3084418907,Deutsche Post AG 3.125% 05-JUN-2032
GETTEX:A4DFNG,GETTEX,XS3084418907,Deutsche Post AG 3.125% 05-JUN-2032
FWB:A4DFSF,FWB,DE000A4DFSF4,Neue ZWL Zahnradwerk Leipzig GmbH 9.875% 21-OCT-2030
GETTEX:A4DFTR,GETTEX,NO0013536169,Homann Holzwerkstoffe GmbH 7.5% 02-JUN-2032
LS:A4DFTR,LS,NO0013536169,Homann Holzwerkstoffe GmbH 7.5% 02-JUN-2032
LSX:A4DFTR,LSX,NO0013536169,Homann Holzwerkstoffe GmbH 7.5% 02-JUN-2032
TRADEGATE:A4DFTU,TRADEGATE,DE000A4DFTU1,HMS Bergbau AG 10.0% 02-JUN-2030
FWB:A4DFTU,FWB,DE000A4DFTU1,HMS Bergbau AG 10.0% 02-JUN-2030
GETTEX:A4DFW0,GETTEX,AU3CB0325645,Vonovia SE 5.266% 03-SEP-2032
GETTEX:A4DFW3,GETTEX,XS3173656243,Continental AG 2.875% 09-JUN-2029
FWB:A4DFWA,FWB,DE000A4DFWA7,Aream Infrastruktur Finance GmbH 7.25% 04-NOV-2030
GETTEX:A4DFWY,GETTEX,DE000A4DFWY7,PCC SE 5.5% 01-JAN-2031
DUS:A4DFWY,DUS,DE000A4DFWY7,PCC SE 5.5% 01-JAN-2031
TRADEGATE:A4DFWY,TRADEGATE,DE000A4DFWY7,PCC SE 5.5% 01-JAN-2031
LSX:A4DFWZ,LSX,XS3178086230,Symrise AG 3.25% 24-SEP-2032
LS:A4DFWZ,LS,XS3178086230,Symrise AG 3.25% 24-SEP-2032
GETTEX:A4EA8Y,GETTEX,EU000A4EA8Y7,European Union 3.75% 12-OCT-2045
GETTEX:A4EA9Y,GETTEX,XS3074499511,Heidelberg Materials Finance Luxembourg SA 3.0% 10-JUL-2030
LSX:A4EA9Y,LSX,XS3074499511,Heidelberg Materials Finance Luxembourg SA 3.0% 10-JUL-2030
LS:A4EA9Y,LS,XS3074499511,Heidelberg Materials Finance Luxembourg SA 3.0% 10-JUL-2030
LSX:A4EABJ,LSX,IT0005647265,Italy 3.25% 15-JUL-2032
GETTEX:A4EAK9,GETTEX,XS3063879442,Government of Bulgaria 4.125% 07-MAY-2038
GETTEX:A4EAXL,GETTEX,US912810UK24,United States Treasury Bond 4.75% 15-MAY-2055
MUN:A4EB2X,MUN,DE000A4EB2X2,Mercedes-Benz International Finance BV 2.5% 05-SEP-2028
LS:A4EB2Y,LS,DE000A4EB2Y0,Mercedes-Benz International Finance BV 3.125% 05-SEP-2031
LSX:A4EB2Y,LSX,DE000A4EB2Y0,Mercedes-Benz International Finance BV 3.125% 05-SEP-2031
FWB:A4EB2Y,FWB,DE000A4EB2Y0,Mercedes-Benz International Finance BV 3.125% 05-SEP-2031
MUN:A4EB2Y,MUN,DE000A4EB2Y0,Mercedes-Benz International Finance BV 3.125% 05-SEP-2031
LSX:A4EB4U,LSX,FR00140106Z3,RCI Banque S.A. 3.375% 06-JUN-2030
GETTEX:A4EBBR,GETTEX,XS3075491152,BMW Finance NV 2.625% 20-MAY-2028
LSX:A4EBBS,LSX,XS3075490188,BMW Finance NV 3.25% 20-MAY-2031
GETTEX:A4EBBS,GETTEX,XS3075490188,BMW Finance NV 3.25% 20-MAY-2031
LSX:A4EBBT,LSX,XS3075490261,BMW Finance NV 3.75% 20-NOV-2034
GETTEX:A4EBBT,GETTEX,XS3075490261,BMW Finance NV 3.75% 20-NOV-2034
LS:A4EBBT,LS,XS3075490261,BMW Finance NV 3.75% 20-NOV-2034
GETTEX:A4EBML,GETTEX,XS3078501502,Siemens Financieringsmaatschappij NV 3.125% 27-MAY-2033
GETTEX:A4EBSR,GETTEX,XS3080684551,GRENKE Finance Plc 5.25% 08-APR-2030
LSX:A4EBSR,LSX,XS3080684551,GRENKE Finance Plc 5.25% 08-APR-2030
GETTEX:A4EBUL,GETTEX,GB00BT7J0241,Treasury Gilt 5.375% 31-JAN-2056
GETTEX:A4EBXS,GETTEX,US045167GL11,Asian Development Bank 4.125% 30-MAY-2030
GETTEX:A4EC2Z,GETTEX,US298785KL95,European Investment Bank 4.25% 16-AUG-2032
LSX:A4ECEP,LSX,XS3091660194,ZF Europe Finance BV 7.0% 12-JUN-2030
GETTEX:A4ECUT,GETTEX,PL0000118188,Government of Poland 5.0% 25-OCT-2035
GETTEX:A4EE8S,GETTEX,US91282CNT44,United States Treasury Notes 4.25% 15-AUG-2035
LSX:A4EED7,LSX,XS3124345631,Government of Bulgaria 3.375% 18-JUL-2035
GETTEX:A4EED8,GETTEX,XS3124393367,Government of Bulgaria 4.125% 18-JUL-2045
LSX:A4EED8,LSX,XS3124393367,Government of Bulgaria 4.125% 18-JUL-2045
GETTEX:A4EEFN,GETTEX,XS3124532311,International Finance Corp. 11.75% 18-JUL-2030
GETTEX:A4EFBV,GETTEX,US459056RA75,International Bank for Reconstruction & Development 4.375% 27-AUG-2035
GETTEX:A4EFZ4,GETTEX,US298785KM78,European Investment Bank 3.875% 15-OCT-2030
GETTEX:A4EFZN,GETTEX,XS3167361651,Eleving Group SA 9.5% 24-OCT-2030
GETTEX:A4EGDC,GETTEX,XS3171591889,E.ON International Finance BV 3.0% 03-SEP-2031
LSX:A4EGDD,LSX,XS3171594636,E.ON International Finance BV 3.5% 03-SEP-2035
GETTEX:A4EGDD,GETTEX,XS3171594636,E.ON International Finance BV 3.5% 03-SEP-2035
GETTEX:A4EGEP,GETTEX,XS3175869737,GRENKE Finance Plc 3.875% 05-OCT-2028
LSX:A4EGN8,LSX,IT0005668238,Italy 4.65% 01-OCT-2055
GETTEX:A4EGN8,GETTEX,IT0005668238,Italy 4.65% 01-OCT-2055
GETTEX:A4EGPP,GETTEX,XS3175947046,Government of Lithuania 4.25% 10-SEP-2045
GETTEX:A4EGVN,GETTEX,FR0014012II5,France 3.5% 25-NOV-2035
GETTEX:A4EH17,GETTEX,IT0005671273,Italy 2.85% 01-FEB-2031
LS:A4EHD6,LS,XS3185372326,Nestle Finance International Ltd. 3.0% 23-SEP-2033
LS:A4EHD7,LS,XS3185374884,Nestle Finance International Ltd. 3.5% 23-SEP-2038
LSX:A4EHD7,LSX,XS3185374884,Nestle Finance International Ltd. 3.5% 23-SEP-2038
GETTEX:A4EJF1,GETTEX,EU000A4EJF17,European Union 3.625% 12-DEC-2040
LSX:A4EJFM,LSX,XS3198384573,Government of Romania 5.375% 07-JUN-2033
LS:A4EJFM,LS,XS3198384573,Government of Romania 5.375% 07-JUN-2033
GETTEX:A4EJFR,GETTEX,XS3200176298,Government of Romania 6.5% 07-OCT-2045
GETTEX:A4EJVM,GETTEX,GB00BVP99897,Government of United Kingdom 5.25% 31-JAN-2041
GETTEX:A4EK7A,GETTEX,US92343VHG23,Verizon Communications Inc. 5.0% 15-JAN-2036
GETTEX:A4EKNV,GETTEX,XS3225966939,OMV Aktiengesellschaft 3.875% 10-NOV-2040
LS:A4EKNV,LS,XS3225966939,OMV Aktiengesellschaft 3.875% 10-NOV-2040
LSX:A4EKNV,LSX,XS3225966939,OMV Aktiengesellschaft 3.875% 10-NOV-2040
GETTEX:A4EKSX,GETTEX,US02079KAU16,Alphabet Inc. FRN 15-NOV-2028
LS:A4EM86,LS,XS3269554690,Government of Hungary 4.25% 26-MAY-2033
GETTEX:A4EM86,GETTEX,XS3269554690,Government of Hungary 4.25% 26-MAY-2033
GETTEX:A4EN1Y,GETTEX,AT0000A3RVH9,Government of Austria 3.2% 20-FEB-2036
GETTEX:A4EN4A,GETTEX,XS3280519318,BMW Finance NV 3.75% 27-JAN-2036
GETTEX:A4ENGE,GETTEX,XS3270897575,Heidelberg Materials Finance Luxembourg SA 3.75% 15-JUL-2036
GETTEX:A4ENV4,GETTEX,FR0014015MU5,France 4.1% 25-MAY-2046
GETTEX:A4ENVK,GETTEX,NL0015073TQ2,Netherlands 2.5% 15-JAN-2031
GETTEX:A4EPDZ,GETTEX,US91282CPY11,United States Treasury Notes 4.0% 31-JAN-2033
GETTEX:A4EPLP,GETTEX,NO0013713123,Norway 4.125% 03-JUN-2036
LS:A4EQPA,LS,FR0014016CV2,France 4.4% 25-MAY-2057
GETTEX:A4EQPA,GETTEX,FR0014016CV2,France 4.4% 25-MAY-2057
LSX:A4EQPA,LSX,FR0014016CV2,France 4.4% 25-MAY-2057
GETTEX:A4EQTQ,GETTEX,XS3299472467,"Goldman Sachs Group, Inc. 4.142% 17-FEB-2039"
GETTEX:A4ES76,GETTEX,US857524AK89,Government of Poland 5.375% 14-APR-2036
GETTEX:A4ET23,GETTEX,USP3710FBA14,Empresa Distribuidora y Comercializadora Norte S.A. 9.5% 28-APR-2033
MUN:A4ET6Q,MUN,DE000A4ET6Q7,Mercedes-Benz International Finance BV 3.6% 13-MAY-2032
GETTEX:A4ET6Q,GETTEX,DE000A4ET6Q7,Mercedes-Benz International Finance BV 3.6% 13-MAY-2032
GETTEX:A4ETLR,GETTEX,FR0014017Z10,France 3.8% 25-JUN-2037
LS:A4ETLR,LS,FR0014017Z10,France 3.8% 25-JUN-2037
GETTEX:A4ETSJ,GETTEX,AU3SG0003379,Western Australian Treasury Corp. 5.75% 24-OCT-2039
GETTEX:A4ETTC,GETTEX,IT0005706285,Italy 3.8% 01-JUL-2036
GETTEX:A4ETTG,GETTEX,XS3349981426,Toyota Motor Finance (Netherlands) BV 3.25% 23-APR-2030
GETTEX:A4EU3B,GETTEX,XS3383867374,International Development Association 3.625% 20-MAY-2041
GETTEX:A4EU3D,GETTEX,XS3379782074,BMW Finance NV 3.25% 19-MAY-2029
LSX:A4EU3E,LSX,XS3379782157,BMW Finance NV 3.625% 19-MAY-2032
GETTEX:A4EU3F,GETTEX,XS3379782231,BMW Finance NV 4.0% 19-MAY-2036
LS:A4EU3F,LS,XS3379782231,BMW Finance NV 4.0% 19-MAY-2036
LSX:A4EU3F,LSX,XS3379782231,BMW Finance NV 4.0% 19-MAY-2036
LSX:A4EUJG,LSX,AT0000A3USC0,Breiteneder Immobilien Parking Konzernfinanzierungs GmbH 4.75% 16-JUN-2032
GETTEX:A4EUM5,GETTEX,US912810UU06,United States Treasury Bond 5.0% 15-MAY-2056
GETTEX:A4EV40,GETTEX,FR0014018YR0,France 3.7% 25-NOV-2036
GETTEX:A4EVJ6,GETTEX,XS3386749025,E.ON International Finance BV 4.053% 27-MAY-2036
LSX:A4EVJ6,LSX,XS3386749025,E.ON International Finance BV 4.053% 27-MAY-2036
LS:A4EVJ7,LS,XS3386748993,E.ON International Finance BV 3.475% 27-MAY-2031
LSX:A4EVJ7,LSX,XS3386748993,E.ON International Finance BV 3.475% 27-MAY-2031
LS:A4EX8X,LS,XS3447651111,"Goldman Sachs Group, Inc. 4.102% 22-JUL-2034"
LSX:A4EXFM,LSX,XS3430748759,RWE Finance Europe B.V. 3.375% 06-JUL-2032
GETTEX:A4EXFN,GETTEX,XS3430748676,RWE Finance Europe B.V. 4.0% 06-JUL-2037
LSX:A4EXFN,LSX,XS3430748676,RWE Finance Europe B.V. 4.0% 06-JUL-2037
LS:A4EXFN,LS,XS3430748676,RWE Finance Europe B.V. 4.0% 06-JUL-2037
GETTEX:A4EXVH,GETTEX,XS3435288769,Government of Hungary 4.25% 21-MAY-2037
GETTEX:A4EZYB,GETTEX,AU3CB0338747,Alphabet Inc. 6.9% 27-AUG-2046
GETTEX:A4EZZV,GETTEX,XS3485481157,GRENKE Finance Plc 4.625% 07-OCT-2031
FWB:A4R2L4,FWB,DE000A4R2L42,KfW 2.125% 31-JUL-2028
GETTEX:A4SAW5,GETTEX,XS2584128263,KfW 3.75% 30-JUL-2027
GETTEX:A4SM7G,GETTEX,BE0312822944,Government of Belgium 0.0% 11-MAR-2027
GETTEX:A4SPSK,GETTEX,NO0013737973,Government of Norway 0.0% 17-MAR-2027
GETTEX:A5GS0R,GETTEX,XS3433864355,TenneT GmbH & Co. KG 4.625% 15-JUL-2046
LS:A5GS0S,LS,XS3433863621,TenneT GmbH & Co. KG 3.25% 15-JUL-2030
LSX:A5GS0S,LSX,XS3433863621,TenneT GmbH & Co. KG 3.25% 15-JUL-2030
GETTEX:A5GS0S,GETTEX,XS3433863621,TenneT GmbH & Co. KG 3.25% 15-JUL-2030
LS:A5GS0T,LS,XS3433863977,TenneT GmbH & Co. KG 3.625% 15-JUL-2034
GETTEX:A5GS0T,GETTEX,XS3433863977,TenneT GmbH & Co. KG 3.625% 15-JUL-2034
LSX:A5GS0T,LSX,XS3433863977,TenneT GmbH & Co. KG 3.625% 15-JUL-2034
GETTEX:A5GS0U,GETTEX,XS3433864199,TenneT GmbH & Co. KG 4.125% 15-JUL-2038
LSX:A5GS0U,LSX,XS3433864199,TenneT GmbH & Co. KG 4.125% 15-JUL-2038
TRADEGATE:A5H27X,TRADEGATE,DE000A5H27X9,KfW 3.375% 30-JUN-2036
EURONEXT:AAD4L,EURONEXT,FR001400EBK8,LCL Emissions SA 0.0% 07-MAR-2033
SIX:AAE008.EUR,SIX,DE0001102440,Germany 0.5% 15-FEB-2028
EURONEXT:AAF6L,EURONEXT,FR1CIBLU0309,Credit Agricole CIB Finance Luxembourg SA 3.5% 28-FEB-2030
EURONEXT:AAF7L,EURONEXT,FR1CIBLU0291,Credit Agricole CIB Finance Luxembourg SA 0.0% 06-MAR-2032
EURONEXT:AAH5L,EURONEXT,FRCASA010415,Credit Agricole S.A. 0.0% 18-OCT-2030
EURONEXT:AAH8L,EURONEXT,FR001400Q130,LCL Emissions SA 10-SEP-2030
EURONEXT:AAI2L,EURONEXT,FRCASA010423,Credit Agricole S.A. 0.0% 04-OCT-2030
EURONEXT:AAI3L,EURONEXT,FRCASA010431,Credit Agricole S.A. 0.0% 04-OCT-2030
EURONEXT:AAI5L,EURONEXT,FRCASA010480,Credit Agricole S.A. 0.0% 10-DEC-2030
EURONEXT:AAJ1L,EURONEXT,FRCASA010530,Credit Agricole S.A. 0.0% 28-JAN-2031
EURONEXT:AAK1L,EURONEXT,FRCASA010589,Credit Agricole S.A. 0.0% 24-APR-2031
EURONEXT:AAL1L,EURONEXT,FRCASA010738,Credit Agricole S.A. 0.0% 24-OCT-2031
EURONEXT:AAL2L,EURONEXT,FRCASA010720,Credit Agricole S.A. 0.0% 24-OCT-2031
EURONEXT:AAL3L,EURONEXT,FRCASA010696,Credit Agricole S.A. 0.0% 30-SEP-2031
EURONEXT:AAL4L,EURONEXT,FRCASA010688,Credit Agricole S.A. 0.0% 30-SEP-2031
EURONEXT:AAL7L,EURONEXT,FRCASA010761,Credit Agricole S.A. 0.0% 26-NOV-2031
EURONEXT:AAN6L,EURONEXT,FRCASA010928,Credit Agricole S.A. 0.0% 24-JUL-2034
FWB:AAR042,FWB,DE000AAR0421,Aareal Bank AG 3.25% 17-MAY-2029
GETTEX:AAR045,GETTEX,DE000AAR0454,Aareal Bank AG 3.0% 05-AUG-2031
LS:AAR045,LS,DE000AAR0454,Aareal Bank AG 3.0% 05-AUG-2031
MUN:AAR045,MUN,DE000AAR0454,Aareal Bank AG 3.0% 05-AUG-2031
GETTEX:AAR049,GETTEX,DE000AAR0496,Aareal Bank AG 3.25% 28-MAY-2032
EURONEXT:AASB27_PRO,EURONEXT,NO0011091282,Aasen Sparebank FRN 03-SEP-2026
EURONEXT:AASB33_PRO,EURONEXT,NO0013185850,Aasen Sparebank FRN 22-MAR-2029
EURONEXT:AASB38_PRO,EURONEXT,NO0013577098,Aasen Sparebank FRN 30-MAY-2028
EURONEXT:AAUAL,EURONEXT,FR0013244399,LCL Emissions SA 0.0% 11-AUG-2027
EURONEXT:AAUEL,EURONEXT,FR0013230133,LCL Emissions SA 0.0% 23-APR-2027
EURONEXT:AAX9L,EURONEXT,FR1CIBLU0788,Credit Agricole CIB Finance Luxembourg SA 0.0% 09-APR-2035
EURONEXT:AAY7L,EURONEXT,FR1CIBLU1091,Credit Agricole CIB Finance Luxembourg SA 0.0% 08-OCT-2035
SIX:ABB221,SIX,CH1168499775,ABB Ltd. 0.75% 25-MAR-2027
SIX:ABB25,SIX,CH1454185773,ABB Ltd. 0.8725% 23-JUN-2032
SIX:ABB251,SIX,CH1454185781,ABB Ltd. 1.2762% 24-NOV-2036
SIX:ABC26,SIX,CH1504033700,Alphabet Inc. 0.427% 01-MAR-2029
SIX:ABC261,SIX,CH1504033718,Alphabet Inc. 0.89% 03-MAR-2032
SIX:ABC262,SIX,CH1523561939,Alphabet Inc. 1.2525% 03-MAR-2036
SIX:ABC264,SIX,CH1523561954,Alphabet Inc. 1.8675% 03-MAR-2051
EURONEXT:ACALG,EURONEXT,FR0013192762,Credit Agricole S.A. 2.3% 24-OCT-2026
EURONEXT:ACALH,EURONEXT,FR0013218849,Credit Agricole S.A. 2.5% 22-DEC-2026
EURONEXT:ACALS,EURONEXT,FR0013257227,Credit Agricole S.A. 1.4% 20-JUL-2027
EURONEXT:ACALT,EURONEXT,FR0013257185,Credit Agricole S.A. 1.9% 20-JUL-2027
EURONEXT:ACALV,EURONEXT,FR0013279635,Credit Agricole S.A. 1.25% 24-OCT-2027
EURONEXT:ACAMD,EURONEXT,FR0013357399,Credit Agricole S.A. 2.05% 30-OCT-2028
EURONEXT:ACAMG,EURONEXT,FR0013357407,Credit Agricole S.A. 1.4% 30-OCT-2028
EURONEXT:ACAMH,EURONEXT,FR0013382744,Credit Agricole S.A. 2.1% 20-DEC-2028
EURONEXT:ACAMJ,EURONEXT,FR0013396652,Credit Agricole S.A. 1.65% 06-FEB-2029
EURONEXT:ACAMK,EURONEXT,FR0013396645,Credit Agricole S.A. 2.35% 06-FEB-2029
EURONEXT:ACAMV,EURONEXT,FR0013413341,Credit Agricole S.A. 1.15% 07-MAY-2029
EURONEXT:ACAMZ,EURONEXT,FR0013423753,Credit Agricole S.A. 1.0% 26-JUL-2029
EURONEXT:ACAOB,EURONEXT,FR0013513645,Credit Agricole S.A. 2.0% 28-JUL-2030
EURONEXT:ACAOF,EURONEXT,FR0013533254,Credit Agricole S.A. 1.5% 27-OCT-2030
EURONEXT:ACAOT,EURONEXT,FR0014003RK1,Credit Agricole S.A. 1.4% 28-JUL-2031
EURONEXT:ACAQH,EURONEXT,FR01CASA0019,Credit Agricole S.A. 3.2% 02-NOV-2032
EURONEXT:ACAQI,EURONEXT,FR01CASA0050,Credit Agricole S.A. 0.0% 23-NOV-2030
EURONEXT:ACAQQ,EURONEXT,FR01CASA0068,Credit Agricole S.A. 3.5% 23-DEC-2032
EURONEXT:ACAQT,EURONEXT,FR001400F1U4,Credit Agricole S.A. 4.25% 11-JUL-2029
EURONEXT:ACARE,EURONEXT,FRCASA010092,Credit Agricole S.A. 3.7% 28-APR-2033
EURONEXT:ACARG,EURONEXT,FRCASA010084,Credit Agricole S.A. 0.0% 09-MAY-2031
EURONEXT:ACARN,EURONEXT,FRCASA010142,Credit Agricole S.A. 3.75% 27-JUL-2033
EURONEXT:ACARO,EURONEXT,FRCASA010134,Credit Agricole S.A. 0.0% 01-AUG-2031
EURONEXT:ADBA08_PRO,EURONEXT,NO0013583179,Advanzia Bank SA FRN PERP
SIX:ADE22,SIX,CH1214797206,Adecco Group AG 2.3775% 17-NOV-2027
SIX:AFC26,SIX,CH1484612093,Africa Finance Corp. 1.4925% 28-JUL-2031
EURONEXT:AGDER14_PRO,EURONEXT,NO0011109571,Arendal og Omegns Sparekasse FRN 29-SEP-2026
EURONEXT:AGDER25_PRO,EURONEXT,NO0013471219,Agder Sparebank FRN 04-FEB-2030
SIX:AGF25,SIX,CH1428855923,Athene Global Funding 1.3125% 18-MAR-2030
SIX:AGK12,SIX,CH0184636915,Aargauische Kantonalbank 1.6% 18-MAY-2037
SIX:AGK261,SIX,CH1574864281,Aargauische Kantonalbank 1.1% 30-JUN-2036
EURONEXT:AI261,EURONEXT,NL0000102317,Netherlands 5.5% 15-JAN-2028
SIX:AIB14,SIX,XS1051723895,Air Berlin PLC 5.625% 09-MAY-2019
SIX:AIG19,SIX,CH0482172407,Aeroport International de Geneve 0.31% 27-JUN-2029
SIX:AIG21,SIX,CH0593893990,Aeroport International de Geneve 0.95% 25-MAR-2031
SIX:AIG22,SIX,CH1206367430,Aeroport International de Geneve 2.2% 22-SEP-2026
EURONEXT:AKAAS02_PRO,EURONEXT,NO0011029399,AKA AS 3.32% 30-JUN-2028
SIX:ALF261,SIX,CH1523561970,Air Liquide Finance SA 0.9571% 03-MAR-2034
SIX:ALL19,SIX,CH0419041493,Allreal Holding AG 0.4% 26-SEP-2029
SIX:ALL24,SIX,CH1319968579,Allreal Holding AG 2.1% 04-APR-2031
SIX:ALL25,SIX,CH1423931646,Allreal Holding AG 1.375% 29-APR-2032
SIX:ALL26,SIX,CH1562934740,Allreal Holding AG 1.255% 21-JUL-2034
SIX:AMG212,SIX,CH1139995786,AMAG Leasing AG 0.525% 27-OCT-2026
SIX:AMG233,SIX,CH1280994307,AMAG Leasing AG 2.73% 04-SEP-2026
SIX:AMG241,SIX,CH1314941456,AMAG Leasing AG 2.75% 12-FEB-2029
SIX:AMG244,SIX,CH1392903592,AMAG Leasing AG 1.625% 18-DEC-2028
SIX:AMG251,SIX,CH1485826999,AMAG Leasing AG 1.16% 25-SEP-2028
SIX:AMG262,SIX,CH1564488687,AMAG Leasing AG 1.35% 17-DEC-2029
SIX:AMZ261,SIX,CH1538715330,"Amazon.com, Inc. 1.2% 28-MAY-2032"
SIX:AMZ264,SIX,CH1538715363,"Amazon.com, Inc. 1.9389% 25-MAY-2044"
SIX:AMZ265,SIX,CH1538715371,"Amazon.com, Inc. 2.0825% 25-MAY-2051"
FWB:AMZC,FWB,US023135BS49,"Amazon.com, Inc. 1.5% 03-JUN-2030"
TRADEGATE:ANVG,TRADEGATE,DE000A1HG1K6,Allianz Finance II BV 3.0% 13-MAR-2028
SWB:APC1,SWB,US037833DB33,Apple Inc. 2.9% 12-SEP-2027
SWB:APCU,SWB,US037833CJ77,Apple Inc. 3.35% 09-FEB-2027
SIX:AR19,SIX,CH0483180979,State of Appenzell Ausserrhoden 0.0% 16-JUL-2029
MUN:ARARGE3209S,MUN,ARARGE3209S6,Argentine Republic (0.125 % - 1.75 %) Treasury Bonds 2020-09.07.30 Step Up
SWB:ARARGE3209S6,SWB,ARARGE3209S6,Argentine Republic (0.125 % - 1.75 %) Treasury Bonds 2020-09.07.30 Step Up
SIX:ARO25,SIX,CH1477661297,Aroundtown SA 1.5% 18-NOV-2030
SIX:ARO26,SIX,CH1526684712,Aroundtown SA 1.82% 03-FEB-2033
SIX:ASB26,SIX,CH1540977274,ASB Bank Limited 0.7925% 23-APR-2029
EURONEXT:ASKSB29_PRO,EURONEXT,NO0012902123,Askim & Spydeberg Sparebank FRN 27-APR-2028
EURONEXT:ASKSB37_PRO,EURONEXT,NO0013752816,Askim & Spydeberg Sparebank FRN 26-MAY-2031
EURONEXT:AT0000A04967,EURONEXT,AT0000A04967,Government of Austria 4.15% 15-MAR-2037
SWB:AT0000A1ZGE4,SWB,AT0000A1ZGE4,Government of Austria 0.75% 20-FEB-2028
SWB:AT0000A269M8,SWB,AT0000A269M8,Government of Austria 0.5% 20-FEB-2029
SWB:AT0000A26PP6,SWB,AT0000A26PP6,Erste Group Bank AG 1.1% 02-OCT-2026
SWB:AT0000A2KQ43,SWB,AT0000A2KQ43,Government of Austria 0.0% 20-OCT-2040
SWB:AT0000A2WSC8,SWB,AT0000A2WSC8,Government of Austria 0.9% 20-FEB-2032
SWB:AT0000A324S8,SWB,AT0000A324S8,Government of Austria 2.9% 20-FEB-2033
SWB:AT0000A38239,SWB,AT0000A38239,Government of Austria 3.45% 20-OCT-2030
SWB:AT0000A3PGY9,SWB,AT0000A3PGY9,UBM Development AG 6.75% 30-OCT-2030
SWB:AT000B044599,SWB,AT000B044599,UniCredit Bank Austria AG 2.1% 29-JAN-2030
SWB:AT000B126032,SWB,AT000B126032,Bank Austria Wohnbaubank AG 3.0% 25-FEB-2027
SWB:AT000B126057,SWB,AT000B126057,Bank Austria Wohnbaubank AG 3.5% 09-SEP-2027
SWB:AT000B126420,SWB,AT000B126420,Bank Austria Wohnbaubank AG 1.0% 11-APR-2030
SWB:AT000B129218,SWB,AT000B129218,Bank Austria Wohnbaubank AG 3.275% 17-APR-2033
SWB:AT000B129267,SWB,AT000B129267,Bank Austria Wohnbaubank AG 3.23% 28-APR-2037
FWB:AT0A269M,FWB,AT0000A269M8,Government of Austria 0.5% 20-FEB-2029
MUN:AT0A269M,MUN,AT0000A269M8,Government of Austria 0.5% 20-FEB-2029
FWB:AT0A2HLC,FWB,AT0000A2HLC4,Government of Austria 0.85% 30-JUN-2120
FWB:AT0A2NW8,FWB,AT0000A2NW83,Government of Austria 0.0% 20-FEB-2031
FWB:AT0A2T19,FWB,AT0000A2T198,Government of Austria 0.25% 20-OCT-2036
FWB:AT0A2VB4,FWB,AT0000A2VB47,Government of Austria 0.0% 20-OCT-2028
FWB:AT0A320H,FWB,AT0000A320H9,Erste Group Bank AG 3.0% 18-JUL-2028
TRADEGATE:AT0A324S,TRADEGATE,AT0000A324S8,Government of Austria 2.9% 20-FEB-2033
FWB:AT0A33SH,FWB,AT0000A33SH3,Government of Austria 2.9% 23-MAY-2029
TRADEGATE:AT0A33SK,TRADEGATE,AT0000A33SK7,Government of Austria 3.15% 20-OCT-2053
FWB:AT0A39UW,FWB,AT0000A39UW5,Government of Austria 2.9% 20-FEB-2034
TRADEGATE:AT0A3D3Q,TRADEGATE,AT0000A3D3Q8,Government of Austria 3.2% 15-JUL-2039
TRADEGATE:AT0A3EPP,TRADEGATE,AT0000A3EPP2,Government of Austria 2.5% 20-OCT-2029
FWB:AT0A3K8Q,FWB,AT0000A3K8Q8,Biogena Gmbh & Co. Kg 6.5% 01-JUN-2030
TRADEGATE:AT0A3PGY,TRADEGATE,AT0000A3PGY9,UBM Development AG 6.75% 30-OCT-2030
TRADEGATE:AT0A3RVH,TRADEGATE,AT0000A3RVH9,Government of Austria 3.2% 20-FEB-2036
FWB:AT0A3USC,FWB,AT0000A3USC0,Breiteneder Immobilien Parking Konzernfinanzierungs GmbH 4.75% 16-JUN-2032
TRADEGATE:AT0A3V23,TRADEGATE,AT0000A3V234,Government of Austria 3.55% 20-SEP-2041
EUROTLX:AU0000018442,EUROTLX,AU0000018442,Australia 2.75% 21-MAY-2041
EUROTLX:AU0000087454,EUROTLX,AU0000087454,Australia 1.0% 21-DEC-2030
SWB:AU0000300535,SWB,AU0000300535,Australia 4.75% 21-JUN-2054
EUROTLX:AU000XCLWAG2,EUROTLX,AU000XCLWAG2,Australia 4.5% 21-APR-2033
EUROTLX:AU000XCLWAR9,EUROTLX,AU000XCLWAR9,Australia 2.25% 21-MAY-2028
EUROTLX:AU000XCLWAS7,EUROTLX,AU000XCLWAS7,Australia 3.0% 21-MAR-2047
SWB:AU000XCLWAU3,SWB,AU000XCLWAU3,Australia 2.75% 21-NOV-2028
FWB:AU008745,FWB,AU0000087454,Australia 1.0% 21-DEC-2030
FWB:AU009749,FWB,AU0000097495,Australia 1.75% 21-JUN-2051
FWB:AU010179,FWB,AU0000101792,Australia 1.0% 21-NOV-2031
FWB:AU030053,FWB,AU0000300535,Australia 4.75% 21-JUN-2054
MUN:AU3CB024937,MUN,AU3CB0249373,Vodafone Group Public Limited Company 4.2% 13-DEC-2027
FWB:AU3CB027616,FWB,AU3CB0276160,International Finance Corp. 0.75% 24-MAY-2028
SWB:AU3CB0295681,SWB,AU3CB0295681,Asian Development Bank 4.8% 17-JAN-2033
SWB:AU3CB0306934,SWB,AU3CB0306934,KfW 4.65% 28-FEB-2031
SWB:AU3CB0334613,SWB,AU3CB0334613,National Australia Bank Limited 5.378% 12-MAY-2031
FWB:AU3CB033821,FWB,AU3CB0338218,KfW 4.8% 06-AUG-2030
FWB:AU3CB033874,FWB,AU3CB0338747,Alphabet Inc. 6.9% 27-AUG-2046
SWB:AU3SG0002710,SWB,AU3SG0002710,Treasury Corporation of Victoria 4.75% 15-SEP-2036
FWB:AU3SG000276,FWB,AU3SG0002769,Australian Capital Territory 4.5% 23-OCT-2034
FWB:AU3SG000316,FWB,AU3SG0003163,Treasury Corporation of Victoria 5.5% 15-SEP-2039
TRADEGATE:AU3TB000013,TRADEGATE,AU3TB0000135,Australia 4.75% 21-APR-2027
EUROTLX:AU3TB0000135,EUROTLX,AU3TB0000135,Australia 4.75% 21-APR-2027
EUROTLX:AU3TB0000150,EUROTLX,AU3TB0000150,Australia 3.25% 21-APR-2029
EUROTLX:AU3TB0000192,EUROTLX,AU3TB0000192,Australia 3.75% 21-APR-2037
EURONEXT:AUABL,EURONEXT,FR0013245230,Amundi Finance Emissions SA 0.0% 11-JUN-2027
EURONEXT:AUACL,EURONEXT,FR0013254083,Amundi Finance Emissions SA 0.0% 20-JUL-2027
EURONEXT:AUADL,EURONEXT,FR0013254505,Amundi Finance Emissions SA 0.0% 01-SEP-2027
EURONEXT:AUAEL,EURONEXT,FR0013274669,Amundi Finance Emissions SA 0.0% 24-OCT-2027
EURONEXT:AUAFL,EURONEXT,FR0013291465,Amundi Finance Emissions SA 0.0% 21-DEC-2027
EURONEXT:AUAGL,EURONEXT,FR0013274743,Amundi Finance Emissions SA 0.0% 22-DEC-2027
EURONEXT:AUAHL,EURONEXT,FR0013308392,Amundi Finance Emissions SA 0.0% 06-FEB-2028
EURONEXT:AUAML,EURONEXT,FR0013233087,Amundi Finance Emissions SA 0.0% 23-APR-2027
EURONEXT:AUANL,EURONEXT,FR0013241478,Amundi Finance Emissions SA 0.0% 02-MAY-2027
EURONEXT:AUB8L,EURONEXT,FR001400HH81,Amundi Finance Emissions SA 0.0% 28-JUL-2031
EURONEXT:AUC7L,EURONEXT,FR0014009YE7,Amundi Finance Emissions SA 0.0% 08-OCT-2032
EURONEXT:AUC8L,EURONEXT,FR001400BXZ6,Amundi Finance Emissions SA 0.0% 20-DEC-2032
EURONEXT:AUE2L,EURONEXT,FR001400MML6,Amundi Finance Emissions SA 4.51% 05-JUL-2029
EURONEXT:AUE3L,EURONEXT,FR001400MQS2,Amundi Finance Emissions SA 14-MAR-2029
EURONEXT:AUE4L,EURONEXT,FR001400MTN7,Amundi Finance Emissions SA 0.0% 12-MAR-2032
EURONEXT:AUE5L,EURONEXT,FR001400NK21,Amundi Finance Emissions SA 25.6% 19-JUL-2029
EURONEXT:AUE6L,EURONEXT,FR001400NFA1,Amundi Finance Emissions SA 13-JUN-2029
EURONEXT:AUE8L,EURONEXT,FR001400PA13,Amundi Finance Emissions SA 4.5375% 17-SEP-2032
EURONEXT:AUE9L,EURONEXT,FR001400P9A7,Amundi Finance Emissions SA 26.6% 18-JAN-2030
EURONEXT:AUF3L,EURONEXT,FR001400T2O9,Amundi Finance Emissions SA 33.6% 10-JAN-2033
EURONEXT:AURG53_PRO,EURONEXT,NO0011184731,Aurskog Sparebank FRN 23-NOV-2026
EURONEXT:AURG55_PRO,EURONEXT,NO0012757733,Aurskog Sparebank FRN 18-MAR-2027
EURONEXT:AURG56_PRO,EURONEXT,NO0012894577,Aurskog Sparebank FRN 14-OCT-2027
EURONEXT:AURG57_PRO_ESG,EURONEXT,NO0012902792,Aurskog Sparebank FRN 28-APR-2028
EURONEXT:AURG59_PRO,EURONEXT,NO0013004531,Aurskog Sparebank FRN 25-AUG-2028
EURONEXT:AURG62_PRO,EURONEXT,NO0013182741,Aurskog Sparebank FRN 15-JUN-2027
EURONEXT:AURG73_PRO,EURONEXT,NO0013757203,Aurskog Sparebank FRN 25-JUN-2029
SIX:AUS26,SIX,CH1523562028,Government of Austria 1.0525% 20-MAY-2041
EURONEXT:AUUDL,EURONEXT,FR0013196854,Amundi Finance Emissions SA 0.0% 24-OCT-2026
EURONEXT:AUUEL,EURONEXT,FR0013192903,Credit Agricole S.A. 0.0% 24-OCT-2026
EURONEXT:AUUFL,EURONEXT,FR0013217817,Credit Agricole S.A. 0.0% 22-DEC-2026
EURONEXT:AUUGL,EURONEXT,FR0013217015,Amundi Finance Emissions SA 0.0% 22-DEC-2026
EURONEXT:AUUHL,EURONEXT,FR0013196995,Amundi Finance Emissions SA 0.0% 21-DEC-2026
EURONEXT:AUUIL,EURONEXT,FR0013224714,Credit Agricole S.A. 0.0% 08-FEB-2027
EURONEXT:AUUJL,EURONEXT,FR0013227998,Amundi Finance Emissions SA 0.0% 08-FEB-2027
EURONEXT:AUULL,EURONEXT,FR0013245578,Credit Agricole S.A. 0.0% 02-MAY-2027
EURONEXT:AUUML,EURONEXT,FR0013257094,Credit Agricole S.A. 0.0% 20-JUL-2027
FWB:AUXCLWAG,FWB,AU000XCLWAG2,Australia 4.5% 21-APR-2033
TRADEGATE:AUXCLWAM,TRADEGATE,AU000XCLWAM0,Australia 2.75% 21-JUN-2035
TRADEGATE:AUXCLWAS,TRADEGATE,AU000XCLWAS7,Australia 3.0% 21-MAR-2047
SIX:AXP221,SIX,CH1204259779,Axpo Holding AG 2.0% 15-SEP-2026
SIX:AXP23,SIX,CH1293238015,Axpo Holding AG 2.5% 22-SEP-2026
EUROTLX:B06467,EUROTLX,XS2615064677,BNP Paribas Issuance B.V. 2.3% 15-OCT-2027
EURONEXT:B271,EURONEXT,BE3871271016,Government of Belgium 0.6% 04-DEC-2026
EURONEXT:B281,EURONEXT,BE3871281114,Government of Belgium 1.3% 04-JUN-2032
EURONEXT:B285,EURONEXT,BE3871285156,Government of Belgium 2.0% 04-DEC-2027
EURONEXT:B288,EURONEXT,BE3871288184,Government of Belgium 3.0% 04-MAR-2033
EURONEXT:B291,EURONEXT,BE0000291972,Belgium 5.5% 28-MAR-2028
EURONEXT:B344,EURONEXT,BE0000344532,Belgium 1.45% 22-JUN-2037
EURONEXT:B347,EURONEXT,BE0000347568,Belgium 0.9% 22-JUN-2029
EURONEXT:B349,EURONEXT,BE0000349580,Belgium 0.1% 22-JUN-2030
EURONEXT:B350,EURONEXT,BE0000350596,Belgium 0.4% 22-JUN-2040
EURONEXT:B351,EURONEXT,BE0000351602,Belgium 0.0% 22-OCT-2027
EURONEXT:B352,EURONEXT,BE0000352618,Belgium 0.0% 22-OCT-2031
EURONEXT:B354,EURONEXT,BE0000354630,Belgium 0.35% 22-JUN-2032
EUROTLX:B40584,EUROTLX,XS2647405849,BNP Paribas Issuance B.V. 1.15% 29-DEC-2027
EUROTLX:BA2258,EUROTLX,XS2800922580,Barclays Bank PLC 10-JUL-2028
EUROTLX:BA7744,EUROTLX,XS2808977446,Barclays Bank PLC 25-JUL-2029
SIX:BAA24,SIX,CH1376931585,Heathrow Funding Limited 1.5225% 03-DEC-2032
SIX:BAC22,SIX,CH1142754329,Bank of America Corporation 0.4225% 23-NOV-2029
SIX:BAC241.EUR,SIX,BE6352800765,Barry Callebaut Services N.V. 4.0% 14-JUN-2029
SIX:BAC251.EUR,SIX,BE6360448615,Barry Callebaut Services N.V. 3.75% 19-FEB-2028
SIX:BAC252.EUR,SIX,BE6360449621,Barry Callebaut Services N.V. 4.25% 19-AUG-2031
SIX:BAL192,SIX,CH0496692978,Baloise Holding AG 0.0% 25-SEP-2026
SIX:BAL20,SIX,CH0553331817,Baloise Holding AG 0.25% 16-DEC-2026
SIX:BAR23,SIX,CH1314941423,Barry Callebaut AG 1.95% 24-JAN-2028
SIX:BAR231,SIX,CH1314941431,Barry Callebaut AG 2.3% 23-JAN-2032
SIX:BAR243,SIX,CH1348614061,Barry Callebaut AG 2.4% 17-MAY-2034
SIX:BAR244,SIX,CH1400064569,Barry Callebaut AG 1.8% 21-JAN-2031
SWB:BASK,SWB,XS1718418103,BASF SE 0.875% 15-NOV-2027
SWB:BB06,SWB,DE0001135069,Germany 5.625% 04-JAN-2028
GETTEX:BB06,GETTEX,DE0001135069,Germany 5.625% 04-JAN-2028
HAM:BB06,HAM,DE0001135069,Germany 5.625% 04-JAN-2028
TRADEGATE:BB06,TRADEGATE,DE0001135069,Germany 5.625% 04-JAN-2028
TRADEGATE:BB08,TRADEGATE,DE0001135085,Germany 4.75% 04-JUL-2028
TRADEGATE:BB14,TRADEGATE,DE0001135143,Germany 6.25% 04-JAN-2030
SWB:BB14,SWB,DE0001135143,Germany 6.25% 04-JAN-2030
HAM:BB14,HAM,DE0001135143,Germany 6.25% 04-JAN-2030
FWB:BB14,FWB,DE0001135143,Germany 6.25% 04-JAN-2030
GETTEX:BB17,GETTEX,DE0001135176,Germany 5.5% 04-JAN-2031
SWB:BB17,SWB,DE0001135176,Germany 5.5% 04-JAN-2031
FWB:BB22,FWB,DE0001135226,Germany 4.75% 04-JUL-2034
TRADEGATE:BB22,TRADEGATE,DE0001135226,Germany 4.75% 04-JUL-2034
HAM:BB22,HAM,DE0001135226,Germany 4.75% 04-JUL-2034
HAM:BB27,HAM,DE0001135275,Germany 4.0% 04-JAN-2037
TRADEGATE:BB27,TRADEGATE,DE0001135275,Germany 4.0% 04-JAN-2037
GETTEX:BB27,GETTEX,DE0001135275,Germany 4.0% 04-JAN-2037
SWB:BB27,SWB,DE0001135275,Germany 4.0% 04-JAN-2037
HAM:BB32,HAM,DE0001135325,Germany 4.25% 04-JUL-2039
GETTEX:BB36,GETTEX,DE0001135366,Germany 4.75% 04-JUL-2040
FWB:BB36,FWB,DE0001135366,Germany 4.75% 04-JUL-2040
GETTEX:BB43,GETTEX,DE0001135432,Germany 3.25% 04-JUL-2042
TRADEGATE:BB43,TRADEGATE,DE0001135432,Germany 3.25% 04-JUL-2042
SWB:BB43,SWB,DE0001135432,Germany 3.25% 04-JUL-2042
FWB:BB43,FWB,DE0001135432,Germany 3.25% 04-JUL-2042
HAM:BB43,HAM,DE0001135432,Germany 3.25% 04-JUL-2042
TRADEGATE:BB48,TRADEGATE,DE0001135481,Germany 2.5% 04-JUL-2044
FWB:BB48,FWB,DE0001135481,Germany 2.5% 04-JUL-2044
SWB:BB48,SWB,DE0001135481,Germany 2.5% 04-JUL-2044
HAM:BB48,HAM,DE0001135481,Germany 2.5% 04-JUL-2044
FWB:BB54,FWB,DE0001102341,Germany 2.5% 15-AUG-2046
TRADEGATE:BB54,TRADEGATE,DE0001102341,Germany 2.5% 15-AUG-2046
TRADEGATE:BB62,TRADEGATE,DE0001102416,Germany 0.25% 15-FEB-2027
FWB:BB62,FWB,DE0001102416,Germany 0.25% 15-FEB-2027
GETTEX:BB62,GETTEX,DE0001102416,Germany 0.25% 15-FEB-2027
SWB:BB62,SWB,DE0001102416,Germany 0.25% 15-FEB-2027
GETTEX:BB63,GETTEX,DE0001102424,Germany 0.5% 15-AUG-2027
SWB:BB63,SWB,DE0001102424,Germany 0.5% 15-AUG-2027
HAM:BB63,HAM,DE0001102424,Germany 0.5% 15-AUG-2027
TRADEGATE:BB63,TRADEGATE,DE0001102424,Germany 0.5% 15-AUG-2027
TRADEGATE:BB64,TRADEGATE,DE0001102432,Germany 1.25% 15-AUG-2048
HAM:BB64,HAM,DE0001102432,Germany 1.25% 15-AUG-2048
SWB:BB65,SWB,DE0001102440,Germany 0.5% 15-FEB-2028
GETTEX:BB65,GETTEX,DE0001102440,Germany 0.5% 15-FEB-2028
TRADEGATE:BB65,TRADEGATE,DE0001102440,Germany 0.5% 15-FEB-2028
FWB:BB65,FWB,DE0001102440,Germany 0.5% 15-FEB-2028
HAM:BB66,HAM,DE0001102457,Germany 0.25% 15-AUG-2028
GETTEX:BB66,GETTEX,DE0001102457,Germany 0.25% 15-AUG-2028
FWB:BB66,FWB,DE0001102457,Germany 0.25% 15-AUG-2028
SWB:BB66,SWB,DE0001102457,Germany 0.25% 15-AUG-2028
HAM:BB67,HAM,DE0001102465,Germany 0.25% 15-FEB-2029
FWB:BB68,FWB,DE0001102473,Germany 0.0% 15-AUG-2029
HAM:BB68,HAM,DE0001102473,Germany 0.0% 15-AUG-2029
TRADEGATE:BB68,TRADEGATE,DE0001102473,Germany 0.0% 15-AUG-2029
GETTEX:BB68,GETTEX,DE0001102473,Germany 0.0% 15-AUG-2029
GETTEX:BB69,GETTEX,DE0001102481,Germany 0.0% 15-AUG-2050
FWB:BB69,FWB,DE0001102481,Germany 0.0% 15-AUG-2050
TRADEGATE:BB69,TRADEGATE,DE0001102481,Germany 0.0% 15-AUG-2050
HAM:BB69,HAM,DE0001102481,Germany 0.0% 15-AUG-2050
HAM:BB70,HAM,DE0001102499,Germany 0.0% 15-FEB-2030
HAM:BB71,HAM,DE0001102523,Germany 0.0% 15-NOV-2027
GETTEX:BB71,GETTEX,DE0001102523,Germany 0.0% 15-NOV-2027
TRADEGATE:BB71,TRADEGATE,DE0001102523,Germany 0.0% 15-NOV-2027
FWB:BB71,FWB,DE0001102523,Germany 0.0% 15-NOV-2027
HAM:BB72,HAM,DE0001102515,Germany 0.0% 15-MAY-2035
GETTEX:BB72,GETTEX,DE0001102515,Germany 0.0% 15-MAY-2035
TRADEGATE:BB72,TRADEGATE,DE0001102515,Germany 0.0% 15-MAY-2035
FWB:BB72,FWB,DE0001102515,Germany 0.0% 15-MAY-2035
GETTEX:BB73,GETTEX,DE0001102507,Germany 0.0% 15-AUG-2030
FWB:BB73,FWB,DE0001102507,Germany 0.0% 15-AUG-2030
GETTEX:BB74,GETTEX,DE0001030708,Germany 0.0% 15-AUG-2030
HAM:BB74,HAM,DE0001030708,Germany 0.0% 15-AUG-2030
GETTEX:BB75,GETTEX,DE0001102531,Germany 0.0% 15-FEB-2031
FWB:BB76,FWB,DE0001102549,Germany 0.0% 15-MAY-2036
HAM:BB76,HAM,DE0001102549,Germany 0.0% 15-MAY-2036
TRADEGATE:BB76,TRADEGATE,DE0001102549,Germany 0.0% 15-MAY-2036
GETTEX:BB76,GETTEX,DE0001102549,Germany 0.0% 15-MAY-2036
GETTEX:BB77,GETTEX,DE0001102556,Germany 0.0% 15-NOV-2028
FWB:BB77,FWB,DE0001102556,Germany 0.0% 15-NOV-2028
TRADEGATE:BB77,TRADEGATE,DE0001102556,Germany 0.0% 15-NOV-2028
HAM:BB77,HAM,DE0001102556,Germany 0.0% 15-NOV-2028
TRADEGATE:BB78,TRADEGATE,DE0001030724,Germany 0.0% 15-AUG-2050
HAM:BB78,HAM,DE0001030724,Germany 0.0% 15-AUG-2050
GETTEX:BB79,GETTEX,DE0001102564,Germany 0.0% 15-AUG-2031
FWB:BB80,FWB,DE0001102572,Germany 0.0% 15-AUG-2052
GETTEX:BB80,GETTEX,DE0001102572,Germany 0.0% 15-AUG-2052
TRADEGATE:BB80,TRADEGATE,DE0001102572,Germany 0.0% 15-AUG-2052
GETTEX:BB81,GETTEX,DE0001030732,Germany 0.0% 15-AUG-2031
HAM:BB82,HAM,DE0001102580,Germany 0.0% 15-FEB-2032
TRADEGATE:BB82,TRADEGATE,DE0001102580,Germany 0.0% 15-FEB-2032
DUS:BB83,DUS,DE0001102598,Germany 1.0% 15-MAY-2038
FWB:BB83,FWB,DE0001102598,Germany 1.0% 15-MAY-2038
GETTEX:BB84,GETTEX,DE0001102606,Germany 1.7% 15-AUG-2032
TRADEGATE:BB84,TRADEGATE,DE0001102606,Germany 1.7% 15-AUG-2032
HAM:BB84,HAM,DE0001102606,Germany 1.7% 15-AUG-2032
HAM:BB85,HAM,DE0001030740,Germany 1.3% 15-OCT-2027
GETTEX:BB85,GETTEX,DE0001030740,Germany 1.3% 15-OCT-2027
GETTEX:BB86,GETTEX,DE0001102622,Germany 2.1% 15-NOV-2029
HAM:BB86,HAM,DE0001102622,Germany 2.1% 15-NOV-2029
TRADEGATE:BB86,TRADEGATE,DE0001102622,Germany 2.1% 15-NOV-2029
FWB:BB87,FWB,DE0001102614,Germany 1.8% 15-AUG-2053
TRADEGATE:BB87,TRADEGATE,DE0001102614,Germany 1.8% 15-AUG-2053
GETTEX:BB87,GETTEX,DE0001102614,Germany 1.8% 15-AUG-2053
HAM:BB87,HAM,DE0001102614,Germany 1.8% 15-AUG-2053
GETTEX:BB88,GETTEX,DE000BU2Z007,Germany 2.3% 15-FEB-2033
HAM:BB88,HAM,DE000BU2Z007,Germany 2.3% 15-FEB-2033
TRADEGATE:BB88,TRADEGATE,DE000BU2Z007,Germany 2.3% 15-FEB-2033
TRADEGATE:BB89,TRADEGATE,DE000BU3Z005,Germany 2.3% 15-FEB-2033
GETTEX:BB91,GETTEX,DE000BU2Z015,Germany 2.6% 15-AUG-2033
FWB:BB91,FWB,DE000BU2Z015,Germany 2.6% 15-AUG-2033
TRADEGATE:BB91,TRADEGATE,DE000BU2Z015,Germany 2.6% 15-AUG-2033
HAM:BB91,HAM,DE000BU2Z015,Germany 2.6% 15-AUG-2033
TRADEGATE:BB92,TRADEGATE,DE000BU27006,Germany 2.4% 15-NOV-2030
FWB:BB92,FWB,DE000BU27006,Germany 2.4% 15-NOV-2030
GETTEX:BB92,GETTEX,DE000BU27006,Germany 2.4% 15-NOV-2030
HAM:BB92,HAM,DE000BU27006,Germany 2.4% 15-NOV-2030
HAM:BB93,HAM,DE000BU2Z023,Germany 2.2% 15-FEB-2034
GETTEX:BB93,GETTEX,DE000BU2Z023,Germany 2.2% 15-FEB-2034
FWB:BB94,FWB,DE000BU2D004,Germany 2.5% 15-AUG-2054
DUS:BB95,DUS,DE000BU2F009,Germany 2.6% 15-MAY-2041
GETTEX:BB95,GETTEX,DE000BU2F009,Germany 2.6% 15-MAY-2041
HAM:BB95,HAM,DE000BU2F009,Germany 2.6% 15-MAY-2041
GETTEX:BB96,GETTEX,DE000BU2Z031,Germany 2.6% 15-AUG-2034
HAM:BB96,HAM,DE000BU2Z031,Germany 2.6% 15-AUG-2034
TRADEGATE:BB96,TRADEGATE,DE000BU2Z031,Germany 2.6% 15-AUG-2034
FWB:BB96,FWB,DE000BU2Z031,Germany 2.6% 15-AUG-2034
SIX:BBV221,SIX,CH1228837907,"Banco Bilbao Vizcaya Argentaria, S.A. 2.77% 28-NOV-2028"
FWB:BC0K2H,FWB,DE000BC0K2H7,Barclays Bank PLC 2.85% 11-MAY-2027
SIX:BCA19,SIX,CH0419041139,Bank Cler AG 0.375% 26-APR-2027
SIX:BCG261.EUR,SIX,CH1578978947,Banque Cantonale de Geneve 3.432% 07-JUL-2031
SIX:BCH241,SIX,CH1361401891,Burckhardt Compression Holding AG 1.5606% 29-SEP-2028
SIX:BCM25,SIX,CH1477661255,Banque Federative du Credit Mutuel Societe anonyme 1.3375% 30-SEP-2033
SIX:BCN24,SIX,CH1346742864,Banque Cantonale Neuchateloise 1.5% 23-MAY-2034
EURONEXT:BCNSB,EURONEXT,PTCON2OE0007,Government of Portugal 3.0% PERP
SIX:BCR200,SIX,CH0506071239,Banco de Credito e Inversiones SA 0.1% 18-SEP-2026
SIX:BCV023,SIX,CH1267329279,Banque Cantonale Vaudoise 2.1% 07-JUN-2032
SIX:BCV252,SIX,CH1501970607,Banque Cantonale Vaudoise 0.95% 28-NOV-2034
LSE:BD82,LSE,GB0001111284,Henry Boot PLC 5 1/4 % Cum.Pref.Shs
SWB:BE0000347568,SWB,BE0000347568,Belgium 0.9% 22-JUN-2029
SWB:BE0000360694,SWB,BE0000360694,Belgium 2.85% 22-OCT-2034
EURONEXT:BE0000363722,EURONEXT,BE0000363722,Belgium 3.1% 22-JUN-2035
EURONEXT:BE0002735166,EURONEXT,BE0002735166,Bekaert SA 2.75% 23-OCT-2027
EURONEXT:BE0002737188,EURONEXT,BE0002737188,ATENOR s.a. 3.875% 23-OCT-2026
EURONEXT:BE0002775568,EURONEXT,BE0002775568,ATENOR s.a. 3.5% 19-MAR-2027
EURONEXT:BE0002827088,EURONEXT,BE0002827088,Immobel SA 3.0% 12-MAY-2028
EURONEXT:BE0002920016,EURONEXT,BE0002920016,Colruyt Group N.V. 4.25% 21-FEB-2028
EURONEXT:BE0002924059,EURONEXT,BE0002924059,KBC Bank Naamloze Vennootschap 3.125% 22-FEB-2027
EURONEXT:BE0002976570,EURONEXT,BE0002976570,UCB SA 5.2% 21-NOV-2029
FWB:BE035766,FWB,BE0000357666,Belgium 3.0% 22-JUN-2033
FWB:BE036069,FWB,BE0000360694,Belgium 2.85% 22-OCT-2034
TRADEGATE:BE036170,TRADEGATE,BE0000361700,Belgium 3.5% 22-JUN-2055
TRADEGATE:BE036574,TRADEGATE,BE0000365743,Belgium 2.6% 22-OCT-2030
EURONEXT:BE0390267368,EURONEXT,BE0390267368,Kinepolis Group NV 5.0% 03-DEC-2030
EURONEXT:BE3871290206,EURONEXT,BE3871290206,Government of Belgium 3.0% 04-JUN-2033
EURONEXT:BE3871292228,EURONEXT,BE3871292228,Government of Belgium 2.6% 11-DEC-2028
EURONEXT:BE3871293234,EURONEXT,BE3871293234,Government of Belgium 2.9% 11-DEC-2031
EURONEXT:BE3871303330,EURONEXT,BE3871303330,Government of Belgium 2.9% 04-MAR-2035
EURONEXT:BE3871306366,EURONEXT,BE3871306366,Government of Belgium 1.9% 04-SEP-2026
EURONEXT:BE3871307372,EURONEXT,BE3871307372,Government of Belgium 3.2% 04-SEP-2035
EURONEXT:BE3871308388,EURONEXT,BE3871308388,Government of Belgium 2.0% 04-DEC-2026
EUROTLX:BE6285457519,EUROTLX,BE6285457519,Anheuser-Busch InBev NV/SA 2.75% 17-MAR-2036
SWB:BE6285457519,SWB,BE6285457519,Anheuser-Busch InBev NV/SA 2.75% 17-MAR-2036
SIX:BEC173,SIX,CH0360172701,Banco del Estado de Chile S.A. 0.575% 07-APR-2027
SIX:BEC25,SIX,CH1487332079,Banco del Estado de Chile S.A. 1.035% 29-OCT-2030
SIX:BEK22,SIX,CH1148728129,Berner Kantonalbank AG 0.85% 21-JAN-2032
SIX:BEK511,SIX,CH1416797517,Berner Kantonalbank AG 0.95% 15-DEC-2033
SIX:BEL22,SIX,CH1170565761,Bell Food Group AG 1.55% 16-MAY-2029
SIX:BEL23,SIX,CH1300277865,Bell Food Group AG 2.3% 15-OCT-2026
SIX:BELL28,SIX,CH0398678919,Bell Food Group AG 0.75% 01-FEB-2028
SIX:BFC20,SIX,CH0517825292,Banque Federative du Credit Mutuel Societe anonyme 0.2% 03-NOV-2028
SIX:BFC23,SIX,CH1242969199,Banque Federative du Credit Mutuel Societe anonyme 2.3% 30-JAN-2027
EURONEXT:BFCPY,EURONEXT,PTFCPYOM0004,Futebol Clube do Porto Futebol SAD 6.25% 07-DEC-2026
EURONEXT:BGNVA,EURONEXT,PTGNVAOM0000,"GreenVolt - Energias Renovaveis, S.A. 2.625% 10-NOV-2028"
TRADEGATE:BHY0GM,TRADEGATE,DE000BHY0GM2,Berlin Hyp AG 3.0% 10-JAN-2033
TRADEGATE:BHY0GT,TRADEGATE,DE000BHY0GT7,Berlin Hyp AG 2.875% 24-MAY-2030
LSX:BHY3ND,LSX,DE000BHY3ND1,Berlin Hyp AG 2.625% 05-FEB-2029
LS:BHY4US,LS,DE000BHY4US2,Berlin Hyp AG 2.75% 19-NOV-2032
SIX:BIE26,SIX,CH1522231211,City of Biel 1.0% 03-MAR-2036
EURONEXT:BIEN11_PRO,EURONEXT,NO0013741892,Bien Sparebank ASA FRN 05-MAY-2031
SIX:BIF142,SIX,CH0253514761,B.A.T. International Finance Plc 1.375% 08-SEP-2026
SIX:BJB26,SIX,CH1515238660,Bank Julius Bar & Co. AG 1.05% 30-APR-2029
EURONEXT:BJLLD,EURONEXT,PTJLLDOM0016,"CUF, S.A. FRN 22-JAN-2027"
EURONEXT:BKK49_PRO_ESG,EURONEXT,NO0010873003,Eviny AS FRN 20-JAN-2027
SIX:BKW019,SIX,CH0487087295,BKW AG 0.25% 29-JUL-2027
SIX:BKW26,SIX,CH1523562002,BKW AG 1.125% 27-APR-2032
GETTEX:BL55,GETTEX,DE0001030559,Government of Germany 0.5% 15-APR-2030
FWB:BL57,FWB,DE0001030575,Government of Germany 0.1% 15-APR-2046
GETTEX:BL58,GETTEX,DE0001030583,Government of Germany 0.1% 15-APR-2033
FWB:BL58,FWB,DE0001030583,Government of Germany 0.1% 15-APR-2033
MUN:BL58,MUN,DE0001030583,Government of Germany 0.1% 15-APR-2033
GETTEX:BLB6J0,GETTEX,DE000BLB6J02,Bayerische Landesbank 3.5% 11-JAN-2027
TRADEGATE:BLB6J0,TRADEGATE,DE000BLB6J02,Bayerische Landesbank 3.5% 11-JAN-2027
TRADEGATE:BLB6J1,TRADEGATE,DE000BLB6J10,Bayerische Landesbank 2.875% 15-JUL-2030
SIX:BLK203,SIX,CH0592087230,Basellandschaftliche Kantonalbank 0.01% 28-JAN-2033
EURONEXT:BMENY,EURONEXT,PTMENYOM0005,"Mota-Engil, SGPS, S.A. 4.25% 02-DEC-2026"
EURONEXT:BMENZ,EURONEXT,PTMENZOM0004,"Mota-Engil, SGPS, S.A. 5.75% 20-OCT-2027"
TRADEGATE:BMFF,TRADEGATE,XS2055728054,BMW Finance NV 0.375% 24-SEP-2027
GETTEX:BMFF,GETTEX,XS2055728054,BMW Finance NV 0.375% 24-SEP-2027
SIX:BMW25,SIX,CH1376931536,BMW International Investment BV 1.2% 09-OCT-2028
SIX:BMW26,SIX,CH1376931544,BMW International Investment BV 1.4% 08-OCT-2032
EURONEXT:BNB100_PRO,EURONEXT,NO0012781923,BN Bank ASA FRN 13-DEC-2028
EURONEXT:BNB110_PRO,EURONEXT,NO0013234492,BN Bank ASA FRN 23-JUL-2029
EURONEXT:BNB117_PRO,EURONEXT,NO0013710749,BN Bank ASA FRN 08-APR-2031
EURONEXT:BNB96_PRO,EURONEXT,NO0011121808,BN Bank ASA 2.3% 11-OCT-2028
EURONEXT:BNB99_PRO,EURONEXT,NO0012626060,BN Bank ASA 4.07% 18-NOV-2027
SIX:BNG25,SIX,CH1400064551,BNG Bank N.V. 0.9175% 24-JAN-2040
EURONEXT:BNORE26_PRO_ESG,EURONEXT,NO0012548850,Bane NOR Eiendom AS FRN 16-JUN-2027
EURONEXT:BNORE34_PRO_ESG,EURONEXT,NO0013502385,Bane NOR Eiendom AS FRN 12-JUN-2030
SIX:BNS021,SIX,CH1121837251,Bank of Nova Scotia 0.3025% 30-JUL-2031
SIX:BNS25,SIX,CH1423036842,Bank of Nova Scotia 1.325% 18-MAR-2033
SIX:BNZ01,SIX,CH1148308740,Bank of New Zealand 0.3625% 14-DEC-2029
TRADEGATE:BO84,TRADEGATE,DE0001141844,Germany 0.0% 09-OCT-2026
FWB:BO84,FWB,DE0001141844,Germany 0.0% 09-OCT-2026
TRADEGATE:BO85,TRADEGATE,DE0001141851,Germany 0.0% 16-APR-2027
HAM:BO85,HAM,DE0001141851,Germany 0.0% 16-APR-2027
GETTEX:BO85,GETTEX,DE0001141851,Germany 0.0% 16-APR-2027
FWB:BO85,FWB,DE0001141851,Germany 0.0% 16-APR-2027
GETTEX:BO86,GETTEX,DE0001141869,Germany 1.3% 15-OCT-2027
HAM:BO86,HAM,DE0001141869,Germany 1.3% 15-OCT-2027
GETTEX:BO87,GETTEX,DE000BU25000,Germany 2.2% 13-APR-2028
TRADEGATE:BO87,TRADEGATE,DE000BU25000,Germany 2.2% 13-APR-2028
FWB:BO87,FWB,DE000BU25000,Germany 2.2% 13-APR-2028
GETTEX:BO88,GETTEX,DE000BU25018,Germany 2.4% 19-OCT-2028
TRADEGATE:BO88,TRADEGATE,DE000BU25018,Germany 2.4% 19-OCT-2028
TRADEGATE:BO89,TRADEGATE,DE000BU25026,Germany 2.1% 12-APR-2029
GETTEX:BO89,GETTEX,DE000BU25026,Germany 2.1% 12-APR-2029
HAM:BO89,HAM,DE000BU25026,Germany 2.1% 12-APR-2029
FWB:BO89,FWB,DE000BU25026,Germany 2.1% 12-APR-2029
GETTEX:BO90,GETTEX,DE000BU25034,Germany 2.5% 11-OCT-2029
FWB:BO90,FWB,DE000BU25034,Germany 2.5% 11-OCT-2029
HAM:BO90,HAM,DE000BU25034,Germany 2.5% 11-OCT-2029
MUN:BO90,MUN,DE000BU25034,Germany 2.5% 11-OCT-2029
TRADEGATE:BO90,TRADEGATE,DE000BU25034,Germany 2.5% 11-OCT-2029
SIX:BOB24,SIX,CH1321481488,Bobst Group SA 2.545% 31-JAN-2029
SIX:BOB25,SIX,CH1478430791,Bobst Group SA 2.05% 30-SEP-2030
LSE:BP.A,LSE,GB0001385250,BP PLC 8 % Cum.1st Pref.Shs
LSE:BP.B,LSE,GB0001385474,BP PLC 9 % Cum.2nd Pref.Shs
SIX:BPC241,SIX,CH1331113535,BPCE Societe anonyme 2.045% 15-MAR-2032
SIX:BPC251,SIX,CH1423036891,BPCE Societe anonyme 1.4175% 14-MAR-2033
EURONEXT:BPCEB,EURONEXT,FR001400COI9,BPCE Societe anonyme 3.5% 28-OCT-2027
EURONEXT:BPCEH,EURONEXT,FR001400F075,BPCE Societe anonyme 4.375% 13-JUL-2028
EURONEXT:BPCFL,EURONEXT,FR001400FOM4,BPCE Societe anonyme 4.0% 14-APR-2028
EURONEXT:BPCOG,EURONEXT,FR0012401636,BPCE Societe anonyme 3.1% 17-FEB-2027
SIX:BPP24,SIX,CH1356570338,BP Capital Markets p.l.c. 1.535% 30-SEP-2031
EURONEXT:BRFI51_PRO,EURONEXT,NO0011203457,Brage Finans AS FRN 15-DEC-2026
EURONEXT:BRFI59_PRO,EURONEXT,NO0012904194,Brage Finans AS FRN 04-MAY-2028
EURONEXT:BRFI63_PRO,EURONEXT,NO0013081364,Brage Finans AS FRN 01-MAR-2027
EURONEXT:BRFI64_PRO,EURONEXT,NO0013121160,Brage Finans AS FRN 16-JAN-2029
EURONEXT:BRFI68_PRO,EURONEXT,NO0013321380,Brage Finans AS FRN 30-AUG-2027
EURONEXT:BRFI69_PRO,EURONEXT,NO0013321398,Brage Finans AS FRN 30-AUG-2029
EURONEXT:BRFI70_PRO,EURONEXT,NO0013457291,Brage Finans AS FRN 13-DEC-2027
TRADEGATE:BRIN,TRADEGATE,US105756BB58,Government of Brazil 8.25% 20-JAN-2034
FWB:BRIN,FWB,US105756BB58,Government of Brazil 8.25% 20-JAN-2034
FWB:BRIV,FWB,US105756AL40,Government of Brazil 12.25% 06-MAR-2030
SIX:BS194,SIX,CH0505011947,"Banco Santander, S.A. 0.2% 19-NOV-2027"
SIX:BS253,SIX,CH1412302916,"Banco Santander, S.A. 1.3225% 28-JAN-2033"
SIX:BS261,SIX,CH1512676862,"Banco Santander, S.A. 0.9025% 29-JAN-2031"
FWB:BS88,FWB,DE000BU22064,Germany 2.7% 17-SEP-2026
SIX:BSC24,SIX,CH1300950032,Banco Santander-Chile 2.445% 25-JAN-2027
SIX:BSK12,SIX,CH0149549575,Basler Kantonalbank 1.5% 02-MAR-2027
SIX:BSL20,SIX,CH0554992062,Basilea Pharmaceutica AG 3.25% 28-JUL-2027
EURONEXT:BSTAR01_PRO,EURONEXT,NO0013698365,Brightstar Resources Limited 12.5% 18-MAR-2030
SWB:BTG4,SWB,DE0005229942,Bertelsmann SE & Co. KGaA. 15 % Pref
EURONEXT:BTGNV,EURONEXT,PTGNVGOM0004,"GreenVolt - Energias Renovaveis, S.A. 5.2% 18-NOV-2027"
GETTEX:BU0E33,GETTEX,DE000BU0E337,Government of Germany 0.0% 16-SEP-2026
GETTEX:BU0E34,GETTEX,DE000BU0E345,Government of Germany 0.0% 14-OCT-2026
TRADEGATE:BU0E34,TRADEGATE,DE000BU0E345,Government of Germany 0.0% 14-OCT-2026
TRADEGATE:BU0E35,TRADEGATE,DE000BU0E352,Government of Germany 0.0% 18-NOV-2026
GETTEX:BU0E35,GETTEX,DE000BU0E352,Government of Germany 0.0% 18-NOV-2026
TRADEGATE:BU0E36,TRADEGATE,DE000BU0E360,Government of Germany 0.0% 13-JAN-2027
GETTEX:BU0E36,GETTEX,DE000BU0E360,Government of Germany 0.0% 13-JAN-2027
GETTEX:BU0E37,GETTEX,DE000BU0E378,Government of Germany 0.0% 09-DEC-2026
TRADEGATE:BU0E37,TRADEGATE,DE000BU0E378,Government of Germany 0.0% 09-DEC-2026
TRADEGATE:BU0E38,TRADEGATE,DE000BU0E386,Government of Germany 0.0% 17-FEB-2027
FWB:BU0E41,FWB,DE000BU0E410,Government of Germany 0.0% 12-MAY-2027
GETTEX:BU0E41,GETTEX,DE000BU0E410,Government of Germany 0.0% 12-MAY-2027
TRADEGATE:BU0E41,TRADEGATE,DE000BU0E410,Government of Germany 0.0% 12-MAY-2027
GETTEX:BU0E42,GETTEX,DE000BU0E428,Government of Germany 0.0% 16-JUN-2027
TRADEGATE:BU0E43,TRADEGATE,DE000BU0E436,Government of Germany 0.0% 14-JUL-2027
HAM:BU2207,HAM,DE000BU22072,Germany 2.0% 10-DEC-2026
GETTEX:BU2207,GETTEX,DE000BU22072,Germany 2.0% 10-DEC-2026
TRADEGATE:BU2207,TRADEGATE,DE000BU22072,Germany 2.0% 10-DEC-2026
GETTEX:BU2208,GETTEX,DE000BU22080,Germany 2.2% 11-MAR-2027
TRADEGATE:BU2208,TRADEGATE,DE000BU22080,Germany 2.2% 11-MAR-2027
FWB:BU2208,FWB,DE000BU22080,Germany 2.2% 11-MAR-2027
LS:BU2208,LS,DE000BU22080,Germany 2.2% 11-MAR-2027
LSX:BU2208,LSX,DE000BU22080,Germany 2.2% 11-MAR-2027
TRADEGATE:BU2209,TRADEGATE,DE000BU22098,Germany 1.7% 10-JUN-2027
GETTEX:BU2209,GETTEX,DE000BU22098,Germany 1.7% 10-JUN-2027
HAM:BU2209,HAM,DE000BU22098,Germany 1.7% 10-JUN-2027
TRADEGATE:BU2210,TRADEGATE,DE000BU22106,Germany 1.9% 16-SEP-2027
HAM:BU2210,HAM,DE000BU22106,Germany 1.9% 16-SEP-2027
GETTEX:BU2210,GETTEX,DE000BU22106,Germany 1.9% 16-SEP-2027
FWB:BU2210,FWB,DE000BU22106,Germany 1.9% 16-SEP-2027
TRADEGATE:BU2211,TRADEGATE,DE000BU22114,Germany 2.0% 16-DEC-2027
HAM:BU2211,HAM,DE000BU22114,Germany 2.0% 16-DEC-2027
FWB:BU2211,FWB,DE000BU22114,Germany 2.0% 16-DEC-2027
FWB:BU2212,FWB,DE000BU22122,Germany 2.1% 15-MAR-2028
HAM:BU2212,HAM,DE000BU22122,Germany 2.1% 15-MAR-2028
TRADEGATE:BU2212,TRADEGATE,DE000BU22122,Germany 2.1% 15-MAR-2028
FWB:BU2213,FWB,DE000BU22130,Germany 2.5% 14-JUN-2028
GETTEX:BU2213,GETTEX,DE000BU22130,Germany 2.5% 14-JUN-2028
TRADEGATE:BU2213,TRADEGATE,DE000BU22130,Germany 2.5% 14-JUN-2028
HAM:BU2213,HAM,DE000BU22130,Germany 2.5% 14-JUN-2028
MUN:BU2213,MUN,DE000BU22130,Germany 2.5% 14-JUN-2028
HAM:BU2214,HAM,DE000BU22148,Germany 2.7% 13-SEP-2028
TRADEGATE:BU2214,TRADEGATE,DE000BU22148,Germany 2.7% 13-SEP-2028
FWB:BU2214,FWB,DE000BU22148,Germany 2.7% 13-SEP-2028
LSX:BU2500,LSX,DE000BU25000,Germany 2.2% 13-APR-2028
LSX:BU2501,LSX,DE000BU25018,Germany 2.4% 19-OCT-2028
LS:BU2501,LS,DE000BU25018,Germany 2.4% 19-OCT-2028
TRADEGATE:BU2504,TRADEGATE,DE000BU25042,Germany 2.4% 18-APR-2030
FWB:BU2504,FWB,DE000BU25042,Germany 2.4% 18-APR-2030
LSX:BU2504,LSX,DE000BU25042,Germany 2.4% 18-APR-2030
HAM:BU2504,HAM,DE000BU25042,Germany 2.4% 18-APR-2030
GETTEX:BU2504,GETTEX,DE000BU25042,Germany 2.4% 18-APR-2030
TRADEGATE:BU2505,TRADEGATE,DE000BU25059,Germany 2.2% 10-OCT-2030
GETTEX:BU2505,GETTEX,DE000BU25059,Germany 2.2% 10-OCT-2030
HAM:BU2505,HAM,DE000BU25059,Germany 2.2% 10-OCT-2030
GETTEX:BU2506,GETTEX,DE000BU25067,Germany 2.5% 16-APR-2031
FWB:BU2506,FWB,DE000BU25067,Germany 2.5% 16-APR-2031
TRADEGATE:BU2506,TRADEGATE,DE000BU25067,Germany 2.5% 16-APR-2031
HAM:BU2506,HAM,DE000BU25067,Germany 2.5% 16-APR-2031
FWB:BU2507,FWB,DE000BU25075,Germany 2.9% 08-OCT-2031
MUN:BU2507,MUN,DE000BU25075,Germany 2.9% 08-OCT-2031
HAM:BU2507,HAM,DE000BU25075,Germany 2.9% 08-OCT-2031
TRADEGATE:BU2507,TRADEGATE,DE000BU25075,Germany 2.9% 08-OCT-2031
TRADEGATE:BU2701,TRADEGATE,DE000BU27014,Germany 2.5% 15-NOV-2032
HAM:BU2701,HAM,DE000BU27014,Germany 2.5% 15-NOV-2032
LS:BU2D00,LS,DE000BU2D004,Germany 2.5% 15-AUG-2054
LSX:BU2D00,LSX,DE000BU2D004,Germany 2.5% 15-AUG-2054
HAM:BU2D01,HAM,DE000BU2D012,Germany 2.9% 15-AUG-2056
GETTEX:BU2D01,GETTEX,DE000BU2D012,Germany 2.9% 15-AUG-2056
LS:BU2D01,LS,DE000BU2D012,Germany 2.9% 15-AUG-2056
MUN:BU2D01,MUN,DE000BU2D012,Germany 2.9% 15-AUG-2056
TRADEGATE:BU2D01,TRADEGATE,DE000BU2D012,Germany 2.9% 15-AUG-2056
LSX:BU2D01,LSX,DE000BU2D012,Germany 2.9% 15-AUG-2056
TRADEGATE:BU2T00,TRADEGATE,DE000BU2T000,Germany 3.4% 15-MAY-2047
GETTEX:BU2T00,GETTEX,DE000BU2T000,Germany 3.4% 15-MAY-2047
FWB:BU2T00,FWB,DE000BU2T000,Germany 3.4% 15-MAY-2047
HAM:BU2T00,HAM,DE000BU2T000,Germany 3.4% 15-MAY-2047
LSX:BU2Z00,LSX,DE000BU2Z007,Germany 2.3% 15-FEB-2033
LS:BU2Z00,LS,DE000BU2Z007,Germany 2.3% 15-FEB-2033
TRADEGATE:BU2Z04,TRADEGATE,DE000BU2Z049,Germany 2.5% 15-FEB-2035
FWB:BU2Z04,FWB,DE000BU2Z049,Germany 2.5% 15-FEB-2035
GETTEX:BU2Z04,GETTEX,DE000BU2Z049,Germany 2.5% 15-FEB-2035
HAM:BU2Z04,HAM,DE000BU2Z049,Germany 2.5% 15-FEB-2035
GETTEX:BU2Z05,GETTEX,DE000BU2Z056,Germany 2.6% 15-AUG-2035
HAM:BU2Z05,HAM,DE000BU2Z056,Germany 2.6% 15-AUG-2035
FWB:BU2Z05,FWB,DE000BU2Z056,Germany 2.6% 15-AUG-2035
TRADEGATE:BU2Z05,TRADEGATE,DE000BU2Z056,Germany 2.6% 15-AUG-2035
MUN:BU2Z06,MUN,DE000BU2Z064,Germany 2.9% 15-FEB-2036
GETTEX:BU2Z06,GETTEX,DE000BU2Z064,Germany 2.9% 15-FEB-2036
HAM:BU2Z06,HAM,DE000BU2Z064,Germany 2.9% 15-FEB-2036
TRADEGATE:BU2Z06,TRADEGATE,DE000BU2Z064,Germany 2.9% 15-FEB-2036
HAM:BU2Z07,HAM,DE000BU2Z072,Germany 3.0% 15-AUG-2036
TRADEGATE:BU2Z07,TRADEGATE,DE000BU2Z072,Germany 3.0% 15-AUG-2036
DUS:BU2Z07,DUS,DE000BU2Z072,Germany 3.0% 15-AUG-2036
FWB:BU2Z07,FWB,DE000BU2Z072,Germany 3.0% 15-AUG-2036
MUN:BU3502,MUN,DE000BU35025,Germany 2.1% 12-APR-2029
TRADEGATE:BU3F00,TRADEGATE,DE000BU3F007,Germany 2.6% 15-MAY-2041
SIX:BUH171,SIX,CH0389606085,Buhler Holding AG 0.6% 21-DEC-2026
LSE:BWRA,LSE,GB0001257988,Bristol Water PLC 8 3/4 % Cum.Irred.Pref.Shs
TRADEGATE:BYL0RA,TRADEGATE,DE000BYL0RA8,Bayerische Landesbank 3.125% 02-SEP-2030
FWB:C5SB,FWB,US124857AK99,Paramount Global 4.9% 15-AUG-2044
FWB:CA110709GJ5,FWB,CA110709GJ55,Province of British Columbia 2.95% 18-JUN-2050
EUROTLX:CA135087D358,EUROTLX,CA135087D358,Canada Treasury Bonds 2.75% 01-DEC-2048
FWB:CA135087H23,FWB,CA135087H235,Canada Treasury Bonds 2.0% 01-JUN-2028
EUROTLX:CA135087J397,EUROTLX,CA135087J397,Canada Treasury Bonds 2.25% 01-JUN-2029
SWB:CA135087S547,SWB,CA135087S547,Canada Treasury Bonds 3.0% 01-FEB-2027
SWB:CA135087U287,SWB,CA135087U287,Canada Treasury Bonds 3.25% 01-JUN-2036
EUROTLX:CA135087XW98,EUROTLX,CA135087XW98,Canada Treasury Bonds 5.0% 01-JUN-2037
SWB:CA68333ZAG24,SWB,CA68333ZAG24,Province of Ontario 2.65% 02-DEC-2050
SWB:CA780086XL38,SWB,CA780086XL38,Royal Bank of Canada 4.632% 01-MAY-2028
SIX:CAB17,SIX,CH0373945036,Credit Agricole Home Loan SFH SA 0.25% 27-JUL-2027
SIX:CAF141,SIX,CH0260067779,Corporacion Andina de Fomento 1.5% 01-DEC-2028
EURONEXT:CAJAG,EURONEXT,FR0013308335,Credit Agricole S.A. 1.2% 06-FEB-2028
SIX:CAL22,SIX,CH1154887116,Credit Agricole S.A. 0.41% 18-JAN-2030
SIX:CAL222,SIX,CH1231312690,Credit Agricole S.A. 2.19% 07-DEC-2027
SIX:CAL255,SIX,CH1503892726,Credit Agricole S.A. 1.0075% 11-DEC-2031
SIX:CAL26,SIX,CH1512676904,Credit Agricole S.A. 1.475% 22-JAN-2036
SIX:CAL261,SIX,CH1513428404,Credit Agricole next bank (Suisse) SA 0.9838% 30-JUL-2035
EURONEXT:CARU02_PRO,EURONEXT,NO0013331231,Carucel Property AS FRN 18-SEP-2028
SIX:CBE221,SIX,CH1231312682,Central American Bank for Economic Integration 2.1375% 13-DEC-2027
LSE:CCPA,LSE,GB0004339296,Celtic plc 6 % Conv Pref Registered Shs Convertible
SIX:CDB25,SIX,CH1485827385,Caribbean Development Bank 0.59% 19-NOV-2030
SIX:CDM25,SIX,CH1414003520,Caisse des Depots et Consignations 0.81% 27-FEB-2030
SIX:CFS25,SIX,CH1415780134,Caterpillar Financial Services Corporation 0.6675% 23-MAY-2029
SIX:CFT21,SIX,CH1148266211,Compagnie Financiere Tradition SA 1.875% 20-DEC-2027
SWB:CH0419041527,SWB,CH0419041527,Liechtensteinische Landesbank Aktiengesellschaft 0.0% 27-SEP-2029
SWB:CH1112011536,SWB,CH1112011536,"Goldman Sachs Group, Inc. 0.4% 11-MAY-2028"
SIX:CHU26,SIX,CH1533151044,Chubb INA Holdings LLC 1.0225% 17-MAR-2032
SIX:CHU260,SIX,CH1564881998,Chubb INA Holdings LLC 0.86% 24-AUG-2029
SIX:CHU261,SIX,CH1564882004,Chubb INA Holdings LLC 1.22% 24-AUG-2033
SIX:CIB21,SIX,CH1137407412,Canadian Imperial Bank of Commerce 0.18% 20-APR-2029
SIX:CLA026.EUR,SIX,XS3311989787,Clariant International Fincl Svcs (Luxembourg) SARL 4.125% 15-JAN-2032
EURONEXT:CLABI01_PRO_FE,EURONEXT,NO0013756312,Clavona Bidco ApS FRN 30-JUN-2031
SIX:CLN22,SIX,CH1210198144,Clariant AG 2.717% 24-SEP-2027
SIX:CLN23,SIX,CH1290870901,Clariant AG 2.75% 22-SEP-2028
SIX:CLN252,SIX,CH1494626331,Clariant AG 1.65% 28-NOV-2030
SIX:CMB191,SIX,CH0485252784,Cembra Money Bank AG 2.9566% PERP
SIX:CMB194,SIX,CH0419041659,Cembra Money Bank AG 0.1525% 14-OCT-2026
SIX:CMB263,SIX,CH1581468134,Cembra Money Bank AG 0.9975% 28-AUG-2031
FWB:CMCL,FWB,US46647PCY07,JPMorgan Chase & Co. FRN 24-FEB-2028
EURONEXT:CMNEA,EURONEXT,FR0012304442,Caisse Federale de Credit Mutuel SA 3.4% 22-DEC-2026
EURONEXT:CMNEB,EURONEXT,FR0012616894,Caisse Federale de Credit Mutuel SA 2.75% 27-APR-2027
SIX:COP241,SIX,CH1346743078,Coop-Gruppe Genossenschaft 1.85% 16-JUL-2032
SIX:COP251,SIX,CH1449583785,Coop Genossenschaft 1.3075% 27-JUN-2033
FWB:CS8DQ7,FWB,DE000CS8DQ77,"Credit Suisse AG, London Branch FRN 19-OCT-2029"
SIX:CSP261,SIX,CH1540977266,Cham Swiss Properties AG 1.55% 28-APR-2033
SIX:CWA17,SIX,CH0385518045,Commonwealth Bank of Australia 0.4% 25-SEP-2026
SIX:CWA261,SIX,CH1564488737,Commonwealth Bank of Australia 1.25% 17-JUN-2041
FWB:CZ100604,FWB,CZ0001006043,Government of Czech Republic 0.0% 27-JUL-2027
GETTEX:CZ40LW,GETTEX,DE000CZ40LW5,Commerzbank AG 4.0% 30-MAR-2027
FWB:CZ40M3,FWB,DE000CZ40M39,Commerzbank AG 1.5% 28-AUG-2028
TRADEGATE:CZ40M3,TRADEGATE,DE000CZ40M39,Commerzbank AG 1.5% 28-AUG-2028
GETTEX:CZ43Z7,GETTEX,DE000CZ43Z72,Commerzbank AG 3.375% 28-AUG-2028
GETTEX:CZ43ZF,GETTEX,DE000CZ43ZF4,Commerzbank AG 2.875% 13-OCT-2028
TRADEGATE:CZ43ZX,TRADEGATE,DE000CZ43ZX7,Commerzbank AG 3.125% 20-APR-2029
TRADEGATE:CZ457V,TRADEGATE,DE000CZ457V6,Commerzbank AG 2.625% 15-JAN-2031
TRADEGATE:CZ45V8,TRADEGATE,DE000CZ45V82,Commerzbank AG 0.375% 01-SEP-2027
FWB:CZ45V8,FWB,DE000CZ45V82,Commerzbank AG 0.375% 01-SEP-2027
GETTEX:CZ45ZK,GETTEX,DE000CZ45ZK9,Commerzbank AG 2.5% 25-FEB-2028
LSX:CZ45ZK,LSX,DE000CZ45ZK9,Commerzbank AG 2.5% 25-FEB-2028
GETTEX:CZ46CD,GETTEX,DE000CZ46CD1,Commerzbank AG 3.125% 14-JAN-2033
TRADEGATE:D3PA,TRADEGATE,DE000A0D24Z1,Deutsche Postbank Funding Trust III (8 % Max.) Noncumulative Trust Pref. Sec. 2005- Without Fixed Maturity on Postbank
FWB:DB0B,FWB,DE000A2E4PH3,Deutsche Bildung Studienfonds II GmbH & Co. KG 4.0% 13-JUL-2027
SIX:DB24,SIX,CH1321737780,Deutsche Bank Aktiengesellschaft 2.245% 25-JAN-2030
FWB:DB8K,FWB,XS1045386494,Deutsche Bahn Finance GmbH 2.75% 19-MAR-2029
FWB:DB9U4R,FWB,DE000DB9U4R9,Deutsche Bank Aktiengesellschaft 0.25% 23-AUG-2028
FWB:DB9U4X,FWB,DE000DB9U4X7,Deutsche Bank Aktiengesellschaft 0.35% 04-OCT-2028
FWB:DB9U9D,FWB,DE000DB9U9D8,Deutsche Bank Aktiengesellschaft 4.6% 05-DEC-2029
FWB:DB9VCB,FWB,DE000DB9VCB4,Deutsche Bank Aktiengesellschaft 0.36% 13-APR-2029
FWB:DB9VML,FWB,DE000DB9VML2,Deutsche Bank Aktiengesellschaft 3.4% 04-JAN-2029
FWB:DB9VMR,FWB,DE000DB9VMR9,Deutsche Bank Aktiengesellschaft 3.1% 04-JAN-2029
FWB:DB9VRE,FWB,DE000DB9VRE6,Deutsche Bank Aktiengesellschaft 2.9% 12-APR-2027
FWB:DB9VSF,FWB,DE000DB9VSF1,Deutsche Bank Aktiengesellschaft 3.5% 16-MAY-2029
FWB:DB9VTJ,FWB,DE000DB9VTJ1,Deutsche Bank Aktiengesellschaft 3.1% 13-JUN-2029
FWB:DB9VVC,FWB,DE000DB9VVC2,Deutsche Bank Aktiengesellschaft 2.8% 22-AUG-2029
FWB:DB9VVD,FWB,DE000DB9VVD0,Deutsche Bank Aktiengesellschaft 3.05% 22-AUG-2029
FWB:DB9VVP,FWB,DE000DB9VVP4,Deutsche Bank Aktiengesellschaft 2.75% 05-SEP-2029
FWB:DB9VWE,FWB,DE000DB9VWE6,Deutsche Bank Aktiengesellschaft 2.75% 04-OCT-2029
FWB:DB9VWV,FWB,DE000DB9VWV0,Deutsche Bank Aktiengesellschaft 3.0% 28-NOV-2031
FWB:DB9VWZ,FWB,DE000DB9VWZ1,Deutsche Bank Aktiengesellschaft 2.25% 09-JAN-2030
FWB:DB9VXA,FWB,DE000DB9VXA2,Deutsche Bank Aktiengesellschaft 2.45% 09-JAN-2030
FWB:DB9VXR,FWB,DE000DB9VXR6,Deutsche Bank Aktiengesellschaft 3.3% 06-FEB-2032
FWB:DB9VYA,FWB,DE000DB9VYA0,Deutsche Bank Aktiengesellschaft 3.15% 20-FEB-2032
FWB:DB9WEA,FWB,DE000DB9WEA0,Deutsche Bank Aktiengesellschaft 3.0% 26-MAY-2032
FWB:DB9WEK,FWB,DE000DB9WEK9,Deutsche Bank Aktiengesellschaft 2.7% 05-JUN-2030
FWB:DB9WFN,FWB,DE000DB9WFN0,Deutsche Bank Aktiengesellschaft 2.55% 24-JUL-2030
FWB:DB9WFU,FWB,DE000DB9WFU5,Deutsche Bank Aktiengesellschaft 2.05% 01-AUG-2028
FWB:DB9WGS,FWB,DE000DB9WGS7,Deutsche Bank Aktiengesellschaft 2.5% 04-SEP-2030
FWB:DB9WGT,FWB,DE000DB9WGT5,Deutsche Bank Aktiengesellschaft 3.0% 08-SEP-2032
FWB:DB9WHU,FWB,DE000DB9WHU1,Deutsche Bank Aktiengesellschaft 2.1% 23-OCT-2028
FWB:DB9WJA,FWB,DE000DB9WJA9,Deutsche Bank Aktiengesellschaft 2.0% 06-NOV-2028
FWB:DB9WKG,FWB,DE000DB9WKG4,Deutsche Bank Aktiengesellschaft 3.0% 12-JAN-2033
FWB:DB9WKU,FWB,DE000DB9WKU5,Deutsche Bank Aktiengesellschaft 3.1% 09-FEB-2033
FWB:DB9WKV,FWB,DE000DB9WKV3,Deutsche Bank Aktiengesellschaft 2.3% 05-FEB-2029
FWB:DB9WLA,FWB,DE000DB9WLA5,Deutsche Bank Aktiengesellschaft 2.7% 19-FEB-2031
FWB:DB9WLB,FWB,DE000DB9WLB3,Deutsche Bank Aktiengesellschaft 3.1% 23-FEB-2033
FWB:DB9WMM,FWB,DE000DB9WMM8,Deutsche Bank Aktiengesellschaft 2.8% 16-APR-2029
FWB:DB9WNQ,FWB,DE000DB9WNQ7,Deutsche Bank Aktiengesellschaft 2.35% 15-MAY-2028
FWB:DB9WNW,FWB,DE000DB9WNW5,Deutsche Bank Aktiengesellschaft 2.4% 29-MAY-2028
FWB:DB9WNX,FWB,DE000DB9WNX3,Deutsche Bank Aktiengesellschaft 2.7% 28-MAY-2029
SIX:DBF191,SIX,CH0479514280,Deutsche Bahn Finance GmbH 0.5% 19-JUN-2034
SIX:DBF211,SIX,CH0522158887,Deutsche Bahn Finance GmbH 0.2% 20-MAY-2033
SIX:DBF212,SIX,CH1137122797,Deutsche Bahn Finance GmbH 0.25% 27-OCT-2031
SWB:DD1B,SWB,XS1772374770,Deutsche Bahn Finance GmbH 1.625% 16-AUG-2033
GETTEX:DD1B,GETTEX,XS1772374770,Deutsche Bahn Finance GmbH 1.625% 16-AUG-2033
TRADEGATE:DD1B,TRADEGATE,XS1772374770,Deutsche Bahn Finance GmbH 1.625% 16-AUG-2033
SWB:DE0001030708,SWB,DE0001030708,Germany 0.0% 15-AUG-2030
SWB:DE0001030732,SWB,DE0001030732,Germany 0.0% 15-AUG-2031
SWB:DE0001030740,SWB,DE0001030740,Germany 1.3% 15-OCT-2027
SWB:DE0001030757,SWB,DE0001030757,Germany 1.8% 15-AUG-2053
SWB:DE0001102473,SWB,DE0001102473,Germany 0.0% 15-AUG-2029
SWB:DE0001102515,SWB,DE0001102515,Germany 0.0% 15-MAY-2035
SWB:DE0001102523,SWB,DE0001102523,Germany 0.0% 15-NOV-2027
SWB:DE0001102556,SWB,DE0001102556,Germany 0.0% 15-NOV-2028
SWB:DE0001102572,SWB,DE0001102572,Germany 0.0% 15-AUG-2052
SWB:DE0001102598,SWB,DE0001102598,Germany 1.0% 15-MAY-2038
SWB:DE0001102606,SWB,DE0001102606,Germany 1.7% 15-AUG-2032
SWB:DE0001102614,SWB,DE0001102614,Germany 1.8% 15-AUG-2053
SWB:DE0001102622,SWB,DE0001102622,Germany 2.1% 15-NOV-2029
SWB:DE0001141844,SWB,DE0001141844,Germany 0.0% 09-OCT-2026
SWB:DE0001141851,SWB,DE0001141851,Germany 0.0% 16-APR-2027
SWB:DE000A14JZN7,SWB,DE000A14JZN7,State of Baden-Wurttemberg 0.01% 04-AUG-2027
SWB:DE000A169NC2,SWB,DE000A169NC2,Mercedes-Benz Group AG 1.375% 11-MAY-2028
SWB:DE000A185QB3,SWB,DE000A185QB3,Evonik Finance BV 0.75% 07-SEP-2028
SWB:DE000A1RQEK7,SWB,DE000A1RQEK7,State of Hessen 2.875% 04-JUL-2033
SWB:DE000A1RQEQ4,SWB,DE000A1RQEQ4,State of Hessen FRN 25-JAN-2028
SWB:DE000A1UDWN5,SWB,DE000A1UDWN5,Siemens Financieringsmaatschappij NV 2.875% 10-MAR-2028
SWB:DE000A254PP9,SWB,DE000A254PP9,KfW 0.0% 31-MAR-2027
EUROTLX:DE000A289QR9,EUROTLX,DE000A289QR9,Mercedes-Benz Group AG 0.75% 10-SEP-2030
SWB:DE000A289XG8,SWB,DE000A289XG8,Mercedes-Benz Group AG 2.375% 22-MAY-2030
SWB:DE000A289YC5,SWB,DE000A289YC5,Pandion AG 8.0% 05-FEB-2026
SWB:DE000A2GSB86,SWB,DE000A2GSB86,paragon GmbH & Co. KGaA 9.25% 05-JUL-2027
SWB:DE000A2GSCX1,SWB,DE000A2GSCX1,Mercedes-Benz Group AG 2.125% 03-JUL-2037
EUROTLX:DE000A2GSLY0,EUROTLX,DE000A2GSLY0,Mercedes-Benz Group AG 1.0% 15-NOV-2027
SWB:DE000A2LQKU4,SWB,DE000A2LQKU4,UmweltBank AG 3.86% PERP
SWB:DE000A2LQSH4,SWB,DE000A2LQSH4,KfW 0.75% 28-JUN-2028
SWB:DE000A2NBGG9,SWB,DE000A2NBGG9,City of Bremen (Germany) 0.75% 25-SEP-2028
SWB:DE000A2TSDW4,SWB,DE000A2TSDW4,DZ HYP AG 0.01% 15-JAN-2027
EUROTLX:DE000A2YB7B5,EUROTLX,DE000A2YB7B5,Schaeffler AG 2.875% 26-MAR-2027
SWB:DE000A2YB7B5,SWB,DE000A2YB7B5,Schaeffler AG 2.875% 26-MAR-2027
SWB:DE000A2YN2U2,SWB,DE000A2YN2U2,HOCHTIEF Aktiengesellschaft 0.5% 03-SEP-2027
SWB:DE000A2YN2V0,SWB,DE000A2YN2V0,HOCHTIEF Aktiengesellschaft 1.25% 03-SEP-2031
SWB:DE000A2YNZW8,SWB,DE000A2YNZW8,Mercedes-Benz International Finance BV 0.375% 08-NOV-2026
SWB:DE000A2YNZY4,SWB,DE000A2YNZY4,Mercedes-Benz Group AG 1.125% 08-AUG-2034
SWB:DE000A30V9J0,SWB,DE000A30V9J0,KfW 3.125% 07-JUN-2030
SWB:DE000A30V9M4,SWB,DE000A30V9M4,KfW 2.875% 07-JUN-2033
SWB:DE000A30VUP4,SWB,DE000A30VUP4,Neue ZWL Zahnradwerk Leipzig GmbH 7.75% 14-DEC-2027
SWB:DE000A3512U6,SWB,DE000A3512U6,State of Saxony-Anhalt 3.15% 06-FEB-2054
SWB:DE000A351405,SWB,DE000A351405,ASG SolarInvest GmbH 8.0% 15-DEC-2028
SWB:DE000A351K90,SWB,DE000A351K90,PCC SE 5.0% 01-JUL-2028
SWB:DE000A351MT2,SWB,DE000A351MT2,KfW 3.125% 10-OCT-2028
SWB:DE000A351NS2,SWB,DE000A351NS2,Deutsche Effecten- und Wechsel-Beteiligungsgesellschaft AG 8.0% 15-JUN-2028
SWB:DE000A351XW3,SWB,DE000A351XW3,DZ HYP AG 3.0% 31-MAY-2032
SWB:DE000A352ED1,SWB,DE000A352ED1,KfW 2.625% 10-JAN-2034
SWB:DE000A382616,SWB,DE000A382616,Deutsche Pfandbriefbank AG 4.0% 27-JAN-2028
SWB:DE000A382640,SWB,DE000A382640,Deutsche Pfandbriefbank AG 2.625% 30-MAY-2029
SWB:DE000A3827B8,SWB,DE000A3827B8,Deutsche Pfandbriefbank AG 4.25% 06-JUL-2029
SWB:DE000A3827R4,SWB,DE000A3827R4,Sixt SE 3.75% 25-JAN-2029
SWB:DE000A382962,SWB,DE000A382962,Mercedes-Benz International Finance BV 3.25% 15-SEP-2027
SWB:DE000A382988,SWB,DE000A382988,Mercedes-Benz International Finance BV 3.25% 15-NOV-2030
SWB:DE000A383EL9,SWB,DE000A383EL9,HOCHTIEF Aktiengesellschaft 4.25% 31-MAY-2030
SWB:DE000A383FH4,SWB,DE000A383FH4,Semper idem Underberg AG 5.75% 02-OCT-2030
SWB:DE000A383GQ3,SWB,DE000A383GQ3,DS Investor GmbH 6.0% 01-OCT-2029
SWB:DE000A383RA4,SWB,DE000A383RA4,Neue ZWL Zahnradwerk Leipzig GmbH 9.75% 07-NOV-2029
SWB:DE000A383SN5,SWB,DE000A383SN5,Gemeinsame Deutsche Bundeslander 2.5% 24-OCT-2031
SWB:DE000A383SZ9,SWB,DE000A383SZ9,PCC SE 5.75% 01-JAN-2030
SWB:DE000A383V65,SWB,DE000A383V65,Score Capital AG 8.0% 12-DEC-2027
SWB:DE000A383VA6,SWB,DE000A383VA6,City of Munich (Germany) 2.75% 26-SEP-2031
SWB:DE000A3E46B7,SWB,DE000A3E46B7,ForestFinance Capital GmbH 5.1% 01-DEC-2030
SWB:DE000A3E5WT0,SWB,DE000A3E5WT0,reconcept GmbH 6.25% 25-JAN-2028
SWB:DE000A3H2515,SWB,DE000A3H2515,State of Baden-Wurttemberg 2.625% 12-MAR-2030
SWB:DE000A3H2564,SWB,DE000A3H2564,State of Baden-Wurttemberg 2.75% 26-NOV-2032
SWB:DE000A3H2Y24,SWB,DE000A3H2Y24,State of Berlin 0.15% 22-FEB-2036
SWB:DE000A3H2ZF6,SWB,DE000A3H2ZF6,KfW 0.0% 10-JAN-2031
SWB:DE000A3KWK17,SWB,DE000A3KWK17,JadeHawk Capital SARL 7.0% 03-AUG-2027
SWB:DE000A3LBMY2,SWB,DE000A3LBMY2,Mercedes-Benz Finance Canada Inc. 3.0% 23-FEB-2027
SWB:DE000A3LE0J4,SWB,DE000A3LE0J4,AustriaEnergy International GmbH 8.0% 30-JUN-2028
SWB:DE000A3LH6U5,SWB,DE000A3LH6U5,Mercedes-Benz International Finance BV 3.7% 30-MAY-2031
SWB:DE000A3LSYG8,SWB,DE000A3LSYG8,Mercedes-Benz International Finance BV 3.0% 10-JUL-2027
EUROTLX:DE000A3LT423,EUROTLX,DE000A3LT423,BMW US Capital LLC 3.375% 02-FEB-2034
SWB:DE000A3LT431,SWB,DE000A3LT431,BMW US Capital LLC 3.0% 02-NOV-2027
SWB:DE000A3MQEN8,SWB,DE000A3MQEN8,PCC SE 4.0% 01-DEC-2026
SWB:DE000A3MQQJ0,SWB,DE000A3MQQJ0,reconcept Green Energy Asset Bond II GmbH 4.25% 28-JUN-2027
SWB:DE000A3R4WW2,SWB,DE000A3R4WW2,Citigroup Global Markets Holdings Inc. 4.4% 11-JUL-2030
SWB:DE000A460C98,SWB,DE000A460C98,KfW 3.0% 04-JAN-2036
SWB:DE000A460HM6,SWB,DE000A460HM6,City of Munich (Germany) 3.375% 31-MAR-2036
SWB:DE000A460KL2,SWB,DE000A460KL2,Gemeinsame Deutsche Bundeslander 2.8% 09-JUL-2031
SWB:DE000A460Q50,SWB,DE000A460Q50,PCC SE 4.0% 01-FEB-2028
SWB:DE000A460QR6,SWB,DE000A460QR6,Deutsche Borse AG 3.25% 24-MAR-2031
EUROTLX:DE000A46ZW17,EUROTLX,DE000A46ZW17,HOCHTIEF Aktiengesellschaft 4.0% 15-APR-2034
SWB:DE000A46ZW17,SWB,DE000A46ZW17,HOCHTIEF Aktiengesellschaft 4.0% 15-APR-2034
SWB:DE000A46ZXA7,SWB,DE000A46ZXA7,EWE Aktiengesellschaft 3.875% 28-MAY-2034
SWB:DE000A4DE9K2,SWB,DE000A4DE9K2,State of Berlin 3.6% 16-JAN-2046
SWB:DE000A4DFCB7,SWB,DE000A4DFCB7,Evonik Industries AG 3.25% 15-JAN-2030
SWB:DE000A4DFCK8,SWB,DE000A4DFCK8,Sixt SE 3.25% 22-JAN-2030
SWB:DE000A4DFMZ5,SWB,DE000A4DFMZ5,DN Group AG 10.0% 15-DEC-2030
SWB:DE000A4DFSB3,SWB,DE000A4DFSB3,SUNfarming GmbH 5.25% 06-NOV-2030
SWB:DE000A4DFTU1,SWB,DE000A4DFTU1,HMS Bergbau AG 10.0% 02-JUN-2030
SWB:DE000A4DFW53,SWB,DE000A4DFW53,reconcept GmbH 7.75% 30-OCT-2031
EUROTLX:DE000A4EB2X2,EUROTLX,DE000A4EB2X2,Mercedes-Benz International Finance BV 2.5% 05-SEP-2028
SWB:DE000A4ET6Q7,SWB,DE000A4ET6Q7,Mercedes-Benz International Finance BV 3.6% 13-MAY-2032
SWB:DE000AAR0454,SWB,DE000AAR0454,Aareal Bank AG 3.0% 05-AUG-2031
SWB:DE000BC0K7X3,SWB,DE000BC0K7X3,Barclays Bank PLC 3.65% 12-JUN-2028
SWB:DE000BHY0JY1,SWB,DE000BHY0JY1,Berlin Hyp AG 3.375% 07-MAR-2028
SWB:DE000BLB33C5,SWB,DE000BLB33C5,Bayerische Landesbank 1.25% 20-JUL-2029
SWB:DE000BLB47J0,SWB,DE000BLB47J0,Bayerische Landesbank 0.45% 08-NOV-2027
SWB:DE000BLB48A7,SWB,DE000BLB48A7,Bayerische Landesbank 1.85% 15-NOV-2027
SWB:DE000BLB4UP9,SWB,DE000BLB4UP9,Bayerische Landesbank 2.5% 25-JAN-2027
SWB:DE000BLB6000,SWB,DE000BLB6000,Bayerische Landesbank 1.25% 30-JAN-2029
SWB:DE000BLB6JV5,SWB,DE000BLB6JV5,Bayerische Landesbank 3.0% 22-MAY-2029
SWB:DE000BLB6XZ7,SWB,DE000BLB6XZ7,Bayerische Landesbank (London Branch) 1.35% 28-NOV-2028
SWB:DE000BLB73C1,SWB,DE000BLB73C1,Bayerische Landesbank 0.35% 10-OCT-2030
SWB:DE000BLB73D9,SWB,DE000BLB73D9,Bayerische Landesbank 0.55% 11-OCT-2032
SWB:DE000BLB77L3,SWB,DE000BLB77L3,Bayerische Landesbank 0.57% 12-DEC-2028
SWB:DE000BLB77M1,SWB,DE000BLB77M1,Bayerische Landesbank 0.49% 13-DEC-2027
SWB:DE000BLB7WT0,SWB,DE000BLB7WT0,Bayerische Landesbank 0.8% 18-JUL-2028
SWB:DE000BLB9PA0,SWB,DE000BLB9PA0,Bayerische Landesbank 1.82% 12-MAY-2031
SWB:DE000BLB9W69,SWB,DE000BLB9W69,Bayerische Landesbank 3.0% 23-OCT-2029
SWB:DE000BLB9WN9,SWB,DE000BLB9WN9,Bayerische Landesbank 3.0% 03-APR-2029
SWB:DE000BLB9WQ2,SWB,DE000BLB9WQ2,Bayerische Landesbank 3.1% 03-DEC-2027
SWB:DE000BLB9X76,SWB,DE000BLB9X76,Bayerische Landesbank 3.0% 22-DEC-2028
SWB:DE000BLB9XB2,SWB,DE000BLB9XB2,Bayerische Landesbank 3.12% 07-NOV-2029
SWB:DE000BLB9XC0,SWB,DE000BLB9XC0,Bayerische Landesbank 3.02% 08-NOV-2028
SWB:DE000BLB9XG1,SWB,DE000BLB9XG1,Bayerische Landesbank 3.15% 13-DEC-2027
SWB:DE000BLB9XK3,SWB,DE000BLB9XK3,Bayerische Landesbank 3.0% 12-JUN-2028
SWB:DE000BLB9XS6,SWB,DE000BLB9XS6,Bayerische Landesbank 3.26% 02-DEC-2030
SWB:DE000BLB9XT4,SWB,DE000BLB9XT4,Bayerische Landesbank 3.2% 03-DEC-2029
SWB:DE000BLB9Y00,SWB,DE000BLB9Y00,Bayerische Landesbank 2.5% 25-SEP-2028
SWB:DE000BLB9ZN2,SWB,DE000BLB9ZN2,Bayerische Landesbank 2.5% 06-NOV-2028
SWB:DE000BU0E444,SWB,DE000BU0E444,Government of Germany 0.0% 18-AUG-2027
SWB:DE000BU22064,SWB,DE000BU22064,Germany 2.7% 17-SEP-2026
SWB:DE000BU22072,SWB,DE000BU22072,Germany 2.0% 10-DEC-2026
SWB:DE000BU22080,SWB,DE000BU22080,Germany 2.2% 11-MAR-2027
SWB:DE000BU22098,SWB,DE000BU22098,Germany 1.7% 10-JUN-2027
SWB:DE000BU22106,SWB,DE000BU22106,Germany 1.9% 16-SEP-2027
SWB:DE000BU22114,SWB,DE000BU22114,Germany 2.0% 16-DEC-2027
SWB:DE000BU22122,SWB,DE000BU22122,Germany 2.1% 15-MAR-2028
SWB:DE000BU22130,SWB,DE000BU22130,Germany 2.5% 14-JUN-2028
SWB:DE000BU22148,SWB,DE000BU22148,Germany 2.7% 13-SEP-2028
SWB:DE000BU25000,SWB,DE000BU25000,Germany 2.2% 13-APR-2028
SWB:DE000BU25018,SWB,DE000BU25018,Germany 2.4% 19-OCT-2028
SWB:DE000BU25034,SWB,DE000BU25034,Germany 2.5% 11-OCT-2029
SWB:DE000BU25042,SWB,DE000BU25042,Germany 2.4% 18-APR-2030
SWB:DE000BU25059,SWB,DE000BU25059,Germany 2.2% 10-OCT-2030
SWB:DE000BU25067,SWB,DE000BU25067,Germany 2.5% 16-APR-2031
SWB:DE000BU25075,SWB,DE000BU25075,Germany 2.9% 08-OCT-2031
SWB:DE000BU27006,SWB,DE000BU27006,Germany 2.4% 15-NOV-2030
SWB:DE000BU27014,SWB,DE000BU27014,Germany 2.5% 15-NOV-2032
SWB:DE000BU2D012,SWB,DE000BU2D012,Germany 2.9% 15-AUG-2056
SWB:DE000BU2T000,SWB,DE000BU2T000,Germany 3.4% 15-MAY-2047
SWB:DE000BU2Z007,SWB,DE000BU2Z007,Germany 2.3% 15-FEB-2033
SWB:DE000BU2Z015,SWB,DE000BU2Z015,Germany 2.6% 15-AUG-2033
SWB:DE000BU2Z023,SWB,DE000BU2Z023,Germany 2.2% 15-FEB-2034
SWB:DE000BU2Z031,SWB,DE000BU2Z031,Germany 2.6% 15-AUG-2034
SWB:DE000BU2Z049,SWB,DE000BU2Z049,Germany 2.5% 15-FEB-2035
SWB:DE000BU2Z056,SWB,DE000BU2Z056,Germany 2.6% 15-AUG-2035
SWB:DE000BU2Z064,SWB,DE000BU2Z064,Germany 2.9% 15-FEB-2036
SWB:DE000BU2Z072,SWB,DE000BU2Z072,Germany 3.0% 15-AUG-2036
SWB:DE000BU35025,SWB,DE000BU35025,Germany 2.1% 12-APR-2029
SWB:DE000BU3Z005,SWB,DE000BU3Z005,Germany 2.3% 15-FEB-2033
SWB:DE000BYL0A09,SWB,DE000BYL0A09,Bayerische Landesbank 3.0% 04-FEB-2030
SWB:DE000BYL0A74,SWB,DE000BYL0A74,Bayerische Landesbank 3.0% 04-FEB-2030
SWB:DE000BYL0AU2,SWB,DE000BYL0AU2,Bayerische Landesbank 2.55% 05-FEB-2029
SWB:DE000BYL0BD6,SWB,DE000BYL0BD6,Bayerische Landesbank 2.5% 25-FEB-2027
SWB:DE000BYL0BE4,SWB,DE000BYL0BE4,Bayerische Landesbank 2.6% 26-FEB-2029
SWB:DE000BYL0BF1,SWB,DE000BYL0BF1,Bayerische Landesbank 3.0% 25-FEB-2030
SWB:DE000BYL0BR6,SWB,DE000BYL0BR6,Bayerische Landesbank 2.35% 18-MAR-2027
SWB:DE000BYL0BT2,SWB,DE000BYL0BT2,Bayerische Landesbank 3.0% 18-MAR-2030
SWB:DE000BYL0CB8,SWB,DE000BYL0CB8,Bayerische Landesbank 3.1% 08-APR-2031
SWB:DE000BYL0E70,SWB,DE000BYL0E70,Bayerische Landesbank 2.2% 28-OCT-2027
SWB:DE000BYL0EA6,SWB,DE000BYL0EA6,Bayerische Landesbank 2.3% 18-SEP-2028
SWB:DE000BYL0EP4,SWB,DE000BYL0EP4,Bayerische Landesbank 2.1% 23-OCT-2028
SWB:DE000BYL0FQ9,SWB,DE000BYL0FQ9,Bayerische Landesbank 2.94% 25-NOV-2032
SWB:DE000BYL0GC7,SWB,DE000BYL0GC7,Bayerische Landesbank 2.0% 13-APR-2027
SWB:DE000BYL0GF0,SWB,DE000BYL0GF0,Bayerische Landesbank 2.4% 15-JAN-2029
SWB:DE000BYL0GQ7,SWB,DE000BYL0GQ7,Bayerische Landesbank 2.0% 03-AUG-2027
SWB:DE000BYL0GS3,SWB,DE000BYL0GS3,Bayerische Landesbank 2.3% 03-FEB-2028
SWB:DE000BYL0H02,SWB,DE000BYL0H02,Bayerische Landesbank 2.45% 18-APR-2028
SWB:DE000BYL0H77,SWB,DE000BYL0H77,Bayerische Landesbank 1.85% 14-OCT-2026
SWB:DE000BYL0HN2,SWB,DE000BYL0HN2,Bayerische Landesbank 1.85% 24-SEP-2026
SWB:DE000CZ40LW5,SWB,DE000CZ40LW5,Commerzbank AG 4.0% 30-MAR-2027
SWB:DE000CZ43ZX7,SWB,DE000CZ43ZX7,Commerzbank AG 3.125% 20-APR-2029
SWB:DE000CZ45V82,SWB,DE000CZ45V82,Commerzbank AG 0.375% 01-SEP-2027
SWB:DE000CZ46C35,SWB,DE000CZ46C35,Commerzbank AG 3.25% 01-SEP-2031
SWB:DE000DB9U7N1,SWB,DE000DB9U7N1,Deutsche Bank Aktiengesellschaft 2.825% 14-JUL-2027
SWB:DE000DB9U7X0,SWB,DE000DB9U7X0,Deutsche Bank Aktiengesellschaft 2.0% 01-SEP-2027
SWB:DE000DB9U7Z5,SWB,DE000DB9U7Z5,Deutsche Bank Aktiengesellschaft 2.168% 15-SEP-2027
SWB:DE000DB9U8W0,SWB,DE000DB9U8W0,Deutsche Bank Aktiengesellschaft 3.1% 08-DEC-2027
SWB:DE000DB9VCK5,SWB,DE000DB9VCK5,Deutsche Bank Aktiengesellschaft 3.7% 20-APR-2028
SWB:DE000DB9VDD8,SWB,DE000DB9VDD8,Deutsche Bank Aktiengesellschaft 3.5% 11-MAY-2028
SWB:DE000DB9VER6,SWB,DE000DB9VER6,Deutsche Bank Aktiengesellschaft 3.3% 03-JUL-2028
SWB:DE000DB9VEY2,SWB,DE000DB9VEY2,Deutsche Bank Aktiengesellschaft 3.7% 13-JUL-2028
SWB:DE000DB9VFK8,SWB,DE000DB9VFK8,Deutsche Bank Aktiengesellschaft 3.8% 03-AUG-2028
SWB:DE000DB9VGP5,SWB,DE000DB9VGP5,Deutsche Bank Aktiengesellschaft 3.6% 01-SEP-2028
SWB:DE000DB9VJA1,SWB,DE000DB9VJA1,Deutsche Bank Aktiengesellschaft 3.4% 14-SEP-2026
SWB:DE000DB9VJB9,SWB,DE000DB9VJB9,Deutsche Bank Aktiengesellschaft 3.7% 14-SEP-2028
SWB:DE000DB9VJL8,SWB,DE000DB9VJL8,Deutsche Bank Aktiengesellschaft 3.8% 28-SEP-2028
SWB:DE000DB9VKA9,SWB,DE000DB9VKA9,Deutsche Bank Aktiengesellschaft 3.55% 12-OCT-2026
SWB:DE000DB9VKB7,SWB,DE000DB9VKB7,Deutsche Bank Aktiengesellschaft 3.85% 12-OCT-2028
SWB:DE000DB9VLH2,SWB,DE000DB9VLH2,Deutsche Bank Aktiengesellschaft 3.9% 16-NOV-2028
SWB:DE000DB9VML2,SWB,DE000DB9VML2,Deutsche Bank Aktiengesellschaft 3.4% 04-JAN-2029
SWB:DE000DB9VMU3,SWB,DE000DB9VMU3,Deutsche Bank Aktiengesellschaft 2.8% 18-JAN-2029
SWB:DE000DB9VNC9,SWB,DE000DB9VNC9,Deutsche Bank Aktiengesellschaft 2.75% 25-JAN-2028
SWB:DE000DB9VNQ9,SWB,DE000DB9VNQ9,Deutsche Bank Aktiengesellschaft 3.1% 08-FEB-2029
SWB:DE000DB9VPB6,SWB,DE000DB9VPB6,Deutsche Bank Aktiengesellschaft 2.75% 22-FEB-2027
SWB:DE000DB9VPM3,SWB,DE000DB9VPM3,Deutsche Bank Aktiengesellschaft 3.15% 07-MAR-2029
SWB:DE000DB9VQC2,SWB,DE000DB9VQC2,Deutsche Bank Aktiengesellschaft 3.3% 21-MAR-2029
SWB:DE000DB9VQP4,SWB,DE000DB9VQP4,Deutsche Bank Aktiengesellschaft 3.05% 02-APR-2027
SWB:DE000DB9VQX8,SWB,DE000DB9VQX8,Deutsche Bank Aktiengesellschaft 3.1% 04-APR-2029
SWB:DE000DB9VQY6,SWB,DE000DB9VQY6,Deutsche Bank Aktiengesellschaft 3.4% 04-APR-2029
SWB:DE000DB9VRG1,SWB,DE000DB9VRG1,Deutsche Bank Aktiengesellschaft 3.1% 18-APR-2029
SWB:DE000DB9VRH9,SWB,DE000DB9VRH9,Deutsche Bank Aktiengesellschaft 3.4% 18-APR-2029
SWB:DE000DB9VRP2,SWB,DE000DB9VRP2,Deutsche Bank Aktiengesellschaft 3.3% 25-APR-2031
SWB:DE000DB9VRW8,SWB,DE000DB9VRW8,Deutsche Bank Aktiengesellschaft 3.35% 03-MAY-2029
SWB:DE000DB9VSD6,SWB,DE000DB9VSD6,Deutsche Bank Aktiengesellschaft 3.0% 17-MAY-2027
SWB:DE000DB9VSE4,SWB,DE000DB9VSE4,Deutsche Bank Aktiengesellschaft 3.25% 16-MAY-2029
SWB:DE000DB9VSF1,SWB,DE000DB9VSF1,Deutsche Bank Aktiengesellschaft 3.5% 16-MAY-2029
SWB:DE000DB9VSR6,SWB,DE000DB9VSR6,Deutsche Bank Aktiengesellschaft 2.9% 03-JUN-2027
SWB:DE000DB9VSS4,SWB,DE000DB9VSS4,Deutsche Bank Aktiengesellschaft 3.05% 04-JUN-2029
SWB:DE000DB9VSZ9,SWB,DE000DB9VSZ9,Deutsche Bank Aktiengesellschaft 3.4% 04-JUN-2029
SWB:DE000DB9VTJ1,SWB,DE000DB9VTJ1,Deutsche Bank Aktiengesellschaft 3.1% 13-JUN-2029
SWB:DE000DB9VTR4,SWB,DE000DB9VTR4,Deutsche Bank Aktiengesellschaft 3.1% 27-JUN-2029
SWB:DE000DB9VTT0,SWB,DE000DB9VTT0,Deutsche Bank Aktiengesellschaft 2.95% 28-JUN-2027
SWB:DE000DB9VTZ7,SWB,DE000DB9VTZ7,Deutsche Bank Aktiengesellschaft 3.1% 11-JUL-2029
SWB:DE000DB9VUB6,SWB,DE000DB9VUB6,Deutsche Bank Aktiengesellschaft 2.9% 12-JUL-2027
SWB:DE000DB9VUR2,SWB,DE000DB9VUR2,Deutsche Bank Aktiengesellschaft 3.15% 25-JUL-2029
SWB:DE000DB9VUS0,SWB,DE000DB9VUS0,Deutsche Bank Aktiengesellschaft 3.45% 25-JUL-2029
SWB:DE000DB9VUT8,SWB,DE000DB9VUT8,Deutsche Bank Aktiengesellschaft 2.95% 26-JUL-2027
SWB:DE000DB9VUY8,SWB,DE000DB9VUY8,Deutsche Bank Aktiengesellschaft 3.2% 08-AUG-2029
SWB:DE000DB9VUZ5,SWB,DE000DB9VUZ5,Deutsche Bank Aktiengesellschaft 2.7% 09-AUG-2027
SWB:DE000DB9VVC2,SWB,DE000DB9VVC2,Deutsche Bank Aktiengesellschaft 2.8% 22-AUG-2029
SWB:DE000DB9VVD0,SWB,DE000DB9VVD0,Deutsche Bank Aktiengesellschaft 3.05% 22-AUG-2029
SWB:DE000DB9VVP4,SWB,DE000DB9VVP4,Deutsche Bank Aktiengesellschaft 2.75% 05-SEP-2029
SWB:DE000DB9VVQ2,SWB,DE000DB9VVQ2,Deutsche Bank Aktiengesellschaft 3.0% 05-SEP-2029
SWB:DE000DB9VWD8,SWB,DE000DB9VWD8,Deutsche Bank Aktiengesellschaft 2.55% 04-OCT-2029
SWB:DE000DB9VWE6,SWB,DE000DB9VWE6,Deutsche Bank Aktiengesellschaft 2.75% 04-OCT-2029
SWB:DE000DB9VWJ5,SWB,DE000DB9VWJ5,Deutsche Bank Aktiengesellschaft 2.45% 24-OCT-2029
SWB:DE000DB9VWK3,SWB,DE000DB9VWK3,Deutsche Bank Aktiengesellschaft 2.65% 24-OCT-2029
SWB:DE000DB9VWM9,SWB,DE000DB9VWM9,Deutsche Bank Aktiengesellschaft 2.65% 07-NOV-2029
SWB:DE000DB9VWR8,SWB,DE000DB9VWR8,Deutsche Bank Aktiengesellschaft 2.65% 28-NOV-2029
SWB:DE000DB9VWV0,SWB,DE000DB9VWV0,Deutsche Bank Aktiengesellschaft 3.0% 28-NOV-2031
SWB:DE000DB9VWX6,SWB,DE000DB9VWX6,Deutsche Bank Aktiengesellschaft 2.95% 12-DEC-2031
SWB:DE000DB9VWZ1,SWB,DE000DB9VWZ1,Deutsche Bank Aktiengesellschaft 2.25% 09-JAN-2030
SWB:DE000DB9VXA2,SWB,DE000DB9VXA2,Deutsche Bank Aktiengesellschaft 2.45% 09-JAN-2030
SWB:DE000DB9VXC8,SWB,DE000DB9VXC8,Deutsche Bank Aktiengesellschaft 2.7% 09-JAN-2032
SWB:DE000DB9VXE4,SWB,DE000DB9VXE4,Deutsche Bank Aktiengesellschaft 2.05% 24-JAN-2028
SWB:DE000DB9VXP0,SWB,DE000DB9VXP0,Deutsche Bank Aktiengesellschaft 2.1% 10-FEB-2027
SWB:DE000DB9VXR6,SWB,DE000DB9VXR6,Deutsche Bank Aktiengesellschaft 3.3% 06-FEB-2032
SWB:DE000DB9VXZ9,SWB,DE000DB9VXZ9,Deutsche Bank Aktiengesellschaft 2.0% 24-FEB-2027
SWB:DE000DB9VYG7,SWB,DE000DB9VYG7,Deutsche Bank Aktiengesellschaft 2.2% 06-MAR-2028
SWB:DE000DB9VYL7,SWB,DE000DB9VYL7,Deutsche Bank Aktiengesellschaft 2.2% 20-MAR-2028
SWB:DE000DB9WBY6,SWB,DE000DB9WBY6,Deutsche Bank Aktiengesellschaft 3.15% 01-APR-2032
SWB:DE000DB9WCD8,SWB,DE000DB9WCD8,Deutsche Bank Aktiengesellschaft 2.4% 03-APR-2028
SWB:DE000DB9WCM9,SWB,DE000DB9WCM9,Deutsche Bank Aktiengesellschaft 3.25% 14-APR-2032
SWB:DE000DB9WDG9,SWB,DE000DB9WDG9,Deutsche Bank Aktiengesellschaft 3.2% 28-APR-2032
SWB:DE000DB9WDT2,SWB,DE000DB9WDT2,Deutsche Bank Aktiengesellschaft 2.75% 08-MAY-2030
SWB:DE000DB9WDZ9,SWB,DE000DB9WDZ9,Deutsche Bank Aktiengesellschaft 2.55% 22-MAY-2030
SWB:DE000DB9WEA0,SWB,DE000DB9WEA0,Deutsche Bank Aktiengesellschaft 3.0% 26-MAY-2032
SWB:DE000DB9WFP5,SWB,DE000DB9WFP5,Deutsche Bank Aktiengesellschaft 3.0% 28-JUL-2032
SWB:DE000DB9WFU5,SWB,DE000DB9WFU5,Deutsche Bank Aktiengesellschaft 2.05% 01-AUG-2028
SWB:DE000DB9WFZ4,SWB,DE000DB9WFZ4,Deutsche Bank Aktiengesellschaft 3.05% 11-AUG-2032
SWB:DE000DB9WGL2,SWB,DE000DB9WGL2,Deutsche Bank Aktiengesellschaft 2.25% 20-AUG-2029
SWB:DE000DB9WGR9,SWB,DE000DB9WGR9,Deutsche Bank Aktiengesellschaft 2.05% 28-AUG-2028
SWB:DE000DB9WGZ2,SWB,DE000DB9WGZ2,Deutsche Bank Aktiengesellschaft 2.1% 11-SEP-2028
SWB:DE000DB9WHG0,SWB,DE000DB9WHG0,Deutsche Bank Aktiengesellschaft 2.15% 25-SEP-2028
SWB:DE000DB9WHM8,SWB,DE000DB9WHM8,Deutsche Bank Aktiengesellschaft 2.95% 06-OCT-2032
SWB:DE000DB9WKG4,SWB,DE000DB9WKG4,Deutsche Bank Aktiengesellschaft 3.0% 12-JAN-2033
SWB:DE000DB9WLX7,SWB,DE000DB9WLX7,Deutsche Bank Aktiengesellschaft 2.6% 19-MAR-2031
SWB:DE000DB9WNQ7,SWB,DE000DB9WNQ7,Deutsche Bank Aktiengesellschaft 2.35% 15-MAY-2028
SWB:DE000DB9WQX6,SWB,DE000DB9WQX6,Deutsche Bank Aktiengesellschaft 2.8% 06-AUG-2029
SWB:DE000DE04Y58,SWB,DE000DE04Y58,Deutsche Bank Aktiengesellschaft 1.5% 27-NOV-2026
SWB:DE000DJ9AUF3,SWB,DE000DJ9AUF3,DZ BANK AG Deutsche Zentral-Genossenschaftsbank 2.0% 16-APR-2027
SWB:DE000DW6DAM4,SWB,DE000DW6DAM4,DZ BANK AG Deutsche Zentral-Genossenschaftsbank 4.0% 03-NOV-2031
SWB:DE000HV2A0A3,SWB,DE000HV2A0A3,UniCredit Bank GmbH 3.125% 24-FEB-2028
SWB:DE000HV2A2F8,SWB,DE000HV2A2F8,UniCredit Bank GmbH 2.5% 30-JUN-2031
SWB:DE000LB11751,SWB,DE000LB11751,Landesbank Baden-Wurttemberg 1.2% 12-NOV-2027
SWB:DE000LB125H5,SWB,DE000LB125H5,Landesbank Baden-Wurttemberg 0.909% 30-JAN-2034
SWB:DE000LB13SY5,SWB,DE000LB13SY5,Landesbank Baden-Wurttemberg 0.4% 10-DEC-2029
SWB:DE000LB2CJT6,SWB,DE000LB2CJT6,Landesbank Baden-Wurttemberg 0.116% 14-AUG-2039
SWB:DE000LB38FM4,SWB,DE000LB38FM4,Landesbank Baden-Wurttemberg 3.15% 01-FEB-2027
SWB:DE000LB405B4,SWB,DE000LB405B4,Landesbank Baden-Wurttemberg 2.4% 05-MAR-2029
SWB:DE000LB429P4,SWB,DE000LB429P4,Landesbank Baden-Wurttemberg 3.11% 25-MAR-2031
SWB:DE000LB48DH8,SWB,DE000LB48DH8,Landesbank Baden-Wurttemberg 3.0% 28-MAY-2032
SWB:DE000LB48DM8,SWB,DE000LB48DM8,Landesbank Baden-Wurttemberg 3.05% 29-MAY-2028
SWB:DE000LB4W4W5,SWB,DE000LB4W4W5,Landesbank Baden-Wurttemberg 2.625% 12-NOV-2027
SWB:DE000LB4YPT3,SWB,DE000LB4YPT3,Landesbank Baden-Wurttemberg 2.95% 30-JUL-2029
SWB:DE000LB4Z731,SWB,DE000LB4Z731,Landesbank Baden-Wurttemberg FRN 07-AUG-2028
SWB:DE000LB4ZP81,SWB,DE000LB4ZP81,Landesbank Baden-Wurttemberg 4.0% 16-AUG-2028
SWB:DE000LB4ZZ14,SWB,DE000LB4ZZ14,Landesbank Baden-Wurttemberg 3.1% 21-AUG-2034
SWB:DE000LB51CS1,SWB,DE000LB51CS1,Landesbank Baden-Wurttemberg 2.9% 23-APR-2031
SWB:DE000LB57N84,SWB,DE000LB57N84,Landesbank Baden-Wurttemberg 2.5% 12-AUG-2030
SWB:DE000LB57NL0,SWB,DE000LB57NL0,Landesbank Baden-Wurttemberg 3.0% 11-AUG-2032
SWB:DE000LB598G5,SWB,DE000LB598G5,Landesbank Baden-Wurttemberg 3.4% 03-SEP-2040
SWB:DE000LB5AJS5,SWB,DE000LB5AJS5,Landesbank Baden-Wurttemberg 2.7% 10-SEP-2029
SWB:DE000LB5C5U9,SWB,DE000LB5C5U9,Landesbank Baden-Wurttemberg 2.4% 01-OCT-2027
SWB:DE000LB5EW03,SWB,DE000LB5EW03,Landesbank Baden-Wurttemberg 2.45% 06-NOV-2028
SWB:DE000LB5EW29,SWB,DE000LB5EW29,Landesbank Baden-Wurttemberg 2.7% 04-NOV-2030
SWB:DE000LB5GFR2,SWB,DE000LB5GFR2,Landesbank Baden-Wurttemberg 2.5% 25-NOV-2027
SWB:DE000LB5GFS0,SWB,DE000LB5GFS0,Landesbank Baden-Wurttemberg 2.6% 27-NOV-2028
SWB:DE000LB5GFV4,SWB,DE000LB5GFV4,Landesbank Baden-Wurttemberg 3.0% 25-NOV-2031
SWB:DE000LB5GG68,SWB,DE000LB5GG68,Landesbank Baden-Wurttemberg 3.2% 25-NOV-2032
SWB:DE000LB5JDD1,SWB,DE000LB5JDD1,Landesbank Baden-Wurttemberg 2.4% 16-DEC-2027
SWB:DE000LB5JR54,SWB,DE000LB5JR54,Landesbank Baden-Wurttemberg 2.8% 10-FEB-2031
SWB:DE000LB5K7N0,SWB,DE000LB5K7N0,Landesbank Baden-Wurttemberg 2.1% 30-DEC-2027
SWB:DE000LB5LJ76,SWB,DE000LB5LJ76,Landesbank Baden-Wurttemberg 2.65% 28-FEB-2031
SWB:DE000LB5WWK9,SWB,DE000LB5WWK9,Landesbank Baden-Wurttemberg 2.75% 17-APR-2030
SWB:DE000LB5Y7K0,SWB,DE000LB5Y7K0,Landesbank Baden-Wurttemberg 2.1% 21-JUL-2028
SWB:DE000LB5Y7M6,SWB,DE000LB5Y7M6,Landesbank Baden-Wurttemberg 2.5% 22-JUL-2030
SWB:DE000LB60AJ5,SWB,DE000LB60AJ5,Landesbank Baden-Wurttemberg 2.25% 06-AUG-2027
SWB:DE000LB62RP2,SWB,DE000LB62RP2,Landesbank Baden-Wurttemberg 2.05% 01-DEC-2026
SWB:DE000LB64FP3,SWB,DE000LB64FP3,Landesbank Baden-Wurttemberg 2.3% 29-APR-2027
SWB:DE000LB64G27,SWB,DE000LB64G27,Landesbank Baden-Wurttemberg 2.7% 29-JUN-2028
SWB:DE000LB66474,SWB,DE000LB66474,Landesbank Baden-Wurttemberg 2.35% 01-MAR-2027
SWB:DE000LB66482,SWB,DE000LB66482,Landesbank Baden-Wurttemberg 2.35% 20-JUL-2027
SWB:DE000LB664A8,SWB,DE000LB664A8,Landesbank Baden-Wurttemberg 2.6% 20-JUL-2028
SWB:DE000LB664B6,SWB,DE000LB664B6,Landesbank Baden-Wurttemberg 2.7% 20-JUL-2029
SWB:DE000LB67YJ0,SWB,DE000LB67YJ0,Landesbank Baden-Wurttemberg 2.6% 31-AUG-2027
SWB:DE000LB6F6E7,SWB,DE000LB6F6E7,Landesbank Baden-Wurttemberg 2.0% 24-NOV-2027
SWB:DE000LB6GLP2,SWB,DE000LB6GLP2,Landesbank Baden-Wurttemberg 2.45% 10-DEC-2029
SWB:DE000LB6GM44,SWB,DE000LB6GM44,Landesbank Baden-Wurttemberg 2.6% 07-FEB-2031
SWB:DE000LB6K5U8,SWB,DE000LB6K5U8,Landesbank Baden-Wurttemberg 2.5% 18-FEB-2030
SWB:DE000LFA2162,SWB,DE000LFA2162,LfA Forderbank Bayern 2.875% 01-APR-2030
SWB:DE000MHB34J3,SWB,DE000MHB34J3,Munchener Hypothekenbank eG 3.125% 14-AUG-2029
SWB:DE000MHB35J0,SWB,DE000MHB35J0,Munchener Hypothekenbank eG 3.0% 14-AUG-2030
SWB:DE000MHB38J4,SWB,DE000MHB38J4,Munchener Hypothekenbank eG 3.0% 01-FEB-2034
SWB:DE000NLB4RS5,SWB,DE000NLB4RS5,Norddeutsche Landesbank - Girozentrale 4.875% 11-JUL-2028
SWB:DE000NLB5545,SWB,DE000NLB5545,Norddeutsche Landesbank - Girozentrale 3.375% 17-JUN-2031
SWB:DE000NRW0LQ9,SWB,DE000NRW0LQ9,State of North Rhine-Westphalia 2.15% 21-MAR-2119
SWB:DE000NRW0ML8,SWB,DE000NRW0ML8,State of North Rhine-Westphalia 0.0% 12-OCT-2035
SWB:DE000NRW0MQ7,SWB,DE000NRW0MQ7,State of North Rhine-Westphalia 0.2% 27-JAN-2051
SWB:DE000NRW0N26,SWB,DE000NRW0N26,State of North Rhine-Westphalia 3.4% 07-MAR-2073
SWB:DE000NRW0NP7,SWB,DE000NRW0NP7,State of North Rhine-Westphalia 3.0% 27-JAN-2028
SWB:DE000NRW75G5,SWB,DE000NRW75G5,State of North Rhine-Westphalia 3.0% 24-MAY-2027
SWB:DE000NWB0AR8,SWB,DE000NWB0AR8,NRW.BANK 1.625% 03-AUG-2032
SWB:DE000NWB18N5,SWB,DE000NWB18N5,NRW.BANK 0.875% 12-APR-2034
SWB:DE000NWB18Q8,SWB,DE000NWB18Q8,NRW.BANK 1.25% 13-MAY-2049
SWB:DE000RLP1130,SWB,DE000RLP1130,State of Rhineland-Palatinate 0.25% 31-MAY-2029
SWB:DE000SCB0013,SWB,DE000SCB0013,Deutsche Kreditbank AG 0.7% 04-JUN-2029
SIX:DHS251,SIX,CH1485827336,DH Switzerland Finance SARL 0.8875% 10-OCT-2029
SIX:DHS252,SIX,CH1485827344,DH Switzerland Finance SARL 1.265% 10-OCT-2033
SIX:DIF23,SIX,CH1300224875,Mercedes-Benz International Finance BV 1.96% 12-OCT-2026
SIX:DIF230,SIX,CH1300224883,Mercedes-Benz International Finance BV 2.1075% 12-OCT-2029
FWB:DJ9AGM,FWB,DE000DJ9AGM8,DZ BANK AG Deutsche Zentral-Genossenschaftsbank 3.1% 19-MAR-2032
FWB:DJ9AGP,FWB,DE000DJ9AGP1,DZ BANK AG Deutsche Zentral-Genossenschaftsbank 3.25% 20-MAR-2034
FWB:DJ9AJU,FWB,DE000DJ9AJU5,DZ BANK AG Deutsche Zentral-Genossenschaftsbank 3.0% 17-MAY-2027
FWB:DJ9AMY,FWB,DE000DJ9AMY1,DZ BANK AG Deutsche Zentral-Genossenschaftsbank 2.75% 03-SEP-2029
FWB:DJ9AU3,FWB,DE000DJ9AU39,DZ BANK AG Deutsche Zentral-Genossenschaftsbank 3.0% 02-MAY-2034
FWB:DJ9AVJ,FWB,DE000DJ9AVJ3,DZ BANK AG Deutsche Zentral-Genossenschaftsbank 2.2% 28-MAY-2030
GETTEX:DKB056,GETTEX,DE000DKB0564,Deutsche Kreditbank AG 3.25% 12-JUN-2045
FWB:DL0A,FWB,DE000A2G9JL5,Deutsche Lichtmiete Finanzierungsgesellschaft mbH 5.75% 10-JAN-2023
SIX:DLR211,SIX,CH1121837244,Digital Constellation BV 0.55% 16-APR-2029
EURONEXT:DNBA29_PRO,EURONEXT,NO0011087595,Sbanken ASA 2.0% 07-SEP-2027
EURONEXT:DNVG01_PRO,EURONEXT,NO0013383448,DNV Group AS FRN 29-OCT-2027
SIX:DOC24,SIX,CH1314941399,DocMorris Finance B.V. 3.0% 03-MAY-2029
SIX:DOR25,SIX,CH1446452356,dormakaba Finance AG 1.375% 18-JUN-2030
TRADEGATE:DPWH,TRADEGATE,XS1734533372,Deutsche Post AG 1.0% 13-DEC-2027
GETTEX:DPWJ,GETTEX,XS1917358621,Deutsche Post AG 1.625% 05-DEC-2028
FWB:DPWL,FWB,XS2177122624,Deutsche Post AG 0.75% 20-MAY-2029
FWB:DT6A,FWB,XS1382791975,Deutsche Telekom International Finance BV 1.5% 03-APR-2028
SWB:DT6G,SWB,XS0553728709,Deutsche Telekom International Finance BV 4.5% 28-OCT-2030
TRADEGATE:DT6Q,TRADEGATE,XS1828033834,Deutsche Telekom International Finance BV 2.0% 01-DEC-2029
FWB:DT6Q,FWB,XS1828033834,Deutsche Telekom International Finance BV 2.0% 01-DEC-2029
GETTEX:DT6Q,GETTEX,XS1828033834,Deutsche Telekom International Finance BV 2.0% 01-DEC-2029
SWB:DT6Q,SWB,XS1828033834,Deutsche Telekom International Finance BV 2.0% 01-DEC-2029
SIX:DTE260,SIX,CH1568283811,Deutsche Telekom AG 1.3625% 02-JUN-2034
TRADEGATE:DTEB,TRADEGATE,DE000A2TSDE2,Deutsche Telekom AG 1.75% 25-MAR-2031
EURONEXT:DTSB22_PRO,EURONEXT,NO0013358127,Drangedal Sparebank FRN 03-APR-2028
FWB:DW6C37,FWB,DE000DW6C375,DZ BANK AG Deutsche Zentral-Genossenschaftsbank 3.0% 03-MAY-2028
FWB:DW6DAK,FWB,DE000DW6DAK8,DZ BANK AG Deutsche Zentral-Genossenschaftsbank 3.55% 02-NOV-2027
SIX:E06,SIX,CH0024524966,Switzerland 2.5% 08-MAR-2036
SIX:E07,SIX,CH0031835561,Switzerland 3.25% 27-JUN-2027
SIX:E15,SIX,CH0224397171,Government of Switzerland 0.5% 27-MAY-2030
SIX:E161,SIX,CH0224397346,Government of Switzerland 0.0% 22-JUN-2029
SIX:E18,SIX,CH0344958688,Government of Switzerland 0.5% 27-JUN-2032
SIX:E259,SIX,CH0440081567,Government of Switzerland 1.5% 26-OCT-2038
SIX:E337,SIX,CH1544304103,Government of Switzerland 0.875% 24-JUN-2041
SIX:E98A,SIX,CH0008680370,Switzerland 4.0% 08-APR-2028
FWB:EA8C,FWB,XS1128224703,Airbus SE 2.125% 29-OCT-2029
SIX:EBO112,SIX,CH0135998638,Erste Group Bank AG 2.0% 09-SEP-2026
SIX:EDF23,SIX,CH1291809908,"Electricite de France, Societe Anonyme 2.3% 14-SEP-2027"
SIX:EDF231,SIX,CH1291809916,"Electricite de France, Societe Anonyme 2.55% 12-SEP-2031"
SWB:EE0000004109,SWB,EE0000004109,Government of Estonia 3.5% 14-MAY-2036
TRADEGATE:EF8Y,TRADEGATE,EU000A1G0DY0,European Financial Stability Facility SA (Luxembourg) 0.875% 26-JUL-2027
SIX:EFG21.USD,SIX,CH0593093229,EFG International AG 5.5% PERP
SIX:EFG252,SIX,CH1428648294,EFG Bank AG 0.9625% 18-JUN-2029
SIX:EFG262.EUR,SIX,CH1548688279,EFG International Finance (Luxembourg) Sarl 3.925% 16-APR-2031
SIX:EGI231,SIX,CH1277582016,ENGIE SA 2.49% 04-JUL-2031
SIX:EGI251,SIX,CH1400000035,ENGIE SA 1.655% 11-APR-2033
SIX:EGW42,SIX,CH0136611800,Genossenschaft Emissionszentrale fur gemeinnutzige Wohnbautrager EGW 1.75% 14-SEP-2026
SIX:EGW62,SIX,CH0461238898,Genossenschaft Emissionszentrale fur gemeinnutzige Wohnbautrager EGW 0.3% 25-NOV-2039
EURONEXT:EIKB101_PRO,EURONEXT,NO0012947433,Eika Boligkreditt AS FRN PERP
EURONEXT:EIKR42_PRO,EURONEXT,NO0013315937,Eiendomskreditt AS FRN 20-FEB-2035
EURONEXT:EIKRN25_PRO,EURONEXT,NO0012693680,Eiendomskreditt AS FRN 07-SEP-2028
TRADEGATE:ELEN,TRADEGATE,USF2893TAL01,"Electricite de France, Societe Anonyme 6.0% 22-JAN-2114"
GETTEX:ELEN,GETTEX,USF2893TAL01,"Electricite de France, Societe Anonyme 6.0% 22-JAN-2114"
LSE:ELLA,LSE,GB0003035382,Ecclesiastical Insurance Office PLC 8.625 % Non-Cum.Irred.Pref.Shs
SIX:EMF21,SIX,CH1146382481,Emmi Finanz AG 0.375% 01-DEC-2031
SIX:EMF241,SIX,CH1380011291,Emmi Finanz AG 1.35% 30-OCT-2030
SIX:EMF242,SIX,CH1380011309,Emmi Finanz AG 1.6% 30-OCT-2034
EURONEXT:EMNAE01_PRO_FE,EURONEXT,NO0013751701,Empresa Naviera Elcano SA 9.75% 27-MAY-2030
SIX:ENE26,SIX,CH1562934526,Energie 360 Grad AG 1.4% 09-JUN-2034
FWB:EOAC,FWB,XS2069380991,E.ON SE 0.25% 24-OCT-2026
GETTEX:EOAF,GETTEX,XS2103014291,E.ON SE 0.375% 29-SEP-2027
FWB:EOAJ,FWB,XS2177580250,E.ON SE 0.75% 20-FEB-2028
SWB:ES0000012E69,SWB,ES0000012E69,Spain 1.85% 30-JUL-2035
SWB:ES0000012F43,SWB,ES0000012F43,Spain 0.6% 31-OCT-2029
SWB:ES0000012N43,SWB,ES0000012N43,Spain 3.1% 30-JUL-2031
SWB:ES0000012P33,SWB,ES0000012P33,Spain 3.2% 31-OCT-2035
SWB:ES0000012P74,SWB,ES0000012P74,Spain 3.0% 31-JAN-2033
SWB:ES0000012R56,SWB,ES0000012R56,Spain 3.95% 31-OCT-2056
SWB:ES0000012S22,SWB,ES0000012S22,Spain 3.4% 31-OCT-2036
FWB:ES0012F4,FWB,ES0000012F43,Spain 0.6% 31-OCT-2029
FWB:ES0012F7,FWB,ES0000012F76,Spain 0.5% 30-APR-2030
TRADEGATE:ES0012F7,TRADEGATE,ES0000012F76,Spain 0.5% 30-APR-2030
FWB:ES0012H5,FWB,ES0000012H58,Spain 1.45% 31-OCT-2071
FWB:ES0012J1,FWB,ES0000012J15,Spain 0.0% 31-JAN-2027
FWB:ES0012K6,FWB,ES0000012K61,Spain 2.55% 31-OCT-2032
FWB:ES0012L5,FWB,ES0000012L52,Spain 3.15% 30-APR-2033
TRADEGATE:ES0012L6,TRADEGATE,ES0000012L60,Spain 3.9% 30-JUL-2039
FWB:ES0012M5,FWB,ES0000012M51,Spain 3.5% 31-MAY-2029
TRADEGATE:ES0012N3,TRADEGATE,ES0000012N35,Spain 3.45% 31-OCT-2034
TRADEGATE:ES0012N4,TRADEGATE,ES0000012N43,Spain 3.1% 30-JUL-2031
FWB:ES0012R5,FWB,ES0000012R56,Spain 3.95% 31-OCT-2056
TRADEGATE:ES0012S2,TRADEGATE,ES0000012S22,Spain 3.4% 31-OCT-2036
EURONEXT:ETAAB,EURONEXT,FR0000186413,Government of France 3.4% 25-JUL-2029
EURONEXT:ETAAH,EURONEXT,FR0000187635,France 5.75% 25-OCT-2032
EURONEXT:ETAAW,EURONEXT,FR0000188799,Government of France 3.15% 25-JUL-2032
EURONEXT:ETACW,EURONEXT,FR0000571218,France 5.5% 25-APR-2029
EURONEXT:ETAGI,EURONEXT,FR0010171975,France 4.0% 25-APR-2055
EURONEXT:ETAHK,EURONEXT,FR0010371401,France 4.0% 25-OCT-2038
EURONEXT:ETAHO,EURONEXT,FR0010447367,Government of France 1.8% 25-JUL-2040
EURONEXT:ETAHZ,EURONEXT,FR0010773192,France 4.5% 25-APR-2041
EURONEXT:ETALD,EURONEXT,FR0010870956,France 4.0% 25-APR-2060
EURONEXT:ETALN,EURONEXT,FR0011008705,Government of France 1.85% 25-JUL-2027
EURONEXT:ETAMF,EURONEXT,FR0011982776,Government of France 0.7% 25-JUL-2030
EURONEXT:ETAMU,EURONEXT,FR0013154028,France 1.75% 25-MAY-2066
EURONEXT:ETAMZ,EURONEXT,FR0013209871,Government of France 0.1% 25-JUL-2047
EURONEXT:ETAND,EURONEXT,FR0013238268,Government of France 0.1% 01-MAR-2028
EURONEXT:ETANE,EURONEXT,FR0013250560,France 1.0% 25-MAY-2027
EURONEXT:ETANL,EURONEXT,FR0013327491,Government of France 0.1% 25-JUL-2036
EURONEXT:ETANS,EURONEXT,FR0013407236,France 0.5% 25-MAY-2029
EURONEXT:ETANT,EURONEXT,FR0013410552,Government of France 0.1% 01-MAR-2029
EURONEXT:ETANW,EURONEXT,FR0013451507,France 0.0% 25-NOV-2029
EURONEXT:ETAPC,EURONEXT,FR0013516549,France 0.0% 25-NOV-2030
EURONEXT:ETAPE,EURONEXT,FR0013524014,Government of France 0.1% 01-MAR-2036
EURONEXT:ETAPF,EURONEXT,FR0014001N38,Government of France 0.1% 25-JUL-2031
EURONEXT:ETAPH,EURONEXT,FR0014001NN8,France 0.5% 25-MAY-2072
EURONEXT:ETAPJ,EURONEXT,FR0014002WK3,France 0.0% 25-NOV-2031
EURONEXT:ETAPL,EURONEXT,FR0014003N51,Government of France 0.1% 01-MAR-2032
EURONEXT:ETAPN,EURONEXT,FR0014007L00,France 0.0% 25-MAY-2032
EURONEXT:ETAPP,EURONEXT,FR0014008181,Government of France 0.1% 25-JUL-2053
EURONEXT:ETAPS,EURONEXT,FR001400AQH0,Government of France 0.1% 25-JUL-2038
EURONEXT:ETAPT,EURONEXT,FR001400BKZ3,France 2.0% 25-NOV-2032
EURONEXT:ETAPX,EURONEXT,FR001400H7V7,France 3.0% 25-MAY-2033
EURONEXT:ETAPZ,EURONEXT,FR001400IKW5,Government of France 0.55% 01-MAR-2039
EURONEXT:ETAQA,EURONEXT,FR001400JI88,Government of France 0.6% 25-JUL-2034
EURONEXT:ETAQB,EURONEXT,FR001400L834,France 3.5% 25-NOV-2033
SWB:EU000A1G0BL1,SWB,EU000A1G0BL1,European Financial Stability Facility SA (Luxembourg) 2.75% 03-DEC-2029
SWB:EU000A285VM2,SWB,EU000A285VM2,European Union 0.0% 04-JUL-2035
SWB:EU000A2SCAG3,SWB,EU000A2SCAG3,European Financial Stability Facility SA (Luxembourg) 2.875% 16-FEB-2033
SWB:EU000A2SCAJ7,SWB,EU000A2SCAJ7,European Financial Stability Facility SA (Luxembourg) 3.0% 10-JUL-2030
SWB:EU000A2SCAP4,SWB,EU000A2SCAP4,European Financial Stability Facility SA (Luxembourg) 2.875% 28-MAY-2031
SWB:EU000A2SCAU4,SWB,EU000A2SCAU4,European Financial Stability Facility SA (Luxembourg) 2.75% 27-SEP-2032
SWB:EU000A3K4D41,SWB,EU000A3K4D41,European Union 3.25% 04-JUL-2034
SWB:EU000A3K4D82,SWB,EU000A3K4D82,European Union 2.75% 05-OCT-2026
SWB:EU000A3K4DP2,SWB,EU000A3K4DP2,European Union 1.75% 01-AUG-2034
SWB:EU000A3K4DW8,SWB,EU000A3K4DW8,European Union 2.75% 04-FEB-2033
SWB:EU000A3K4ED6,SWB,EU000A3K4ED6,European Investment Bank 3.0% 15-NOV-2028
SWB:EU000A3K4EL9,SWB,EU000A3K4EL9,European Union 4.0% 04-APR-2044
SWB:EU000A3K4EN5,SWB,EU000A3K4EN5,European Union 3.125% 05-DEC-2028
SWB:EU000A3K4ES4,SWB,EU000A3K4ES4,European Union 3.0% 04-DEC-2034
SWB:EU000A3K4EY2,SWB,EU000A3K4EY2,European Union 3.375% 05-OCT-2054
SWB:EU000A3L1DJ0,SWB,EU000A3L1DJ0,European Union 2.5% 04-DEC-2031
SWB:EU000A3L4C16,SWB,EU000A3L4C16,European Investment Bank 2.25% 14-DEC-2029
SWB:EU000A3LS460,SWB,EU000A3LS460,European Investment Bank 2.75% 16-JAN-2034
SWB:EU000A4D7YR5,SWB,EU000A4D7YR5,European Investment Bank 11.0% 03-JUL-2030
SWB:EU000A4D8KD2,SWB,EU000A4D8KD2,European Union 3.375% 12-DEC-2035
SWB:EU000A4EA8Y7,SWB,EU000A4EA8Y7,European Union 3.75% 12-OCT-2045
SWB:EU000A4EBBP0,SWB,EU000A4EBBP0,European Investment Bank 2.25% 14-AUG-2028
SWB:EU000A4ECKZ8,SWB,EU000A4ECKZ8,European Investment Bank 2.875% 18-JUN-2035
SWB:EU000A4EG039,SWB,EU000A4EG039,European Union 4.0% 12-OCT-2055
SWB:EU000A4EJF17,SWB,EU000A4EJF17,European Union 3.625% 12-DEC-2040
SWB:EU000A4ERVC2,SWB,EU000A4ERVC2,European Union 3.25% 12-DEC-2036
SWB:EU000A4ES497,SWB,EU000A4ES497,European Union 4.0% 12-OCT-2046
SIX:EU008.EUR,SIX,AT0000A04967,Government of Austria 4.15% 15-MAR-2037
SIX:EU0524.EUR,SIX,XS2813211294,Roche Finance Europe BV 3.227% 03-MAY-2030
SIX:EU2624.EUR,SIX,ES00000120N0,Spain 4.9% 30-JUL-2040
SIX:EU2625.EUR,SIX,ES0000012932,Spain 4.2% 31-JAN-2037
SIX:EU2626.EUR,SIX,ES0000012411,Spain 5.75% 30-JUL-2032
SIX:EU2647.EUR,SIX,IT0004923998,Italy 4.75% 01-SEP-2044
SIX:EU2648.EUR,SIX,IT0004532559,Italy 5.0% 01-SEP-2040
SIX:EU2649.EUR,SIX,IT0004286966,Italy 5.0% 01-AUG-2039
SIX:EU2650.EUR,SIX,IT0003934657,Italy 4.0% 01-FEB-2037
SIX:EU2653.EUR,SIX,IT0003256820,Italy 5.75% 01-FEB-2033
SIX:EU2654.EUR,SIX,IT0001444378,Italy 6.0% 01-MAY-2031
SIX:EU2660.EUR,SIX,IT0001174611,Italy 6.5% 01-NOV-2027
SIX:EU2758.EUR,SIX,ES00000124H4,Spain 5.15% 31-OCT-2044
SIX:EU2786.EUR,SIX,DE0001135275,Germany 4.0% 04-JAN-2037
SIX:EU2790.EUR,SIX,DE0001135366,Germany 4.75% 04-JUL-2040
SIX:EU2793.EUR,SIX,DE0001135432,Germany 3.25% 04-JUL-2042
SIX:EU2796.EUR,SIX,DE0001135481,Germany 2.5% 04-JUL-2044
SIX:EU2862.EUR,SIX,XS0162513211,E.ON International Finance BV 5.75% 14-FEB-2033
SIX:EU2914.EUR,SIX,XS1197833137,Coca-Cola Company 1.625% 09-MAR-2035
SIX:EU3195.EUR,SIX,XS1375955678,International Business Machines Corporation 1.75% 07-MAR-2028
SIX:EU3275.EUR,SIX,XS1803247557,Lunar Funding V Plc for Swisscom AG 1.125% 12-OCT-2026
SIX:EU3290.EUR,SIX,XS1492580516,Elm BV for Swiss Prime Site AG 4.5% PERP
SIX:EU3355.EUR,SIX,XS2286442186,Holcim Finance (Luxembourg) SA 0.625% 19-JAN-2033
SIX:EU3356.EUR,SIX,XS1707075328,Nestle Finance International Ltd. 1.25% 02-NOV-2029
SIX:EU3357.EUR,SIX,XS1707075245,Nestle Finance International Ltd. 1.75% 02-NOV-2037
SIX:EU4124.EUR,SIX,XS2592088236,Roche Finance Europe BV 3.204% 27-AUG-2029
SIX:EU4126.EUR,SIX,XS2726335099,Roche Finance Europe BV 3.586% 04-DEC-2036
SIX:EU507.EUR,SIX,XS0875797515,Deutsche Telekom International Finance BV 3.25% 17-JAN-2028
SIX:EU696.EUR,SIX,XS0834385923,BHP Billiton Finance Ltd. 3.25% 24-SEP-2027
SIX:EU749.EUR,SIX,XS0229567440,General Electric Company 4.125% 19-SEP-2035
SIX:EU988.EUR,SIX,FR0010033381,Veolia Environnement SA 6.125% 25-NOV-2033
FWB:EUA1Z99Q,FWB,EU000A1Z99Q7,European Stability Mechanism (ESM) 1.0% 23-JUN-2027
FWB:EUA1Z99R,FWB,EU000A1Z99R5,European Stability Mechanism (ESM) 3.0% 15-MAR-2028
FWB:EUA2SCAH,FWB,EU000A2SCAH1,European Financial Stability Facility SA (Luxembourg) 3.0% 15-DEC-2028
FWB:EUA3K4D8,FWB,EU000A3K4D82,European Union 2.75% 05-OCT-2026
MUN:EUA3K4DS,MUN,EU000A3K4DS6,European Union 2.0% 04-OCT-2027
FWB:EUA3K4ED,FWB,EU000A3K4ED6,European Investment Bank 3.0% 15-NOV-2028
FWB:EUA3K4EL,FWB,EU000A3K4EL9,European Union 4.0% 04-APR-2044
TRADEGATE:EUA3K4EN,TRADEGATE,EU000A3K4EN5,European Union 3.125% 05-DEC-2028
FWB:EUA3K4ES,FWB,EU000A3K4ES4,European Union 3.0% 04-DEC-2034
TRADEGATE:EUA3K4EY,TRADEGATE,EU000A3K4EY2,European Union 3.375% 05-OCT-2054
FWB:EUA3KM90,FWB,EU000A3KM903,European Union 0.2% 04-JUN-2036
FWB:EUA3KWCF,FWB,EU000A3KWCF4,European Union 0.0% 04-OCT-2028
TRADEGATE:EUA3L1DJ,TRADEGATE,EU000A3L1DJ0,European Union 2.5% 04-DEC-2031
FWB:EUA3LNF0,FWB,EU000A3LNF05,European Union 3.125% 04-DEC-2030
TRADEGATE:EUA3LVAL,TRADEGATE,EU000A3LVAL6,European Investment Bank 2.75% 17-JUL-2029
DUS:EUA3LZ0X,DUS,EU000A3LZ0X9,European Union 3.375% 04-OCT-2039
FWB:EUA4D7YR,FWB,EU000A4D7YR5,European Investment Bank 11.0% 03-JUL-2030
MUN:EUA4D8KD,MUN,EU000A4D8KD2,European Union 3.375% 12-DEC-2035
TRADEGATE:EUA4EBBP,TRADEGATE,EU000A4EBBP0,European Investment Bank 2.25% 14-AUG-2028
FWB:EUA4EBBP,FWB,EU000A4EBBP0,European Investment Bank 2.25% 14-AUG-2028
FWB:EUA4EG03,FWB,EU000A4EG039,European Union 4.0% 12-OCT-2055
TRADEGATE:EUA4EG03,TRADEGATE,EU000A4EG039,European Union 4.0% 12-OCT-2055
FWB:EUA4ES49,FWB,EU000A4ES497,European Union 4.0% 12-OCT-2046
SIX:EUF006.EUR,SIX,XS3366248279,Novartis Finance S.A. 3.1% 13-JAN-2032
SIX:EUF008.EUR,SIX,XS3366248600,Novartis Finance S.A. 4.0% 13-MAY-2041
SIX:EUF009.EUR,SIX,XS3366248519,Novartis Finance S.A. 3.5% 13-MAY-2035
SIX:EUF068.EUR,SIX,CH1174335740,Credit Suisse Group AG 2.875% 02-APR-2032
SIX:EUF080.EUR,SIX,XS1492825481,Novartis Finance S.A. 0.625% 20-SEP-2028
SIX:EUF084.EUR,SIX,XS1883355197,Abbott Ireland Financing DAC 1.5% 27-SEP-2026
SIX:EUF091.EUR,SIX,XS2076155105,Abbott Ireland Financing DAC 0.375% 19-NOV-2027
SIX:EUF096.EUR,SIX,CH0591979627,Credit Suisse Group AG 0.625% 18-JAN-2033
SIX:EUF099.EUR,SIX,CH1214797172,Credit Suisse Group AG 7.75% 01-MAR-2029
SIX:EUF10.EUR,SIX,CH0517825276,UBS Group AG 0.65% 14-JAN-2028
SIX:EUF87.EUR,SIX,XS2235996217,Novartis Finance S.A. 0.0% 23-SEP-2028
SIX:EUR761.EUR,SIX,XS0162990229,"Electricite de France, Societe Anonyme 5.625% 21-FEB-2033"
SIX:EUR904.EUR,SIX,XS0161488498,Deutsche Telekom International Finance BV 7.5% 24-JAN-2033
SIX:EUR912.EUR,SIX,XS0161100515,Olivetti Finance NV 7.75% 24-JAN-2033
SIX:EUR919.EUR,SIX,XS0162869076,Telefonica Europe BV 5.875% 14-FEB-2033
EURONEXT:EVINY01_PRO_ESG,EURONEXT,NO0013004572,Eviny AS FRN 30-AUG-2028
EURONEXT:EVINY05_PRO,EURONEXT,NO0013311902,Eviny AS FRN 14-NOV-2029
EURONEXT:EVINY06_PRO,EURONEXT,NO0013314658,Eviny AS FRN 16-NOV-2027
EURONEXT:EVINY07_PRO,EURONEXT,NO0013323485,Eviny AS FRN 27-AUG-2031
EURONEXT:EVINY09_PRO,EURONEXT,NO0013629667,Eviny AS FRN 15-AUG-2030
EURONEXT:EVINY11_PRO,EURONEXT,NO0013710632,Eviny AS FRN 07-MAR-2031
EURONEXT:EVINY12_PRO_ESG,EURONEXT,NO0013710673,Eviny AS FRN 12-APR-2032
EURONEXT:EVINY13_PRO_ESG,EURONEXT,NO0013750976,Eviny AS FRN 11-NOV-2032
SWB:F1XC,SWB,FI4000148630,Government of Finland 0.75% 15-APR-2031
GETTEX:F1XP,GETTEX,FI4000037635,Government of Finland 2.75% 04-JUL-2028
TRADEGATE:F1XR,TRADEGATE,FI4000046545,Government of Finland 2.625% 04-JUL-2042
EURONEXT:FAMK01_PRO,EURONEXT,NO0013670562,Famkaa Invest ApS FRN 09-APR-2029
SIX:FER26,SIX,CH1580409089,Ferring Holding S.A. 1.45% 30-JUL-2032
EURONEXT:FERDE21_PRO,EURONEXT,NO0010875271,Ferde AS FRN 24-FEB-2027
EURONEXT:FERDE25_PRO,EURONEXT,NO0012495268,Ferde AS FRN 09-APR-2029
EURONEXT:FERDE36_PRO,EURONEXT,NO0011095465,Ferde AS FRN 10-SEP-2026
EURONEXT:FERDE40_PRO,EURONEXT,NO0013479964,Ferde AS FRN 18-FEB-2030
EURONEXT:FERDE44_PRO,EURONEXT,NO0013637777,Ferde AS FRN 28-AUG-2030
EURONEXT:FERDE47_PRO,EURONEXT,NO0013736413,Ferde AS FRN 05-MAR-2031
EURONEXT:FFSB14_PRO,EURONEXT,NO0012917592,Flekkefjord Sparebank FRN 16-MAY-2033
EURONEXT:FFSB17_PRO,EURONEXT,NO0013119263,Flekkefjord Sparebank FRN 09-APR-2027
EURONEXT:FFSB18_PRO_ESG,EURONEXT,NO0013311977,Flekkefjord Sparebank FRN 13-AUG-2027
EURONEXT:FFSB19_PRO_ESG,EURONEXT,NO0013484733,Flekkefjord Sparebank FRN 21-FEB-2028
EURONEXT:FFSB20_PRO_ESG,EURONEXT,NO0013582601,Flekkefjord Sparebank FRN 06-JUN-2030
EURONEXT:FFSB22_PRO,EURONEXT,NO0013735969,Flekkefjord Sparebank FRN 26-FEB-2031
SIX:FHZ20,SIX,CH0520663672,Flughafen Zurich AG 0.2% 26-FEB-2035
SIX:FHZ202,SIX,CH0570576568,Flughafen Zurich AG 0.1% 30-DEC-2027
SIX:FHZ25,SIX,CH1435012104,Flughafen Zurich AG 1.1775% 25-JUN-2040
SIX:FI18,SIX,CH0373476636,Georg Fischer B.V. & Co. KG 1.05% 20-APR-2028
SIX:FI20,SIX,CH0536893230,Georg Fischer AG 0.95% 25-MAR-2030
SWB:FI4000527551,SWB,FI4000527551,Government of Finland 1.375% 15-APR-2027
FWB:FI400055024,FWB,FI4000550249,Government of Finland 3.0% 15-SEP-2033
TRADEGATE:FI400055024,TRADEGATE,FI4000550249,Government of Finland 3.0% 15-SEP-2033
SWB:FI4000571104,SWB,FI4000571104,Government of Finland 3.0% 15-SEP-2034
EURONEXT:FJELL62_PRO_ESG,EURONEXT,NO0013335497,Fjellinjen AS FRN 17-SEP-2029
FWB:FMC2,FWB,US345370CA64,Ford Motor Company 7.45% 16-JUL-2031
SWB:FMCA,SWB,US345370CQ17,Ford Motor Company 4.75% 15-JAN-2043
GETTEX:FMEB,GETTEX,XS2084488209,Fresenius Medical Care AG 1.25% 29-NOV-2029
EURONEXT:FOSB23_PRO,EURONEXT,NO0011157349,Oslofjord Sparebank FRN 25-NOV-2026
EURONEXT:FR0000047722,EURONEXT,FR0000047722,NATIXIS Titres Participatifs 1985 novembre sans echeance finale
EURONEXT:FR0000572646,EURONEXT,FR0000572646,BNP Paribas SA FRN PERP
EUROTLX:FR0010014845,EUROTLX,FR0010014845,GIE PSA Tresorerie 6.0% 19-SEP-2033
SWB:FR0013313582,SWB,FR0013313582,France 1.25% 25-MAY-2034
SWB:FR0013407236,SWB,FR0013407236,France 0.5% 25-MAY-2029
SWB:FR0014000Y93,SWB,FR0014000Y93,Credit Agricole S.A. 0.125% 09-DEC-2027
SWB:FR0014004J31,SWB,FR0014004J31,France 0.75% 25-MAY-2053
EUROTLX:FR001400B1L7,EUROTLX,FR001400B1L7,RCI Banque S.A. 4.75% 06-JUL-2027
SWB:FR001400BKZ3,SWB,FR001400BKZ3,France 2.0% 25-NOV-2032
SWB:FR001400CRG6,SWB,FR001400CRG6,RCI Banque S.A. 4.875% 21-SEP-2028
EUROTLX:FR001400CRG6,EUROTLX,FR001400CRG6,RCI Banque S.A. 4.875% 21-SEP-2028
SWB:FR001400H2O3,SWB,FR001400H2O3,RCI Banque S.A. 4.5% 06-APR-2027
SWB:FR001400H7V7,SWB,FR001400H7V7,France 3.0% 25-MAY-2033
EUROTLX:FR001400IEQ0,EUROTLX,FR001400IEQ0,RCI Banque S.A. 4.875% 14-JUN-2028
EUROTLX:FR001400P3D4,EUROTLX,FR001400P3D4,RCI Banque S.A. 3.75% 04-OCT-2027
EUROTLX:FR001400P3E2,EUROTLX,FR001400P3E2,RCI Banque S.A. 4.125% 04-APR-2031
SWB:FR001400PM68,SWB,FR001400PM68,France 2.75% 25-FEB-2030
EURONEXT:FR001400QCA1,EURONEXT,FR001400QCA1,Government of France 0.95% 25-JUL-2043
SWB:FR001400QMF9,SWB,FR001400QMF9,France 3.0% 25-NOV-2034
EURONEXT:FR001400QMF9,EURONEXT,FR001400QMF9,France 3.0% 25-NOV-2034
EURONEXT:FR001400QQ30,EURONEXT,FR001400QQ30,Legrand SA 3.5% 26-JUN-2034
SWB:FR001400SSO4,SWB,FR001400SSO4,RCI Banque S.A. 3.875% 30-SEP-2030
EUROTLX:FR001400U4M6,EUROTLX,FR001400U4M6,RCI Banque S.A. 3.375% 26-JUL-2029
EURONEXT:FR001400WJI7,EURONEXT,FR001400WJI7,La Poste Societe anonyme 5.0% PERP
EUROTLX:FR001400WK95,EUROTLX,FR001400WK95,RCI Banque S.A. 3.5% 17-JAN-2028
SWB:FR001400XJJ3,SWB,FR001400XJJ3,France 3.75% 25-MAY-2056
EURONEXT:FR001400XLW2,EURONEXT,FR001400XLW2,France 2.4% 24-SEP-2028
SWB:FR001400ZGF2,SWB,FR001400ZGF2,"Electricite de France, Societe Anonyme 3.25% 07-MAY-2032"
EUROTLX:FR0014010A08,EUROTLX,FR0014010A08,Worldline SA 5.5% 10-JUN-2030
EURONEXT:FR0014012II5,EURONEXT,FR0014012II5,France 3.5% 25-NOV-2035
SWB:FR0014012II5,SWB,FR0014012II5,France 3.5% 25-NOV-2035
EURONEXT:FR0014014IQ4,EURONEXT,FR0014014IQ4,Caisse Nationale de Reassurance Mutuelle Agricole Groupama 5.75% PERP
EURONEXT:FR0014015MU5,EURONEXT,FR0014015MU5,France 4.1% 25-MAY-2046
EURONEXT:FR0014016CV2,EURONEXT,FR0014016CV2,France 4.4% 25-MAY-2057
EURONEXT:FR0014017Z10,EURONEXT,FR0014017Z10,France 3.8% 25-JUN-2037
TRADEGATE:FR1345150,TRADEGATE,FR0013451507,France 0.0% 25-NOV-2029
FWB:FR1346492,FWB,FR0013464922,"Electricite de France, Societe Anonyme 3.0% PERP"
FWB:FR14001NN,FWB,FR0014001NN8,France 0.5% 25-MAY-2072
FWB:FR1400H2O,FWB,FR001400H2O3,RCI Banque S.A. 4.5% 06-APR-2027
FWB:FR1400H7V,FWB,FR001400H7V7,France 3.0% 25-MAY-2033
TRADEGATE:FR1400H7V,TRADEGATE,FR001400H7V7,France 3.0% 25-MAY-2033
FWB:FR1400HI9,FWB,FR001400HI98,France 2.75% 25-FEB-2029
TRADEGATE:FR1400L83,TRADEGATE,FR001400L834,France 3.5% 25-NOV-2033
FWB:FR1400N3F,FWB,FR001400N3F1,RCI Banque S.A. 3.875% 12-JAN-2029
TRADEGATE:FR1400QMF,TRADEGATE,FR001400QMF9,France 3.0% 25-NOV-2034
FWB:FR1400XJJ,FWB,FR001400XJJ3,France 3.75% 25-MAY-2056
TRADEGATE:FR1400Z2L,TRADEGATE,FR001400Z2L7,France 2.7% 25-FEB-2031
TRADEGATE:FR140106Z,TRADEGATE,FR00140106Z3,RCI Banque S.A. 3.375% 06-JUN-2030
TRADEGATE:FR14012II,TRADEGATE,FR0014012II5,France 3.5% 25-NOV-2035
TRADEGATE:FR14015MU,TRADEGATE,FR0014015MU5,France 4.1% 25-MAY-2046
FWB:FR14016CV,FWB,FR0014016CV2,France 4.4% 25-MAY-2057
FWB:FR14017Z1,FWB,FR0014017Z10,France 3.8% 25-JUN-2037
FWB:FR14018OI,FWB,FR0014018OI0,France 3.25% 25-FEB-2032
FWB:FR14018YR,FWB,FR0014018YR0,France 3.7% 25-NOV-2036
EURONEXT:FR1CIBLU0317,EURONEXT,FR1CIBLU0317,Credit Agricole CIB Finance Luxembourg SA 0.0% 21-JUN-2032
EURONEXT:FRCASA010233,EURONEXT,FRCASA010233,Credit Agricole S.A. 4.0% 28-DEC-2033
EURONEXT:FRCASA010316,EURONEXT,FRCASA010316,Credit Agricole S.A. 0.0% 21-JUN-2034
EURONEXT:FRCASA010449,EURONEXT,FRCASA010449,Credit Agricole S.A. 0.0% 02-OCT-2034
EURONEXT:FRCASA010456,EURONEXT,FRCASA010456,Credit Agricole S.A. 3.45% 24-JUL-2034
EURONEXT:FRCASA010506,EURONEXT,FRCASA010506,Credit Agricole S.A. 0.0% 22-NOV-2034
EURONEXT:FRCASA010514,EURONEXT,FRCASA010514,Credit Agricole S.A. 2.8% 29-OCT-2026
EURONEXT:FRCASA010522,EURONEXT,FRCASA010522,Credit Agricole S.A. 3.2% 29-OCT-2034
EURONEXT:FRCASA010605,EURONEXT,FRCASA010605,Credit Agricole S.A. 3.1% 29-JAN-2035
EURONEXT:FRCASA010613,EURONEXT,FRCASA010613,Credit Agricole S.A. 0.0% 09-APR-2035
EURONEXT:FRCASA010647,EURONEXT,FRCASA010647,Credit Agricole S.A. 3.1% 20-MAR-2035
EURONEXT:FRCASA010670,EURONEXT,FRCASA010670,Credit Agricole S.A. 0.0% 09-JUL-2035
EURONEXT:FRCASA010753,EURONEXT,FRCASA010753,Credit Agricole S.A. 0.0% 08-OCT-2035
EURONEXT:FRCASA010787,EURONEXT,FRCASA010787,Credit Agricole S.A. 3.4% 22-OCT-2035
EURONEXT:FRCASA010837,EURONEXT,FRCASA010837,Credit Agricole S.A. 0.0% 09-JAN-2036
EURONEXT:FRCASA010852,EURONEXT,FRCASA010852,Credit Agricole S.A. 3.4% 08-JAN-2036
EURONEXT:FRCASA010886,EURONEXT,FRCASA010886,Credit Agricole S.A. 0.0% 08-APR-2036
EURONEXT:FRCASA010944,EURONEXT,FRCASA010944,Credit Agricole S.A. 3.4% 17-MAR-2036
GETTEX:FREC,GETTEX,XS2152329053,Fresenius SE & Co. KGaA 1.625% 08-OCT-2027
SIX:FRK16,SIX,CH0310646523,Banque Cantonale de Fribourg 0.5% 23-FEB-2028
SIX:FRK23,SIX,CH1290975528,Banque Cantonale de Fribourg 1.9% 08-SEP-2026
SIX:FRN24,SIX,CH1380011317,Fresenius SE & Co. KGaA 1.5975% 24-OCT-2029
EURONEXT:FSB44_PRO,EURONEXT,NO0011155855,Fana Sparebank FRN 24-NOV-2031
EURONEXT:FSB47_PRO,EURONEXT,NO0012991266,Fana Sparebank FRN 22-AUG-2028
EURONEXT:FSB49_PRO,EURONEXT,NO0013586602,Fana Sparebank FRN 17-JUN-2030
EURONEXT:FSBKR26_PRO,EURONEXT,NO0012435736,Fana Sparebank Boligkredit AS FRN 10-MAY-2027
EURONEXT:FSBKR27_PRO,EURONEXT,NO0012903451,Fana Sparebank Boligkredit AS FRN 28-AUG-2028
EURONEXT:FSBKR28_PRO,EURONEXT,NO0013133843,Fana Sparebank Boligkredit AS FRN 23-JAN-2030
TRADEGATE:FTA1,TRADEGATE,FR0013286192,France 0.75% 25-MAY-2028
FWB:FTA1,FWB,FR0013286192,France 0.75% 25-MAY-2028
TRADEGATE:FTAW,TRADEGATE,FR0011883966,France 2.5% 25-MAY-2030
SWB:FTAW,SWB,FR0011883966,France 2.5% 25-MAY-2030
FWB:FTAW,FWB,FR0011883966,France 2.5% 25-MAY-2030
TRADEGATE:FTEI,TRADEGATE,FR0000471930,Orange SA 8.125% 28-JAN-2033
SIX:GAD241,SIX,CH1373904411,Galderma Holding SA 1.9% 27-SEP-2032
SIX:GAD252.EUR,SIX,XS3025205850,Galderma Finance Europe B.V. 3.5% 20-MAR-2030
SIX:GAD260.EUR,SIX,XS3310319689,Galderma Finance Europe B.V. 3.375% 17-MAR-2031
SIX:GAL23,SIX,CH1255924453,Galenica AG 2.35% 08-NOV-2029
SIX:GAL25,SIX,CH1494626398,Galenica AG 1.08% 09-DEC-2032
SIX:GAT17,SIX,CH0353945394,Gategroup Finance (Luxembourg) SA 3.0% 28-FEB-2027
EUROTLX:GB0004893086,EUROTLX,GB0004893086,UK Treasury Stock 4.25% 07-JUN-2032
EUROTLX:GB0032452392,EUROTLX,GB0032452392,UK Treasury Stock 4.25% 07-MAR-2036
EUROTLX:GB00B00NY175,EUROTLX,GB00B00NY175,UK Treasury Stock 4.75% 07-DEC-2038
EUROTLX:GB00B16NNR78,EUROTLX,GB00B16NNR78,UK Treasury Stock 4.25% 07-DEC-2027
EUROTLX:GB00B1VWPJ53,EUROTLX,GB00B1VWPJ53,UK Treasury Stock 4.5% 07-DEC-2042
EUROTLX:GB00B3KJDS62,EUROTLX,GB00B3KJDS62,UK Treasury Stock 4.25% 07-SEP-2039
EUROTLX:GB00B84Z9V04,EUROTLX,GB00B84Z9V04,UK Treasury Stock 3.25% 22-JAN-2044
EUROTLX:GB00BD0XH204,EUROTLX,GB00BD0XH204,UK Treasury Stock 1.75% 22-JUL-2057
EUROTLX:GB00BDRHNP05,EUROTLX,GB00BDRHNP05,UK Treasury Stock 1.25% 22-JUL-2027
EUROTLX:GB00BL6C7720,EUROTLX,GB00BL6C7720,Treasury Gilt 4.125% 29-JAN-2027
SWB:GB00BL6C7720,SWB,GB00BL6C7720,Treasury Gilt 4.125% 29-JAN-2027
EUROTLX:GB00BLH38158,EUROTLX,GB00BLH38158,Treasury Gilt 1.25% 31-JUL-2051
EUROTLX:GB00BLPK7227,EUROTLX,GB00BLPK7227,Treasury Gilt 0.5% 31-JAN-2029
SWB:GB00BMF9LG83,SWB,GB00BMF9LG83,Treasury Gilt 4.5% 07-JUN-2028
EUROTLX:GB00BMF9LG83,EUROTLX,GB00BMF9LG83,Treasury Gilt 4.5% 07-JUN-2028
EUROTLX:GB00BMGR2809,EUROTLX,GB00BMGR2809,Treasury Gilt 0.25% 31-JUL-2031
EUROTLX:GB00BMGR2916,EUROTLX,GB00BMGR2916,Treasury Gilt 0.625% 31-JUL-2035
EUROTLX:GB00BMV7TC88,EUROTLX,GB00BMV7TC88,Treasury Gilt 3.25% 31-JAN-2033
EUROTLX:GB00BN65R313,EUROTLX,GB00BN65R313,UK Treasury Stock 3.5% 22-JAN-2045
EUROTLX:GB00BPCJD997,EUROTLX,GB00BPCJD997,Treasury Gilt 3.75% 22-OCT-2053
EUROTLX:GB00BPJJKN53,EUROTLX,GB00BPJJKN53,Treasury Gilt 4.625% 31-JAN-2034
SWB:GB00BPSNBB36,SWB,GB00BPSNBB36,Treasury Gilt 4.375% 31-JUL-2054
SWB:GB00BT7J0241,SWB,GB00BT7J0241,Treasury Gilt 5.375% 31-JAN-2056
SWB:GB00BVP99566,SWB,GB00BVP99566,Treasury Gilt 4.0% 22-MAY-2029
FWB:GBBQC4R99,FWB,GB00BQC4R999,Treasury Gilt 3.75% 29-JAN-2038
TRADEGATE:GBBT7J024,TRADEGATE,GB00BT7J0241,Treasury Gilt 5.375% 31-JAN-2056
FWB:GBBT7J024,FWB,GB00BT7J0241,Treasury Gilt 5.375% 31-JAN-2056
FWB:GBBTXS1K0,FWB,GB00BTXS1K06,Government of United Kingdom 4.75% 22-OCT-2035
SIX:GBF007.GBP,SIX,CH0550413337,UBS Group AG 2.25% 09-JUN-2028
SIX:GBF010.GBP,SIX,CH1142754311,UBS Group AG 2.125% 15-NOV-2029
SIX:GBF011.GBP,SIX,CH1211713198,UBS Group AG 7.375% 07-SEP-2033
SWB:GBG2,SWB,DE000A0JND05,SALVATOR Vermoegensverwaltungs GmbH 9.5 % Genusssch. 2006-Without Fixed Maturity
SIX:GBP017.GBP,SIX,XS0113731433,Deutsche Telekom International Finance BV 7.625% 15-JUN-2030
SIX:GBP073.GBP,SIX,XS0114126294,European Investment Bank 5.625% 07-JUN-2032
SIX:GBP078.GBP,SIX,XS0096499057,European Investment Bank 5.0% 15-APR-2039
SIX:GBP479.GBP,SIX,XS0089572316,Government of Italy 6.0% 04-AUG-2028
SIX:GBP489.GBP,SIX,XS0121617517,Walmart Inc. 5.75% 19-DEC-2030
SIX:GBP490.GBP,SIX,XS0140516864,GlaxoSmithKline Capital Plc 5.25% 19-DEC-2033
SIX:GBP507.GBP,SIX,XS0330497149,AstraZeneca PLC 5.75% 13-NOV-2031
SIX:GBP608.GBP,SIX,XS0437306904,E.ON International Finance BV 6.125% 06-JUL-2039
SIX:GBP625.GBP,SIX,FR0010763177,"Electricite de France, Societe Anonyme 6.125% 02-JUN-2034"
SIX:GBP627.GBP,SIX,XS0399412443,Orange SA 8.125% 20-NOV-2028
SIX:GBP631.GBP,SIX,XS0357124618,"Goldman Sachs Group, Inc. 7.25% 10-APR-2028"
SIX:GBP644.GBP,SIX,XS0291949120,AT&T Inc. 5.5% 15-MAR-2027
SIX:GBP657.GBP,SIX,XS0451790280,Royal KPN N.V. 5.75% 17-SEP-2029
SIX:GE18,SIX,CH0446595677,State of Geneva 0.3% 27-NOV-2026
SIX:GEB232,SIX,CH1249416087,Geberit AG 2.3% 27-SEP-2032
SIX:GEB24,SIX,CH1361401883,Geberit AG 1.125% 10-SEP-2031
EURONEXT:GENEF02_PRO,EURONEXT,NO0013512384,Genel Energy Finance 4 Plc 11.0% 09-APR-2030
SIX:GFI252,SIX,CH1377955617,Georg Fischer AG 1.545% 06-JUN-2033
LSE:GHT2,LSE,XS2250730749,RCB Bonds Plc 5.0% 17-DEC-2030
GETTEX:GIEB,GETTEX,FR0010014845,GIE PSA Tresorerie 6.0% 19-SEP-2033
SWB:GIEB,SWB,FR0010014845,GIE PSA Tresorerie 6.0% 19-SEP-2033
TRADEGATE:GIEB,TRADEGATE,FR0010014845,GIE PSA Tresorerie 6.0% 19-SEP-2033
SIX:GIV161,SIX,CH0343366784,Givaudan SA 0.625% 05-DEC-2031
SIX:GIV211,SIX,CH1148308732,Givaudan SA 0.375% 07-JUN-2030
SIX:GIV23,SIX,CH1305916731,Givaudan SA 2.375% 23-MAY-2031
SIX:GKB20,SIX,CH0506071189,Glarner Kantonalbank 0.0% 06-SEP-2028
SIX:GLE21,SIX,CH1132966263,Glencore Capital Finance DAC 0.5% 07-SEP-2028
SIX:GLE24,SIX,CH1305916889,Glencore Capital Finance DAC 2.215% 18-JAN-2030
GETTEX:GOSB,GETTEX,XS2292954893,"Goldman Sachs Group, Inc. 0.25% 26-JAN-2028"
TRADEGATE:GOSB,TRADEGATE,XS2292954893,"Goldman Sachs Group, Inc. 0.25% 26-JAN-2028"
FWB:GOSB,FWB,XS2292954893,"Goldman Sachs Group, Inc. 0.25% 26-JAN-2028"
MUN:GOSZ,MUN,XS1362373224,"Goldman Sachs Group, Inc. 3.0% 12-FEB-2031"
SWB:GOSZ,SWB,XS1362373224,"Goldman Sachs Group, Inc. 3.0% 12-FEB-2031"
GETTEX:GQ7BLE,GETTEX,DE000GQ7BLE5,"Goldman, Sachs & Co. Wertpapier GmbH 2.6% 24-MAR-2028"
FWB:GR13300619,FWB,GR0133006198,Government of Greece 4.3% 24-FEB-2028
FWB:GR13801076,FWB,GR0138010765,Government of Greece 4.3% 24-FEB-2038
FWB:GR13801278,FWB,GR0138012787,Government of Greece 4.3% 24-FEB-2040
FWB:GR13801480,FWB,GR0138014809,Government of Greece 4.3% 24-FEB-2042
TRADEGATE:GR13801884,TRADEGATE,GR0138018842,Government of Greece 4.125% 15-JUN-2054
SIX:GRE221,SIX,CH1206367463,Groupe E SA 1.95% 30-SEP-2027
SIX:GRK19,SIX,CH0398633922,Graubundner Kantonalbank 0.375% 28-MAY-2032
EURONEXT:GRONG29_PRO,EURONEXT,NO0011097222,Grong Savings Bank FRN 15-OCT-2031
EURONEXT:GRONG30_PRO,EURONEXT,NO0012838210,Grong Savings Bank FRN 09-FEB-2028
EURONEXT:GRONG34_PRO,EURONEXT,NO0013257543,Grong Savings Bank FRN 14-SEP-2027
EURONEXT:GRONG35_PRO,EURONEXT,NO0013339812,Grong Savings Bank FRN 20-SEP-2029
SIX:GSG21,SIX,CH1112011536,"Goldman Sachs Group, Inc. 0.4% 11-MAY-2028"
GETTEX:GZ0C,GETTEX,LU0905090048,Government of Luxembourg 2.25% 19-MAR-2028
MUN:GZ0C,MUN,LU0905090048,Government of Luxembourg 2.25% 19-MAR-2028
SWB:GZFK,SWB,FR0011022474,ENGIE SA 5.95% 16-MAR-2111
GETTEX:GZFK,GETTEX,FR0011022474,ENGIE SA 5.95% 16-MAR-2111
SIX:GZO14,SIX,CH0240109618,GZO AG 4.375% 14-JUN-2027
EURONEXT:HAKR03_PRO_ESG,EURONEXT,NO0011203549,Haugaland Kraft AS 2.475% 18-JAN-2027
EURONEXT:HAKR06_PRO_ESG,EURONEXT,NO0013172148,Haugaland Kraft AS 5.07% 05-MAR-2029
SIX:HBA26,SIX,CH1548688311,Helvetia Baloise Holding Ltd. 0.625% 12-MAY-2028
SIX:HBA261,SIX,CH1548688329,Helvetia Baloise Holding Ltd. 1.125% 12-MAY-2032
SIX:HBM21,SIX,CH1109638499,HBM Healthcare Investments AG 1.125% 12-JUL-2027
LS:HCB0B3,LS,DE000HCB0B36,Hamburg Commercial Bank AG 4.75% 02-MAY-2029
TRADEGATE:HCB0B3,TRADEGATE,DE000HCB0B36,Hamburg Commercial Bank AG 4.75% 02-MAY-2029
LSX:HCB0B3,LSX,DE000HCB0B36,Hamburg Commercial Bank AG 4.75% 02-MAY-2029
GETTEX:HCB0B6,GETTEX,DE000HCB0B69,Hamburg Commercial Bank AG 3.5% 17-MAR-2028
LS:HCB0CC,LS,DE000HCB0CC8,Hamburg Commercial Bank AG 3.5% 31-JAN-2030
MUN:HCB0CC,MUN,DE000HCB0CC8,Hamburg Commercial Bank AG 3.5% 31-JAN-2030
TRADEGATE:HCB0CL,TRADEGATE,DE000HCB0CL9,Hamburg Commercial Bank AG 3.25% 03-FEB-2031
EURONEXT:HEBK32_PRO,EURONEXT,NO0013119875,Helgeland Boligkreditt AS FRN 12-JAN-2029
EURONEXT:HEBK34_PRO,EURONEXT,NO0013333435,Helgeland Boligkreditt AS FRN 18-SEP-2030
EURONEXT:HEBK35_PRO,EURONEXT,NO0013431148,Helgeland Boligkreditt AS FRN 16-APR-2030
EURONEXT:HEBK37_PRO,EURONEXT,NO0013737064,Helgeland Boligkreditt AS FRN 09-MAR-2032
FWB:HEL0DK,FWB,DE000HEL0DK5,Landesbank Hessen-Thuringen Girozentrale 2.65% 13-FEB-2031
FWB:HEL0JA,FWB,DE000HEL0JA3,Landesbank Hessen-Thuringen Girozentrale 1.7% 09-OCT-2026
FWB:HEL0QE,FWB,DE000HEL0QE0,Landesbank Hessen-Thuringen Girozentrale 1.8% 17-DEC-2026
FWB:HEL0TC,FWB,DE000HEL0TC8,Landesbank Hessen-Thuringen Girozentrale 1.85% 11-SEP-2026
FWB:HEL0UL,FWB,DE000HEL0UL7,Landesbank Hessen-Thuringen Girozentrale 1.9% 09-APR-2027
FWB:HEL0WC,FWB,DE000HEL0WC2,Landesbank Hessen-Thuringen Girozentrale 2.15% 03-SEP-2027
EURONEXT:HELG54_PRO,EURONEXT,NO0011096299,SpareBank 1 Helgeland FRN PERP
EURONEXT:HELG60_PRO,EURONEXT,NO0013176628,SpareBank 1 Helgeland FRN 08-MAY-2029
EURONEXT:HELG63_PRO,EURONEXT,NO0013406371,SpareBank 1 Helgeland FRN 15-NOV-2030
EURONEXT:HELG66_PRO,EURONEXT,NO0013627950,SpareBank 1 Helgeland FRN 11-AUG-2031
EURONEXT:HELG67_PRO_ESG,EURONEXT,NO0013737361,SpareBank 1 Helgeland FRN 15-APR-2031
EURONEXT:HELK22_PRO,EURONEXT,NO0012484387,Helgeland Kraft AS FRN 30-MAR-2027
EURONEXT:HELK23_PRO_ESG,EURONEXT,NO0012627118,Helgeland Kraft AS FRN 23-AUG-2028
SIX:HER23,SIX,CH1268922171,Hero AG 5.0% PERP
GETTEX:HESE,GETTEX,DE000A1RQC69,State of Hessen 0.625% 07-APR-2027
EURONEXT:HGSB30_PRO,EURONEXT,NO0012629379,Haugesund Sparebank FRN 19-AUG-2027
EURONEXT:HGSB31_PRO_ESG,EURONEXT,NO0012784547,Haugesund Sparebank FRN 14-MAR-2028
EURONEXT:HGSB35_PRO,EURONEXT,NO0013140137,Haugesund Sparebank FRN 26-MAR-2029
EURONEXT:HGSB43_PRO,EURONEXT,NO0012819954,Tysnes Sparebank FRN 20-JAN-2027
EURONEXT:HGSB48_PRO,EURONEXT,NO0013374470,Tysnes Sparebank FRN 18-OCT-2027
EURONEXT:HGSB54_PRO,EURONEXT,NO0013758433,Haugesund Sparebank FRN 06-AUG-2031
SIX:HIL231,SIX,CH1300277824,Hilti Aktiengesellschaft 1.9225% 10-NOV-2031
FWB:HJ0A,FWB,XS2447564332,BMW Finance NV 1.0% 22-MAY-2028
TRADEGATE:HJ0A,TRADEGATE,XS2447564332,BMW Finance NV 1.0% 22-MAY-2028
FWB:HLB1GH,FWB,DE000HLB1GH5,Landesbank Hessen-Thuringen Girozentrale 0.78% 27-AUG-2029
FWB:HLB33W,FWB,DE000HLB33W0,Landesbank Hessen-Thuringen Girozentrale 0.538% 26-JUL-2034
FWB:HLB397,FWB,DE000HLB3977,Landesbank Hessen-Thuringen Girozentrale 0.45% 27-FEB-2030
FWB:HLB3T5,FWB,DE000HLB3T59,Landesbank Hessen-Thuringen Girozentrale 0.556% 04-OCT-2027
FWB:HLB57L,FWB,DE000HLB57L2,Landesbank Hessen-Thuringen Girozentrale 2.9% 12-JUN-2029
FWB:HLB584,FWB,DE000HLB5840,Landesbank Hessen-Thuringen Girozentrale 3.0% 16-AUG-2027
FWB:HLB71H,FWB,DE000HLB71H1,Landesbank Hessen-Thuringen Girozentrale 1.0% 06-APR-2029
EURONEXT:HMHH03_PRO,EURONEXT,NO0013700039,HMH Holding B.V. 7.875% 17-DEC-2028
SIX:HO025,SIX,CH1450810218,HOCHTIEF Aktiengesellschaft 1.5125% 30-SEP-2032
EURONEXT:HOFIN02_PRO_ESG,EURONEXT,NO0013684993,Hofseth International AS FRN 07-NOV-2030
EURONEXT:HOIN04_PRO,EURONEXT,NO0013513598,Hospitality Invest AS FRN 07-APR-2029
MUN:HOTA,MUN,DE000A3E5S00,HOCHTIEF Aktiengesellschaft 0.625% 26-APR-2029
SWB:HOTA,SWB,DE000A3E5S00,HOCHTIEF Aktiengesellschaft 0.625% 26-APR-2029
EURONEXT:HSPG41_PRO,EURONEXT,NO0011156614,Holand og Setskog Sparebank FRN PERP
EURONEXT:HSPG52_PRO,EURONEXT,NO0013528281,Holand og Setskog Sparebank FRN 03-APR-2028
SWB:HU0000405550,SWB,HU0000405550,Government of Hungary 4.75% 24-NOV-2032
MUN:HV2A00,MUN,DE000HV2A003,UniCredit Bank GmbH 2.375% 27-AUG-2029
TRADEGATE:HV2A0L,TRADEGATE,DE000HV2A0L0,UniCredit Bank GmbH 2.625% 19-FEB-2030
EURONEXT:HXHC02_PRO,EURONEXT,NO0013465997,HX Hold Co Ltd. 12.5% 24-AUG-2030
FWB:HYYF,FWB,XS0359924643,immigon portfolioabbau ag Fiduciary Certificates 2008-Without Fixed Mat VRN
SWB:I0TD,SWB,IT0005024234,Italy 3.5% 01-MAR-2030
EUROTLX:I45618,EUROTLX,IT0005456188,UniCredit S.p.A. 100.0% 29-JAN-2027
EUROTLX:I45630,EUROTLX,IT0005456303,UniCredit S.p.A. 0.0% 28-FEB-2030
GETTEX:I9A2,GETTEX,IT0001444378,Italy 6.0% 01-MAY-2031
SWB:I9BM,SWB,IT0003934657,Italy 4.0% 01-FEB-2037
MUN:I9BN,MUN,IT0004889033,Italy 4.75% 01-SEP-2028
SIX:IAD26,SIX,CH1521313051,Inter-American Development Bank 0.8025% 29-JAN-2036
SIX:IBR24,SIX,CH1357852677,Iberdrola Finanzas SAU 1.38% 11-JUL-2028
SIX:IBR241,SIX,CH1357852685,Iberdrola Finanzas SAU 1.5625% 11-JUL-2031
SIX:IBR261,SIX,CH1564488588,Iberdrola Finanzas SAU 1.5675% 04-JUN-2036
SWB:IE00BFZRQ242,SWB,IE00BFZRQ242,Government of Ireland 1.35% 18-MAR-2031
SWB:IE00BH3SQ895,SWB,IE00BH3SQ895,Government of Ireland 1.1% 15-MAY-2029
FWB:IEBMQ5JL6,FWB,IE00BMQ5JL65,Government of Ireland 0.0% 18-OCT-2031
FWB:IELQ7YWY,FWB,IE000LQ7YWY4,Government of Ireland 2.6% 18-OCT-2034
SIX:IMP26,SIX,CH1485827047,Implenia AG 2.05% 03-OCT-2030
LSE:INVR,LSE,GB00B19RX541,Investec PLC Non-Red Non-Cum Non-Part Pref. Shs
LSE:IPF3,LSE,XS2551486058,International Personal Finance plc 12.0% 12-DEC-2027
SIX:IRE24,SIX,CH1357852784,Investis Holding SA 1.45% 16-OCT-2026
SIX:IRE25,SIX,CH1405472023,Investis Holding SA 1.1% 14-FEB-2028
EUROTLX:IT0005396863,EUROTLX,IT0005396863,Mediobanca Banca di Credito Finanziario S.p.A 3.92409% 28-FEB-2027
EUROTLX:IT0005436875,EUROTLX,IT0005436875,Mediobanca Banca di Credito Finanziario S.p.A 2.2% 01-APR-2028
EUROTLX:IT0005466229,EUROTLX,IT0005466229,Cassa di Risparmio di Fossano S.p.A. 0.5% 08-NOV-2026
EUROTLX:IT0005490955,EUROTLX,IT0005490955,Mediobanca Banca di Credito Finanziario S.p.A 3.0% 29-APR-2027
EUROTLX:IT0005493652,EUROTLX,IT0005493652,Mediobanca Banca di Credito Finanziario S.p.A 2.1% 25-MAY-2028
EUROTLX:IT0005507832,EUROTLX,IT0005507832,Mediobanca Banca di Credito Finanziario S.p.A 2.9% 28-SEP-2027
EUROTLX:IT0005507840,EUROTLX,IT0005507840,Mediobanca Banca di Credito Finanziario S.p.A 3.5% 30-SEP-2026
EUROTLX:IT0005520470,EUROTLX,IT0005520470,Mediobanca Banca di Credito Finanziario S.p.A 3.4% 21-DEC-2027
EUROTLX:IT0005521171,EUROTLX,IT0005521171,Eni SpA 4.3% 10-FEB-2028
SWB:IT0005534141,SWB,IT0005534141,Italy 4.5% 01-OCT-2053
EUROTLX:IT0005538837,EUROTLX,IT0005538837,Mediobanca Banca di Credito Finanziario S.p.A FRN 19-APR-2027
EUROTLX:IT0005539504,EUROTLX,IT0005539504,Mediobanca Banca di Credito Finanziario S.p.A 2.5% 26-APR-2027
EUROTLX:IT0005545287,EUROTLX,IT0005545287,UniCredit S.p.A. 3.7% 31-MAY-2028
EUROTLX:IT0005568719,EUROTLX,IT0005568719,Cassa Depositi e Prestiti SpA 5.0% 04-DEC-2029
SWB:IT0005580094,SWB,IT0005580094,Italy 3.5% 15-FEB-2031
EUROTLX:IT0005581530,EUROTLX,IT0005581530,Mediobanca Banca di Credito Finanziario S.p.A 2.293% 28-MAR-2029
EUROTLX:IT0005585341,EUROTLX,IT0005585341,UniCredit S.p.A. 3.0% 10-APR-2028
EUROTLX:IT0005595597,EUROTLX,IT0005595597,Mediobanca Banca di Credito Finanziario S.p.A 4.0% 28-JUN-2031
EUROTLX:IT0005605669,EUROTLX,IT0005605669,Mediobanca Banca di Credito Finanziario S.p.A 2.573% 11-SEP-2030
EUROTLX:IT0005614612,EUROTLX,IT0005614612,Mediobanca Banca di Credito Finanziario S.p.A 2.459% 31-OCT-2031
EUROTLX:IT0005621450,EUROTLX,IT0005621450,UniCredit S.p.A. 4.85% 15-NOV-2037
SWB:IT0005631590,SWB,IT0005631590,Italy 3.65% 01-AUG-2035
EUROTLX:IT0005636797,EUROTLX,IT0005636797,UniCredit S.p.A. 3.8% 26-MAR-2031
EUROTLX:IT0005646374,EUROTLX,IT0005646374,Cassa Centrale Banca - Credito Cooperativo Italiano SpA 2.25% 30-MAY-2028
SWB:IT0005647265,SWB,IT0005647265,Italy 3.25% 15-JUL-2032
SWB:IT0005648149,SWB,IT0005648149,Italy 3.6% 01-OCT-2035
EUROTLX:IT0005650335,EUROTLX,IT0005650335,UniCredit S.p.A. 4.75% 13-MAY-2032
EUROTLX:IT0005659146,EUROTLX,IT0005659146,Banca Sella S.p.A. 3.492% 09-JUL-2030
SWB:IT0005668238,SWB,IT0005668238,Italy 4.65% 01-OCT-2055
EUROTLX:IT0005671539,EUROTLX,IT0005671539,Intesa Sanpaolo SpA 9.5% 06-OCT-2035
EUROTLX:IT0005671547,EUROTLX,IT0005671547,Intesa Sanpaolo SpA 8.5% 06-OCT-2032
EUROTLX:IT0005685562,EUROTLX,IT0005685562,Cassa Depositi e Prestiti SpA 3.3% 16-FEB-2033
EUROTLX:IT0005710782,EUROTLX,IT0005710782,UniCredit S.p.A. 5.75% 25-MAY-2041
EUROTLX:IT0005716888,EUROTLX,IT0005716888,Cassa Centrale Banca - Credito Cooperativo Italiano SpA 3.0% 01-JUL-2029
EUROTLX:IT0005717589,EUROTLX,IT0005717589,Intesa Sanpaolo SpA 3.75% 22-JUN-2034
EUROTLX:IT0005717688,EUROTLX,IT0005717688,UniCredit S.p.A. 4.0% 31-JUL-2032
EUROTLX:IT0005719494,EUROTLX,IT0005719494,Banco BPM S.p.A. 4.125% 07-JAN-2038
EUROTLX:IT0005720542,EUROTLX,IT0005720542,UniCredit S.p.A. 7.0% 08-JUL-2051
EUROTLX:IT0006736869,EUROTLX,IT0006736869,BNP Paribas Issuance B.V. 2.0% 28-FEB-2027
EUROTLX:IT0006737214,EUROTLX,IT0006737214,BNP Paribas Issuance B.V. 2.0% 31-MAR-2027
FWB:IT535880,FWB,IT0005358806,Italy 3.35% 01-MAR-2035
FWB:IT543669,FWB,IT0005436693,Italy 0.6% 01-AUG-2031
FWB:IT549677,FWB,IT0005496770,Italy 3.25% 01-MAR-2038
MUN:IT561105,MUN,IT0005611055,Italy 3.0% 01-OCT-2029
MUN:IT563739,MUN,IT0005637399,Italy 2.95% 01-JUL-2030
FWB:IT566823,FWB,IT0005668238,Italy 4.65% 01-OCT-2055
EURONEXT:IVAR02_PRO,EURONEXT,NO0013688275,IVAR IKS FRN 08-NOV-2027
EURONEXT:JAREN24_PRO,EURONEXT,NO0012989971,Jaeren Sparebank FRN 18-AUG-2028
EURONEXT:JAREN28_PRO,EURONEXT,NO0013601302,Jaeren Sparebank FRN 16-DEC-2030
SIX:JBG23.EUR,SIX,XS2586873379,Julius Baer Group Ltd. 6.625% PERP
EURONEXT:JESB31_PRO,EURONEXT,NO0013600684,JBF Sparebank FRN 26-JUN-2028
EURONEXT:JESB33_PRO_ESG,EURONEXT,NO0013708933,JBF Sparebank FRN 16-DEC-2030
GETTEX:KB6D,GETTEX,BE0000320292,Belgium 4.25% 28-MAR-2041
SIX:KBN231,SIX,CH1271360583,Kommunalbanken AS 1.81% 10-JUL-2030
EURONEXT:KDSB33_PRO,EURONEXT,NO0012555541,Kvinesdal Sparebank FRN 21-SEP-2026
EURONEXT:KEGTA01_PRO,EURONEXT,NO0013712281,Kosmos Energy GTA Holdings 11.25% 29-JAN-2031
SIX:KER21,SIX,CH1129053786,Kernkraftwerk Gosgen-Daniken AG 0.41% 21-SEP-2029
EURONEXT:KFS63_PRO,EURONEXT,NO0011110439,Kredittforeningen for Sparebanker FRN 28-SEP-2026
EURONEXT:KFS68_PRO,EURONEXT,NO0012820648,Kredittforeningen for Sparebanker FRN 12-JAN-2028
EURONEXT:KFS74_PRO_ESG,EURONEXT,NO0013740753,Kredittforeningen for Sparebanker FRN 23-OCT-2029
SIX:KFW251,SIX,CH1454185807,KfW 0.3725% 25-JUN-2032
FWB:KG6NK4,FWB,DE000KG6NK48,Citigroup Global Markets Funding Luxembourg SCA 4.7% 21-FEB-2027
FWB:KH5DA4,FWB,DE000KH5DA41,Citigroup Global Markets Funding Luxembourg SCA 5.0% 20-JUL-2028
EURONEXT:KIHOL01_PRO,EURONEXT,NO0013741843,Kistos Holdings plc 9.875% 18-MAY-2030
EURONEXT:KIST09_PRO,EURONEXT,NO0012662362,Kistefos AS FRN 09-SEP-2026
EURONEXT:KIST10_PRO,EURONEXT,NO0012813080,Kistefos AS FRN 26-JUL-2027
EURONEXT:KIST11_PRO,EURONEXT,NO0013008771,Kistefos AS FRN 13-SEP-2028
EURONEXT:KIST12_PRO,EURONEXT,NO0013512343,Kistefos AS FRN 27-MAR-2030
EURONEXT:KIST13_PRO,EURONEXT,NO0013699843,Kistefos AS FRN 10-DEC-2030
SIX:KIW25,SIX,CH1428867092,Kiwibank Limited 0.825% 16-APR-2029
SIX:KLL24,SIX,CH1373904510,Kraftwerke Linth-Limmern AG (KLL) 1.6% 15-OCT-2032
EURONEXT:KLPB23_PRO,EURONEXT,NO0013685776,KLP Banken AS FRN 04-DEC-2029
EURONEXT:KLPBK11_PRO,EURONEXT,NO0011147076,KLP Boligkreditt AS FRN 18-MAY-2027
EURONEXT:KLPBK16_PRO,EURONEXT,NO0013697508,KLP Boligkreditt AS FRN 25-AUG-2031
EURONEXT:KLPKK26_PRO,EURONEXT,NO0011140428,KLP Kommunekreditt AS FRN 15-OCT-2026
EURONEXT:KLPKK27_PRO,EURONEXT,NO0012724824,KLP Kommunekreditt AS 4.4% 17-OCT-2029
EURONEXT:KLPKK28_PRO,EURONEXT,NO0012724808,KLP Kommunekreditt AS 4.4% 18-OCT-2027
EURONEXT:KLPKK29_PRO,EURONEXT,NO0012883133,KLP Kommunekreditt AS FRN 03-AUG-2027
EURONEXT:KLPKK30_PRO,EURONEXT,NO0013220228,KLP Kommunekreditt AS FRN 30-OCT-2028
SIX:KNI251,SIX,CH1433241168,Kuhne & Nagel International AG 0.9823% 13-NOV-2031
SIX:KNI26,SIX,CH1571219349,Kuhne & Nagel International AG 0.819% 02-NOV-2029
SIX:KOM25,SIX,CH1427866657,KommuneKredit 0.8365% 27-MAR-2041
EURONEXT:KONZM01_PRO,EURONEXT,NO0013683466,Nexus BidCo GmbH FRN 23-OCT-2030
SIX:KSA25,SIX,CH1446452299,Kantonsspital Aarau AG 1.4% 21-MAY-2035
SIX:KSB181,SIX,CH0413618361,Kantonsspital Baden AG 1.1% 23-MAY-2033
SIX:KSG26,SIX,CH1515238736,Stiftung Kantonsspital Graubunden 1.6% 19-MAY-2036
FWB:KW0J,FWB,DE000A2DAR65,KfW 0.625% 22-FEB-2027
GETTEX:KW0J,GETTEX,DE000A2DAR65,KfW 0.625% 22-FEB-2027
SWB:KW0J,SWB,DE000A2DAR65,KfW 0.625% 22-FEB-2027
SIX:LAH211,SIX,CH1127263981,Holcim Helvetia Finance Ltd. 0.5% 26-AUG-2031
SIX:LAH22,SIX,CH1154887132,Holcim Helvetia Finance Ltd. 0.375% 19-OCT-2026
SIX:LAH261,SIX,CH1564488653,Holcim Helvetia Finance Ltd. 1.375% 03-JUN-2032
EURONEXT:LANDK60_PRO,EURONEXT,NO0013326066,Landkreditt Bank AS 4.08% 01-OCT-2029
EURONEXT:LANDK62_PRO,EURONEXT,NO0013577627,Landkreditt Bank AS FRN 06-JUN-2028
TRADEGATE:LB13HZ,TRADEGATE,DE000LB13HZ5,Landesbank Baden-Wurttemberg 2.2% 09-MAY-2029
LSX:LB387B,LSX,DE000LB387B4,Landesbank Baden-Wurttemberg 3.25% 27-SEP-2027
GETTEX:LB39AS,GETTEX,DE000LB39AS0,Landesbank Baden-Wurttemberg 2.75% 12-MAR-2031
GETTEX:LB39EQ,GETTEX,DE000LB39EQ6,Landesbank Baden-Wurttemberg 3.125% 13-NOV-2029
GETTEX:LB4W4W,GETTEX,DE000LB4W4W5,Landesbank Baden-Wurttemberg 2.625% 12-NOV-2027
GETTEX:LB4W9X,GETTEX,DE000LB4W9X2,Landesbank Baden-Wurttemberg 3.0% 25-MAY-2035
SIX:LEI25,SIX,CH1405472015,Kernkraftwerk Leibstadt AG 1.45% 14-FEB-2031
SIX:LGT17,SIX,CH0360677287,LGT Bank AG 0.5% 12-MAY-2027
SIX:LGT22,SIX,CH1212189158,LGT Bank AG 2.75% 29-SEP-2032
SIX:LGT24,SIX,CH1323274055,LGT Bank AG 2.0% 15-FEB-2034
SIX:LIN25,SIX,CH1449583736,Linde plc 0.615% 05-JUN-2029
SIX:LIN251,SIX,CH1449583744,Linde plc 1.0629% 07-JUN-2033
SIX:LIS17,SIX,CH0379268698,Chocoladefabriken Lindt & Sprungli AG 0.3% 06-OCT-2027
SIX:LIS20,SIX,CH0564642079,Chocoladefabriken Lindt & Sprungli AG 0.01% 06-OCT-2028
SIX:LIS24,SIX,CH1373904544,Chocoladefabriken Lindt & Sprungli AG 1.15% 08-OCT-2030
LSE:LIV4,LSE,XS2677624657,Lendinvest Secured Income II Plc 11.5% 03-OCT-2026
LSE:LIV5,LSE,XS3206383484,Lendinvest Secured Income III Plc 8.25% 18-NOV-2030
LSE:LIV6,LSE,XS3407408403,Lendinvest Secured Income III Plc 8.0% 06-JUL-2032
SIX:LLO23,SIX,CH1280994281,Lloyds Bank Plc 1.87% 31-AUG-2027
LSE:LLPC,LSE,GB00B3KS9W93,Lloyds Banking Group PLC 9 1/4 % Non.Cum.Irrd.Pref.Shs
LSE:LLPD,LSE,GB00B3KSB238,Lloyds Banking Group PLC 9 3/4 % Non.Cum.Irrd.Pref.Shs
SWB:LRBA,SWB,XS1615677280,Landwirtschaftliche Rentenbank 0.625% 18-MAY-2027
FWB:LU259186056,FWB,LU2591860569,Government of Luxembourg 3.0% 02-MAR-2033
SWB:LU2591861021,SWB,LU2591861021,Government of Luxembourg 3.25% 02-MAR-2043
TRADEGATE:LU331536881,TRADEGATE,LU3315368814,Government of Luxembourg 3.125% 24-MAR-2036
SIX:LUK161,SIX,CH0337172313,Luzerner Kantonalbank AG 0.1% 15-SEP-2031
SIX:LUK18,SIX,CH0399611307,Luzerner Kantonalbank AG 0.35% 05-FEB-2027
SIX:LUK204,SIX,CH0597857785,Luzerner Kantonalbank AG 2.0% PERP
SIX:LUK241,SIX,CH1274703144,Luzerner Kantonalbank AG 1.6% 08-MAR-2044
SIX:LUK26,SIX,CH1513428453,Luzerner Kantonalbank AG 0.7% 25-FEB-2033
EURONEXT:LUSB16_PRO,EURONEXT,NO0013643767,Luster Sparebank FRN 04-SEP-2028
SIX:LWC24,SIX,CH1321481496,Landesbank Baden-Wurttemberg 2.39% 08-FEB-2029
SIX:MCD24,SIX,CH1376931569,McDonald's Corporation 1.05% 27-NOV-2028
SIX:MCD241,SIX,CH1376931577,McDonald's Corporation 1.3% 26-NOV-2032
EURONEXT:MELG46_PRO,EURONEXT,NO0012982745,Melhus Sparebank FRN 10-AUG-2027
SIX:MGL21,SIX,CH1118483747,Macquarie Group Limited 0.395% 20-JUL-2028
SIX:MGL22,SIX,CH1160382979,Macquarie Group Limited 1.285% 11-SEP-2029
SIX:MHP195,SIX,CH0471297991,Munchener Hypothekenbank eG 0.25% 10-MAY-2030
GETTEX:MHYC,GETTEX,DE000MHB18J6,Munchener Hypothekenbank eG 0.625% 07-MAY-2027
TRADEGATE:MIG,TRADEGATE,US5949728878,Strategy Inc 8 % Pfd Registered shs Series A
TRADEGATE:MIG0,TRADEGATE,US5949728795,Strategy Inc 10 % Perp Strife Pfd Registered Shs Series A
TRADEGATE:MIG1,TRADEGATE,US5949728613,Strategy Inc 10 % Perp Stride Pfd Registered Shs Series A
DUS:MIG2,DUS,US5949728530,Strategy Inc 11.5% Perp Stretch PFD Registered Shs Series A
TRADEGATE:MIG2,TRADEGATE,US5949728530,Strategy Inc 11.5% Perp Stretch PFD Registered Shs Series A
FWB:MIG2,FWB,US5949728530,Strategy Inc 11.5% Perp Stretch PFD Registered Shs Series A
EURONEXT:MING100_PRO_ESG,EURONEXT,NO0010905490,SpareBank 1 SMN 1.4% 17-NOV-2026
EURONEXT:MING106_PRO,EURONEXT,NO0011207300,SpareBank 1 SMN FRN 21-APR-2028
EURONEXT:MING108_PRO,EURONEXT,NO0012540063,SpareBank 1 SMN 3.97% 07-JUN-2027
EURONEXT:MING112_PRO,EURONEXT,NO0012747080,SpareBank 1 SMN 4.95% 03-NOV-2028
EURONEXT:MING126_PRO_ESG,EURONEXT,NO0013314674,SpareBank 1 SMN FRN 19-NOV-2029
EURONEXT:MING131_PRO,EURONEXT,NO0013576355,SpareBank 1 SMN 4.885% 03-JUN-2030
EURONEXT:MING99_PRO_ESG,EURONEXT,NO0010905474,SpareBank 1 SMN FRN 17-NOV-2026
EURONEXT:MMPR01_PRO,EURONEXT,NO0013633701,"MM Proton I, LLC 9.875% 05-OCT-2029"
SIX:MOB25,SIX,CH1471403787,Mobimo Holding AG 1.1% 27-AUG-2032
SIX:MOB26,SIX,CH1512676839,Mobimo Holding AG 1.35% 30-MAR-2034
EURONEXT:MOBAN01_PRO,EURONEXT,NO0013728295,Morrow Bank AB FRN 27-FEB-2036
SIX:MON27,SIX,CH1548828412,"Mondelez International, Inc. 1.625% 10-APR-2036"
EURONEXT:MORG59_PRO,EURONEXT,NO0013058602,Sparebanken More 5.59% 02-NOV-2029
EURONEXT:MORG62_PRO,EURONEXT,NO0013071571,Sparebanken More 5.06% 17-FEB-2027
EURONEXT:MORG66_PRO,EURONEXT,NO0013460147,Sparebanken More 4.73% 17-JAN-2029
EURONEXT:MORG69_PRO_ESG,EURONEXT,NO0013697334,Sparebanken More FRN 18-NOV-2030
SIX:MPL24,SIX,CH1290871040,Metropolitan Life Global Funding I 1.875% 08-APR-2031
SIX:MPL26,SIX,CH1485827419,Metropolitan Life Global Funding I 1.3075% 16-JAN-2034
EURONEXT:MTRS02_PRO,EURONEXT,NO0012530965,Mutares SE & Co. KGaA FRN 31-MAR-2027
EURONEXT:MTRS03_PRO,EURONEXT,NO0013325407,Mutares SE & Co. KGaA FRN 19-SEP-2029
GETTEX:MXLA,GETTEX,US91086QAS75,Government of Mexico 6.75% 27-SEP-2034
SIX:NAD20,SIX,CH0545766542,North American Development Bank 0.2% 28-NOV-2028
SIX:NAW26,SIX,CH1593191062,NatWest Markets Plc 1.135% 26-AUG-2031
SIX:NDA22,SIX,CH1194000316,Nordea Bank Abp 1.81% 15-JUN-2027
SIX:NDD201,SIX,CH0570576113,Nant de Drance SA 0.875% 23-MAY-2029
SIX:NDD26,SIX,CH1516795940,Nant de Drance SA 1.35% 03-MAR-2036
SIX:NDR025.EUR,SIX,XS3176118548,SGS Nederland Holding BV 3.125% 10-SEP-2030
SIX:NDR026.EUR,SIX,XS3176118894,SGS Nederland Holding BV 3.75% 10-SEP-2035
SIX:NE22,SIX,CH1211713172,State of Neuchatel 1.45% 23-SEP-2030
EURONEXT:NEOEN01_PRO,EURONEXT,NO0013754648,Neo Next + Energy Limited 6.625% 11-JUN-2031
SIX:NES17,SIX,CH0383104335,"Nestle Holdings, Inc. 0.25% 04-OCT-2027"
SIX:NES171,SIX,CH0383104343,"Nestle Holdings, Inc. 0.55% 04-OCT-2032"
SIX:NES241,SIX,CH1344316745,Nestle S.A. 1.375% 30-NOV-2028
SIX:NES244,SIX,CH1344316778,Nestle S.A. 1.75% 30-MAY-2040
SIX:NIB86,SIX,CH0004724545,Nordic Investment Bank 1.375% PERP
EURONEXT:NL0000102234,EURONEXT,NL0000102234,Netherlands 4.0% 15-JAN-2037
EURONEXT:NL0000116150,EURONEXT,NL0000116150,Aegon Ltd. (0 % Min/8 % Max) Floating Rate Perpetual Capital Securities 2004-Without fixed maturity Reg S
EURONEXT:NL0000116168,EURONEXT,NL0000116168,Aegon Ltd. Bonds 2004-Without Fixed Maturity Reg S Floating Rate
EURONEXT:NL0009446418,EURONEXT,NL0009446418,Netherlands 3.75% 15-JAN-2042
EURONEXT:NL0010071189,EURONEXT,NL0010071189,Netherlands 2.5% 15-JAN-2033
EURONEXT:NL0010721999,EURONEXT,NL0010721999,Netherlands 2.75% 15-JAN-2047
EURONEXT:NL0012171458,EURONEXT,NL0012171458,Netherlands 0.75% 15-JUL-2027
EURONEXT:NL0012818504,EURONEXT,NL0012818504,Netherlands 0.75% 15-JUL-2028
EURONEXT:NL0013332430,EURONEXT,NL0013332430,Netherlands 0.25% 15-JUL-2029
SWB:NL0014555419,SWB,NL0014555419,Netherlands 0.0% 15-JUL-2030
EURONEXT:NL0014555419,EURONEXT,NL0014555419,Netherlands 0.0% 15-JUL-2030
EURONEXT:NL00150006U0,EURONEXT,NL00150006U0,Netherlands 0.0% 15-JUL-2031
EURONEXT:NL0015000B11,EURONEXT,NL0015000B11,Netherlands 0.0% 15-JAN-2038
EURONEXT:NL0015000LS8,EURONEXT,NL0015000LS8,Government of the Netherlands 0.0% 15-JAN-2029
SWB:NL0015000LS8,SWB,NL0015000LS8,Government of the Netherlands 0.0% 15-JAN-2029
EURONEXT:NL0015000RP1,EURONEXT,NL0015000RP1,Netherlands 0.5% 15-JUL-2032
EURONEXT:NL0015001AM2,EURONEXT,NL0015001AM2,Netherlands 2.5% 15-JUL-2033
EURONEXT:NL0015001DQ7,EURONEXT,NL0015001DQ7,Netherlands 2.5% 15-JAN-2030
EURONEXT:NL0015001RG8,EURONEXT,NL0015001RG8,Netherlands 3.25% 15-JAN-2044
EURONEXT:NL0015001XZ6,EURONEXT,NL0015001XZ6,Netherlands 2.5% 15-JUL-2034
EURONEXT:NL0015002F72,EURONEXT,NL0015002F72,Netherlands 2.5% 15-JUL-2035
EURONEXT:NL0015002P70,EURONEXT,NL0015002P70,Netherlands 3.5% 15-JAN-2056
EURONEXT:NL0015031501,EURONEXT,NL0015031501,Netherlands 0.0% 15-JAN-2027
EURONEXT:NL0015614579,EURONEXT,NL0015614579,Netherlands 0.0% 15-JAN-2052
FWB:NL15000B1,FWB,NL0015000B11,Netherlands 0.0% 15-JAN-2038
FWB:NL15000LS,FWB,NL0015000LS8,Government of the Netherlands 0.0% 15-JAN-2029
FWB:NL15001DQ,FWB,NL0015001DQ7,Netherlands 2.5% 15-JAN-2030
TRADEGATE:NL1J,TRADEGATE,NL0010071189,Netherlands 2.5% 15-JAN-2033
FWB:NL1J,FWB,NL0010071189,Netherlands 2.5% 15-JAN-2033
LSX:NLB4RS,LSX,DE000NLB4RS5,Norddeutsche Landesbank - Girozentrale 4.875% 11-JUL-2028
LS:NLB554,LS,DE000NLB5545,Norddeutsche Landesbank - Girozentrale 3.375% 17-JUN-2031
LSX:NLB554,LSX,DE000NLB5545,Norddeutsche Landesbank - Girozentrale 3.375% 17-JUN-2031
GETTEX:NLB554,GETTEX,DE000NLB5545,Norddeutsche Landesbank - Girozentrale 3.375% 17-JUN-2031
GETTEX:NLBW,GETTEX,NL00150006U0,Netherlands 0.0% 15-JUL-2031
SIX:NLW263,SIX,CH1571219281,Nederlandse Waterschapsbank N.V. 1.2175% 13-JUL-2046
SIX:NNO262,SIX,CH1572819972,Novo Nordisk A/S 1.315% 11-JUN-2036
SWB:NO0010786288,SWB,NO0010786288,Norway 1.75% 17-FEB-2027
EUROTLX:NO0010786288,EUROTLX,NO0010786288,Norway 1.75% 17-FEB-2027
SWB:NO0010821598,SWB,NO0010821598,Norway 2.0% 26-APR-2028
EUROTLX:NO0010821598,EUROTLX,NO0010821598,Norway 2.0% 26-APR-2028
SWB:NO0010844079,SWB,NO0010844079,Norway 1.75% 06-SEP-2029
EUROTLX:NO0010844079,EUROTLX,NO0010844079,Norway 1.75% 06-SEP-2029
EUROTLX:NO0010875230,EUROTLX,NO0010875230,Norway 1.375% 19-AUG-2030
EUROTLX:NO0010930522,EUROTLX,NO0010930522,Norway 1.25% 17-SEP-2031
SWB:NO0012530965,SWB,NO0012530965,Mutares SE & Co. KGaA FRN 31-MAR-2027
SWB:NO0012938325,SWB,NO0012938325,HORMANN lndustries GmbH 7.0% 11-JUL-2028
SWB:NO0013148338,SWB,NO0013148338,Norway 3.625% 13-APR-2034
EUROTLX:NO0013148338,EUROTLX,NO0013148338,Norway 3.625% 13-APR-2034
SWB:NO0013177949,SWB,NO0013177949,SLR Group Limited FRN 09-OCT-2027
SWB:NO0013256834,SWB,NO0013256834,Platform Group SE & Co. KGaA 8.875% 11-JUL-2028
SWB:NO0013383992,SWB,NO0013383992,Equipe Holdings 3 BV FRN 16-DEC-2029
SWB:NO0013469957,SWB,NO0013469957,SGL Group ApS FRN 24-FEB-2031
SWB:NO0013531590,SWB,NO0013531590,smava GmbH FRN 22-MAY-2029
SWB:NO0013536169,SWB,NO0013536169,Homann Holzwerkstoffe GmbH 7.5% 02-JUN-2032
SWB:NO0013639112,SWB,NO0013639112,DEAG Deutsche Entertainment Aktiengesellschaft 7.75% 16-OCT-2029
SWB:NO0013697268,SWB,NO0013697268,HomeToGo SE FRN 10-MAR-2031
FWB:NO1078628,FWB,NO0010786288,Norway 1.75% 17-FEB-2027
TRADEGATE:NO1078628,TRADEGATE,NO0010786288,Norway 1.75% 17-FEB-2027
FWB:NO1082159,FWB,NO0010821598,Norway 2.0% 26-APR-2028
MUN:NO1082159,MUN,NO0010821598,Norway 2.0% 26-APR-2028
TRADEGATE:NO1082159,TRADEGATE,NO0010821598,Norway 2.0% 26-APR-2028
HAM:NO1082159,HAM,NO0010821598,Norway 2.0% 26-APR-2028
TRADEGATE:NO1084407,TRADEGATE,NO0010844079,Norway 1.75% 06-SEP-2029
FWB:NO1084407,FWB,NO0010844079,Norway 1.75% 06-SEP-2029
TRADEGATE:NO1087523,TRADEGATE,NO0010875230,Norway 1.375% 19-AUG-2030
TRADEGATE:NO1244039,TRADEGATE,NO0012440397,Norway 2.125% 18-MAY-2032
FWB:NO1244039,FWB,NO0012440397,Norway 2.125% 18-MAY-2032
FWB:NO1253096,FWB,NO0012530965,Mutares SE & Co. KGaA FRN 31-MAR-2027
TRADEGATE:NO1253096,TRADEGATE,NO0012530965,Mutares SE & Co. KGaA FRN 31-MAR-2027
TRADEGATE:NO1283764,TRADEGATE,NO0012837642,Norway 3.0% 15-AUG-2033
TRADEGATE:NO1288876,TRADEGATE,NO0012888769,Katjes International GmbH & Co. KG 6.75% 21-SEP-2028
FWB:NO1292818,FWB,NO0012928185,Ziton A/S FRN 09-JUN-2028
FWB:NO1293832,FWB,NO0012938325,HORMANN lndustries GmbH 7.0% 11-JUL-2028
TRADEGATE:NO1314833,TRADEGATE,NO0013148338,Norway 3.625% 13-APR-2034
FWB:NO1314965,FWB,NO0013149658,LR Health & Beauty SE FRN 04-MAR-2028
FWB:NO1318583,FWB,NO0013185835,GoCollective Bus A/S FRN 12-APR-2027
FWB:NO1325245,FWB,NO0013252452,Light AcquiCo GmbH FRN 29-AUG-2029
TRADEGATE:NO1325245,TRADEGATE,NO0013252452,Light AcquiCo GmbH FRN 29-AUG-2029
MUN:NO1332540,MUN,NO0013325407,Mutares SE & Co. KGaA FRN 19-SEP-2029
TRADEGATE:NO1332540,TRADEGATE,NO0013325407,Mutares SE & Co. KGaA FRN 19-SEP-2029
FWB:NO1332540,FWB,NO0013325407,Mutares SE & Co. KGaA FRN 19-SEP-2029
FWB:NO1336439,FWB,NO0013364398,Samara Asset Group plc FRN 05-NOV-2029
FWB:NO1340707,FWB,NO0013407072,OP HoldCo GmbH FRN 05-JUN-2029
DUS:NO1346138,DUS,NO0013461384,Kolibri GmbH FRN 13-FEB-2029
TRADEGATE:NO1346995,TRADEGATE,NO0013469957,SGL Group ApS FRN 24-FEB-2031
TRADEGATE:NO1353159,TRADEGATE,NO0013531590,smava GmbH FRN 22-MAY-2029
TRADEGATE:NO1353616,TRADEGATE,NO0013536169,Homann Holzwerkstoffe GmbH 7.5% 02-JUN-2032
TRADEGATE:NO1361858,TRADEGATE,NO0013618587,JDC Group AG FRN 28-AUG-2029
FWB:NO1366035,FWB,NO0013660357,Azerion Group N.V. FRN 02-OCT-2029
FWB:NO1368459,FWB,NO0013684597,ALLTUB SAS FRN 30-APR-2030
FWB:NO1369663,FWB,NO0013696633,Fonecta Group Oy FRN 17-DEC-2029
TRADEGATE:NO1371312,TRADEGATE,NO0013713123,Norway 4.125% 03-JUN-2036
FWB:NO1371312,FWB,NO0013713123,Norway 4.125% 03-JUN-2036
SIX:NOK20,SIX,CH0521333655,Deutsche Telekom AG 0.435% 06-FEB-2032
EURONEXT:NONG111_PRO_ESG,EURONEXT,NO0012534025,SpareBank 1 Nord-Norge 3.695% 27-MAY-2027
EURONEXT:NONG119_PRO,EURONEXT,NO0013116376,SpareBank 1 Nord-Norge 4.13% 10-JAN-2030
EURONEXT:NONG120_PRO,EURONEXT,NO0013116368,SpareBank 1 Nord-Norge FRN 10-APR-2029
EURONEXT:NONG135_PRO,EURONEXT,NO0013757864,SpareBank 1 Nord-Norge FRN 09-JUL-2029
EURONEXT:NORKR01_PRO_ESG,EURONEXT,NO0013320747,Nordkraft AS 4.44% 28-AUG-2031
EURONEXT:NORT32_PRO,EURONEXT,NO0010886740,Nortura SA 3.95% 02-JUL-2027
EURONEXT:NORT35_PRO,EURONEXT,NO0012513581,Nortura SA FRN 04-MAY-2028
EURONEXT:NORT36_PRO,EURONEXT,NO0013081943,Nortura SA FRN 08-JAN-2029
EURONEXT:NORT37_PRO,EURONEXT,NO0013334763,Nortura SA FRN 16-JAN-2030
EURONEXT:NORT38_PRO,EURONEXT,NO0013489351,Nortura SA FRN 07-JUN-2050
SIX:NOV152,SIX,CH0270191007,Novartis AG 1.05% 11-MAY-2035
FWB:NP3A,FWB,DE000A30VUP4,Neue ZWL Zahnradwerk Leipzig GmbH 7.75% 14-DEC-2027
FWB:NR9U,FWB,XS0302236673,State of North Rhine-Westphalia 7.5% 08-JUN-2027
FWB:NRM0,FWB,AU0000253197,Insurance Australia Group Ltd Capital Notes 2022-Without Fixed Maturity Man.Conv.
GETTEX:NRW0LZ,GETTEX,DE000NRW0LZ0,State of North Rhine-Westphalia 0.0% 26-NOV-2029
GETTEX:NRW0MY,GETTEX,DE000NRW0MY1,State of North Rhine-Westphalia 0.125% 04-JUN-2031
GETTEX:NRW0N2,GETTEX,DE000NRW0N26,State of North Rhine-Westphalia 3.4% 07-MAR-2073
FWB:NRW0NP,FWB,DE000NRW0NP7,State of North Rhine-Westphalia 3.0% 27-JAN-2028
GETTEX:NRW0QR,GETTEX,DE000NRW0QR6,State of North Rhine-Westphalia 3.25% 26-AUG-2033
TRADEGATE:NRW0QR,TRADEGATE,DE000NRW0QR6,State of North Rhine-Westphalia 3.25% 26-AUG-2033
GETTEX:NRW0SG,GETTEX,DE000NRW0SG5,State of North Rhine-Westphalia 3.35% 11-MAR-2041
LSE:NWBD,LSE,GB0006227051,National Westminster Bank PLC 9 % Non-Cum.Pref.Shs A
SWB:NWTU,SWB,US949746SH57,Wells Fargo & Company 3.0% 23-OCT-2026
FWB:NWTU,FWB,US949746SH57,Wells Fargo & Company 3.0% 23-OCT-2026
SIX:NYG21,SIX,CH1105672682,New York Life Global Funding 0.125% 23-JUL-2030
EUROTLX:NZGOVDT429C7,EUROTLX,NZGOVDT429C7,New Zealand 3.0% 20-APR-2029
EUROTLX:NZGOVDT437C0,EUROTLX,NZGOVDT437C0,New Zealand 2.75% 15-APR-2037
SWB:NZGOVDT554C2,SWB,NZGOVDT554C2,New Zealand 5.0% 15-MAY-2054
FWB:NZIBDDT019C,FWB,NZIBDDT019C1,International Bank for Reconstruction & Development 2.875% 30-NOV-2026
FWB:NZWNZD0831L,FWB,NZWNZD0831L6,Westpac New Zealand Limited 4.663% 20-AUG-2031
EURONEXT:OBBK09_PRO_ESG,EURONEXT,NO0011160962,Obos Boligkreditt AS FRN 02-SEP-2026
EURONEXT:OBBK10_PRO,EURONEXT,NO0012493941,Obos Boligkreditt AS FRN 07-MAY-2027
SIX:OBE21,SIX,CH0593093211,Kraftwerke Oberhasli AG 0.125% 21-FEB-2031
SIX:OBE26,SIX,CH1503892783,Kraftwerke Oberhasli AG 1.0% 30-MAY-2033
EURONEXT:OBOBA43_PRO,EURONEXT,NO0013056200,OBOS-banken AS FRN 26-OCT-2026
EURONEXT:OBOBA47_PRO_ESG,EURONEXT,NO0013392498,OBOS-banken AS 4.75% 12-NOV-2029
EURONEXT:OBOBA48_PRO_ESG,EURONEXT,NO0013393348,OBOS-banken AS FRN 12-NOV-2029
EURONEXT:OBOBA53_PRO,EURONEXT,NO0013598078,OBOS-banken AS FRN 25-JUN-2030
EURONEXT:OBOBA57_PRO,EURONEXT,NO0013753673,OBOS-banken AS FRN 28-MAY-2031
EURONEXT:OBOS33_PRO,EURONEXT,NO0013389528,OBOS BBL FRN 08-FEB-2030
SIX:OCO212,SIX,CH1112455808,OC Oerlikon Corporation AG 0.8% 27-NOV-2028
SIX:OCO26,SIX,CH1552014230,OC Oerlikon Corporation AG 2.125% 29-MAY-2031
EURONEXT:ODAL27_PRO,EURONEXT,NO0011035313,Odal Sparebank FRN 24-SEP-2026
EURONEXT:ODAL34_PRO_ESG,EURONEXT,NO0013095026,Odal Sparebank FRN 07-JUN-2028
EURONEXT:ODAL39_PRO_ESG,EURONEXT,NO0013310136,Odal Sparebank FRN 09-AUG-2027
FWB:OE1F,FWB,ES00000128H5,Spain 1.3% 31-OCT-2026
TRADEGATE:OE1F,TRADEGATE,ES00000128H5,Spain 1.3% 31-OCT-2026
SWB:OE1F,SWB,ES00000128H5,Spain 1.3% 31-OCT-2026
FWB:OE8G,FWB,ES00000127A2,Spain 1.95% 30-JUL-2030
SWB:OE8K,SWB,ES00000127C8,Government of Spain 1.0% 30-NOV-2030
SWB:OE8Q,SWB,ES00000124C5,Spain 5.15% 31-OCT-2028
SWB:OE8S,SWB,ES0000012A89,Spain 1.45% 31-OCT-2027
TRADEGATE:OE8S,TRADEGATE,ES0000012A89,Spain 1.45% 31-OCT-2027
GETTEX:OET8,GETTEX,AT0000A0U299,Government of Austria 3.8% 26-JAN-2062
TRADEGATE:OETJ,TRADEGATE,AT0000A1K9C8,Government of Austria 0.75% 20-OCT-2026
SWB:OETK,SWB,AT0000A04967,Government of Austria 4.15% 15-MAR-2037
FWB:OETP,FWB,AT0000A1XML2,Government of Austria 2.1% 20-SEP-2117
TRADEGATE:OETP,TRADEGATE,AT0000A1XML2,Government of Austria 2.1% 20-SEP-2117
SWB:OETP,SWB,AT0000A1XML2,Government of Austria 2.1% 20-SEP-2117
GETTEX:OETP,GETTEX,AT0000A1XML2,Government of Austria 2.1% 20-SEP-2117
FWB:OETR,FWB,XS0231558858,Government of Austria 2.406% 24-OCT-2035
SWB:OF20,SWB,FR0010371401,France 4.0% 25-OCT-2038
TRADEGATE:OF20,TRADEGATE,FR0010371401,France 4.0% 25-OCT-2038
GETTEX:OF20,GETTEX,FR0010371401,France 4.0% 25-OCT-2038
GETTEX:OF2W,GETTEX,FR0010070060,France 4.75% 25-APR-2035
GETTEX:OF2X,GETTEX,FR0010171975,France 4.0% 25-APR-2055
TRADEGATE:OF2X,TRADEGATE,FR0010171975,France 4.0% 25-APR-2055
SWB:OF9Q,SWB,FR0013154044,France 1.25% 25-MAY-2036
TRADEGATE:OF9Q,TRADEGATE,FR0013154044,France 1.25% 25-MAY-2036
GETTEX:OF9Q,GETTEX,FR0013154044,France 1.25% 25-MAY-2036
SWB:OF9Z,SWB,FR0010773192,France 4.5% 25-APR-2041
FWB:OFBK,FWB,FR0010870956,France 4.0% 25-APR-2060
GETTEX:OFBK,GETTEX,FR0010870956,France 4.0% 25-APR-2060
TRADEGATE:OFBK,TRADEGATE,FR0010870956,France 4.0% 25-APR-2060
GETTEX:OFBP,GETTEX,FR0011461037,France 3.25% 25-MAY-2045
GETTEX:OFC3,GETTEX,FR0011008705,Government of France 1.85% 25-JUL-2027
FWB:OIED,FWB,IE00BKFVC899,Government of Ireland 0.2% 18-OCT-2030
MUN:OIEL,MUN,IE00BFZRPZ02,Government of Ireland 1.3% 15-MAY-2033
SIX:OKB052,SIX,CH0020632144,Oesterreichische Kontrollbank AG 2.875% 25-FEB-2030
SWB:OLFC,SWB,XS0161100515,Olivetti Finance NV 7.75% 24-JAN-2033
FWB:OLFC,FWB,XS0161100515,Olivetti Finance NV 7.75% 24-JAN-2033
EURONEXT:OMDA02_PRO,EURONEXT,NO0013075721,Omda AS FRN 04-DEC-2028
TRADEGATE:OMVA,TRADEGATE,XS1917590959,OMV Aktiengesellschaft 1.875% 04-DEC-2028
GETTEX:OMVA,GETTEX,XS1917590959,OMV Aktiengesellschaft 1.875% 04-DEC-2028
EURONEXT:OPSB39_PRO,EURONEXT,NO0013572461,Opdals Sparebank FRN 26-MAY-2028
EURONEXT:ORLSB28_PRO,EURONEXT,NO0013314708,Orland Sparebank FRN 15-AUG-2029
EURONEXT:ORLSB29_PRO,EURONEXT,NO0013355230,Orland Sparebank FRN 27-SEP-2027
EURONEXT:OSPA39_PRO,EURONEXT,NO0012559337,Orkla Sparebank FRN 22-SEP-2026
EURONEXT:OSPA41_PRO,EURONEXT,NO0012816224,Orkla Sparebank FRN 18-JAN-2028
EURONEXT:OSPA42_PRO,EURONEXT,NO0012898040,Orkla Sparebank FRN 19-APR-2028
EURONEXT:OSPA47_PRO,EURONEXT,NO0013418863,Orkla Sparebank FRN 03-DEC-2027
EURONEXT:OSPA57_PRO,EURONEXT,NO0013754473,Orkla Sparebank FRN 29-NOV-2029
EURONEXT:OTE2,EURONEXT,PTOTEZOE0014,Government of Portugal 3.5% 18-JUN-2038
EURONEXT:OTEY,EURONEXT,PTOTECOE0037,Government of Portugal 1.0% 12-APR-2052
EURONEXT:OTEZ,EURONEXT,PTOTEOOE0033,Government of Portugal 0.3% 17-OCT-2031
FWB:P9TD,FWB,PTOTEXOE0024,Government of Portugal 1.95% 15-JUN-2029
SWB:P9TD,SWB,PTOTEXOE0024,Government of Portugal 1.95% 15-JUN-2029
SIX:PAR191,SIX,CH0419041287,Partners Group Holding AG 0.4% 21-JUN-2027
SIX:PAR24,SIX,CH1346742930,Partners Group Holding AG 1.9% 07-JUN-2030
SIX:PAR241,SIX,CH1346742948,Partners Group Holding AG 2.15% 07-JUN-2034
EURONEXT:PARB45_PRO,EURONEXT,NO0012478397,Pareto Bank ASA FRN PERP
EURONEXT:PARB49_PRO,EURONEXT,NO0012864489,Pareto Bank ASA FRN 16-MAY-2028
EURONEXT:PARB54_PRO,EURONEXT,NO0013228528,Pareto Bank ASA FRN 14-NOV-2034
EURONEXT:PARB55_PRO,EURONEXT,NO0013261743,Pareto Bank ASA FRN 19-JUN-2029
EURONEXT:PARB56_PRO,EURONEXT,NO0013387316,Pareto Bank ASA FRN 04-FEB-2030
SIX:PB519,SIX,CH0115967397,Pfandbriefbank schweizerischer Hypothekarinstitute AG 2.25% 13-AUG-2032
SIX:PB544,SIX,CH0124138840,Pfandbriefbank schweizerischer Hypothekarinstitute AG 2.5% 16-FEB-2027
SIX:PB553,SIX,CH0128891105,Pfandbriefbank schweizerischer Hypothekarinstitute AG 2.75% 15-DEC-2026
SIX:PB562,SIX,CH0147144361,Pfandbriefbank schweizerischer Hypothekarinstitute AG 1.5% 21-JAN-2028
SIX:PB572,SIX,CH0192241278,Pfandbriefbank schweizerischer Hypothekarinstitute AG 1.375% 13-AUG-2027
SIX:PB605,SIX,CH0271288547,Pfandbriefbank schweizerischer Hypothekarinstitute AG 0.5% 05-MAY-2028
SIX:PB627,SIX,CH0319415920,Pfandbriefbank schweizerischer Hypothekarinstitute AG 0.125% 06-SEP-2028
SIX:PB641,SIX,CH0338330472,Pfandbriefbank schweizerischer Hypothekarinstitute AG 0.25% 14-OCT-2036
SIX:PB647,SIX,CH0360172768,Pfandbriefbank schweizerischer Hypothekarinstitute AG 0.25% 18-JAN-2027
SIX:PB651,SIX,CH0370943547,Pfandbriefbank schweizerischer Hypothekarinstitute AG 0.25% 20-OCT-2026
SIX:PB653,SIX,CH0373945093,Pfandbriefbank schweizerischer Hypothekarinstitute AG 0.25% 12-OCT-2027
SIX:PB662,SIX,CH0428194259,Pfandbriefbank schweizerischer Hypothekarinstitute AG 1.0% 23-JAN-2043
SIX:PB666,SIX,CH0441186506,Pfandbriefbank schweizerischer Hypothekarinstitute AG 0.375% 12-MAY-2027
SIX:PB667,SIX,CH0449619052,Pfandbriefbank schweizerischer Hypothekarinstitute AG 0.25% 16-NOV-2026
SIX:PB672,SIX,CH0474977698,Pfandbriefbank schweizerischer Hypothekarinstitute AG 0.125% 08-MAY-2029
SIX:PB676,SIX,CH0485252818,Pfandbriefbank schweizerischer Hypothekarinstitute AG 0.25% 26-APR-2034
SIX:PB682,SIX,CH0511762061,Pfandbriefbank schweizerischer Hypothekarinstitute AG 0.0% 06-APR-2027
SIX:PB694,SIX,CH0572327002,Pfandbriefbank schweizerischer Hypothekarinstitute AG 0.125% 14-OCT-2033
SIX:PB708,SIX,CH1142754253,Pfandbriefbank schweizerischer Hypothekarinstitute AG 0.25% 10-MAR-2032
SIX:PB720,SIX,CH1191066187,Pfandbriefbank schweizerischer Hypothekarinstitute AG 1.5% 06-SEP-2033
SIX:PB722,SIX,CH1194355066,Pfandbriefbank schweizerischer Hypothekarinstitute AG 2.375% 20-MAY-2037
SIX:PB788,SIX,CH1552014370,Pfandbriefbank schweizerischer Hypothekarinstitute AG 0.625% 27-JUL-2029
SIX:PB793,SIX,CH1580409279,Pfandbriefbank schweizerischer Hypothekarinstitute AG 1.125% 22-DEC-2037
SIX:PBC262,SIX,CH1504033676,Province of British Columbia 1.3525% 30-JAN-2046
FWB:PD993Z,FWB,DE000PD993Z2,BNP Paribas Emissions Und Handels GmbH FRN 26-JUL-2027
EURONEXT:PDCFI01_PRO_FE,EURONEXT,NO0013752949,Athomstart Invest 1083 as FRN 04-JUN-2030
EURONEXT:PEMBR02_PRO,EURONEXT,NO0013464792,Pembroke Olive Downs Pty Ltd. 11.5% 18-FEB-2030
EURONEXT:PEN01_PRO,EURONEXT,NO0013415786,Panoro Energy ASA 10.25% 11-DEC-2029
SWB:PL0000115291,SWB,PL0000115291,Government of Poland 6.0% 25-OCT-2033
SWB:PL0000118519,SWB,PL0000118519,Government of Poland 4.5% 25-JAN-2031
EURONEXT:PLSV01_PRO,EURONEXT,NO0013256099,Paratus Energy Services Ltd. 9.5% 27-JUN-2029
EURONEXT:PLSV02_PRO,EURONEXT,NO0013750935,Paratus Energy Services Ltd. 8.125% 22-MAY-2031
FWB:PNEF,FWB,DE000A30VJW3,PNE AG 5.0% 23-JUN-2027
GETTEX:PNEF,GETTEX,DE000A30VJW3,PNE AG 5.0% 23-JUN-2027
EURONEXT:PNTBD01_PRO,EURONEXT,NO0013669929,Panther Bidco AS FRN 08-OCT-2028
EURONEXT:PPCL01_PRO,EURONEXT,NO0013387860,Pearl Petroleum Co. Ltd. 13.0% 15-MAY-2028
SIX:PPG26,SIX,CH1538715397,"PPG Industries, Inc. 1.2175% 03-JUN-2030"
SIX:PRH22,SIX,CH1196217009,Primeo Holding AG 1.875% 23-SEP-2026
SIX:PSP192,SIX,CH0419041220,PSP Swiss Property AG 0.55% 04-FEB-2028
SIX:PSP200,SIX,CH0461239060,PSP Swiss Property AG 0.15% 02-FEB-2029
SIX:PSP262,SIX,CH1537606811,PSP Swiss Property AG 1.05% 01-JUL-2032
EURONEXT:PTFCPCOM0018,EURONEXT,PTFCPCOM0018,Futebol Clube do Porto Futebol SAD 5.5% 02-DEC-2028
EURONEXT:PTFCPZOM0011,EURONEXT,PTFCPZOM0011,Futebol Clube do Porto Futebol SAD 5.25% 04-NOV-2027
EURONEXT:PTGNVKOM0008,EURONEXT,PTGNVKOM0008,"GreenVolt - Energias Renovaveis, S.A. 4.65% 14-FEB-2029"
EURONEXT:PTMEN2OM0007,EURONEXT,PTMEN2OM0007,"Mota-Engil, SGPS, S.A. 4.5% 23-MAY-2030"
EURONEXT:PTMENAOM0029,EURONEXT,PTMENAOM0029,"Mota-Engil, SGPS, S.A. 4.6% 22-MAY-2031"
EURONEXT:PTMENWOM0015,EURONEXT,PTMENWOM0015,"Mota-Engil, SGPS, S.A. 5.0% 16-OCT-2029"
EURONEXT:PTOTE3OE0025,EURONEXT,PTOTE3OE0025,Government of Portugal 3.625% 12-JUN-2054
EURONEXT:PTOTEEOE0019,EURONEXT,PTOTEEOE0019,Government of Portugal 3.875% 15-JUN-2046
EURONEXT:PTOTVNOE0009,EURONEXT,PTOTVNOE0009,Government of Portugal FRN 18-JUL-2031
EURONEXT:PTSCPAOM0007,EURONEXT,PTSCPAOM0007,"Sporting Clube de Portugal-Futebol, SAD 5.75% 26-NOV-2027"
EURONEXT:PTSCPJOM0008,EURONEXT,PTSCPJOM0008,"Sporting Clube de Portugal-Futebol, SAD 5.25% 06-NOV-2028"
EURONEXT:PTSINCOM0001,EURONEXT,PTSINCOM0001,SIC-Sociedade Independente de Comunicacao S.A. 5.95% 03-JUL-2028
EURONEXT:PTSLBAOM0028,EURONEXT,PTSLBAOM0028,Sport Lisboa e Benfica-Futebol SAD 4.65% 29-APR-2031
EURONEXT:PTSLBOOM0006,EURONEXT,PTSLBOOM0006,Sport Lisboa e Benfica-Futebol SAD 5.1% 23-APR-2027
EURONEXT:PTSLBPOM0005,EURONEXT,PTSLBPOM0005,Sport Lisboa e Benfica-Futebol SAD 4.5% 30-APR-2029
EURONEXT:PTVAACOM0009,EURONEXT,PTVAACOM0009,"VAA Vista Alegre Atlantis, SGPS, SA 5.3% 20-MAY-2029"
EURONEXT:PTVAIAOM0003,EURONEXT,PTVAIAOM0003,"CUF - Sociedade Gestora De Participacoes Sociais, S.A. 4.75% 11-DEC-2029"
SIX:PWG24,SIX,CH1319968595,Stiftung PWG zur Erhaltung von preisgunstigen Wohn- und Gewerberaumen der Stadt Zurich 1.55% 02-APR-2032
SIX:PZ462,SIX,CH0273485398,Pfandbriefzentrale der schweizerischen Kantonalbanken AG 0.625% 16-JUL-2029
SIX:PZ478,SIX,CH0312512715,Pfandbriefzentrale der schweizerischen Kantonalbanken AG 0.5% 30-MAR-2034
SIX:PZ485,SIX,CH0337645581,Pfandbriefzentrale der schweizerischen Kantonalbanken AG 0.0% 02-OCT-2026
SIX:PZ499,SIX,CH0373476412,Pfandbriefzentrale der schweizerischen Kantonalbanken AG 0.5% 19-MAY-2028
SIX:PZ502,SIX,CH0373476966,Pfandbriefzentrale der schweizerischen Kantonalbanken AG 0.75% 21-JUN-2033
SIX:PZ505,SIX,CH0398633492,Pfandbriefzentrale der schweizerischen Kantonalbanken AG 0.75% 01-OCT-2032
SIX:PZ508,SIX,CH0419040842,Pfandbriefzentrale der schweizerischen Kantonalbanken AG 0.55% 29-JAN-2031
SIX:PZ513,SIX,CH0419041188,Pfandbriefzentrale der schweizerischen Kantonalbanken AG 0.5% 15-MAY-2034
SIX:PZ517,SIX,CH0506071163,Pfandbriefzentrale der schweizerischen Kantonalbanken AG 0.0% 02-APR-2031
SIX:PZ518,SIX,CH0506071171,Pfandbriefzentrale der schweizerischen Kantonalbanken AG 0.02% 30-JAN-2040
SIX:PZ519,SIX,CH0536892703,Pfandbriefzentrale der schweizerischen Kantonalbanken AG 0.125% 23-APR-2032
SIX:PZ526,SIX,CH0536893412,Pfandbriefzentrale der schweizerischen Kantonalbanken AG 0.0% 19-JUL-2030
SIX:PZ528,SIX,CH0570576154,Pfandbriefzentrale der schweizerischen Kantonalbanken AG 0.0% 15-MAR-2030
SIX:PZ531,SIX,CH0589031035,Pfandbriefzentrale der schweizerischen Kantonalbanken AG 0.0% 15-FEB-2036
SIX:PZ539,SIX,CH1131931250,Pfandbriefzentrale der schweizerischen Kantonalbanken AG 0.0% 16-SEP-2036
SIX:PZ612,SIX,CH1455990098,Pfandbriefzentrale der schweizerischen Kantonalbanken AG 1.15% 13-JUL-2040
SIX:PZ613,SIX,CH1455990106,Pfandbriefzentrale der schweizerischen Kantonalbanken AG 1.2% 26-OCT-2045
SIX:PZ616,SIX,CH1471403902,Pfandbriefzentrale der schweizerischen Kantonalbanken AG 0.7% 15-JAN-2035
SIX:PZ621,SIX,CH1515238470,Pfandbriefzentrale der schweizerischen Kantonalbanken AG 1.1% 20-DEC-2041
SIX:PZ630,SIX,CH1562934781,Pfandbriefzentrale der schweizerischen Kantonalbanken AG 1.2% 20-AUG-2048
SIX:QES24,SIX,CH1357852735,Q ENERGY Solutions SE 1.49% 06-AUG-2027
SIX:RAI202,SIX,CH0566511496,Raiffeisen Schweiz Genossenschaft 1.9551% PERP
SIX:RAI215,SIX,CH1101825797,Raiffeisen Schweiz Genossenschaft 2.25% PERP
SIX:RAI289.EUR,SIX,CH1224575899,Raiffeisen Schweiz Genossenschaft 5.23% 01-NOV-2027
TRADEGATE:RC1H,TRADEGATE,DE000A1TNA39,Rickmers Holding GmbH & Cie. KG 8.875% 11-JUN-2018
FWB:RC1H,FWB,DE000A1TNA39,Rickmers Holding GmbH & Cie. KG 8.875% 11-JUN-2018
LSE:RE.B,LSE,GB0007185639,R.E.A. Holdings plc 9 % Cum Pref Registered Shs
SIX:RIE21,SIX,CH1142231716,Rieter Holding AG 1.4% 25-NOV-2027
EURONEXT:RING37_PRO,EURONEXT,NO0010816150,SpareBank 1 Ringerike Hadeland 2.92% 15-FEB-2028
EURONEXT:RING48_PRO,EURONEXT,NO0011114381,SpareBank 1 Ringerike Hadeland FRN 30-SEP-2031
TRADEGATE:RKA6,TRADEGATE,XS0209139244,Government of Argentina 0.0% 15-DEC-2035
SWB:RKA6,SWB,XS0209139244,Government of Argentina 0.0% 15-DEC-2035
FWB:RKA6,FWB,XS0209139244,Government of Argentina 0.0% 15-DEC-2035
FWB:RL4C,FWB,XS0211284491,Cooperatieve Rabobank U.A. 2.076% 28-FEB-2035
GETTEX:RLP128,GETTEX,DE000RLP1288,State of Rhineland-Palatinate 0.375% 01-APR-2041
LSE:RMBI,LSE,XS2491730375,RCB Bonds Plc 6.25% 07-MAR-2029
EURONEXT:RNGK05_PRO,EURONEXT,NO0010869316,Ringerikskraft AS 2.9% 26-NOV-2026
SWB:RO52CQA3C829,SWB,RO52CQA3C829,Government of Romania 8.25% 29-SEP-2032
SIX:ROA25,SIX,CH1418473448,Government of Austria 0.6825% 26-FEB-2035
SIX:ROA252,SIX,CH1415780159,Government of Austria 1.0075% 13-JUN-2045
SIX:ROA253,SIX,CH1461438173,Government of Austria 0.855% 22-JUL-2037
EURONEXT:ROGBO22_PRO,EURONEXT,NO0012422908,Rogaland Sparebank Boligkreditt AS FRN 26-APR-2027
EURONEXT:ROGBO26_PRO_ESG,EURONEXT,NO0013132993,Rogaland Sparebank Boligkreditt AS FRN 05-MAR-2029
EURONEXT:ROGBO27_PRO,EURONEXT,NO0013210476,Rogaland Sparebank Boligkreditt AS FRN 07-FEB-2030
EURONEXT:ROGS86_PRO,EURONEXT,NO0012622721,Rogaland Sparebank FRN 27-AUG-2027
EURONEXT:ROGS96_PRO,EURONEXT,NO0013607036,Rogaland Sparebank FRN 03-JUL-2028
SIX:ROK225,SIX,CH1211713230,Roche Kapitalmarkt AG 2.0% 23-SEP-2032
EURONEXT:ROMER35_PRO,EURONEXT,NO0012780032,Romerike Sparebank FRN 07-DEC-2026
EURONEXT:ROMER38_PRO,EURONEXT,NO0012942590,Romerike Sparebank FRN 14-JUN-2027
EURONEXT:ROMER44_PRO_ESG,EURONEXT,NO0013407106,Romerike Sparebank FRN 18-MAR-2030
EURONEXT:ROMER45_PRO,EURONEXT,NO0013530527,Romerike Sparebank FRN 19-JAN-2028
SIX:ROP26,SIX,CH1593191021,Roche Kapitalmarkt AG 0.7812% 26-NOV-2031
SIX:ROP27,SIX,CH1593191039,Roche Kapitalmarkt AG 1.095% 26-AUG-2036
EURONEXT:ROSB25_PRO,EURONEXT,NO0012811860,Rorosbanken Roros Sparebank FRN 04-FEB-2028
EURONEXT:ROSB27_PRO,EURONEXT,NO0012948977,Rorosbanken Roros Sparebank FRN 04-SEP-2026
SIX:RUK15,SIX,CH0262881441,Schweizerische Ruckversicherungs-Gesellschaft AG 0.75% 21-JAN-2027
SWB:RUMB,SWB,XS1313004928,Government of Romania 3.875% 29-OCT-2035
GETTEX:RWEB,GETTEX,XS0162513211,E.ON International Finance BV 5.75% 14-FEB-2033
GETTEX:RWEC,GETTEX,XS2351092478,RWE AG 0.625% 11-JUN-2031
SWB:RWFA,SWB,XS1761785077,E.ON International Finance BV 1.5% 31-JUL-2029
GETTEX:RWFA,GETTEX,XS1761785077,E.ON International Finance BV 1.5% 31-JUL-2029
SIX:RY21,SIX,CH1132966289,Royal Bank of Canada 0.2% 22-SEP-2031
SIX:RY233,SIX,CH1253456102,Royal Bank of Canada 2.085% 31-MAR-2028
FWB:RZ2A,FWB,DE000A1E8W96,RENA GmbH 7.0% 15-DEC-2015
FWB:SAG2,FWB,DE000A1K0K53,S.A.G. Solarstrom AG 7.5% 10-JUL-2017
LSE:SAN,LSE,GB0000064393,Santander UK PLC 10 3/8 % Non-Cum Sterling Pref.Shs
SIX:SAN233,SIX,CH1292012775,Santander UK plc 2.01% 12-SEP-2026
LSE:SANB,LSE,GB0000044221,Santander UK PLC 8 5/8 % Non-Cum. Sterling Pref Shs
GETTEX:SAPF,GETTEX,DE000A13SL34,SAP SE 1.75% 22-FEB-2027
SWB:SAPF,SWB,DE000A13SL34,SAP SE 1.75% 22-FEB-2027
EURONEXT:SB1NO102_PRO,EURONEXT,NO0012898651,SpareBank 1 Sorost-Norge FRN 25-APR-2028
EURONEXT:SB1NO103_PRO_ESG,EURONEXT,NO0012903402,SpareBank 1 Sorost-Norge 4.43% 02-MAY-2030
EURONEXT:SB1NO106_PRO_ESG,EURONEXT,NO0012990680,SpareBank 1 Sorost-Norge FRN 18-JUN-2029
EURONEXT:SB1NO107_PRO,EURONEXT,NO0013010322,SpareBank 1 Sorost-Norge FRN 06-SEP-2028
EURONEXT:SB1NO110_PRO_ESG,EURONEXT,NO0013027938,SpareBank 1 Sorost-Norge FRN 28-SEP-2026
EURONEXT:SB1NO113_PRO,EURONEXT,NO0013530501,SpareBank 1 Sor-Norge ASA FRN PERP
EURONEXT:SB1NO115_PRO,EURONEXT,NO0013602540,SpareBank 1 Sor-Norge ASA FRN 30-JUN-2028
EURONEXT:SB1NO47_PRO,EURONEXT,NO0012552324,SpareBank 1 SR-Bank ASA 3.9% 16-JUN-2027
EURONEXT:SB1NO51_PRO,EURONEXT,NO0012755828,SpareBank 1 SR-Bank ASA FRN 15-NOV-2028
EURONEXT:SB1NO65_PRO,EURONEXT,NO0013163485,SpareBank 1 SR-Bank ASA 4.81% 22-FEB-2029
EURONEXT:SB1NO66_PRO,EURONEXT,NO0013182816,SpareBank 1 SR-Bank ASA 4.35% 20-MAR-2034
EURONEXT:SB1NO86_PRO,EURONEXT,NO0011108904,SpareBank 1 Sorost-Norge FRN 29-SEP-2031
EURONEXT:SB1NO88_PRO_ESG,EURONEXT,NO0011179731,SpareBank 1 Sorost-Norge FRN 20-NOV-2026
EURONEXT:SB1NO90_PRO,EURONEXT,NO0011199390,SpareBank 1 Sorost-Norge FRN 14-JAN-2027
EURONEXT:SB1NO96_PRO,EURONEXT,NO0012552365,SpareBank 1 Sorost-Norge 3.99% 16-SEP-2027
EURONEXT:SB1NO99_PRO_ESG,EURONEXT,NO0012703380,SpareBank 1 Sorost-Norge FRN 10-FEB-2028
EURONEXT:SB6802_PRO,EURONEXT,NO0012810490,Sparebank 68 Grader Nord FRN 12-AUG-2027
EURONEXT:SB6816_PRO,EURONEXT,NO0013685016,Sparebank 68 Grader Nord 4.4% 30-OCT-2028
EURONEXT:SBDIN25_PRO,EURONEXT,NO0013697896,Sparebanken Din Telemark FRN 01-SEP-2028
EURONEXT:SBGG29_PRO,EURONEXT,NO0013364976,SpareBank 1 Gudbrandsdal FRN 11-OCT-2027
EURONEXT:SBHA25_PRO,EURONEXT,NO0011009086,Sparebank 1 Hallingdal Valdres 2.18% 26-MAY-2028
EURONEXT:SBHA27_PRO,EURONEXT,NO0012708900,Sparebank 1 Hallingdal Valdres 4.75% 27-SEP-2027
EURONEXT:SBHA29_PRO,EURONEXT,NO0013012633,Sparebank 1 Hallingdal Valdres FRN 06-SEP-2028
EURONEXT:SBHA33_PRO,EURONEXT,NO0013140665,Sparebank 1 Hallingdal Valdres FRN 01-FEB-2029
EURONEXT:SBHA40_PRO_ESG,EURONEXT,NO0013673970,Sparebank 1 Hallingdal Valdres FRN 06-JAN-2031
EURONEXT:SBNK19_PRO,EURONEXT,NO0012738642,Sparebank 1 Naeringskreditt AS 4.55% 01-NOV-2027
EURONEXT:SBNK23_PRO,EURONEXT,NO0013741900,Sparebank 1 Naeringskreditt AS FRN 04-MAY-2029
EURONEXT:SBNOR125_PRO,EURONEXT,NO0013004523,Sparebanken Norge 5.32% 25-AUG-2027
EURONEXT:SBNOR126_PRO,EURONEXT,NO0012997446,Sparebanken Norge 5.8% 29-NOV-2027
EURONEXT:SBNOR132_PRO,EURONEXT,NO0013095653,Sparebanken Norge FRN 10-MAR-2028
EURONEXT:SBNOR134_PRO,EURONEXT,NO0013115782,Sparebanken Norge FRN 30-APR-2029
EURONEXT:SBNOR139_PRO,EURONEXT,NO0013178707,Sparebanken Norge 4.73% 14-SEP-2028
EURONEXT:SBNOR142_PRO,EURONEXT,NO0013311373,Sparebanken Norge FRN 14-NOV-2029
EURONEXT:SBNOR144_PRO,EURONEXT,NO0013391631,Sparebanken Norge 4.65% 08-MAY-2030
EURONEXT:SBNOR145_PRO,EURONEXT,NO0013426718,Sparebanken Norge 4.54% 11-MAR-2030
EURONEXT:SBNOR150_PRO,EURONEXT,NO0013546952,Sparebanken Norge FRN 28-APR-2028
EURONEXT:SBNOR151_PRO,EURONEXT,NO0013546945,Sparebanken Norge FRN 30-JUL-2030
EURONEXT:SBNOR152_PRO,EURONEXT,NO0013572420,Sparebanken Norge FRN 27-NOV-2035
EURONEXT:SBNOR153_PRO,EURONEXT,NO0013577114,Sparebanken Norge FRN 04-JUN-2030
EURONEXT:SBNOR161_PRO,EURONEXT,NO0013684209,Sparebanken Norge FRN 23-OCT-2028
EURONEXT:SBNOR174_PRO,EURONEXT,NO0013710996,Sparebanken Norge FRN PERP
EURONEXT:SBNOR178_PRO,EURONEXT,NO0013738484,Sparebanken Norge FRN 19-MAR-2031
EURONEXT:SBNOR184_PRO,EURONEXT,NO0013759043,Sparebanken Norge FRN 20-AUG-2031
EURONEXT:SBNOR67_PRO_ESG,EURONEXT,NO0012446485,Sparebanken Sor A.S FRN 22-FEB-2027
EURONEXT:SBNOR68_PRO_ESG,EURONEXT,NO0012446493,Sparebanken Sor A.S 2.885% 22-FEB-2027
EURONEXT:SBNOR69_PRO,EURONEXT,NO0012548918,Sparebanken Sor A.S FRN 14-JUN-2027
EURONEXT:SBNOR71_PRO,EURONEXT,NO0012626946,Sparebanken Sor A.S FRN PERP
EURONEXT:SBNOR72_PRO,EURONEXT,NO0012703455,Sparebanken Sor A.S 4.54% 21-DEC-2026
EURONEXT:SBNOR74_PRO,EURONEXT,NO0012721804,Sparebanken Sor A.S 6.03% 13-OCT-2032
EURONEXT:SBNOR75_PRO,EURONEXT,NO0012780917,Sparebanken Sor A.S FRN 13-DEC-2028
EURONEXT:SBNOR76_PRO,EURONEXT,NO0012780909,Sparebanken Sor A.S FRN 13-DEC-2027
EURONEXT:SBNOR77_PRO,EURONEXT,NO0012841800,Sparebanken Sor A.S FRN PERP
EURONEXT:SBNOR84_PRO,EURONEXT,NO0013008052,Sparebanken Sor A.S 5.67% 04-SEP-2028
EURONEXT:SBNOR87_PRO,EURONEXT,NO0013330514,Sparebanken Sor A.S FRN 13-SEP-2029
EURONEXT:SBNOR89_PRO,EURONEXT,NO0013350462,Sparebanken Sor A.S FRN PERP
EURONEXT:SBNOR92_PRO,EURONEXT,NO0013379487,Sparebanken Sor A.S FRN 23-OCT-2029
EURONEXT:SBSS31_PRO,EURONEXT,NO0011108284,SpareBank 1 Sore Sunnmore FRN 23-SEP-2026
TRADEGATE:SCB007,TRADEGATE,DE000SCB0070,Deutsche Kreditbank AG 3.0% 24-FEB-2040
SIX:SCM151,SIX,CH0268988182,Swisscom AG 1.0% 17-APR-2035
SIX:SCM19,SIX,CH0419040982,Swisscom AG 0.5% 15-MAR-2029
SIX:SCM20,SIX,CH0515152467,Swisscom AG 0.13% 18-SEP-2031
SIX:SCM23,SIX,CH1248666930,Swisscom AG 1.875% 23-AUG-2030
SIX:SCM241,SIX,CH1350727801,Swisscom AG 2.0% 23-NOV-2039
SIX:SCM242,SIX,CH1361401875,Swisscom AG 1.2% 03-SEP-2035
SIX:SCM25,SIX,CH1471403761,Swisscom AG 0.85% 25-AUG-2033
SIX:SCM251,SIX,CH1471403779,Swisscom AG 1.2% 25-AUG-2037
SIX:SCM33,SIX,CH0373476164,Swisscom AG 0.75% 24-NOV-2033
SIX:SCO211,SIX,CH1137122847,Scotiabank Chile 0.418% 31-MAR-2027
SIX:SDZ23,SIX,CH1290870950,Sandoz Group AG 2.125% 17-NOV-2026
SIX:SDZ25.EUR,SIX,XS3032013511,Sandoz Finance B.V. 4.0% 26-MAR-2035
SIX:SDZ26,SIX,CH1543592732,Sandoz Group AG 1.1875% 15-APR-2032
SWB:SE0023848429,SWB,SE0023848429,Verve Group Media SE FRN 01-APR-2029
SWB:SE0024172993,SWB,SE0024172993,Geveko Holding AB FRN 26-DEC-2028
FWB:SE2097544,FWB,SE0020975449,Aonic AB FRN 18-OCT-2027
TRADEGATE:SE2384842,TRADEGATE,SE0023848429,Verve Group Media SE FRN 01-APR-2029
FWB:SE2384842,FWB,SE0023848429,Verve Group Media SE FRN 01-APR-2029
EURONEXT:SELB31_PRO,EURONEXT,NO0013181420,Selbu Sparebank FRN 15-MAR-2028
EURONEXT:SFEN54_PRO_ESG,EURONEXT,NO0013697250,Sogn og Fjordane Energi AS FRN 18-NOV-2030
SIX:SFI23.EUR,SIX,XS2715297672,Sandoz Finance B.V. 3.97% 17-APR-2027
SIX:SFI231.EUR,SIX,XS2715940891,Sandoz Finance B.V. 4.22% 17-APR-2030
SIX:SFI232.EUR,SIX,XS2715941949,Sandoz Finance B.V. 4.5% 17-NOV-2033
SIX:SFI241.EUR,SIX,XS2900391777,Sandoz Finance B.V. 3.25% 12-SEP-2029
EURONEXT:SFSB80_PRO,EURONEXT,NO0010984180,Sparebanken Sogn og Fjordane 2.15% 26-APR-2028
EURONEXT:SFSB88_PRO,EURONEXT,NO0013005322,Sparebanken Sogn og Fjordane 5.2% 30-AUG-2027
EURONEXT:SFSB89_PRO_ESG,EURONEXT,NO0013042465,Sparebanken Sogn og Fjordane FRN 22-FEB-2027
EURONEXT:SFSB99_PRO,EURONEXT,NO0013710814,Sparebanken Sogn og Fjordane FRN 10-APR-2029
SWB:SG7J60932174,SWB,SG7J60932174,Government of Singapore 3.5% 01-MAR-2027
SIX:SGD20,SIX,CH0461239110,Swissgrid AG 0.2% 30-JUN-2032
SIX:SGK21,SIX,CH0522158846,St.Galler Kantonalbank AG 0.25% 30-APR-2035
SIX:SGK251,SIX,CH1426717240,St.Galler Kantonalbank AG 1.125% 21-MAR-2046
SIX:SGK253,SIX,CH1500439638,St.Galler Kantonalbank AG 0.75% 14-NOV-2034
SIX:SGK26,SIX,CH1455989991,St.Galler Kantonalbank AG 1.3% 25-JUN-2037
SIX:SGP22,SIX,CH1159841332,Societe Generale SA 0.28% 26-JAN-2027
SIX:SGP220,SIX,CH1159841340,Societe Generale S.A. 0.745 % Euro Medium Term Notes 2022-26.01.29 Reg S
SIX:SGP221,SIX,CH1218301971,Societe Generale SA 2.625% 14-OCT-2026
SIX:SGP232,SIX,CH1298957064,Societe Generale SA 2.6825% 19-OCT-2029
SIX:SGS23,SIX,CH1189218006,SGS SA 1.7% 05-SEP-2029
SIX:SGS232,SIX,CH1290222566,SGS SA 2.3% 17-NOV-2031
SIX:SGS25,SIX,CH1455990015,SGS SA 1.0% 24-JUN-2032
SIX:SGS26,SIX,CH1515238488,SGS SA 0.95% 03-MAR-2033
GETTEX:SHFM74,GETTEX,DE000SHFM741,State of Schleswig-Holstein 0.01% 22-MAY-2030
FWB:SI9S,FWB,XS1874127902,Siemens Financieringsmaatschappij NV 1.375% 06-SEP-2030
TRADEGATE:SI9S,TRADEGATE,XS1874127902,Siemens Financieringsmaatschappij NV 1.375% 06-SEP-2030
SIX:SIF151,SIX,CH0292877898,Shell International Finance BV 0.875% 21-AUG-2028
SIX:SIG251.EUR,SIX,XS3017995518,SIG Combibloc PurchaseCo S.a r.l. 3.75% 19-MAR-2030
SIX:SIG26.EUR,SIX,XS3314905046,SIG Combibloc PurchaseCo S.a r.l. 4.0% 07-APR-2031
SIX:SIK252,SIX,CH1423036867,Sika AG 1.1% 24-SEP-2031
SIX:SIK253,SIX,CH1423036875,Sika AG 1.35% 22-MAR-2035
SIX:SIK256,SIX,CH1503892650,Sika AG 1.2% 28-NOV-2034
SIX:SIK28,SIX,CH1226543879,Sika AG 2.35% 28-NOV-2028
SIX:SIX211,SIX,CH1142754337,SIX Group AG 0.125% 27-NOV-2026
GETTEX:SIXH,GETTEX,DE000A351WB9,Sixt SE 5.125% 09-OCT-2027
FWB:SIXH,FWB,DE000A351WB9,Sixt SE 5.125% 09-OCT-2027
TRADEGATE:SK400002684,TRADEGATE,SK4000026845,Government of Slovakia 3.75% 27-FEB-2040
SWB:SK4000028858,SWB,SK4000028858,Government of Slovakia 4.125% 19-FEB-2046
EURONEXT:SKASB26_PRO,EURONEXT,NO0012933532,Skudenes & Aakra Sparebank FRN 15-OCT-2027
DUS:SKB09A,DUS,DE000SKB09A5,Sparkasse KolnBonn 1.9% 08-OCT-2027
SIX:SKB25,SIX,CH1416172349,Schaffhauser Kantonalbank 1.25% 08-APR-2033
SIX:SKT251,SIX,CH1474857005,Province of Saskatchewan 0.8225% 20-AUG-2035
EURONEXT:SKUE30_PRO,EURONEXT,NO0011100778,Skue Sparebank FRN 15-SEP-2026
EURONEXT:SKUE32_PRO_ESG,EURONEXT,NO0012637372,Skue Sparebank FRN 24-AUG-2027
EURONEXT:SKUE38_PRO,EURONEXT,NO0013139931,Skue Sparebank FRN 26-MAR-2029
EURONEXT:SKUE42_PRO,EURONEXT,NO0013512335,Skue Sparebank FRN 20-MAR-2028
FWB:SLH1,FWB,DE000A2YN256,Schlote Holding GmbH 6.75% 21-NOV-2024
SIX:SLH161,SIX,CH0316994653,Swiss Life AG 4.375% 24-SEP-2046
SIX:SLH212.EUR,SIX,CH1130818847,Swiss Life Finance I AG 0.5% 15-SEP-2031
SIX:SLH220.EUR,SIX,CH1210198136,Swiss Life Finance I AG 3.25% 31-AUG-2029
SIX:SLH25,SIX,CH1400064601,Swiss Life Holding AG 0.8875% 31-JAN-2028
SIX:SLH262.EUR,SIX,CH1548688378,Swiss Life Finance I AG 3.736% 06-MAY-2033
SIX:SNC20,SIX,CH0550413345,Societe Nationale SNCF SA 0.227% 18-JUN-2030
SIX:SNC23,SIX,CH1277028440,Societe Nationale SNCF SA 1.985% 28-JUN-2033
SIX:SNC25,SIX,CH1457738016,Societe Nationale SNCF SA 0.92% 26-JUN-2034
EURONEXT:SNOR14_PRO,EURONEXT,NO0010947963,SpareBank 1 Nordmore FRN 09-MAR-2028
EURONEXT:SNOR35_PRO_ESG,EURONEXT,NO0011161580,SpareBank 1 Nordmore FRN 01-MAR-2027
EURONEXT:SNOR37_PRO,EURONEXT,NO0012493909,SpareBank 1 Nordmore FRN 07-OCT-2027
EURONEXT:SNOR38_PRO,EURONEXT,NO0012662404,SpareBank 1 Nordmore FRN PERP
EURONEXT:SNOR40_PRO,EURONEXT,NO0013014019,SpareBank 1 Nordmore FRN 08-SEP-2028
EURONEXT:SNOR48_PRO,EURONEXT,NO0013429324,SpareBank 1 Nordmore FRN 13-JUN-2030
EURONEXT:SNOR49_PRO,EURONEXT,NO0013470674,SpareBank 1 Nordmore 4.6% 30-JAN-2035
EURONEXT:SOAG26_PRO,EURONEXT,NO0010895527,SpareBank 1 Ostfold Akershus 1.36% 13-OCT-2026
EURONEXT:SOGSB23_PRO,EURONEXT,NO0013185801,Sogne og Greipstad Sparebank FRN 22-MAR-2027
SIX:SON22,SIX,CH1179534933,Sonova Holding AG 1.05% 19-FEB-2029
SIX:SON221,SIX,CH1179534941,Sonova Holding AG 1.4% 19-FEB-2032
EURONEXT:SPBKR109_PRO,EURONEXT,NO0012523119,Totens Sparebank Boligkreditt AS FRN 08-JUN-2027
EURONEXT:SPOBK19_PRO,EURONEXT,NO0011013096,Sparebanken Ost Boligkreditt AS FRN 23-AUG-2027
EURONEXT:SPOL109_PRO,EURONEXT,NO0013631713,SpareBank 1 Ostlandet FRN 12-AUG-2030
EURONEXT:SPOL112_PRO,EURONEXT,NO0013711648,SpareBank 1 Ostlandet FRN 15-APR-2031
EURONEXT:SPOL117_PRO,EURONEXT,NO0013756072,SpareBank 1 Ostlandet FRN PERP
EURONEXT:SPOL63_PRO,EURONEXT,NO0011035321,SpareBank 1 Ostlandet 2.24% 28-JUN-2028
EURONEXT:SPOL65_PRO,EURONEXT,NO0011108896,SpareBank 1 Ostlandet FRN PERP
EURONEXT:SPOL69_PRO,EURONEXT,NO0011202814,SpareBank 1 Ostlandet FRN 17-FEB-2027
EURONEXT:SPOL71_PRO_ESG,EURONEXT,NO0012702614,SpareBank 1 Ostlandet 4.5% 22-SEP-2027
EURONEXT:SPOL76_PRO,EURONEXT,NO0012818006,SpareBank 1 Ostlandet 4.335% 24-JAN-2028
EURONEXT:SPOL79_PRO_ESG,EURONEXT,NO0012940396,SpareBank 1 Ostlandet 5.407% 15-JUN-2028
EURONEXT:SPOL86_PRO,EURONEXT,NO0013261107,SpareBank 1 Ostlandet FRN PERP
EURONEXT:SPOL89_PRO,EURONEXT,NO0013311944,SpareBank 1 Ostlandet FRN 15-NOV-2029
EURONEXT:SPOL97_PRO,EURONEXT,NO0012696527,Totens Sparebank 4.7% 08-SEP-2027
SIX:SPS19,SIX,CH0419040990,Swiss Prime Site AG 1.25% 02-APR-2027
SIX:SPS192,SIX,CH0488506681,Swiss Prime Site AG 0.375% 30-SEP-2031
SIX:SPS21,SIX,CH0581947816,Swiss Prime Site Finance AG 0.375% 11-FEB-2028
SIX:SPS23,SIX,CH1290222335,Swiss Prime Site Finance AG 2.2675% 18-SEP-2028
EURONEXT:SPSK25_PRO_ESG,EURONEXT,NO0013319418,Spareskillingsbanken FRN 23-AUG-2029
EURONEXT:SPSK27_PRO,EURONEXT,NO0013581892,Spareskillingsbanken FRN 11-SEP-2028
LSE:SQ97,LSE,XS2419405274,Pakistan Global Sukuk Programme Co. Ltd. 7.95% 31-JAN-2029
SIX:SRA26,SIX,CH1562934708,Stadler Rail AG 1.3% 03-JUL-2030
SIX:SRA261,SIX,CH1562934716,Stadler Rail AG 1.8% 03-JUL-2034
SIX:SRG25,SIX,CH1478430718,Schweizerische Radio- und Fernsehgesellschaft 0.95% 29-SEP-2032
EURONEXT:SRSB18_PRO,EURONEXT,NO0011129561,Skagerrak Sparebank FRN 19-OCT-2026
EURONEXT:SRSB23_PRO,EURONEXT,NO0013030965,Skagerrak Sparebank FRN 05-OCT-2027
EURONEXT:SRSB25_PRO,EURONEXT,NO0013339770,Skagerrak Sparebank FRN 20-SEP-2028
EURONEXT:SRSB28_PRO,EURONEXT,NO0011096281,Skagerrak Sparebank FRN 10-SEP-2031
EURONEXT:SRSB40_PRO,EURONEXT,NO0012444613,Larvikbanken - Din Personlige Sparebank FRN 15-FEB-2027
EURONEXT:SRSB41_PRO,EURONEXT,NO0012820622,Larvikbanken - Din Personlige Sparebank FRN 03-FEB-2028
EURONEXT:SRSB43_PRO,EURONEXT,NO0013554857,Skagerrak Sparebank FRN 12-MAY-2028
EURONEXT:SRSB46_PRO,EURONEXT,NO0013711689,Skagerrak Sparebank FRN 16-JAN-2031
EURONEXT:SRSB48_PRO,EURONEXT,NO0013755462,Skagerrak Sparebank FRN 09-JUN-2031
EURONEXT:SSFBK18_PRO_ESG,EURONEXT,NO0010871643,Bustadkreditt Sogn Og Fjordane AS 2.3% 19-JUN-2030
EURONEXT:SSFBK20_PRO_ESG,EURONEXT,NO0010895329,Bustadkreditt Sogn Og Fjordane AS FRN 12-OCT-2027
EURONEXT:SSFBK21_PRO,EURONEXT,NO0011008377,Bustadkreditt Sogn Og Fjordane AS FRN 27-MAY-2027
EURONEXT:SSFBK27_PRO,EURONEXT,NO0013465393,Bustadkreditt Sogn Og Fjordane AS FRN 24-JAN-2030
LSE:STAB,LSE,GB0008401324,Standard Chartered PLC 7.375 % Con-Cum Irred Pref Registered
LSE:STAC,LSE,GB0008399700,Standard Chartered PLC 8.25 % Con-Cum Irred Pref Registered
SIX:STG17,SIX,CH0380011574,City of St. Gallen (Switzerland) 0.6% 21-SEP-2037
FWB:STIA,FWB,DE000A2NBZ21,SoWiTec group GmbH 8.0% 08-NOV-2026
SIX:STO86,SIX,CH0008982974,Standard Oil Co. 3.875% PERP
EURONEXT:STORB67_PRO,EURONEXT,NO0011104077,Storebrand Bank ASA FRN 23-SEP-2031
EURONEXT:STORB74_PRO,EURONEXT,NO0013119206,Storebrand Bank ASA FRN 12-APR-2027
EURONEXT:STORB77_PRO_ESG,EURONEXT,NO0013625368,Storebrand Bank ASA FRN 07-AUG-2028
EURONEXT:STORB79_PRO,EURONEXT,NO0013755819,Storebrand Bank ASA FRN 16-JUN-2031
SIX:SUL22,SIX,CH1223665063,Sulzer AG 3.35% 16-NOV-2026
SIX:SUL25,SIX,CH1474857047,Sulzer AG 1.1375% 17-SEP-2029
SIX:SUL27,SIX,CH1571219323,Sulzer AG 1.42% 08-JUL-2033
LSX:SYM773,LSX,XS2195096420,Symrise AG 1.375% 01-JUL-2027
LS:SYM773,LS,XS2195096420,Symrise AG 1.375% 01-JUL-2027
SIX:SYN201,SIX,CH0525158447,Syngenta Finance AG 0.7% 09-DEC-2026
SIX:SYN24,SIX,CH1396329786,Syngenta Finance AG 1.5% 26-NOV-2027
SWB:T4UA,SWB,US912810QN19,United States Treasury Bond 4.75% 15-FEB-2041
SIX:TDB232,SIX,CH1290870893,Toronto-Dominion Bank 1.945% 18-SEP-2029
SIX:TDB25,SIX,CH1400064528,Toronto-Dominion Bank 1.235% 22-JAN-2032
SIX:TEM25,SIX,CH1400000019,Temenos AG 2.22% 01-APR-2030
EURONEXT:TEN03_PRO_ESG,EURONEXT,NO0013262428,Tensio AS FRN 18-JUN-2027
SIX:TFS24,SIX,CH1331113477,Thermo Fisher Scientific Inc. 1.6525% 07-MAR-2028
SIX:TFS25,SIX,CH1423036768,Thermo Fisher Scientific Inc. 0.832% 07-SEP-2026
SIX:TFS251,SIX,CH1423036776,Thermo Fisher Scientific Inc. 1.125% 07-MAR-2029
EURONEXT:TINDE21_PRO,EURONEXT,NO0012935412,Tinde Sparebank FRN 07-JUN-2027
EURONEXT:TINDE26_PRO,EURONEXT,NO0013336206,Tinde Sparebank FRN 02-NOV-2027
EURONEXT:TINE33_PRO,EURONEXT,NO0011151904,TINE SA FRN 17-NOV-2026
SIX:TMF23,SIX,CH1264414348,Toyota Motor Finance (Netherlands) BV 2.13% 15-JUN-2027
SIX:TMF231,SIX,CH1300950008,Toyota Motor Finance (Netherlands) BV 2.01% 26-OCT-2026
SIX:TMF24,SIX,CH1321508355,Toyota Motor Finance (Netherlands) BV 1.83% 18-SEP-2028
SIX:TMF241,SIX,CH1396329752,Toyota Motor Finance (Netherlands) BV 1.1225% 22-MAY-2030
EURONEXT:TOSB22_PRO,EURONEXT,NO0013330613,Tolga-Os Sparebank FRN 11-SEP-2028
EURONEXT:TOSB23_PRO,EURONEXT,NO0013383356,Tolga-Os Sparebank FRN 28-OCT-2027
EURONEXT:TOSB25_PRO,EURONEXT,NO0013629675,Tolga-Os Sparebank FRN 14-FEB-2029
SIX:TQF25,SIX,CH1433241184,Transurban Queensland Finance Pty Ltd. 1.43% 22-AUG-2033
SIX:TRF25,SIX,CH1457716475,TRATON Finance Luxembourg SA 1.03% 26-JUN-2028
EURONEXT:TROBO12_PRO,EURONEXT,NO0010895592,Vegamot AS FRN 19-OCT-2029
EURONEXT:TROBO15_PRO,EURONEXT,NO0011173601,Vegamot AS 2.0% 21-DEC-2026
EURONEXT:TROBO17_PRO,EURONEXT,NO0012552977,Vegamot AS 3.924% 20-JUN-2031
EURONEXT:TROBO19_PRO,EURONEXT,NO0012843061,Vegamot AS 3.829% 21-FEB-2028
EURONEXT:TRSB20_PRO,EURONEXT,NO0012767294,Hemne Sparebank FRN 29-NOV-2027
EURONEXT:TRSB21_PRO,EURONEXT,NO0012838962,Hemne Sparebank FRN PERP
EURONEXT:TSSI01_PRO,EURONEXT,NO0013673921,TS Shipping Invest AS 7.5% 16-OCT-2030
TRADEGATE:TUEQ,TRADEGATE,US900123AY60,Government of Turkey 6.875% 17-MAR-2036
SWB:TUEQ,SWB,US900123AY60,Government of Turkey 6.875% 17-MAR-2036
GETTEX:TUEQ,GETTEX,US900123AY60,Government of Turkey 6.875% 17-MAR-2036
EUROTLX:U64431,EUROTLX,IT0005644312,UniCredit S.p.A. FRN 30-MAY-2031
EUROTLX:U64982,EUROTLX,IT0005649824,UniCredit S.p.A. 0.0% PERP
EUROTLX:U66862,EUROTLX,IT0005668626,UniCredit S.p.A. 100.0% 17-DEC-2031
SIX:UBG193.SGD,SIX,CH1325807860,UBS Group AG 5.75% PERP
SIX:UBG208.EUR,SIX,CH0576402181,UBS Group AG 0.25% 05-NOV-2028
SIX:UBG214.USD,SIX,USH42097CB19,UBS Group AG 4.375% PERP
SIX:UBG215.EUR,SIX,CH0595205524,UBS Group AG 0.25% 24-FEB-2028
SIX:UBG228.EUR,SIX,CH1194000357,UBS Group AG 3.125% 15-JUN-2030
SIX:UBG235.EUR,SIX,CH1236363391,UBS Group AG 4.375% 11-JAN-2031
SIX:UBG237.USD,SIX,USH42097DT18,UBS Group AG 5.959% 12-JAN-2034
SIX:UBG243.EUR,SIX,CH1255915006,UBS Group AG 4.625% 17-MAR-2028
SIX:UBG244.EUR,SIX,CH1255915014,UBS Group AG 4.75% 17-MAR-2032
SIX:UBG248.USD,SIX,USH42097EL72,UBS Group AG 6.327% 22-DEC-2027
SIX:UBG249.USD,SIX,USH42097EN39,UBS Group AG 6.246% 22-SEP-2029
SIX:UBG250.USD,SIX,USH42097EQ69,UBS Group AG 6.301% 22-SEP-2034
SIX:UBG261.EUR,SIX,CH1305916897,UBS Group AG 4.125% 09-JUN-2033
SIX:UBG263.USD,SIX,USH42097EW38,UBS Group AG 7.75% PERP
SIX:UBG278.USD,SIX,USH42097EZ68,UBS Group AG 6.85% PERP
SIX:UBG299.USD,SIX,USH42097FD48,UBS Group AG 5.58% 09-MAY-2036
SIX:UBG316.USD,SIX,USH42097FF95,UBS Group AG 7.0% PERP
SIX:UBG317.USD,SIX,USH42097FE21,UBS Group AG 6.6% PERP
SIX:UBG318.EUR,SIX,CH1474856957,UBS Group AG 3.162% 11-AUG-2031
SIX:UBG319.EUR,SIX,CH1474856965,UBS Group AG 3.757% 11-AUG-2036
SIX:UBG323.USD,SIX,USH42097ES26,UBS Group AG 9.25% PERP
SIX:UBG324.USD,SIX,USH42097ER43,UBS Group AG 9.25% PERP
SIX:UBG331.USD,SIX,USH42097FG78,UBS Group AG 4.151% 23-DEC-2029
SIX:UBG332.USD,SIX,USH42097FL63,UBS Group AG 5.01% 23-MAR-2037
SIX:UBG333.USD,SIX,USH42097FJ18,UBS Group AG 4.398% 23-SEP-2031
SIX:UBG334.AUD,SIX,CH1485827070,UBS Group AG 6.375% PERP
SIX:UBG337.USD,SIX,USH42097FM47,UBS Group AG 4.844% 06-NOV-2033
SIX:UBG339.USD,SIX,USH42097FP77,UBS Group AG 6.625% PERP
SIX:UBG340.USD,SIX,USH42097FQ50,UBS Group AG 7.0% PERP
SIX:UBG342.EUR,SIX,CH1512676896,UBS Group AG 3.875% 13-JAN-2037
SIX:UBG353.USD,SIX,USH42097FV46,UBS Group AG 6.875% PERP
SIX:UBP21,SIX,CH1141700547,"Union Bancaire Privee, UBP SA 0.2% 15-DEC-2026"
SIX:UBS242.EUR,SIX,CH1331113469,UBS Switzerland AG 3.304% 05-MAR-2029
SIX:UBS252.USD,SIX,USH42097FA09,UBS Group AG 7.0% PERP
SIX:UBS253.USD,SIX,USH42097FB81,UBS Group AG 7.125% PERP
SIX:UBS256,SIX,CH1474856981,UBS Switzerland AG 0.935% 13-AUG-2035
SIX:UKB16,SIX,CH0344583866,Urner Kantonalbank 0.125% 27-NOV-2026
SWB:US00206RMT67,SWB,US00206RMT67,AT&T Inc. 5.4% 15-FEB-2034
SWB:US007903BN62,SWB,US007903BN62,"Advanced Micro Devices, Inc. 5.5% 17-AUG-2036"
EUROTLX:US023135AP19,EUROTLX,US023135AP19,"Amazon.com, Inc. 4.8% 05-DEC-2034"
SWB:US023135BC96,SWB,US023135BC96,"Amazon.com, Inc. 3.15% 22-AUG-2027"
EUROTLX:US023135BM78,EUROTLX,US023135BM78,"Amazon.com, Inc. 4.25% 22-AUG-2057"
EUROTLX:US037411BA28,EUROTLX,US037411BA28,Apache Corporation 4.75% 15-APR-2043
EUROTLX:US037833CD08,EUROTLX,US037833CD08,Apple Inc. 3.85% 04-AUG-2046
EUROTLX:US037833CH12,EUROTLX,US037833CH12,Apple Inc. 4.25% 09-FEB-2047
EUROTLX:US037833CR93,EUROTLX,US037833CR93,Apple Inc. 3.2% 11-MAY-2027
EUROTLX:US040114HX11,EUROTLX,US040114HX11,Argentine Republic 1 % Bonds 2020-09.07.29
EUROTLX:US105756AE07,EUROTLX,US105756AE07,Government of Brazil 10.125% 15-MAY-2027
EUROTLX:US105756AL40,EUROTLX,US105756AL40,Government of Brazil 12.25% 06-MAR-2030
SWB:US105756BK57,SWB,US105756BK57,Government of Brazil 7.125% 20-JAN-2037
EUROTLX:US105756BK57,EUROTLX,US105756BK57,Government of Brazil 7.125% 20-JAN-2037
FWB:US117043AV1,FWB,US117043AV12,Brunswick Corporation 5.1% 01-APR-2052
FWB:US135087U51,FWB,US135087U513,Government of Canada 4.25% 28-MAY-2031
SIX:US1898.USD,SIX,US404280BK42,HSBC Holdings Plc 4.041% 13-MAR-2028
FWB:US2079KAL1,FWB,US02079KAL17,Alphabet Inc. 4.5% 15-MAY-2035
EUROTLX:US22541LAE39,EUROTLX,US22541LAE39,"Credit Suisse (USA), Inc. 7.125% 15-JUL-2032"
FWB:US23135BY1,FWB,US023135BY17,"Amazon.com, Inc. 1.65% 12-MAY-2028"
SWB:US24422EWZ86,SWB,US24422EWZ86,John Deere Capital Corporation 4.7% 10-JUN-2030
SWB:US24422EXP95,SWB,US24422EXP95,John Deere Capital Corporation 5.1% 11-APR-2034
SWB:US24422EYN39,SWB,US24422EYN39,John Deere Capital Corporation 4.375% 15-APR-2031
TRADEGATE:US24702RAF8,TRADEGATE,US24702RAF82,Dell Inc. 6.5% 15-APR-2038
EUROTLX:US260543CG61,EUROTLX,US260543CG61,Dow Chemical Company 4.375% 15-NOV-2042
EUROTLX:US279158AE95,EUROTLX,US279158AE95,Ecopetrol S.A. 7.375% 18-SEP-2043
EUROTLX:US279158AJ82,EUROTLX,US279158AJ82,Ecopetrol S.A. 5.875% 28-MAY-2045
EUROTLX:US29078EAA38,EUROTLX,US29078EAA38,Embarq Corporation 7.995% 01-JUN-2036
TRADEGATE:US345277AE7,TRADEGATE,US345277AE74,"Ford Holdings, Inc. 9.3% 01-MAR-2030"
EUROTLX:US345370CR99,EUROTLX,US345370CR99,Ford Motor Company 4.346% 08-DEC-2026
EUROTLX:US345370CS72,EUROTLX,US345370CS72,Ford Motor Company 5.291% 08-DEC-2046
EUROTLX:US36962G3P70,EUROTLX,US36962G3P70,General Electric Capital Corporation 5.875% 14-JAN-2038
FWB:US37833DU1,FWB,US037833DU14,Apple Inc. 1.65% 11-MAY-2030
SWB:US38141GA799,SWB,US38141GA799,"Goldman Sachs Group, Inc. Notes 2024-Without Fixed Maturity Series X Fixed/Floating Rate"
TRADEGATE:US40114HX1,TRADEGATE,US040114HX11,Argentine Republic 1 % Bonds 2020-09.07.29
EUROTLX:US428236BR31,EUROTLX,US428236BR31,HP Inc. 6.0% 15-SEP-2041
FWB:US43358BAA1,FWB,US43358BAA17,Government of Canada 4.625% 30-APR-2029
FWB:US445545AF3,FWB,US445545AF36,Government of Hungary 7.625% 29-MAR-2041
FWB:US448579AT9,FWB,US448579AT90,Hyatt Hotels Corporation 5.375% 15-DEC-2031
FWB:US45167GD9,FWB,US045167GD94,Asian Development Bank 4.375% 06-MAR-2029
SWB:US4581X0DS49,SWB,US4581X0DS49,Inter-American Development Bank 1.125% 13-JAN-2031
SWB:US4581X0ES30,SWB,US4581X0ES30,Inter-American Development Bank 4.5% 15-FEB-2030
SWB:US459058KQ56,SWB,US459058KQ56,International Bank for Reconstruction & Development 3.875% 14-FEB-2030
FWB:US46353AW8,FWB,US046353AW81,AstraZeneca PLC 1.375% 06-AUG-2030
EUROTLX:US500255AV61,EUROTLX,US500255AV61,Kohl's Corporation 5.55% 17-JUL-2045
MUN:US500769HS6,MUN,US500769HS68,KfW 2.875% 03-APR-2028
FWB:US500769HS6,FWB,US500769HS68,KfW 2.875% 03-APR-2028
FWB:US500769KK9,FWB,US500769KK95,KfW 3.75% 15-JUL-2030
SWB:US500769KP82,SWB,US500769KP82,KfW 3.5% 15-MAY-2029
EUROTLX:US501797AM65,EUROTLX,US501797AM65,"Bath & Body Works, Inc. 6.75% 01-JUL-2036"
SWB:US515110CF96,SWB,US515110CF96,Landwirtschaftliche Rentenbank 4.625% 17-APR-2029
SIX:US521.USD,SIX,US105756BB58,Government of Brazil 8.25% 20-JAN-2034
SIX:US530.USD,SIX,XS0881740384,Ooredoo International Finance Ltd. 4.5% 31-JAN-2043
EUROTLX:US532716AN75,EUROTLX,US532716AN75,"Bath & Body Works, Inc. 7.6% 15-JUL-2037"
SIX:US536.USD,SIX,US900123AT75,Government of Turkey 8.0% 14-FEB-2034
SIX:US568.USD,SIX,US465410BG26,Government of Italy 5.375% 15-JUN-2033
SIX:US575.USD,SIX,US715638AP79,Government of Peru 8.75% 21-NOV-2033
SWB:US594918AJ36,SWB,US594918AJ36,Microsoft Corporation 4.5% 01-OCT-2040
SWB:US594918AM64,SWB,US594918AM64,Microsoft Corporation 5.3% 08-FEB-2041
SWB:US609207BC87,SWB,US609207BC87,"Mondelez International, Inc. 4.75% 20-FEB-2029"
EUROTLX:US61744YAK47,EUROTLX,US61744YAK47,Morgan Stanley 3.591% 22-JUL-2028
SIX:US619.USD,SIX,US91086QAS75,Government of Mexico 6.75% 27-SEP-2034
EUROTLX:US64110LAN64,EUROTLX,US64110LAN64,"Netflix, Inc. 4.375% 15-NOV-2026"
SWB:US65339KCH14,SWB,US65339KCH14,"NextEra Energy Capital Holdings, Inc. 4.625% 15-JUL-2027"
TRADEGATE:US66989HAR9,TRADEGATE,US66989HAR93,Novartis Capital Corp. 2.2% 14-AUG-2030
EUROTLX:US68389XBF15,EUROTLX,US68389XBF15,Oracle Corporation 4.125% 15-MAY-2045
SWB:US713448GA00,SWB,US713448GA00,"PepsiCo, Inc. 4.45% 07-FEB-2028"
EUROTLX:US71647NAA72,EUROTLX,US71647NAA72,Petrobras Global Finance BV 5.625% 20-MAY-2043
EUROTLX:US71654QBX97,EUROTLX,US71654QBX97,Petroleos Mexicanos 5.625% 23-JAN-2046
EUROTLX:US71654QCC42,EUROTLX,US71654QCC42,Petroleos Mexicanos 6.75% 21-SEP-2047
EUROTLX:US71654QCG55,EUROTLX,US71654QCG55,Petroleos Mexicanos 6.5% 13-MAR-2027
EUROTLX:US71654QCL41,EUROTLX,US71654QCL41,Petroleos Mexicanos 6.35% 12-FEB-2048
SWB:US716973AC67,SWB,US716973AC67,Pfizer Investment Enterprises Pte. Ltd. 4.45% 19-MAY-2028
FWB:US731011AV4,FWB,US731011AV42,Government of Poland 4.875% 04-OCT-2033
SWB:US760942BD38,SWB,US760942BD38,Government of Uruguay 4.975% 20-APR-2055
FWB:US803854KW7,FWB,US803854KW79,Province of Saskatchewan 4.65% 28-JAN-2030
SIX:US812.USD,SIX,US298785DV50,European Investment Bank 4.875% 15-FEB-2036
EUROTLX:US87927VAF58,EUROTLX,US87927VAF58,Telecom Italia Capital SA 6.375% 15-NOV-2033
EUROTLX:US87927VAM00,EUROTLX,US87927VAM00,Telecom Italia Capital SA 6.0% 30-SEP-2034
EUROTLX:US87927VAR96,EUROTLX,US87927VAR96,Telecom Italia Capital SA 7.2% 18-JUL-2036
EUROTLX:US87927VAV09,EUROTLX,US87927VAV09,Telecom Italia Capital SA 7.721% 04-JUN-2038
EUROTLX:US88163VAD10,EUROTLX,US88163VAD10,Teva Pharmaceutical Finance Co. LLC 6.15% 01-FEB-2036
EUROTLX:US88167AAE10,EUROTLX,US88167AAE10,Teva Pharmaceutical Finance Netherlands III BV 3.15% 01-OCT-2026
EUROTLX:US88167AAF84,EUROTLX,US88167AAF84,Teva Pharmaceutical Finance Netherlands III BV 4.1% 01-OCT-2046
FWB:US89236TPS8,FWB,US89236TPS86,Toyota Motor Credit Corporation 4.6% 11-MAR-2033
EUROTLX:US893830AF64,EUROTLX,US893830AF64,"Transocean Sedco Forex, Inc. 7.5% 15-APR-2031"
EUROTLX:US900123AL40,EUROTLX,US900123AL40,Government of Turkey 11.875% 15-JAN-2030
EUROTLX:US900123AT75,EUROTLX,US900123AT75,Government of Turkey 8.0% 14-FEB-2034
SWB:US900123BB58,SWB,US900123BB58,Government of Turkey 7.25% 05-MAR-2038
EUROTLX:US900123BB58,EUROTLX,US900123BB58,Government of Turkey 7.25% 05-MAR-2038
EUROTLX:US91086QAG38,EUROTLX,US91086QAG38,Government of Mexico 8.3% 15-AUG-2031
EUROTLX:US91086QAS75,EUROTLX,US91086QAS75,Government of Mexico 6.75% 27-SEP-2034
EUROTLX:US91086QAV05,EUROTLX,US91086QAV05,Government of Mexico 6.05% 11-JAN-2040
EUROTLX:US91086QBB32,EUROTLX,US91086QBB32,Government of Mexico 4.75% 08-MAR-2044
FWB:US912797UD7,FWB,US912797UD79,United States Treasury Bills 0.0% 18-MAR-2027
TRADEGATE:US912810FE3,TRADEGATE,US912810FE39,United States Treasury Bond 5.5% 15-AUG-2028
EUROTLX:US912810FE39,EUROTLX,US912810FE39,United States Treasury Bond 5.5% 15-AUG-2028
EUROTLX:US912810FF04,EUROTLX,US912810FF04,United States Treasury Bond 5.25% 15-NOV-2028
EUROTLX:US912810FG86,EUROTLX,US912810FG86,United States Treasury Bond 5.25% 15-FEB-2029
EUROTLX:US912810FJ26,EUROTLX,US912810FJ26,United States Treasury Bond 6.125% 15-AUG-2029
TRADEGATE:US912810FM5,TRADEGATE,US912810FM54,United States Treasury Bond 6.25% 15-MAY-2030
SWB:US912810FM54,SWB,US912810FM54,United States Treasury Bond 6.25% 15-MAY-2030
EUROTLX:US912810FM54,EUROTLX,US912810FM54,United States Treasury Bond 6.25% 15-MAY-2030
EUROTLX:US912810FP85,EUROTLX,US912810FP85,United States Treasury Bond 5.375% 15-FEB-2031
EUROTLX:US912810FT08,EUROTLX,US912810FT08,United States Treasury Bond 4.5% 15-FEB-2036
EUROTLX:US912810PU60,EUROTLX,US912810PU60,United States Treasury Bond 5.0% 15-MAY-2037
EUROTLX:US912810PX00,EUROTLX,US912810PX00,United States Treasury Bond 4.5% 15-MAY-2038
EUROTLX:US912810QB70,EUROTLX,US912810QB70,United States Treasury Bond 4.25% 15-MAY-2039
MUN:US912810QD3,MUN,US912810QD37,United States Treasury Bond 4.375% 15-NOV-2039
EUROTLX:US912810QD37,EUROTLX,US912810QD37,United States Treasury Bond 4.375% 15-NOV-2039
EUROTLX:US912810QE10,EUROTLX,US912810QE10,United States Treasury Bond 4.625% 15-FEB-2040
TRADEGATE:US912810QL5,TRADEGATE,US912810QL52,United States Treasury Bond 4.25% 15-NOV-2040
SWB:US912810QL52,SWB,US912810QL52,United States Treasury Bond 4.25% 15-NOV-2040
EUROTLX:US912810QL52,EUROTLX,US912810QL52,United States Treasury Bond 4.25% 15-NOV-2040
EUROTLX:US912810QN19,EUROTLX,US912810QN19,United States Treasury Bond 4.75% 15-FEB-2041
EUROTLX:US912810QZ49,EUROTLX,US912810QZ49,United States Treasury Bond 3.125% 15-FEB-2043
EUROTLX:US912810RC45,EUROTLX,US912810RC45,United States Treasury Bond 3.625% 15-AUG-2043
EUROTLX:US912810RJ97,EUROTLX,US912810RJ97,United States Treasury Bond 3.0% 15-NOV-2044
EUROTLX:US912810RK60,EUROTLX,US912810RK60,United States Treasury Bond 2.5% 15-FEB-2045
TRADEGATE:US912810RM2,TRADEGATE,US912810RM27,United States Treasury Bond 3.0% 15-MAY-2045
EUROTLX:US912810RN00,EUROTLX,US912810RN00,United States Treasury Bond 2.875% 15-AUG-2045
EUROTLX:US912810RS96,EUROTLX,US912810RS96,United States Treasury Bond 2.5% 15-MAY-2046
EUROTLX:US912810RX81,EUROTLX,US912810RX81,United States Treasury Bond 3.0% 15-MAY-2047
EUROTLX:US912810SE91,EUROTLX,US912810SE91,United States Treasury Bond 3.375% 15-NOV-2048
EUROTLX:US912810SJ88,EUROTLX,US912810SJ88,United States Treasury Bond 2.25% 15-AUG-2049
EUROTLX:US912810SK51,EUROTLX,US912810SK51,United States Treasury Bond 2.375% 15-NOV-2049
EUROTLX:US912810SL35,EUROTLX,US912810SL35,United States Treasury Bond 2.0% 15-FEB-2050
EUROTLX:US912810SN90,EUROTLX,US912810SN90,United States Treasury Bond 1.25% 15-MAY-2050
EUROTLX:US912810SP49,EUROTLX,US912810SP49,United States Treasury Bond 1.375% 15-AUG-2050
FWB:US912810SQ2,FWB,US912810SQ22,United States Treasury Bond 1.125% 15-AUG-2040
SWB:US912810SQ22,SWB,US912810SQ22,United States Treasury Bond 1.125% 15-AUG-2040
EUROTLX:US912810SS87,EUROTLX,US912810SS87,United States Treasury Bond 1.625% 15-NOV-2050
EUROTLX:US912810TA60,EUROTLX,US912810TA60,United States Treasury Bond 1.75% 15-AUG-2041
EUROTLX:US912810TG31,EUROTLX,US912810TG31,United States Treasury Bond 2.875% 15-MAY-2052
EUROTLX:US912810TM09,EUROTLX,US912810TM09,United States Treasury Bond 4.0% 15-NOV-2042
EUROTLX:US912810TT51,EUROTLX,US912810TT51,United States Treasury Bond 4.125% 15-AUG-2053
EUROTLX:US912810TV08,EUROTLX,US912810TV08,United States Treasury Bond 4.75% 15-NOV-2053
SWB:US912810TV08,SWB,US912810TV08,United States Treasury Bond 4.75% 15-NOV-2053
FWB:US912810TW8,FWB,US912810TW80,United States Treasury Bond 4.75% 15-NOV-2043
FWB:US912810UB2,FWB,US912810UB25,United States Treasury Bond 4.625% 15-MAY-2044
EUROTLX:US912810UB25,EUROTLX,US912810UB25,United States Treasury Bond 4.625% 15-MAY-2044
EUROTLX:US912810UG12,EUROTLX,US912810UG12,United States Treasury Bond 4.625% 15-FEB-2055
EUROTLX:US912810UJ50,EUROTLX,US912810UJ50,United States Treasury Bond 4.75% 15-FEB-2045
EUROTLX:US912810UL07,EUROTLX,US912810UL07,United States Treasury Bond 5.0% 15-MAY-2045
TRADEGATE:US912810UT3,TRADEGATE,US912810UT33,United States Treasury Bond 4.625% 15-FEB-2046
EUROTLX:US912810UU06,EUROTLX,US912810UU06,United States Treasury Bond 5.0% 15-MAY-2056
EUROTLX:US9128286B18,EUROTLX,US9128286B18,United States Treasury Notes 2.625% 15-FEB-2029
EUROTLX:US9128286T26,EUROTLX,US9128286T26,United States Treasury Notes 2.375% 15-MAY-2029
SWB:US912828V988,SWB,US912828V988,United States Treasury Notes 2.25% 15-FEB-2027
EUROTLX:US912828YB05,EUROTLX,US912828YB05,United States Treasury Notes 1.625% 15-AUG-2029
EUROTLX:US912828YS30,EUROTLX,US912828YS30,United States Treasury Notes 1.75% 15-NOV-2029
TRADEGATE:US912828YX2,TRADEGATE,US912828YX25,United States Treasury Notes 1.75% 31-DEC-2026
SWB:US912828YX25,SWB,US912828YX25,United States Treasury Notes 1.75% 31-DEC-2026
EUROTLX:US912828Z781,EUROTLX,US912828Z781,United States Treasury Notes 1.5% 31-JAN-2027
FWB:US912828Z94,FWB,US912828Z948,United States Treasury Notes 1.5% 15-FEB-2030
EUROTLX:US912828Z948,EUROTLX,US912828Z948,United States Treasury Notes 1.5% 15-FEB-2030
EUROTLX:US912828ZB95,EUROTLX,US912828ZB95,United States Treasury Notes 1.125% 28-FEB-2027
FWB:US912828ZQ6,FWB,US912828ZQ64,United States Treasury Notes 0.625% 15-MAY-2030
FWB:US91282CAL5,FWB,US91282CAL54,United States Treasury Notes 0.375% 30-SEP-2027
EUROTLX:US91282CAV37,EUROTLX,US91282CAV37,United States Treasury Notes 0.875% 15-NOV-2030
SWB:US91282CCS89,SWB,US91282CCS89,United States Treasury Notes 1.25% 15-AUG-2031
EUROTLX:US91282CCS89,EUROTLX,US91282CCS89,United States Treasury Notes 1.25% 15-AUG-2031
EUROTLX:US91282CCV19,EUROTLX,US91282CCV19,United States Treasury Notes 1.125% 31-AUG-2028
EUROTLX:US91282CDG33,EUROTLX,US91282CDG33,United States Treasury Notes 1.125% 31-OCT-2026
EUROTLX:US91282CDJ71,EUROTLX,US91282CDJ71,United States Treasury Notes 1.375% 15-NOV-2031
EUROTLX:US91282CDK45,EUROTLX,US91282CDK45,United States Treasury Notes 1.25% 30-NOV-2026
EUROTLX:US91282CDY49,EUROTLX,US91282CDY49,United States Treasury Notes 1.875% 15-FEB-2032
EUROTLX:US91282CEM91,EUROTLX,US91282CEM91,United States Treasury Notes 2.875% 30-APR-2029
EUROTLX:US91282CEN74,EUROTLX,US91282CEN74,United States Treasury Notes 2.75% 30-APR-2027
FWB:US91282CEP2,FWB,US91282CEP23,United States Treasury Notes 2.875% 15-MAY-2032
EUROTLX:US91282CEP23,EUROTLX,US91282CEP23,United States Treasury Notes 2.875% 15-MAY-2032
EUROTLX:US91282CET45,EUROTLX,US91282CET45,United States Treasury Notes 2.625% 31-MAY-2027
SWB:US91282CFH97,SWB,US91282CFH97,United States Treasury Notes 3.125% 31-AUG-2027
EUROTLX:US91282CFZ95,EUROTLX,US91282CFZ95,United States Treasury Notes 3.875% 30-NOV-2027
EUROTLX:US91282CGB19,EUROTLX,US91282CGB19,United States Treasury Notes 3.875% 31-DEC-2029
EUROTLX:US91282CGC91,EUROTLX,US91282CGC91,United States Treasury Notes 3.875% 31-DEC-2027
EUROTLX:US91282CGH88,EUROTLX,US91282CGH88,United States Treasury Notes 3.5% 31-JAN-2028
EUROTLX:US91282CGJ45,EUROTLX,US91282CGJ45,United States Treasury Notes 3.5% 31-JAN-2030
EUROTLX:US91282CGM73,EUROTLX,US91282CGM73,United States Treasury Notes 3.5% 15-FEB-2033
EUROTLX:US91282CGP05,EUROTLX,US91282CGP05,United States Treasury Notes 4.0% 29-FEB-2028
EUROTLX:US91282CGQ87,EUROTLX,US91282CGQ87,United States Treasury Notes 4.0% 28-FEB-2030
EUROTLX:US91282CHC82,EUROTLX,US91282CHC82,United States Treasury Notes 3.375% 15-MAY-2033
EUROTLX:US91282CHE49,EUROTLX,US91282CHE49,United States Treasury Notes 3.625% 31-MAY-2028
FWB:US91282CHF1,FWB,US91282CHF14,United States Treasury Notes 3.75% 31-MAY-2030
SWB:US91282CHF14,SWB,US91282CHF14,United States Treasury Notes 3.75% 31-MAY-2030
SWB:US91282CHT18,SWB,US91282CHT18,United States Treasury Notes 3.875% 15-AUG-2033
EUROTLX:US91282CHT18,EUROTLX,US91282CHT18,United States Treasury Notes 3.875% 15-AUG-2033
EUROTLX:US91282CHX20,EUROTLX,US91282CHX20,United States Treasury Notes 4.375% 31-AUG-2028
FWB:US91282CHZ7,FWB,US91282CHZ77,United States Treasury Notes 4.625% 30-SEP-2030
EUROTLX:US91282CJJ18,EUROTLX,US91282CJJ18,United States Treasury Notes 4.5% 15-NOV-2033
EUROTLX:US91282CJQ50,EUROTLX,US91282CJQ50,United States Treasury Notes 3.75% 31-DEC-2030
EUROTLX:US91282CJR34,EUROTLX,US91282CJR34,United States Treasury Notes 3.75% 31-DEC-2028
EUROTLX:US91282CKQ32,EUROTLX,US91282CKQ32,United States Treasury Notes 4.375% 15-MAY-2034
EUROTLX:US91282CKT70,EUROTLX,US91282CKT70,United States Treasury Notes 4.5% 31-MAY-2029
EUROTLX:US91282CKV27,EUROTLX,US91282CKV27,United States Treasury Notes 4.625% 15-JUN-2027
EUROTLX:US91282CLK52,EUROTLX,US91282CLK52,United States Treasury Notes 3.625% 31-AUG-2029
TRADEGATE:US91282CLM1,TRADEGATE,US91282CLM19,United States Treasury Notes 3.625% 30-SEP-2031
EUROTLX:US91282CLW90,EUROTLX,US91282CLW90,United States Treasury Notes 4.25% 15-NOV-2034
TRADEGATE:US91282CMC2,TRADEGATE,US91282CMC28,United States Treasury Notes 4.5% 31-DEC-2031
EUROTLX:US91282CMG32,EUROTLX,US91282CMG32,United States Treasury Notes 4.25% 31-JAN-2030
FWB:US91282CMK4,FWB,US91282CMK44,United States Treasury Notes 4.375% 31-JAN-2032
EUROTLX:US91282CMP31,EUROTLX,US91282CMP31,United States Treasury Notes 4.125% 28-FEB-2027
TRADEGATE:US91282CNC1,TRADEGATE,US91282CNC19,United States Treasury Notes 4.25% 15-MAY-2035
EUROTLX:US91282CNE74,EUROTLX,US91282CNE74,United States Treasury Notes 3.875% 31-MAY-2027
EUROTLX:US91282CNF40,EUROTLX,US91282CNF40,United States Treasury Notes 4.125% 31-MAY-2032
EUROTLX:US91282CNT44,EUROTLX,US91282CNT44,United States Treasury Notes 4.25% 15-AUG-2035
SWB:US91282CPM72,SWB,US91282CPM72,United States Treasury Notes 3.75% 30-NOV-2032
FWB:US91282CPZ8,FWB,US91282CPZ85,United States Treasury Notes 4.125% 15-FEB-2036
EUROTLX:US91282CQH78,EUROTLX,US91282CQH78,United States Treasury Notes 3.875% 31-MAR-2028
EUROTLX:US91282CQL80,EUROTLX,US91282CQL80,United States Treasury Notes 3.75% 30-APR-2028
FWB:US91282CQQ7,FWB,US91282CQQ77,United States Treasury Notes 4.375% 15-MAY-2036
EUROTLX:US91282CQQ77,EUROTLX,US91282CQQ77,United States Treasury Notes 4.375% 15-MAY-2036
SWB:US91282CQQ77,SWB,US91282CQQ77,United States Treasury Notes 4.375% 15-MAY-2036
EUROTLX:US91282CQS34,EUROTLX,US91282CQS34,United States Treasury Notes 4.0% 31-MAY-2028
SWB:US91282CRA17,SWB,US91282CRA17,United States Treasury Notes 4.375% 31-JUL-2031
FWB:US91282CRF0,FWB,US91282CRF04,United States Treasury Notes 4.625% 15-AUG-2036
DUS:US91282CRF0,DUS,US91282CRF04,United States Treasury Notes 4.625% 15-AUG-2036
SWB:US91324PEJ75,SWB,US91324PEJ75,"UnitedHealth Group, Inc. 4.2% 15-MAY-2032"
EUROTLX:US925524AX89,EUROTLX,US925524AX89,Viacom Inc. 6.875% 30-APR-2036
TRADEGATE:US92857WBD1,TRADEGATE,US92857WBD11,Vodafone Group Public Limited Company 4.375% 19-FEB-2043
TRADEGATE:US931142CV3,TRADEGATE,US931142CV30,Walmart Inc. 4.875% 08-JUL-2040
EUROTLX:US984121CB79,EUROTLX,US984121CB79,Xerox Corporation 6.75% 15-DEC-2039
EUROTLX:US984121CL51,EUROTLX,US984121CL51,Xerox Corporation 4.8% 01-MAR-2035
SIX:USF021.USD,SIX,XS2468403428,Julius Baer Group Ltd. 6.875% PERP
SIX:USF097.USD,SIX,USH3698DAR55,UBS Group AG 4.282% 09-JAN-2028
SIX:USF104.USD,SIX,USH4209UAC02,UBS Group Funding (Switzerland) AG 4.253% 23-MAR-2028
SIX:USF114.USD,SIX,USH3698DBM59,Credit Suisse Group AG 3.869% 12-JAN-2029
SIX:USF139.USD,SIX,USH42097AZ05,UBS Group AG 3.126% 13-AUG-2030
SIX:USF161.USD,SIX,USH3698DDH47,Credit Suisse Group AG 3.091% 14-MAY-2032
SIX:USF204.USD,SIX,USH42097CS44,UBS Group AG 4.875% PERP
SIX:USF218.USD,SIX,USH3698DDW14,Credit Suisse Group AG 9.016% 15-NOV-2033
SIX:USF263.USD,SIX,USH42097FT99,UBS Group AG 4.588% 10-AUG-2032
FWB:USP17625AC1,FWB,USP17625AC16,Government of Venezuela 12.75% 23-AUG-2022
MUN:USP37213AH1,MUN,USP37213AH17,Empresa Distribuidora de Electricidad de Mendoza Sociedad Anonima 9.75% 11-JUN-2033
FWB:USP91528AA0,FWB,USP91528AA03,Province of Tierra del Fuego 8.95% 21-JAN-2030
EUROTLX:USP989MJBL47,EUROTLX,USP989MJBL47,YPF SA 6.95% 21-JUL-2027
SIX:VAB419,SIX,CH0461239029,Valiant Bank AG 0.125% 04-DEC-2034
EURONEXT:VDMOC,EURONEXT,FR0014003UV2,Voyageurs du Monde SA 3.0% 09-JUL-2028
EURONEXT:VEBK22_PRO,EURONEXT,NO0011151151,Verd Boligkreditt AS FRN 12-OCT-2026
EURONEXT:VEBK23_PRO,EURONEXT,NO0012548900,Verd Boligkreditt AS FRN 13-APR-2027
EURONEXT:VEBK26_PRO,EURONEXT,NO0012832791,Verd Boligkreditt AS FRN 07-FEB-2028
EURONEXT:VEBK30_PRO,EURONEXT,NO0013329276,Verd Boligkreditt AS FRN 28-SEP-2029
EURONEXT:VEBK31_PRO,EURONEXT,NO0013710665,Verd Boligkreditt AS FRN 12-DEC-2030
SIX:VER21,SIX,CH1105672658,Verizon Communications Inc. 0.1925% 24-MAR-2028
SWB:VEZA,SWB,USP17625AD98,Government of Venezuela 11.95% 05-AUG-2031
GETTEX:VEZC,GETTEX,USP17625AA59,Government of Venezuela 9.0% 07-MAY-2023
SWB:VEZE,SWB,US922646AS37,Government of Venezuela 9.25% 15-SEP-2027
FWB:VEZE,FWB,US922646AS37,Government of Venezuela 9.25% 15-SEP-2027
SWB:VEZF,SWB,US922646BL74,Government of Venezuela 9.375% 13-JAN-2034
GETTEX:VEZL,GETTEX,USP17625AE71,Government of Venezuela 11.75% 21-OCT-2026
FWB:VEZM,FWB,USP97475AG56,Government of Venezuela 6.0% 09-DEC-2020
GETTEX:VEZM,GETTEX,USP97475AG56,Government of Venezuela 6.0% 09-DEC-2020
FWB:VEZN,FWB,USP97475AN08,Government of Venezuela 7.75% 13-OCT-2019
MUN:VEZN,MUN,USP97475AN08,Government of Venezuela 7.75% 13-OCT-2019
EURONEXT:VGFI03_PRO,EURONEXT,NO0011112880,Vegfinans Innlandet AS FRN 28-SEP-2028
EURONEXT:VGFI08_PRO,EURONEXT,NO0013225706,Vegfinans Innlandet AS FRN 08-MAY-2028
EURONEXT:VGFI11_PRO,EURONEXT,NO0013633776,Vegfinans Innlandet AS FRN 20-AUG-2030
EURONEXT:VGFT06_PRO,EURONEXT,NO0013698530,Vegfinans Vestfold og Telemark AS FRN 03-MAR-2031
EURONEXT:VGFV06_PRO_ESG,EURONEXT,NO0013188086,Vegfinans Viken AS FRN 27-MAR-2028
SIX:VGV12,SIX,CH0199419992,City of Geneva (Switzerland) 1.375% 19-NOV-2029
SIX:VIS23,SIX,CH1290222467,Viseca Payment Services AG 2.25% 27-OCT-2026
SIX:VLH21,SIX,CH0525158462,Hypo Vorarlberg Bank AG 0.125% 27-MAR-2030
SIX:VLH232,SIX,CH1314941381,Hypo Vorarlberg Bank AG 2.125% 23-JUL-2027
SIX:VNA24,SIX,CH1321481546,Vonovia SE 2.565% 14-FEB-2029
SIX:VON26,SIX,CH1224630231,Bank Vontobel AG 1.06% 12-MAR-2032
SIX:VW24,SIX,CH1322499612,Volkswagen Financial Services NV 2.2075% 12-FEB-2027
TRADEGATE:VWLB,TRADEGATE,XS2282095970,Volkswagen Leasing GmbH 0.5% 12-JAN-2029
DUS:VWLB,DUS,XS2282095970,Volkswagen Leasing GmbH 0.5% 12-JAN-2029
SIX:WKB24,SIX,CH1361401867,Walliser Kantonalbank 1.2% 03-SEP-2036
SWB:WLJ1,SWB,DE000NWB17W8,NRW.BANK 0.5% 07-JUN-2027
EUROTLX:XS0076085603,EUROTLX,XS0076085603,Deutsche Finance Netherlands BV 0.0% 27-MAY-2027
SWB:XS0078528352,SWB,XS0078528352,Eskom Holdings SOC Ltd 0.0% 18-AUG-2027
SWB:XS0095884424,SWB,XS0095884424,Transnet SOC Ltd 10.0% 30-MAR-2029
EUROTLX:XS0161100515,EUROTLX,XS0161100515,Olivetti Finance NV 7.75% 24-JAN-2033
EUROTLX:XS0161488498,EUROTLX,XS0161488498,Deutsche Telekom International Finance BV 7.5% 24-JAN-2033
EUROTLX:XS0162869076,EUROTLX,XS0162869076,Telefonica Europe BV 5.875% 14-FEB-2033
EURONEXT:XS0202197694,EURONEXT,XS0202197694,Banco Santander SA (8 % max.) Perpetual Guaranteed Preferred Securities 2004-Without Fixed Maturity Variable Rate Series 2 Senior
EUROTLX:XS0209139244,EUROTLX,XS0209139244,Government of Argentina 0.0% 15-DEC-2035
EURONEXT:XS0209792166,EURONEXT,XS0209792166,ASN Bank N.V. 3.0% 26-JAN-2035
EURONEXT:XS0210781828,EURONEXT,XS0210781828,NIBC Bank N.V. 2.85% 21-FEB-2040
EURONEXT:XS0211284491,EURONEXT,XS0211284491,Cooperatieve Rabobank U.A. 2.076% 28-FEB-2035
EURONEXT:XS0224480722,EURONEXT,XS0224480722,European Investment Bank 1.372% 17-AUG-2030
SWB:XS0295479983,SWB,XS0295479983,European Investment Bank 4.5% 07-MAR-2044
EUROTLX:XS0452187320,EUROTLX,XS0452187320,Enel Finance International NV 5.75% 14-SEP-2040
EUROTLX:XS0459891866,EUROTLX,XS0459891866,Deutsche Bank Aktiengesellschaft 0.0% 05-NOV-2027
EUROTLX:XS0460021990,EUROTLX,XS0460021990,Deutsche Bank Aktiengesellschaft 27-FEB-2028
SWB:XS0460088718,SWB,XS0460088718,Deutsche Bank Aktiengesellschaft 4.65% 22-MAR-2027
EUROTLX:XS0461359464,EUROTLX,XS0461359464,Deutsche Bank AG London 0.0% 01-MAR-2028
EUROTLX:XS0461569278,EUROTLX,XS0461569278,Deutsche Bank Aktiengesellschaft 3.63% 12-APR-2030
EUROTLX:XS0461641309,EUROTLX,XS0461641309,Deutsche Bank Aktiengesellschaft 3.23% 12-JUL-2030
EUROTLX:XS0501195993,EUROTLX,XS0501195993,Government of Argentina 3.38% 31-DEC-2038
EUROTLX:XS0505478684,EUROTLX,XS0505478684,Government of Egypt 6.875% 30-APR-2040
SWB:XS0875797515,SWB,XS0875797515,Deutsche Telekom International Finance BV 3.25% 17-JAN-2028
EUROTLX:XS1167667283,EUROTLX,XS1167667283,Volkswagen International Finance NV 1.625% 16-JAN-2030
SWB:XS1167667283,SWB,XS1167667283,Volkswagen International Finance NV 1.625% 16-JAN-2030
TRADEGATE:XS120654136,TRADEGATE,XS1206541366,Volkswagen International Finance NV 3.5% PERP
SWB:XS1206541366,SWB,XS1206541366,Volkswagen International Finance NV 3.5% PERP
EUROTLX:XS1273452877,EUROTLX,XS1273452877,Citigroup Inc. 1.75% 18-JUN-2028
SWB:XS1316420089,SWB,XS1316420089,Deutsche Bahn Finance GmbH 1.625% 06-NOV-2030
EUROTLX:XS1362373224,EUROTLX,XS1362373224,"Goldman Sachs Group, Inc. 3.0% 12-FEB-2031"
SWB:XS1380334224,SWB,XS1380334224,Berkshire Hathaway Inc. 2.15% 15-MAR-2028
EUROTLX:XS1382791975,EUROTLX,XS1382791975,Deutsche Telekom International Finance BV 1.5% 03-APR-2028
EUROTLX:XS1412711217,EUROTLX,XS1412711217,Eni SpA 1.625% 17-MAY-2028
TRADEGATE:XS142035731,TRADEGATE,XS1420357318,Government of Romania 2.875% 26-MAY-2028
FWB:XS142035731,FWB,XS1420357318,Government of Romania 2.875% 26-MAY-2028
TRADEGATE:XS14857966,TRADEGATE,XS0148579666,E.ON International Finance BV 6.375% 07-JUN-2032
MUN:XS148798338,MUN,XS1487983386,African Development Bank 0.0% 09-SEP-2036
FWB:XS150136792,FWB,XS1501367921,Lanxess AG 1.0% 07-OCT-2026
EUROTLX:XS1508450688,EUROTLX,XS1508450688,UniCredit S.p.A. 2.125% 24-OCT-2026
EURONEXT:XS1550988643,EURONEXT,XS1550988643,NN Group N.V. 4.625% 13-JAN-2048
SWB:XS1586230481,SWB,XS1586230481,Government of Lebanon 7.0% 23-MAR-2032
SWB:XS1588672144,SWB,XS1588672144,European Investment Bank 6.5% 07-JUL-2027
FWB:XS160536853,FWB,XS1605368536,European Investment Bank 8.0% 05-MAY-2027
EUROTLX:XS1610690197,EUROTLX,XS1610690197,"Goldman Sachs Group, Inc. 2.381% 31-AUG-2028"
EUROTLX:XS1610698844,EUROTLX,XS1610698844,"Goldman Sachs Group, Inc. 2.486% 21-JUN-2028"
FWB:XS161641111,FWB,XS1616411119,E.ON SE 1.625% 22-MAY-2029
EURONEXT:XS1623355457,EURONEXT,XS1623355457,NN Group N.V. 1.625% 01-JUN-2027
SWB:XS1626600040,SWB,XS1626600040,Deutsche Bahn Finance GmbH 1.5% 08-DEC-2032
EUROTLX:XS1628401421,EUROTLX,XS1628401421,Deutsche Bank AG London 3.103% 30-APR-2028
TRADEGATE:XS162938746,TRADEGATE,XS1629387462,Heidelberg Materials Finance Luxembourg SA 1.5% 14-JUN-2027
FWB:XS169381852,FWB,XS1693818525,TotalEnergies Capital International SA 1.375% 04-OCT-2029
SWB:XS1696445516,SWB,XS1696445516,Government of Hungary 1.75% 10-OCT-2027
TRADEGATE:XS170272927,TRADEGATE,XS1702729275,E.ON International Finance BV 1.25% 19-OCT-2027
SWB:XS1702729275,SWB,XS1702729275,E.ON International Finance BV 1.25% 19-OCT-2027
EUROTLX:XS1706922256,EUROTLX,XS1706922256,Esselunga Spa 1.875% 25-OCT-2027
EUROTLX:XS1709374497,EUROTLX,XS1709374497,2i Rete Gas S.p.A. 1.608% 31-OCT-2027
EUROTLX:XS1718418103,EUROTLX,XS1718418103,BASF SE 0.875% 15-NOV-2027
TRADEGATE:XS173468962,TRADEGATE,XS1734689620,OMV Aktiengesellschaft 1.0% 14-DEC-2026
SWB:XS1748803282,SWB,XS1748803282,International Finance Corp. 7.5% 18-JAN-2028
SWB:XS1752475720,SWB,XS1752475720,Deutsche Bahn Finance GmbH 1.0% 17-DEC-2027
EUROTLX:XS1785340172,EUROTLX,XS1785340172,Intesa Sanpaolo SpA 1.75% 20-MAR-2028
SWB:XS1790104530,SWB,XS1790104530,Government of Senegal 4.75% 13-MAR-2028
SWB:XS1791485011,SWB,XS1791485011,European Investment Bank 0.875% 14-JAN-2028
SWB:XS1796209010,SWB,XS1796209010,"Goldman Sachs Group, Inc. 2.0% 22-MAR-2028"
TRADEGATE:XS182350257,TRADEGATE,XS1823502577,BASF SE 1.5% 22-MAY-2030
FWB:XS186120663,FWB,XS1861206636,"Goldman Sachs Group, Inc. 2.0% 01-NOV-2028"
SWB:XS1861206636,SWB,XS1861206636,"Goldman Sachs Group, Inc. 2.0% 01-NOV-2028"
FWB:XS188560881,FWB,XS1885608817,Deutsche Bahn Finance GmbH 1.375% 28-MAR-2031
TRADEGATE:XS189214162,TRADEGATE,XS1892141620,Government of Romania 2.875% 11-MAR-2029
FWB:XS189222157,FWB,XS1892221570,African Development Bank 0.0% 11-OCT-2028
MUN:XS189222157,MUN,XS1892221570,African Development Bank 0.0% 11-OCT-2028
SWB:XS1901055472,SWB,XS1901055472,EnBW International Finance BV 1.875% 31-OCT-2033
TRADEGATE:XS193486754,TRADEGATE,XS1934867547,Government of Romania 2.0% 08-DEC-2026
FWB:XS193610048,FWB,XS1936100483,Government of Israel 1.5% 16-JAN-2029
TRADEGATE:XS193620841,TRADEGATE,XS1936208419,Fresenius SE & Co. KGaA 2.875% 15-FEB-2029
FWB:XS193620841,FWB,XS1936208419,Fresenius SE & Co. KGaA 2.875% 15-FEB-2029
SWB:XS1942622215,SWB,XS1942622215,European Investment Bank 1.25% 12-NOV-2029
TRADEGATE:XS195518785,TRADEGATE,XS1955187858,Siemens Financieringsmaatschappij NV 1.25% 28-FEB-2031
TRADEGATE:XS195518793,TRADEGATE,XS1955187932,Siemens Financieringsmaatschappij NV 1.75% 28-FEB-2039
TRADEGATE:XS197254769,TRADEGATE,XS1972547696,Volkswagen Financial Services Overseas AG 2.25% 01-OCT-2027
SWB:XS1972547696,SWB,XS1972547696,Volkswagen Financial Services Overseas AG 2.25% 01-OCT-2027
FWB:XS201863732,FWB,XS2018637327,Heidelberg Materials Finance Luxembourg SA 1.125% 01-DEC-2027
TRADEGATE:XS201863732,TRADEGATE,XS2018637327,Heidelberg Materials Finance Luxembourg SA 1.125% 01-DEC-2027
SWB:XS2018637327,SWB,XS2018637327,Heidelberg Materials Finance Luxembourg SA 1.125% 01-DEC-2027
EUROTLX:XS2018637327,EUROTLX,XS2018637327,Heidelberg Materials Finance Luxembourg SA 1.125% 01-DEC-2027
SWB:XS2021173922,SWB,XS2021173922,Landwirtschaftliche Rentenbank 0.05% 18-DEC-2029
TRADEGATE:XS202471579,TRADEGATE,XS2024715794,Deutsche Telekom AG 0.5% 05-JUL-2027
SWB:XS2024715794,SWB,XS2024715794,Deutsche Telekom AG 0.5% 05-JUL-2027
FWB:XS202471609,FWB,XS2024716099,Deutsche Telekom AG 1.375% 05-JUL-2034
EUROTLX:XS2031926731,EUROTLX,XS2031926731,Banca Monte dei Paschi di Siena S.p.A. 10.5% 23-JUL-2029
FWB:XS204747946,FWB,XS2047479469,HELLA GmbH & Co. KGaA 0.5% 26-JAN-2027
FWB:XS204750092,FWB,XS2047500926,E.ON SE 0.35% 28-FEB-2030
SWB:XS2049616621,SWB,XS2049616621,Siemens Financieringsmaatschappij NV 0.125% 05-SEP-2029
EUROTLX:XS2049616621,EUROTLX,XS2049616621,Siemens Financieringsmaatschappij NV 0.125% 05-SEP-2029
EUROTLX:XS2055728054,EUROTLX,XS2055728054,BMW Finance NV 0.375% 24-SEP-2027
EUROTLX:XS2081018629,EUROTLX,XS2081018629,Intesa Sanpaolo SpA 1.0% 19-NOV-2026
FWB:XS208449770,FWB,XS2084497705,Fresenius Medical Care AG 0.625% 30-NOV-2026
SWB:XS2084497705,SWB,XS2084497705,Fresenius Medical Care AG 0.625% 30-NOV-2026
SWB:XS2089226026,SWB,XS2089226026,Deutsche Telekom AG 1.75% 09-DEC-2049
FWB:XS210135707,FWB,XS2101357072,Fresenius SE & Co. KGaA 0.75% 15-JAN-2028
TRADEGATE:XS210135707,TRADEGATE,XS2101357072,Fresenius SE & Co. KGaA 0.75% 15-JAN-2028
TRADEGATE:XS210235710,TRADEGATE,XS2102357105,BMW Finance NV 0.875% 14-JAN-2032
SWB:XS2102357105,SWB,XS2102357105,BMW Finance NV 0.875% 14-JAN-2032
EUROTLX:XS2103014291,EUROTLX,XS2103014291,E.ON SE 0.375% 29-SEP-2027
EUROTLX:XS2104886341,EUROTLX,XS2104886341,Government of Mexico 1.125% 17-JAN-2030
HAM:XS210733264,HAM,XS2107332640,"Goldman Sachs Group, Inc. 0.875% 21-JAN-2030"
FWB:XS210733264,FWB,XS2107332640,"Goldman Sachs Group, Inc. 0.875% 21-JAN-2030"
TRADEGATE:XS210733264,TRADEGATE,XS2107332640,"Goldman Sachs Group, Inc. 0.875% 21-JAN-2030"
EUROTLX:XS2107332640,EUROTLX,XS2107332640,"Goldman Sachs Group, Inc. 0.875% 21-JAN-2030"
SWB:XS2109812508,SWB,XS2109812508,Government of Romania 2.0% 28-JAN-2032
FWB:XS210981314,FWB,XS2109813142,Government of Romania 3.375% 28-JAN-2050
EUROTLX:XS2110105769,EUROTLX,XS2110105769,Citigroup Inc. 3.02% 08-FEB-2027
EUROTLX:XS2110114324,EUROTLX,XS2110114324,Citigroup Inc. 3.25% 23-FEB-2028
SWB:XS2122895159,SWB,XS2122895159,Asian Development Bank 6.15% 25-FEB-2030
TRADEGATE:XS214839075,TRADEGATE,XS2148390755,Nestle Finance International Ltd. 1.5% 01-APR-2030
FWB:XS215206190,FWB,XS2152061904,Volkswagen Financial Services Overseas AG 3.375% 06-APR-2028
EUROTLX:XS2152061904,EUROTLX,XS2152061904,Volkswagen Financial Services Overseas AG 3.375% 06-APR-2028
SWB:XS2152061904,SWB,XS2152061904,Volkswagen Financial Services Overseas AG 3.375% 06-APR-2028
SWB:XS2152329053,SWB,XS2152329053,Fresenius SE & Co. KGaA 1.625% 08-OCT-2027
FWB:XS217036291,FWB,XS2170362912,Nestle Finance International Ltd. 0.375% 12-MAY-2032
FWB:XS217653479,FWB,XS2176534795,Wurth Finance International BV 0.75% 22-NOV-2027
TRADEGATE:XS217653479,TRADEGATE,XS2176534795,Wurth Finance International BV 0.75% 22-NOV-2027
SWB:XS2176534795,SWB,XS2176534795,Wurth Finance International BV 0.75% 22-NOV-2027
FWB:XS217736366,FWB,XS2177363665,Government of Argentina 0.125% 09-JUL-2030
EUROTLX:XS2177363665,EUROTLX,XS2177363665,Government of Argentina 0.125% 09-JUL-2030
SWB:XS2177363665,SWB,XS2177363665,Government of Argentina 0.125% 09-JUL-2030
EUROTLX:XS2177365017,EUROTLX,XS2177365017,Government of Argentina 4.25% 09-JAN-2038
SWB:XS2177365017,SWB,XS2177365017,Government of Argentina 4.25% 09-JAN-2038
EUROTLX:XS2177365363,EUROTLX,XS2177365363,Government of Argentina 3.0% 09-JUL-2041
FWB:XS218168965,FWB,XS2181689659,Government of Hungary 1.75% 05-JUN-2035
SWB:XS2194790262,SWB,XS2194790262,European Investment Bank 0.01% 15-NOV-2035
HAM:XS219509642,HAM,XS2195096420,Symrise AG 1.375% 01-JUL-2027
FWB:XS219509642,FWB,XS2195096420,Symrise AG 1.375% 01-JUL-2027
TRADEGATE:XS219509642,TRADEGATE,XS2195096420,Symrise AG 1.375% 01-JUL-2027
SWB:XS2195096420,SWB,XS2195096420,Symrise AG 1.375% 01-JUL-2027
HAM:XS219887914,HAM,XS2198879145,Fraport AG Frankfurt Airport Services Worldwide 2.125% 09-JUL-2027
TRADEGATE:XS219887914,TRADEGATE,XS2198879145,Fraport AG Frankfurt Airport Services Worldwide 2.125% 09-JUL-2027
SWB:XS2198879145,SWB,XS2198879145,Fraport AG Frankfurt Airport Services Worldwide 2.125% 09-JUL-2027
FWB:XS220024407,FWB,XS2200244072,Government of Argentina 0.5% 09-JUL-2029
TRADEGATE:XS220024407,TRADEGATE,XS2200244072,Government of Argentina 0.5% 09-JUL-2029
EUROTLX:XS2200244072,EUROTLX,XS2200244072,Government of Argentina 0.5% 09-JUL-2029
SWB:XS2209794408,SWB,XS2209794408,KfW 0.0% 15-SEP-2028
SWB:XS2210006339,SWB,XS2210006339,Government of Lithuania 0.5% 28-JUL-2050
FWB:XS222542880,FWB,XS2225428809,European Investment Bank 0.0% 09-SEP-2030
SWB:XS2242728041,SWB,XS2242728041,EnBW International Finance BV 0.25% 19-OCT-2030
EUROTLX:XS2249600771,EUROTLX,XS2249600771,UnipolSai Assicurazioni S.p.A. 6.375% PERP
EUROTLX:XS2282095970,EUROTLX,XS2282095970,Volkswagen Leasing GmbH 0.5% 12-JAN-2029
FWB:XS22826557,FWB,XS0228265574,Cooperatieve Rabobank U.A. 4.55% 30-AUG-2029
FWB:XS228642207,FWB,XS2286422071,Council of Europe Development Bank 0.0% 20-JAN-2031
EUROTLX:XS2292954893,EUROTLX,XS2292954893,"Goldman Sachs Group, Inc. 0.25% 26-JAN-2028"
SWB:XS2292954893,SWB,XS2292954893,"Goldman Sachs Group, Inc. 0.25% 26-JAN-2028"
SWB:XS2298601514,SWB,XS2298601514,European Investment Bank 4.5% 16-FEB-2028
EUROTLX:XS2299521026,EUROTLX,XS2299521026,BNP Paribas Issuance B.V. 2.459% 31-JAN-2027
EUROTLX:XS2299521299,EUROTLX,XS2299521299,BNP Paribas Issuance B.V. FRN 31-JAN-2027
SWB:XS2306988564,SWB,XS2306988564,EnBW International Finance BV 0.5% 01-MAR-2033
EUROTLX:XS2308197693,EUROTLX,XS2308197693,Government of Saudi Arabia 0.625% 03-MAR-2030
EUROTLX:XS2316244065,EUROTLX,XS2316244065,Credit Agricole CIB Financial Solutions SA 03-JAN-2031
EUROTLX:XS2322452637,EUROTLX,XS2322452637,Intesa Sanpaolo SpA 2.25% 29-MAR-2028
TRADEGATE:XS232472464,TRADEGATE,XS2324724645,Fraport AG Frankfurt Airport Services Worldwide 1.875% 31-MAR-2028
SWB:XS2324724645,SWB,XS2324724645,Fraport AG Frankfurt Airport Services Worldwide 1.875% 31-MAR-2028
EUROTLX:XS2325733413,EUROTLX,XS2325733413,Stellantis N.V. 0.625% 30-MAR-2027
SWB:XS2327420977,SWB,XS2327420977,E.ON SE 0.6% 01-OCT-2032
SWB:XS2331327564,SWB,XS2331327564,KfW 0.0% 15-JUN-2029
FWB:XS233297976,FWB,XS2332979769,Asian Development Bank 0.75% 07-DEC-2027
FWB:XS233411477,FWB,XS2334114779,International Development Association 0.35% 22-APR-2036
FWB:XS234353837,FWB,XS2343538372,European Investment Bank 0.0% 28-SEP-2028
EUROTLX:XS2343822503,EUROTLX,XS2343822503,Volkswagen Leasing GmbH 0.625% 19-JUL-2029
FWB:XS235063247,FWB,XS2350632472,Nestle Finance International Ltd. 0.25% 14-JUN-2029
EUROTLX:XS2361258317,EUROTLX,XS2361258317,illimity Bank S.p.A. 4.375% 07-OCT-2031
EUROTLX:XS2374594823,EUROTLX,XS2374594823,Volkswagen Financial Services Overseas AG 0.375% 12-FEB-2030
TRADEGATE:XS237459504,TRADEGATE,XS2374595044,Volkswagen Financial Services Overseas AG 0.125% 12-FEB-2027
SWB:XS2383886947,SWB,XS2383886947,Lanxess AG 0.0% 08-SEP-2027
SWB:XS2389353181,SWB,XS2389353181,"Goldman Sachs Group, Inc. FRN 23-SEP-2027"
SWB:XS2391850703,SWB,XS2391850703,European Investment Bank 8.0% 30-SEP-2026
EUROTLX:XS2397352662,EUROTLX,XS2397352662,Iccrea Banca S.p.A. 4.75% 18-JAN-2032
EUROTLX:XS2400296773,EUROTLX,XS2400296773,FNM S.p.A. 0.75% 20-OCT-2026
FWB:XS241204456,FWB,XS2412044567,RWE AG 0.5% 26-NOV-2028
TRADEGATE:XS241204456,TRADEGATE,XS2412044567,RWE AG 0.5% 26-NOV-2028
SWB:XS2412044567,SWB,XS2412044567,RWE AG 0.5% 26-NOV-2028
EUROTLX:XS2412044567,EUROTLX,XS2412044567,RWE AG 0.5% 26-NOV-2028
TRADEGATE:XS241204464,TRADEGATE,XS2412044641,RWE AG 1.0% 26-NOV-2033
SWB:XS2412044641,SWB,XS2412044641,RWE AG 1.0% 26-NOV-2033
EUROTLX:XS2428618685,EUROTLX,XS2428618685,BNP Paribas Issuance B.V. FRN 30-SEP-2026
EUROTLX:XS2438616240,EUROTLX,XS2438616240,Volkswagen Financial Services Overseas AG 0.875% 31-JAN-2028
SWB:XS2438631710,SWB,XS2438631710,European Bank for Reconstruction & Development 0.0% 02-FEB-2032
EUROTLX:XS2440511975,EUROTLX,XS2440511975,BNP Paribas Issuance B.V. FRN 31-OCT-2026
SWB:XS2441552192,SWB,XS2441552192,"Goldman Sachs Group, Inc. 1.25% 07-FEB-2029"
EUROTLX:XS2444704758,EUROTLX,XS2444704758,Intesa Sanpaolo SpA 2.8% 21-FEB-2027
EUROTLX:XS2447564332,EUROTLX,XS2447564332,BMW Finance NV 1.0% 22-MAY-2028
SWB:XS2462321303,SWB,XS2462321303,Nestle Finance International Ltd. 1.25% 29-MAR-2031
FWB:XS246232148,FWB,XS2462321485,Nestle Finance International Ltd. 1.5% 29-MAR-2035
MUN:XS246351899,MUN,XS2463518998,E.ON SE 1.625% 29-MAR-2031
FWB:XS248051566,FWB,XS2480515662,Wurth Finance International BV 2.125% 23-AUG-2030
TRADEGATE:XS248051566,TRADEGATE,XS2480515662,Wurth Finance International BV 2.125% 23-AUG-2030
SWB:XS2480515662,SWB,XS2480515662,Wurth Finance International BV 2.125% 23-AUG-2030
FWB:XS248287225,FWB,XS2482872251,Fresenius SE & Co. KGaA 2.875% 24-MAY-2030
SWB:XS2482872251,SWB,XS2482872251,Fresenius SE & Co. KGaA 2.875% 24-MAY-2030
TRADEGATE:XS248288787,TRADEGATE,XS2482887879,RWE AG 2.75% 24-MAY-2030
SWB:XS2482887879,SWB,XS2482887879,RWE AG 2.75% 24-MAY-2030
SWB:XS2483047317,SWB,XS2483047317,Credit Agricole CIB Financial Solutions SA 3.25% 02-MAY-2027
TRADEGATE:XS248432799,TRADEGATE,XS2484327999,Deutsche Bahn Finance GmbH 1.875% 24-MAY-2030
SWB:XS2498154207,SWB,XS2498154207,KfW 2.0% 15-NOV-2029
EUROTLX:XS2499011059,EUROTLX,XS2499011059,UniCredit S.p.A. 3.25% 27-JUL-2027
EUROTLX:XS2521882071,EUROTLX,XS2521882071,"Goldman Sachs Group, Inc. FRN 09-NOV-2026"
TRADEGATE:XS252682899,TRADEGATE,XS2526828996,E.ON SE 2.875% 26-AUG-2028
SWB:XS2526828996,SWB,XS2526828996,E.ON SE 2.875% 26-AUG-2028
TRADEGATE:XS253044462,TRADEGATE,XS2530444624,Fresenius Medical Care AG 3.875% 20-SEP-2027
SWB:XS2530444624,SWB,XS2530444624,Fresenius Medical Care AG 3.875% 20-SEP-2027
EUROTLX:XS2533094400,EUROTLX,XS2533094400,Mediobanca Banca di Credito Finanziario S.p.A 3.4% 21-OCT-2026
SWB:XS2534891978,SWB,XS2534891978,Knorr-Bremse AG 3.25% 21-SEP-2027
FWB:XS253535296,FWB,XS2535352962,European Investment Bank 2.25% 15-MAR-2030
SWB:XS2535352962,SWB,XS2535352962,European Investment Bank 2.25% 15-MAR-2030
TRADEGATE:XS253650222,TRADEGATE,XS2536502227,"Goldman Sachs Group, Inc. 4.0% 21-SEP-2029"
FWB:XS253650222,FWB,XS2536502227,"Goldman Sachs Group, Inc. 4.0% 21-SEP-2029"
SWB:XS2536502227,SWB,XS2536502227,"Goldman Sachs Group, Inc. 4.0% 21-SEP-2029"
TRADEGATE:XS253844159,TRADEGATE,XS2538441598,Government of Romania 6.625% 27-SEP-2029
SWB:XS2538441598,SWB,XS2538441598,Government of Romania 6.625% 27-SEP-2029
FWB:XS254139475,FWB,XS2541394750,Deutsche Bahn Finance GmbH 3.875% 13-OCT-2042
TRADEGATE:XS254139475,TRADEGATE,XS2541394750,Deutsche Bahn Finance GmbH 3.875% 13-OCT-2042
EUROTLX:XS2541433590,EUROTLX,XS2541433590,UniCredit S.p.A. 4.15% 26-APR-2027
SWB:XS2552878857,SWB,XS2552878857,European Investment Bank 3.75% 09-MAY-2028
FWB:XS255519646,FWB,XS2555196463,Nestle Finance International Ltd. 3.0% 15-MAR-2028
SWB:XS2555196463,SWB,XS2555196463,Nestle Finance International Ltd. 3.0% 15-MAR-2028
SWB:XS2555198089,SWB,XS2555198089,Nestle Finance International Ltd. 3.25% 15-JAN-2031
MUN:XS255839527,MUN,XS2558395278,EnBW International Finance BV 4.049% 22-NOV-2029
SWB:XS2558395351,SWB,XS2558395351,EnBW International Finance BV 3.625% 22-NOV-2026
TRADEGATE:XS255897241,TRADEGATE,XS2558972415,Continental AG 3.625% 30-NOV-2027
SWB:XS2558972415,SWB,XS2558972415,Continental AG 3.625% 30-NOV-2027
EUROTLX:XS2567535377,EUROTLX,XS2567535377,"Goldman Sachs Group, Inc. 2.373% 12-JUN-2032"
FWB:XS257438279,FWB,XS2574382797,European Investment Bank 9.25% 13-JAN-2033
SWB:XS2574382797,SWB,XS2574382797,European Investment Bank 9.25% 13-JAN-2033
FWB:XS257438864,FWB,XS2574388646,European Investment Bank 2.875% 12-JAN-2033
EUROTLX:XS2574873183,EUROTLX,XS2574873183,E.ON SE 3.875% 12-JAN-2035
SWB:XS2574873183,SWB,XS2574873183,E.ON SE 3.875% 12-JAN-2035
TRADEGATE:XS257487326,TRADEGATE,XS2574873266,E.ON SE 3.5% 12-JAN-2028
TRADEGATE:XS257787478,TRADEGATE,XS2577874782,Heidelberg Materials AG 3.75% 31-MAY-2032
SWB:XS2577874782,SWB,XS2577874782,Heidelberg Materials AG 3.75% 31-MAY-2032
EUROTLX:XS2577874782,EUROTLX,XS2577874782,Heidelberg Materials AG 3.75% 31-MAY-2032
TRADEGATE:XS257929353,TRADEGATE,XS2579293536,EnBW International Finance BV 4.0% 24-JAN-2035
FWB:XS257929353,FWB,XS2579293536,EnBW International Finance BV 4.0% 24-JAN-2035
SWB:XS2579293536,SWB,XS2579293536,EnBW International Finance BV 4.0% 24-JAN-2035
TRADEGATE:XS257929361,TRADEGATE,XS2579293619,EnBW International Finance BV 3.5% 24-JUL-2028
SWB:XS2579293619,SWB,XS2579293619,EnBW International Finance BV 3.5% 24-JUL-2028
EUROTLX:XS2582098187,EUROTLX,XS2582098187,Mediobanca Banca di Credito Finanziario S.p.A 2.508% 15-FEB-2028
SWB:XS2582194143,SWB,XS2582194143,International Finance Corp. 10.0% 03-FEB-2027
TRADEGATE:XS258468503,TRADEGATE,XS2584685031,RWE AG 3.625% 13-FEB-2029
MUN:XS258468503,MUN,XS2584685031,RWE AG 3.625% 13-FEB-2029
SWB:XS2584685031,SWB,XS2584685031,RWE AG 3.625% 13-FEB-2029
TRADEGATE:XS258468538,TRADEGATE,XS2584685387,RWE AG 4.125% 13-FEB-2035
MUN:XS258468538,MUN,XS2584685387,RWE AG 4.125% 13-FEB-2035
SWB:XS2584685387,SWB,XS2584685387,RWE AG 4.125% 13-FEB-2035
SWB:XS2586778115,SWB,XS2586778115,International Finance Corp. 10.75% 15-FEB-2028
TRADEGATE:XS258694414,TRADEGATE,XS2586944147,Government of Poland 4.25% 14-FEB-2043
SWB:XS2593105393,SWB,XS2593105393,AstraZeneca PLC 3.625% 03-MAR-2027
TRADEGATE:XS259541077,TRADEGATE,XS2595410775,Nestle Finance International Ltd. 3.5% 13-DEC-2027
FWB:XS259541077,FWB,XS2595410775,Nestle Finance International Ltd. 3.5% 13-DEC-2027
SWB:XS2595410775,SWB,XS2595410775,Nestle Finance International Ltd. 3.5% 13-DEC-2027
FWB:XS259541263,FWB,XS2595412631,Nestle Finance International Ltd. 3.75% 13-MAR-2033
EUROTLX:XS2605008304,EUROTLX,XS2605008304,BNP Paribas Issuance B.V. 3.1% 31-OCT-2027
TRADEGATE:XS261594021,TRADEGATE,XS2615940215,Porsche Automobil Holding SE 4.5% 27-SEP-2028
FWB:XS261594021,FWB,XS2615940215,Porsche Automobil Holding SE 4.5% 27-SEP-2028
SWB:XS2615940215,SWB,XS2615940215,Porsche Automobil Holding SE 4.5% 27-SEP-2028
FWB:XS262401707,FWB,XS2624017070,Deutsche Bahn Finance GmbH 3.25% 19-MAY-2033
SWB:XS2625968347,SWB,XS2625968347,BMW Finance NV 3.25% 22-JUL-2030
FWB:XS262596869,FWB,XS2625968693,BMW Finance NV 3.25% 22-NOV-2026
SWB:XS2625968693,SWB,XS2625968693,BMW Finance NV 3.25% 22-NOV-2026
MUN:XS262602486,MUN,XS2626024868,European Investment Bank 2.75% 30-JUL-2030
FWB:XS262628876,FWB,XS2626288760,KfW 2.75% 15-MAY-2030
TRADEGATE:XS262628876,TRADEGATE,XS2626288760,KfW 2.75% 15-MAY-2030
SWB:XS2626288760,SWB,XS2626288760,KfW 2.75% 15-MAY-2030
TRADEGATE:XS263011171,TRADEGATE,XS2630111719,Bayer AG 4.625% 26-MAY-2033
FWB:XS263011171,FWB,XS2630111719,Bayer AG 4.625% 26-MAY-2033
TRADEGATE:XS263011201,TRADEGATE,XS2630112014,Bayer AG 4.25% 26-AUG-2029
FWB:XS263011201,FWB,XS2630112014,Bayer AG 4.25% 26-AUG-2029
EUROTLX:XS2630112014,EUROTLX,XS2630112014,Bayer AG 4.25% 26-AUG-2029
SWB:XS2630112014,SWB,XS2630112014,Bayer AG 4.25% 26-AUG-2029
SWB:XS2630117328,SWB,XS2630117328,Continental AG 4.0% 01-JUN-2028
EUROTLX:XS2632826553,EUROTLX,XS2632826553,Citigroup Global Markets Holdings Inc. 3.369% 01-DEC-2030
EUROTLX:XS2636745882,EUROTLX,XS2636745882,Autostrade per l'Italia S.p.A. 5.125% 14-JUN-2033
SWB:XS2638712948,SWB,XS2638712948,Credit Agricole CIB Financial Solutions SA 4.25% 05-MAR-2027
EUROTLX:XS2641775452,EUROTLX,XS2641775452,Intesa Sanpaolo SpA 6.6% 29-JUN-2027
TRADEGATE:XS264332001,TRADEGATE,XS2643320018,Porsche Automobil Holding SE 4.125% 27-SEP-2027
SWB:XS2643320018,SWB,XS2643320018,Porsche Automobil Holding SE 4.125% 27-SEP-2027
TRADEGATE:XS264332010,TRADEGATE,XS2643320109,Porsche Automobil Holding SE 4.25% 27-SEP-2030
SWB:XS2643320109,SWB,XS2643320109,Porsche Automobil Holding SE 4.25% 27-SEP-2030
EUROTLX:XS2643320109,EUROTLX,XS2643320109,Porsche Automobil Holding SE 4.25% 27-SEP-2030
FWB:XS264442303,FWB,XS2644423035,Deutsche Post AG 3.375% 03-JUL-2033
TRADEGATE:XS264442303,TRADEGATE,XS2644423035,Deutsche Post AG 3.375% 03-JUL-2033
SWB:XS2647979181,SWB,XS2647979181,European Investment Bank 3.0% 15-JUL-2033
EUROTLX:XS2649891244,EUROTLX,XS2649891244,BNP Paribas Issuance B.V. 9.0% 14-NOV-2035
EUROTLX:XS2665176298,EUROTLX,XS2665176298,Mediobanca Banca di Credito Finanziario S.p.A 4.0% 25-SEP-2028
EUROTLX:XS2666415836,EUROTLX,XS2666415836,Mediobanca Banca di Credito Finanziario S.p.A 3.65% 29-SEP-2028
SWB:XS2672452237,SWB,XS2672452237,Continental AG 4.0% 01-MAR-2027
FWB:XS267353654,FWB,XS2673536541,E.ON SE 3.75% 01-MAR-2029
TRADEGATE:XS267353654,TRADEGATE,XS2673536541,E.ON SE 3.75% 01-MAR-2029
TRADEGATE:XS268904905,TRADEGATE,XS2689049059,Deutsche Bahn Finance GmbH 3.5% 20-SEP-2027
SWB:XS2689049059,SWB,XS2689049059,Deutsche Bahn Finance GmbH 3.5% 20-SEP-2027
SWB:XS2689093388,SWB,XS2689093388,KfW 4.25% 19-SEP-2028
TRADEGATE:XS268994807,TRADEGATE,XS2689948078,Government of Romania 6.375% 18-SEP-2033
FWB:XS268994955,FWB,XS2689949555,Government of Romania 5.5% 18-SEP-2028
SWB:XS2694872594,SWB,XS2694872594,Volkswagen Leasing GmbH 4.625% 25-MAR-2029
FWB:XS269487453,FWB,XS2694874533,Volkswagen Leasing GmbH 4.75% 25-SEP-2031
EUROTLX:XS2694874533,EUROTLX,XS2694874533,Volkswagen Leasing GmbH 4.75% 25-SEP-2031
SWB:XS2694874533,SWB,XS2694874533,Volkswagen Leasing GmbH 4.75% 25-SEP-2031
MUN:XS269500999,MUN,XS2695009998,GRENKE Finance Plc 7.875% 06-APR-2027
SWB:XS2695009998,SWB,XS2695009998,GRENKE Finance Plc 7.875% 06-APR-2027
SWB:XS2698713695,SWB,XS2698713695,Fresenius SE & Co. KGaA 5.125% 05-OCT-2030
FWB:XS269877383,FWB,XS2698773830,BMW Finance NV 3.875% 04-OCT-2028
TRADEGATE:XS269877383,TRADEGATE,XS2698773830,BMW Finance NV 3.875% 04-OCT-2028
FWB:XS269877391,FWB,XS2698773913,BMW Finance NV 4.125% 04-OCT-2033
TRADEGATE:XS269877391,TRADEGATE,XS2698773913,BMW Finance NV 4.125% 04-OCT-2033
SWB:XS2698773913,SWB,XS2698773913,BMW Finance NV 4.125% 04-OCT-2033
EUROTLX:XS2701724663,EUROTLX,XS2701724663,Mediobanca Banca di Credito Finanziario S.p.A 4.0% 17-NOV-2027
SWB:XS2706984502,SWB,XS2706984502,Credit Agricole CIB Financial Solutions SA 3.2% 02-APR-2028
SWB:XS2707303967,SWB,XS2707303967,Credit Agricole CIB Financial Solutions SA 3.15% 30-APR-2028
EUROTLX:XS2708221341,EUROTLX,XS2708221341,"Goldman Sachs Group, Inc. 3.15% 19-JUN-2031"
EUROTLX:XS2717294487,EUROTLX,XS2717294487,Alerion Clean Power S.p.A. 6.5% 12-DEC-2029
SWB:XS2717309855,SWB,XS2717309855,Nestle Finance International Ltd. 3.5% 17-JAN-2030
TRADEGATE:XS271731094,TRADEGATE,XS2717310945,Nestle Finance International Ltd. 3.75% 14-NOV-2035
SWB:XS2717310945,SWB,XS2717310945,Nestle Finance International Ltd. 3.75% 14-NOV-2035
FWB:XS272146527,FWB,XS2721465271,Heidelberg Materials Finance Luxembourg SA 4.875% 21-NOV-2033
SWB:XS2721465271,SWB,XS2721465271,Heidelberg Materials Finance Luxembourg SA 4.875% 21-NOV-2033
FWB:XS272219079,FWB,XS2722190795,Deutsche Bahn Finance GmbH 4.0% 23-NOV-2043
TRADEGATE:XS272219079,TRADEGATE,XS2722190795,Deutsche Bahn Finance GmbH 4.0% 23-NOV-2043
TRADEGATE:XS272271747,TRADEGATE,XS2722717472,EnBW International Finance BV 3.85% 23-MAY-2030
TRADEGATE:XS272271755,TRADEGATE,XS2722717555,EnBW International Finance BV 4.3% 23-MAY-2034
FWB:XS272271755,FWB,XS2722717555,EnBW International Finance BV 4.3% 23-MAY-2034
SWB:XS2722717555,SWB,XS2722717555,EnBW International Finance BV 4.3% 23-MAY-2034
EUROTLX:XS2725838465,EUROTLX,XS2725838465,Mediobanca Banca di Credito Finanziario S.p.A 4.5% 28-DEC-2028
EUROTLX:XS2725942523,EUROTLX,XS2725942523,Mediobanca Banca di Credito Finanziario S.p.A 4.0% 25-JAN-2029
TRADEGATE:XS272691193,TRADEGATE,XS2726911931,Government of Poland 3.625% 29-NOV-2030
EUROTLX:XS2741344613,EUROTLX,XS2741344613,Mediobanca Banca di Credito Finanziario S.p.A 3.3% 31-JAN-2029
TRADEGATE:XS274371129,TRADEGATE,XS2743711298,RWE AG 3.625% 10-JAN-2032
FWB:XS274371129,FWB,XS2743711298,RWE AG 3.625% 10-JAN-2032
TRADEGATE:XS274534460,TRADEGATE,XS2745344601,Volkswagen Leasing GmbH 3.625% 11-OCT-2026
EUROTLX:XS2745706445,EUROTLX,XS2745706445,Intesa Sanpaolo SpA 5.6% 12-JAN-2032
TRADEGATE:XS274572515,TRADEGATE,XS2745725155,Volkswagen Leasing GmbH 3.875% 11-OCT-2028
TRADEGATE:XS274572604,TRADEGATE,XS2745726047,Volkswagen Leasing GmbH 4.0% 11-APR-2031
FWB:XS274572604,FWB,XS2745726047,Volkswagen Leasing GmbH 4.0% 11-APR-2031
SWB:XS2745726047,SWB,XS2745726047,Volkswagen Leasing GmbH 4.0% 11-APR-2031
TRADEGATE:XS274610301,TRADEGATE,XS2746103014,Government of Poland 4.125% 11-JAN-2044
MUN:XS274760001,MUN,XS2747600018,E.ON SE 3.375% 15-JAN-2031
TRADEGATE:XS274760001,TRADEGATE,XS2747600018,E.ON SE 3.375% 15-JAN-2031
SWB:XS2747600018,SWB,XS2747600018,E.ON SE 3.375% 15-JAN-2031
EUROTLX:XS2747600018,EUROTLX,XS2747600018,E.ON SE 3.375% 15-JAN-2031
SWB:XS2747600109,SWB,XS2747600109,E.ON SE 3.75% 15-JAN-2036
EUROTLX:XS2750224201,EUROTLX,XS2750224201,Mediobanca Banca di Credito Finanziario S.p.A 3.1% 16-FEB-2029
TRADEGATE:XS275287288,TRADEGATE,XS2752872882,Nestle Finance International Ltd. 3.0% 23-JAN-2031
SWB:XS2752872882,SWB,XS2752872882,Nestle Finance International Ltd. 3.0% 23-JAN-2031
FWB:XS275342904,FWB,XS2753429047,Government of Hungary 4.0% 25-JUL-2029
TRADEGATE:XS275548707,TRADEGATE,XS2755487076,Deutsche Bahn Finance GmbH 3.375% 29-JAN-2038
FWB:XS275548707,FWB,XS2755487076,Deutsche Bahn Finance GmbH 3.375% 29-JAN-2038
SWB:XS2755487076,SWB,XS2755487076,Deutsche Bahn Finance GmbH 3.375% 29-JAN-2038
TRADEGATE:XS277092093,TRADEGATE,XS2770920937,Government of Romania 5.375% 22-MAR-2031
SWB:XS2772266693,SWB,XS2772266693,American Medical Systems Europe BV 3.5% 08-MAR-2032
DUS:XS277837005,DUS,XS2778370051,METRO AG 4.625% 07-MAR-2029
TRADEGATE:XS277837005,TRADEGATE,XS2778370051,METRO AG 4.625% 07-MAR-2029
FWB:XS277837005,FWB,XS2778370051,METRO AG 4.625% 07-MAR-2029
SWB:XS2778370051,SWB,XS2778370051,METRO AG 4.625% 07-MAR-2029
SWB:XS2779805097,SWB,XS2779805097,European Bank for Reconstruction & Development 25.0% 07-MAR-2031
SWB:XS2782184902,SWB,XS2782184902,Bayerische Landesbank 2.875% 13-NOV-2028
EUROTLX:XS2782311273,EUROTLX,XS2782311273,Intesa Sanpaolo SpA 5.7% 13-MAR-2031
MUN:XS278441571,MUN,XS2784415718,Deutsche Post AG 3.5% 25-MAR-2036
TRADEGATE:XS278441571,TRADEGATE,XS2784415718,Deutsche Post AG 3.5% 25-MAR-2036
SWB:XS2784415718,SWB,XS2784415718,Deutsche Post AG 3.5% 25-MAR-2036
MUN:XS279195990,MUN,XS2791959906,E.ON SE 3.5% 25-MAR-2032
TRADEGATE:XS279195990,TRADEGATE,XS2791959906,E.ON SE 3.5% 25-MAR-2032
SWB:XS2791959906,SWB,XS2791959906,E.ON SE 3.5% 25-MAR-2032
FWB:XS279196066,FWB,XS2791960664,E.ON SE 4.125% 25-MAR-2044
TRADEGATE:XS279196066,TRADEGATE,XS2791960664,E.ON SE 4.125% 25-MAR-2044
EUROTLX:XS2791960664,EUROTLX,XS2791960664,E.ON SE 4.125% 25-MAR-2044
SWB:XS2791960664,SWB,XS2791960664,E.ON SE 4.125% 25-MAR-2044
SWB:XS2794610969,SWB,XS2794610969,Corporacion Andina de Fomento 7.5% 04-APR-2034
FWB:XS279569610,FWB,XS2795696108,European Bank for Reconstruction & Development 0.0% 05-APR-2036
EUROTLX:XS2799786848,EUROTLX,XS2799786848,Tamburi Investment Partners S.p.A. 4.625% 21-JUN-2029
TRADEGATE:XS280289183,TRADEGATE,XS2802891833,Porsche Automobil Holding SE 3.75% 27-SEP-2029
SWB:XS2802891833,SWB,XS2802891833,Porsche Automobil Holding SE 3.75% 27-SEP-2029
MUN:XS280289205,MUN,XS2802892054,Porsche Automobil Holding SE 4.125% 27-SEP-2032
TRADEGATE:XS280289205,TRADEGATE,XS2802892054,Porsche Automobil Holding SE 4.125% 27-SEP-2032
FWB:XS280289205,FWB,XS2802892054,Porsche Automobil Holding SE 4.125% 27-SEP-2032
EUROTLX:XS2802892054,EUROTLX,XS2802892054,Porsche Automobil Holding SE 4.125% 27-SEP-2032
SWB:XS2802892054,SWB,XS2802892054,Porsche Automobil Holding SE 4.125% 27-SEP-2032
EUROTLX:XS2804501208,EUROTLX,XS2804501208,Optics Bidco S.P.A. 1.625% 18-JAN-2029
EUROTLX:XS2805621146,EUROTLX,XS2805621146,Barclays Bank PLC 6.2% 15-JUL-2042
TRADEGATE:XS281176412,TRADEGATE,XS2811764120,Motel One GmbH 7.75% 02-APR-2031
EUROTLX:XS2813846354,EUROTLX,XS2813846354,Societe Generale SA 3.0% 17-MAY-2039
EUROTLX:XS2815488247,EUROTLX,XS2815488247,BNP Paribas Issuance B.V. 3.25% 30-AUG-2029
FWB:XS281598473,FWB,XS2815984732,Deutsche Lufthansa AG 4.0% 21-MAY-2030
TRADEGATE:XS281598473,TRADEGATE,XS2815984732,Deutsche Lufthansa AG 4.0% 21-MAY-2030
HAM:XS281598473,HAM,XS2815984732,Deutsche Lufthansa AG 4.0% 21-MAY-2030
EUROTLX:XS2815984732,EUROTLX,XS2815984732,Deutsche Lufthansa AG 4.0% 21-MAY-2030
SWB:XS2815984732,SWB,XS2815984732,Deutsche Lufthansa AG 4.0% 21-MAY-2030
SWB:XS2816013937,SWB,XS2816013937,KfW 2.875% 31-MAR-2032
TRADEGATE:XS282382571,TRADEGATE,XS2823825711,BMW International Investment BV 3.25% 17-NOV-2028
TRADEGATE:XS282382580,TRADEGATE,XS2823825802,BMW International Investment BV 3.5% 17-NOV-2032
FWB:XS282382580,FWB,XS2823825802,BMW International Investment BV 3.5% 17-NOV-2032
SWB:XS2823825802,SWB,XS2823825802,BMW International Investment BV 3.5% 17-NOV-2032
TRADEGATE:XS282868563,TRADEGATE,XS2828685631,GRENKE Finance Plc 5.75% 06-JUL-2029
FWB:XS282868563,FWB,XS2828685631,GRENKE Finance Plc 5.75% 06-JUL-2029
SWB:XS2828685631,SWB,XS2828685631,GRENKE Finance Plc 5.75% 06-JUL-2029
FWB:XS282972417,FWB,XS2829724173,"Goldman Sachs Group, Inc. 3.0% 05-SEP-2030"
DUS:XS283287335,DUS,XS2832873355,Fraport AG Frankfurt Airport Services Worldwide 4.25% 11-JUN-2032
TRADEGATE:XS283287335,TRADEGATE,XS2832873355,Fraport AG Frankfurt Airport Services Worldwide 4.25% 11-JUN-2032
FWB:XS283287335,FWB,XS2832873355,Fraport AG Frankfurt Airport Services Worldwide 4.25% 11-JUN-2032
SWB:XS2832873355,SWB,XS2832873355,Fraport AG Frankfurt Airport Services Worldwide 4.25% 11-JUN-2032
TRADEGATE:XS283788601,TRADEGATE,XS2837886014,Volkswagen Financial Services Overseas AG 3.75% 10-SEP-2026
EUROTLX:XS2837886105,EUROTLX,XS2837886105,Volkswagen Financial Services Overseas AG FRN 10-JUN-2027
TRADEGATE:XS283788628,TRADEGATE,XS2837886287,Volkswagen Financial Services Overseas AG 3.875% 10-SEP-2030
FWB:XS283788628,FWB,XS2837886287,Volkswagen Financial Services Overseas AG 3.875% 10-SEP-2030
SWB:XS2837886287,SWB,XS2837886287,Volkswagen Financial Services Overseas AG 3.875% 10-SEP-2030
TRADEGATE:XS284206142,TRADEGATE,XS2842061421,Heidelberg Materials AG 3.95% 19-JUL-2034
MUN:XS284206142,MUN,XS2842061421,Heidelberg Materials AG 3.95% 19-JUL-2034
SWB:XS2842061421,SWB,XS2842061421,Heidelberg Materials AG 3.95% 19-JUL-2034
TRADEGATE:XS286298451,TRADEGATE,XS2862984510,EnBW International Finance BV 3.5% 22-JUL-2031
FWB:XS286298460,FWB,XS2862984601,EnBW International Finance BV 4.0% 22-JUL-2036
TRADEGATE:XS286298460,TRADEGATE,XS2862984601,EnBW International Finance BV 4.0% 22-JUL-2036
SWB:XS2862984601,SWB,XS2862984601,EnBW International Finance BV 4.0% 22-JUL-2036
MUN:XS288611807,MUN,XS2886118079,OMV Aktiengesellschaft 3.25% 04-SEP-2031
SWB:XS2886118079,SWB,XS2886118079,OMV Aktiengesellschaft 3.25% 04-SEP-2031
FWB:XS288611823,FWB,XS2886118236,OMV Aktiengesellschaft 3.75% 04-SEP-2036
FWB:XS288789657,FWB,XS2887896574,MTU Aero Engines AG 3.875% 18-SEP-2031
TRADEGATE:XS288789657,TRADEGATE,XS2887896574,MTU Aero Engines AG 3.875% 18-SEP-2031
SWB:XS2887896574,SWB,XS2887896574,MTU Aero Engines AG 3.875% 18-SEP-2031
TRADEGATE:XS288790132,TRADEGATE,XS2887901325,BMW International Investment BV 3.0% 27-AUG-2027
EUROTLX:XS2887901325,EUROTLX,XS2887901325,BMW International Investment BV 3.0% 27-AUG-2027
TRADEGATE:XS288790159,TRADEGATE,XS2887901598,BMW International Investment BV 3.125% 27-AUG-2030
FWB:XS288790191,FWB,XS2887901911,BMW International Investment BV 3.375% 27-AUG-2034
SWB:XS2887901911,SWB,XS2887901911,BMW International Investment BV 3.375% 27-AUG-2034
EUROTLX:XS2888624785,EUROTLX,XS2888624785,BNP Paribas Issuance B.V. FRN 19-NOV-2029
TRADEGATE:XS289043560,TRADEGATE,XS2890435600,Government of Bulgaria 4.25% 05-SEP-2044
SWB:XS2890435600,SWB,XS2890435600,Government of Bulgaria 4.25% 05-SEP-2044
SWB:XS2892988192,SWB,XS2892988192,Deutsche Lufthansa AG 4.125% 03-SEP-2032
FWB:XS289298827,FWB,XS2892988275,Deutsche Lufthansa AG 3.625% 03-SEP-2028
SWB:XS2892988275,SWB,XS2892988275,Deutsche Lufthansa AG 3.625% 03-SEP-2028
SWB:XS2895055981,SWB,XS2895055981,Government of Ukraine 4.5% 01-FEB-2029
TRADEGATE:XS289563156,TRADEGATE,XS2895631567,E.ON SE 3.125% 05-MAR-2030
SWB:XS2895631567,SWB,XS2895631567,E.ON SE 3.125% 05-MAR-2030
EUROTLX:XS2895631641,EUROTLX,XS2895631641,E.ON SE 3.875% 05-SEP-2038
TRADEGATE:XS290455499,TRADEGATE,XS2904554990,Heidelberg Materials AG 3.375% 17-OCT-2031
EUROTLX:XS2904554990,EUROTLX,XS2904554990,Heidelberg Materials AG 3.375% 17-OCT-2031
SWB:XS2904554990,SWB,XS2904554990,Heidelberg Materials AG 3.375% 17-OCT-2031
EUROTLX:XS2905504671,EUROTLX,XS2905504671,Knorr-Bremse AG 3.0% 30-SEP-2029
SWB:XS2905504671,SWB,XS2905504671,Knorr-Bremse AG 3.0% 30-SEP-2029
SWB:XS2905504754,SWB,XS2905504754,Knorr-Bremse AG 3.25% 30-SEP-2032
FWB:XS290558247,FWB,XS2905582479,GRENKE Finance Plc 5.125% 04-JAN-2029
SWB:XS2905582479,SWB,XS2905582479,GRENKE Finance Plc 5.125% 04-JAN-2029
SWB:XS2908645265,SWB,XS2908645265,Government of Romania 6.0% 24-SEP-2044
TRADEGATE:XS291050956,TRADEGATE,XS2910509566,Continental AG 3.5% 01-OCT-2029
SWB:XS2910509566,SWB,XS2910509566,Continental AG 3.5% 01-OCT-2029
SWB:XS2910609432,SWB,XS2910609432,European Bank for Reconstruction & Development 6.5% 03-OCT-2036
FWB:XS291168108,FWB,XS2911681083,Wurth Finance International BV 3.0% 28-AUG-2031
TRADEGATE:XS291168108,TRADEGATE,XS2911681083,Wurth Finance International BV 3.0% 28-AUG-2031
TRADEGATE:XS292276419,TRADEGATE,XS2922764191,Government of Poland 3.875% 22-OCT-2039
TRADEGATE:XS292847874,TRADEGATE,XS2928478747,Nestle Finance International Ltd. 3.125% 28-OCT-2036
SWB:XS2928478747,SWB,XS2928478747,Nestle Finance International Ltd. 3.125% 28-OCT-2036
SWB:XS2934329967,SWB,XS2934329967,International Bank for Reconstruction & Development 10.0% 08-NOV-2027
EUROTLX:XS2935607221,EUROTLX,XS2935607221,Barclays Bank PLC 10.0% 30-JAN-2045
MUN:XS293856206,MUN,XS2938562068,KION GROUP AG 4.0% 20-NOV-2029
TRADEGATE:XS293856206,TRADEGATE,XS2938562068,KION GROUP AG 4.0% 20-NOV-2029
EUROTLX:XS2938562068,EUROTLX,XS2938562068,KION GROUP AG 4.0% 20-NOV-2029
SWB:XS2938562068,SWB,XS2938562068,KION GROUP AG 4.0% 20-NOV-2029
TRADEGATE:XS294247882,TRADEGATE,XS2942478822,EnBW International Finance BV 3.0% 20-MAY-2029
FWB:XS294247882,FWB,XS2942478822,EnBW International Finance BV 3.0% 20-MAY-2029
SWB:XS2942478822,SWB,XS2942478822,EnBW International Finance BV 3.0% 20-MAY-2029
FWB:XS294247904,FWB,XS2942479044,EnBW International Finance BV 3.75% 20-NOV-2035
TRADEGATE:XS294247904,TRADEGATE,XS2942479044,EnBW International Finance BV 3.75% 20-NOV-2035
SWB:XS2942479044,SWB,XS2942479044,EnBW International Finance BV 3.75% 20-NOV-2035
FWB:XS29436720,FWB,XS0294367205,"Petroleos de Venezuela, S.A. 5.5% 12-APR-2037"
SWB:XS2948768556,SWB,XS2948768556,Deutsche Telekom AG 3.25% 04-JUN-2035
EUROTLX:XS2965706216,EUROTLX,XS2965706216,Mediobanca Banca di Credito Finanziario S.p.A 4.0% 28-FEB-2031
TRADEGATE:XS297072820,TRADEGATE,XS2970728205,Sudzucker International Finance BV 4.125% 29-JAN-2032
SWB:XS2970728205,SWB,XS2970728205,Sudzucker International Finance BV 4.125% 29-JAN-2032
TRADEGATE:XS297193694,TRADEGATE,XS2971936948,Government of Hungary 4.5% 16-JUN-2034
SWB:XS2975276143,SWB,XS2975276143,Government of Poland 3.625% 16-JAN-2035
TRADEGATE:XS297633228,TRADEGATE,XS2976332283,Nestle Finance International Ltd. 3.5% 14-JAN-2045
TRADEGATE:XS297848216,TRADEGATE,XS2978482169,E.ON SE 4.0% 16-JAN-2040
TRADEGATE:XS297859498,TRADEGATE,XS2978594989,E.ON SE 3.5% 16-APR-2033
FWB:XS297859498,FWB,XS2978594989,E.ON SE 3.5% 16-APR-2033
SWB:XS2978594989,SWB,XS2978594989,E.ON SE 3.5% 16-APR-2033
FWB:XS298231581,FWB,XS2982315819,"Goldman Sachs Group, Inc. 3.0% 06-JUN-2030"
EUROTLX:XS2982322609,EUROTLX,XS2982322609,"Goldman Sachs Group, Inc. 4.0% 16-JUN-2032"
FWB:XS298232588,FWB,XS2982325883,"Goldman Sachs Group, Inc. 3.1% 17-APR-2030"
TRADEGATE:XS298233231,TRADEGATE,XS2982332319,BMW International Investment BV 3.5% 22-JAN-2033
FWB:XS298233240,FWB,XS2982332400,BMW International Investment BV 3.125% 22-JUL-2029
FWB:XS298384043,FWB,XS2983840435,"Goldman Sachs Group, Inc. FRN 23-JAN-2029"
TRADEGATE:XS298384051,TRADEGATE,XS2983840518,"Goldman Sachs Group, Inc. 3.5% 23-JAN-2033"
SWB:XS2983840518,SWB,XS2983840518,"Goldman Sachs Group, Inc. 3.5% 23-JAN-2033"
FWB:XS298525089,FWB,XS2985250898,Deutsche Telekom AG 3.625% 03-FEB-2045
TRADEGATE:XS298525089,TRADEGATE,XS2985250898,Deutsche Telekom AG 3.625% 03-FEB-2045
SWB:XS2985250898,SWB,XS2985250898,Deutsche Telekom AG 3.625% 03-FEB-2045
TRADEGATE:XS298763087,TRADEGATE,XS2987630873,Deutsche Telekom AG 3.0% 03-FEB-2032
SWB:XS2987630873,SWB,XS2987630873,Deutsche Telekom AG 3.0% 03-FEB-2032
EUROTLX:XS2998271436,EUROTLX,XS2998271436,Barclays Bank PLC 3.539% 05-MAY-2037
FWB:XS299955290,FWB,XS2999552909,Government of Romania 6.25% 10-SEP-2034
EUROTLX:XS3012976372,EUROTLX,XS3012976372,Citigroup Global Markets Holdings Inc. 0.0% 14-MAR-2045
TRADEGATE:XS301568436,TRADEGATE,XS3015684361,METRO AG 5.25% 05-MAR-2030
SWB:XS3015684361,SWB,XS3015684361,METRO AG 5.25% 05-MAR-2030
EUROTLX:XS3015684361,EUROTLX,XS3015684361,METRO AG 5.25% 05-MAR-2030
TRADEGATE:XS302137838,TRADEGATE,XS3021378388,Government of Romania 6.75% 11-JUL-2039
TRADEGATE:XS303204539,TRADEGATE,XS3032045398,Deutsche Post AG 4.0% 24-MAR-2040
SWB:XS3032045398,SWB,XS3032045398,Deutsche Post AG 4.0% 24-MAR-2040
TRADEGATE:XS303204547,TRADEGATE,XS3032045471,Deutsche Post AG 3.0% 24-MAR-2030
MUN:XS303204547,MUN,XS3032045471,Deutsche Post AG 3.0% 24-MAR-2030
SWB:XS3032045471,SWB,XS3032045471,Deutsche Post AG 3.0% 24-MAR-2030
TRADEGATE:XS303204555,TRADEGATE,XS3032045554,Deutsche Post AG 3.5% 24-MAR-2034
SWB:XS3032045554,SWB,XS3032045554,Deutsche Post AG 3.5% 24-MAR-2034
TRADEGATE:XS303664769,TRADEGATE,XS3036647694,Fresenius Medical Care AG 3.125% 08-DEC-2028
SWB:XS3036647694,SWB,XS3036647694,Fresenius Medical Care AG 3.125% 08-DEC-2028
TRADEGATE:XS303664777,TRADEGATE,XS3036647777,Fresenius Medical Care AG 3.75% 08-APR-2032
SWB:XS3036647777,SWB,XS3036647777,Fresenius Medical Care AG 3.75% 08-APR-2032
SWB:XS3041229439,SWB,XS3041229439,KfW 4.25% 30-APR-2030
TRADEGATE:XS304751444,TRADEGATE,XS3047514446,IUTECREDIT FINANCE S.A R.L.
SWB:XS3047514446,SWB,XS3047514446,IUTECREDIT FINANCE S.A R.L.
EUROTLX:XS3063310190,EUROTLX,XS3063310190,Credit Agricole CIB Financial Solutions SA 10-OCT-2030
TRADEGATE:XS307449951,TRADEGATE,XS3074499511,Heidelberg Materials Finance Luxembourg SA 3.0% 10-JUL-2030
SWB:XS3074499511,SWB,XS3074499511,Heidelberg Materials Finance Luxembourg SA 3.0% 10-JUL-2030
EUROTLX:XS3074499511,EUROTLX,XS3074499511,Heidelberg Materials Finance Luxembourg SA 3.0% 10-JUL-2030
FWB:XS307502615,FWB,XS3075026156,Garfunkelux Holdco 3 SA 9.5% 01-NOV-2028
TRADEGATE:XS307539349,TRADEGATE,XS3075393499,Continental AG 2.875% 22-NOV-2028
TRADEGATE:XS307549026,TRADEGATE,XS3075490261,BMW Finance NV 3.75% 20-NOV-2034
FWB:XS307549026,FWB,XS3075490261,BMW Finance NV 3.75% 20-NOV-2034
SWB:XS3075490261,SWB,XS3075490261,BMW Finance NV 3.75% 20-NOV-2034
SWB:XS3075491152,SWB,XS3075491152,BMW Finance NV 2.625% 20-MAY-2028
TRADEGATE:XS307549204,TRADEGATE,XS3075492044,KfW 2.5% 09-OCT-2030
SWB:XS3075492044,SWB,XS3075492044,KfW 2.5% 09-OCT-2030
FWB:XS308426653,FWB,XS3084266538,HSE Investment S.a r.l. FRN 15-OCT-2029
FWB:XS308441890,FWB,XS3084418907,Deutsche Post AG 3.125% 05-JUN-2032
TRADEGATE:XS308441890,TRADEGATE,XS3084418907,Deutsche Post AG 3.125% 05-JUN-2032
SWB:XS3084418907,SWB,XS3084418907,Deutsche Post AG 3.125% 05-JUN-2032
SWB:XS3092574055,SWB,XS3092574055,Gothaer Allgemeine Versicherung AG 5.0% 20-JUN-2045
MUN:XS309999533,MUN,XS3099995337,Intrum Investments & Financing AB 8.5% 11-SEP-2029
SWB:XS3100081507,SWB,XS3100081507,NTT Finance Corporation 3.678% 16-JUL-2033
SWB:XS3106109849,SWB,XS3106109849,TotalEnergies Capital International SA 3.647% 01-JUL-2035
FWB:XS310946095,FWB,XS3109460959,Government of Poland 3.875% 07-JUL-2037
EUROTLX:XS3123715297,EUROTLX,XS3123715297,Government of Turkey 5.2% 17-AUG-2031
EUROTLX:XS3136863456,EUROTLX,XS3136863456,Citigroup Global Markets Holdings Inc. 0.0% 19-DEC-2050
TRADEGATE:XS316736165,TRADEGATE,XS3167361651,Eleving Group SA 9.5% 24-OCT-2030
SWB:XS3167361651,SWB,XS3167361651,Eleving Group SA 9.5% 24-OCT-2030
MUN:XS317159188,MUN,XS3171591889,E.ON International Finance BV 3.0% 03-SEP-2031
TRADEGATE:XS317159188,TRADEGATE,XS3171591889,E.ON International Finance BV 3.0% 03-SEP-2031
SWB:XS3171591889,SWB,XS3171591889,E.ON International Finance BV 3.0% 03-SEP-2031
TRADEGATE:XS317159366,TRADEGATE,XS3171593661,Volkswagen International Finance NV 4.125% 02-SEP-2035
TRADEGATE:XS317159463,TRADEGATE,XS3171594636,E.ON International Finance BV 3.5% 03-SEP-2035
EUROTLX:XS3171594636,EUROTLX,XS3171594636,E.ON International Finance BV 3.5% 03-SEP-2035
FWB:XS317164637,FWB,XS3171646378,Asian Development Bank 35.0% 23-MAR-2027
TRADEGATE:XS317365624,TRADEGATE,XS3173656243,Continental AG 2.875% 09-JUN-2029
SWB:XS3173656243,SWB,XS3173656243,Continental AG 2.875% 09-JUN-2029
TRADEGATE:XS317808623,TRADEGATE,XS3178086230,Symrise AG 3.25% 24-SEP-2032
SWB:XS3178086230,SWB,XS3178086230,Symrise AG 3.25% 24-SEP-2032
TRADEGATE:XS317885822,TRADEGATE,XS3178858224,Fresenius SE & Co. KGaA 3.5% 15-MAR-2034
FWB:XS317885849,FWB,XS3178858497,Fresenius SE & Co. KGaA 2.75% 15-SEP-2029
MUN:XS318537232,MUN,XS3185372326,Nestle Finance International Ltd. 3.0% 23-SEP-2033
SWB:XS3185372326,SWB,XS3185372326,Nestle Finance International Ltd. 3.0% 23-SEP-2033
SWB:XS3198384813,SWB,XS3198384813,Government of Romania 6.125% 07-OCT-2037
TRADEGATE:XS320017629,TRADEGATE,XS3200176298,Government of Romania 6.5% 07-OCT-2045
FWB:XS320404126,FWB,XS3204041266,DZ BANK AG Deutsche Zentral-Genossenschaftsbank 3.706% 15-OCT-2035
SWB:XS3206563549,SWB,XS3206563549,Toyota Motor Finance (Netherlands) BV 2.75% 28-JAN-2030
TRADEGATE:XS321871062,TRADEGATE,XS3218710625,Norddeutsche Landesbank - Girozentrale 2.75% 30-OCT-2030
SWB:XS3222746375,SWB,XS3222746375,Vonovia SE 3.5% 12-NOV-2032
TRADEGATE:XS322596669,TRADEGATE,XS3225966699,OMV Aktiengesellschaft 3.125% 10-NOV-2033
TRADEGATE:XS322596693,TRADEGATE,XS3225966939,OMV Aktiengesellschaft 3.875% 10-NOV-2040
SWB:XS3225966939,SWB,XS3225966939,OMV Aktiengesellschaft 3.875% 10-NOV-2040
SWB:XS3229496180,SWB,XS3229496180,Deutsche Post AG 3.0% 25-NOV-2031
TRADEGATE:XS322949910,TRADEGATE,XS3229499101,Deutsche Post AG 3.75% 25-NOV-2037
MUN:XS323349908,MUN,XS3233499089,Fresenius Medical Care AG 3.25% 24-NOV-2030
SWB:XS3233499089,SWB,XS3233499089,Fresenius Medical Care AG 3.25% 24-NOV-2030
SWB:XS3238211943,SWB,XS3238211943,Magnum ICC Finance B.V. 4.0% 26-NOV-2037
SWB:XS3244707272,SWB,XS3244707272,Deutsche Telekom AG 2.625% 04-DEC-2029
EUROTLX:XS3244707272,EUROTLX,XS3244707272,Deutsche Telekom AG 2.625% 04-DEC-2029
TRADEGATE:XS325533331,TRADEGATE,XS3255333315,"Goldman Sachs Group, Inc. 3.984% 18-DEC-2036"
SWB:XS3269555234,SWB,XS3269555234,Government of Hungary 4.875% 25-MAR-2038
FWB:XS327089757,FWB,XS3270897575,Heidelberg Materials Finance Luxembourg SA 3.75% 15-JUL-2036
SWB:XS3270897575,SWB,XS3270897575,Heidelberg Materials Finance Luxembourg SA 3.75% 15-JUL-2036
TRADEGATE:XS327480537,TRADEGATE,XS3274805376,E.ON SE 3.448% 19-JAN-2034
SWB:XS3274805459,SWB,XS3274805459,E.ON SE 3.895% 19-JAN-2038
EUROTLX:XS3278058782,EUROTLX,XS3278058782,BNP Paribas Issuance B.V. 4.0% 31-MAR-2033
SWB:XS3280518856,SWB,XS3280518856,BMW Finance NV 2.625% 27-JAN-2029
TRADEGATE:XS328051907,TRADEGATE,XS3280519078,BMW Finance NV 3.25% 27-JAN-2032
SWB:XS3280519078,SWB,XS3280519078,BMW Finance NV 3.25% 27-JAN-2032
MUN:XS328051931,MUN,XS3280519318,BMW Finance NV 3.75% 27-JAN-2036
TRADEGATE:XS328051931,TRADEGATE,XS3280519318,BMW Finance NV 3.75% 27-JAN-2036
HAM:XS328051931,HAM,XS3280519318,BMW Finance NV 3.75% 27-JAN-2036
SWB:XS3280519318,SWB,XS3280519318,BMW Finance NV 3.75% 27-JAN-2036
SWB:XS3281856446,SWB,XS3281856446,European Bank for Reconstruction & Development 27.5% 27-JAN-2032
TRADEGATE:XS328538440,TRADEGATE,XS3285384403,GRENKE Finance Plc 3.875% 09-JAN-2031
SWB:XS3285384403,SWB,XS3285384403,GRENKE Finance Plc 3.875% 09-JAN-2031
FWB:XS329284603,FWB,XS3292846030,KfW 2.75% 01-APR-2033
SWB:XS3296963674,SWB,XS3296963674,Infineon Technologies AG 3.75% 16-FEB-2037
FWB:XS329947246,FWB,XS3299472467,"Goldman Sachs Group, Inc. 4.142% 17-FEB-2039"
TRADEGATE:XS329947246,TRADEGATE,XS3299472467,"Goldman Sachs Group, Inc. 4.142% 17-FEB-2039"
TRADEGATE:XS331491063,TRADEGATE,XS3314910632,KION GROUP AG 4.125% 24-MAR-2031
SWB:XS3314910632,SWB,XS3314910632,KION GROUP AG 4.125% 24-MAR-2031
EUROTLX:XS3314910632,EUROTLX,XS3314910632,KION GROUP AG 4.125% 24-MAR-2031
FWB:XS332072986,FWB,XS3320729869,Deutsche Post AG 3.25% 23-DEC-2030
TRADEGATE:XS332072986,TRADEGATE,XS3320729869,Deutsche Post AG 3.25% 23-DEC-2030
SWB:XS3320729869,SWB,XS3320729869,Deutsche Post AG 3.25% 23-DEC-2030
SWB:XS3320740320,SWB,XS3320740320,Deutsche Post AG 3.75% 23-DEC-2034
FWB:XS332528521,FWB,XS3325285214,Landwirtschaftliche Rentenbank 3.125% 24-MAR-2036
SWB:XS3333139288,SWB,XS3333139288,"CoreWeave, Inc. 8.5% 15-JUL-2032"
EUROTLX:XS3344411643,EUROTLX,XS3344411643,Government of Brazil 4.875% 23-APR-2033
TRADEGATE:XS334441628,TRADEGATE,XS3344416287,KfW 2.875% 30-JUN-2031
MUN:XS334998142,MUN,XS3349981426,Toyota Motor Finance (Netherlands) BV 3.25% 23-APR-2030
TRADEGATE:XS334998142,TRADEGATE,XS3349981426,Toyota Motor Finance (Netherlands) BV 3.25% 23-APR-2030
SWB:XS3349981426,SWB,XS3349981426,Toyota Motor Finance (Netherlands) BV 3.25% 23-APR-2030
EUROTLX:XS3352849684,EUROTLX,XS3352849684,BNP Paribas Issuance B.V. 3.15% 16-JUN-2031
MUN:XS335613007,MUN,XS3356130073,Deutsche Telekom AG 3.375% 28-APR-2033
SWB:XS3356130073,SWB,XS3356130073,Deutsche Telekom AG 3.375% 28-APR-2033
TRADEGATE:XS335613082,TRADEGATE,XS3356130826,Deutsche Telekom AG 3.875% 28-APR-2038
EUROTLX:XS3356130826,EUROTLX,XS3356130826,Deutsche Telekom AG 3.875% 28-APR-2038
FWB:XS337635105,FWB,XS3376351055,Deutsche Lufthansa AG 4.125% 27-JAN-2032
MUN:XS337635105,MUN,XS3376351055,Deutsche Lufthansa AG 4.125% 27-JAN-2032
DUS:XS337635105,DUS,XS3376351055,Deutsche Lufthansa AG 4.125% 27-JAN-2032
TRADEGATE:XS337635105,TRADEGATE,XS3376351055,Deutsche Lufthansa AG 4.125% 27-JAN-2032
EUROTLX:XS3376351055,EUROTLX,XS3376351055,Deutsche Lufthansa AG 4.125% 27-JAN-2032
SWB:XS3376351055,SWB,XS3376351055,Deutsche Lufthansa AG 4.125% 27-JAN-2032
FWB:XS337943632,FWB,XS3379436325,Heidelberg Materials AG 3.5% 10-OCT-2029
TRADEGATE:XS337943632,TRADEGATE,XS3379436325,Heidelberg Materials AG 3.5% 10-OCT-2029
SWB:XS3379436325,SWB,XS3379436325,Heidelberg Materials AG 3.5% 10-OCT-2029
TRADEGATE:XS337943659,TRADEGATE,XS3379436598,Heidelberg Materials AG 4.0% 18-JUL-2035
FWB:XS337943659,FWB,XS3379436598,Heidelberg Materials AG 4.0% 18-JUL-2035
TRADEGATE:XS337978215,TRADEGATE,XS3379782157,BMW Finance NV 3.625% 19-MAY-2032
MUN:XS337978215,MUN,XS3379782157,BMW Finance NV 3.625% 19-MAY-2032
FWB:XS337978223,FWB,XS3379782231,BMW Finance NV 4.0% 19-MAY-2036
SWB:XS3379782231,SWB,XS3379782231,BMW Finance NV 4.0% 19-MAY-2036
SWB:XS3381692725,SWB,XS3381692725,Government of Lithuania 3.625% 18-NOV-2033
TRADEGATE:XS338674899,TRADEGATE,XS3386748993,E.ON International Finance BV 3.475% 27-MAY-2031
MUN:XS338674902,MUN,XS3386749025,E.ON International Finance BV 4.053% 27-MAY-2036
EUROTLX:XS3388188586,EUROTLX,XS3388188586,Eni SpA 3.5% 26-MAY-2031
SWB:XS3415269490,SWB,XS3415269490,HT Troplast GmbH 7.625% 15-JUL-2031
TRADEGATE:XS343074867,TRADEGATE,XS3430748676,RWE Finance Europe B.V. 4.0% 06-JUL-2037
FWB:XS343074867,FWB,XS3430748676,RWE Finance Europe B.V. 4.0% 06-JUL-2037
SWB:XS3430748676,SWB,XS3430748676,RWE Finance Europe B.V. 4.0% 06-JUL-2037
FWB:XS343074875,FWB,XS3430748759,RWE Finance Europe B.V. 3.375% 06-JUL-2032
SWB:XS3430748759,SWB,XS3430748759,RWE Finance Europe B.V. 3.375% 06-JUL-2032
SWB:XS3433863621,SWB,XS3433863621,TenneT GmbH & Co. KG 3.25% 15-JUL-2030
TRADEGATE:XS343386397,TRADEGATE,XS3433863977,TenneT GmbH & Co. KG 3.625% 15-JUL-2034
SWB:XS3433863977,SWB,XS3433863977,TenneT GmbH & Co. KG 3.625% 15-JUL-2034
SWB:XS3433864199,SWB,XS3433864199,TenneT GmbH & Co. KG 4.125% 15-JUL-2038
TRADEGATE:XS343386435,TRADEGATE,XS3433864355,TenneT GmbH & Co. KG 4.625% 15-JUL-2046
TRADEGATE:XS343567022,TRADEGATE,XS3435670222,Fresenius SE & Co. KGaA 3.75% 08-JUL-2034
TRADEGATE:XS344765120,TRADEGATE,XS3447651202,"Goldman Sachs Group, Inc. 3.643% 22-JUL-2030"
FWB:XS345742042,FWB,XS3457420423,European Bank for Reconstruction & Development 0.0% 03-AUG-2028
SWB:XS3458961391,SWB,XS3458961391,AT&T Inc. 5.05% 03-AUG-2045
TRADEGATE:XS345901434,TRADEGATE,XS3459014349,Government of Chile 4.75% 03-AUG-2046
SWB:XS3479243183,SWB,XS3479243183,DekaBank Deutsche Girozentrale 3.125% 06-SEP-2030
SWB:XS3480525867,SWB,XS3480525867,SpareBank 1 Sor-Norge ASA 3.5% 25-AUG-2031
TRADEGATE:XS348076906,TRADEGATE,XS3480769069,KfW 3.0% 24-SEP-2029
SWB:XS3480769069,SWB,XS3480769069,KfW 3.0% 24-SEP-2029
DUS:XS348154508,DUS,XS3481545088,Landwirtschaftliche Rentenbank 3.25% 25-AUG-2033
FWB:XS348548115,FWB,XS3485481157,GRENKE Finance Plc 4.625% 07-OCT-2031
SWB:XS3485481157,SWB,XS3485481157,GRENKE Finance Plc 4.625% 07-OCT-2031
TRADEGATE:XS50119599,TRADEGATE,XS0501195993,Government of Argentina 3.38% 31-DEC-2038
FWB:XS7939825,FWB,XS0079398250,Eskom Holdings SOC Ltd 0.0% 31-DEC-2032
FWB:XS93542797,FWB,XS0935427970,JPMorgan Chase & Co. 2.875% 24-MAY-2028
SWB:YEBC,SWB,DE000A2GSNR0,KfW 0.625% 07-JAN-2028
FWB:YEBL,FWB,XS2331327564,KfW 0.0% 15-JUN-2029
GETTEX:YEBW,GETTEX,XS1999841445,KfW 0.01% 05-MAY-2027
EUROTLX:ZAG000030404,EUROTLX,ZAG000030404,Government of South Africa 6.25% 31-MAR-2036
EUROTLX:ZAG000077488,EUROTLX,ZAG000077488,Government of South Africa 6.5% 28-FEB-2041
EUROTLX:ZAG000106998,EUROTLX,ZAG000106998,Government of South Africa 8.0% 31-JAN-2030
EUROTLX:ZAG000107012,EUROTLX,ZAG000107012,Government of South Africa 8.5% 31-JAN-2037
EUROTLX:ZAG000125972,EUROTLX,ZAG000125972,Government of South Africa 8.875% 28-FEB-2035
EUROTLX:ZAG000125980,EUROTLX,ZAG000125980,Government of South Africa 9.0% 31-JAN-2040
EUROTLX:ZAG000195280,EUROTLX,ZAG000195280,Government of South Africa 11.625% 31-MAR-2053
EUROTLX:ZAG000208364,EUROTLX,ZAG000208364,Government of South Africa 10.875% 31-MAR-2038
SIX:ZAR080.ZAR,SIX,XS0084291201,European Bank for Reconstruction & Development 0.0% 31-DEC-2029
SIX:ZAR101.ZAR,SIX,XS0082720698,International Bank for Reconstruction & Development 0.0% 29-DEC-2028
SIX:ZAR153.ZAR,SIX,ZAG000030404,Government of South Africa 6.25% 31-MAR-2036
SIX:ZH20,SIX,CH0536892737,State of Zurich 0.0% 23-JUN-2028
SIX:ZIC20,SIX,CH0525158371,Zurich Insurance Company (UK) Ltd. 0.1% 27-AUG-2032
SIX:ZIC22,SIX,CH1151526204,Zurich Insurance Co. 1.5% 03-MAY-2052
SIX:ZKB139,SIX,CH0330143188,Zurcher Kantonalbank 0.02% 16-AUG-2027
SIX:ZKB153,SIX,CH1148728111,Zurcher Kantonalbank 0.2% 31-JUL-2030
SIX:ZKB161,SIX,CH1405471975,Zurcher Kantonalbank 0.95% 22-JAN-2037
SIX:ZKB162,SIX,CH1446452307,Zurcher Kantonalbank 0.7% 16-MAY-2033
SIX:ZKB163.EUR,SIX,CH1423931653,Zurcher Kantonalbank 2.762% 08-JUL-2030
SIX:ZKB167,SIX,CH1498422992,Zurcher Kantonalbank 1.0% 25-JAN-2036
SIX:ZKB171,SIX,CH0361532945,Zurcher Kantonalbank 3.6% PERP
SIX:ZKB205,SIX,CH0536893321,Zurcher Kantonalbank 1.75% PERP
SIX:ZKB206,SIX,CH0570576121,Zurcher Kantonalbank 0.05% 04-NOV-2032
SIX:ZKB227.EUR,SIX,CH1170565753,Zurcher Kantonalbank 2.02% 13-APR-2028
SIX:ZKB23,SIX,CH1239464709,Zurcher Kantonalbank 2.75% 19-APR-2028
SIX:ZKB231.EUR,SIX,CH1266847149,Zurcher Kantonalbank 4.156% 08-JUN-2029
SIX:ZKB260.EUR,SIX,CH1515238637,Zurcher Kantonalbank 3.622% 17-JUN-2032
SIX:ZUR12,SIX,CH0181377042,City of Zurich 1.5% 12-APR-2032
SIX:ZUR22,SIX,CH1177791840,City of Zurich 0.75% 25-APR-2031
FWB:ZZYC,FWB,XS0076085603,Deutsche Finance Netherlands BV 0.0% 27-MAY-2027
