isin,kind
AEC000730023,etf
AEC000730031,etf
AEC000730049,etf
AEC000730056,etf
AEC01079C220,etf
AEC01080C228,etf
AEC01084C220,etf
AEC01137C226,etf
AEC01272C239,etf
AEC01365C249,etf
AEC01443C244,etf
AEC01574C253,etf
AEC01930C265,etf
AU0000001356,etf
AU0000002339,closedend
AU0000003022,etf
AU0000004368,etf
AU0000005209,closedend
AU0000005886,etf
AU0000005894,etf
AU0000005902,etf
AU0000008203,etf
AU0000009649,closedend
AU000000AAA3,etf
AU000000ACQ5,closedend
AU000000AFI5,closedend
AU000000AIQ2,closedend
AU000000ALI3,closedend
AU000000AMH3,closedend
AU000000ARC3,closedend
AU000000ARG4,closedend
AU000000AUI4,closedend
AU000000BEL0,closedend
AU000000BHD0,closedend
AU000000BKI3,closedend
AU000000BTC7,closedend
AU000000BTI4,closedend
AU000000CAM4,closedend
AU000000CD11,closedend
AU000000CD29,closedend
AU000000CD37,closedend
AU000000CDM8,closedend
AU000000CIN5,closedend
AU000000DJW2,closedend
AU000000FGG6,closedend
AU000000FGX1,closedend
AU000000FPC6,closedend
AU000000FSI7,closedend
AU000000GC18,closedend
AU000000GDF3,reit
AU000000GDX6,etf
AU000000GFL6,closedend
AU000000GOW5,closedend
AU000000GVF5,closedend
AU000000IAA6,etf
AU000000IAF5,etf
AU000000IBC0,closedend
AU000000IEM3,etf
AU000000IEU6,etf
AU000000IGB1,etf
AU000000IHD5,etf
AU000000IJH2,etf
AU000000IJP5,etf
AU000000IJR1,etf
AU000000IKO6,etf
AU000000ILB1,etf
AU000000ILC9,etf
AU000000INV5,closedend
AU000000IOO8,etf
AU000000IOZ4,etf
AU000000ISO9,etf
AU000000IVE4,etf
AU000000IVV8,etf
AU000000IXI1,etf
AU000000IXJ9,etf
AU000000IZZ0,etf
AU000000KAT2,closedend
AU000000LRT4,closedend
AU000000LSX4,closedend
AU000000MEC6,closedend
AU000000MVA4,etf
AU000000MVB2,etf
AU000000MVE6,etf
AU000000MVR8,etf
AU000000MVS6,etf
AU000000MVW8,etf
AU000000MXT0,closedend
AU000000NAC2,closedend
AU000000NCC8,closedend
AU000000NDQ6,etf
AU000000NGE5,closedend
AU000000NSC4,closedend
AU000000OEQ2,closedend
AU000000OOO6,etf
AU000000OZF0,etf
AU000000OZR5,etf
AU000000PGF7,closedend
AU000000PIA4,closedend
AU000000PIC0,closedend
AU000000PL81,closedend
AU000000QAU7,etf
AU000000QFN1,etf
AU000000QOZ7,etf
AU000000QRE5,etf
AU000000QUS9,etf
AU000000RCB1,etf
AU000000RDV7,etf
AU000000RGB2,etf
AU000000RSM4,etf
AU000000RYD1,closedend
AU000000SEC3,closedend
AU000000SFY4,etf
AU000000SLF1,etf
AU000000SNC4,closedend
AU000000SPY3,etf
AU000000SSO8,etf
AU000000STW9,etf
AU000000SYI8,etf
AU000000TEK4,closedend
AU000000TOP2,closedend
AU000000USD7,etf
AU000000VAE1,etf
AU000000VAF8,etf
AU000000VAP7,etf
AU000000VAS1,etf
AU000000VCF4,etf
AU000000VEQ7,etf
AU000000VEU9,etf
AU000000VGB4,etf
AU000000VGE8,etf
AU000000VGS8,etf
AU000000VHY4,etf
AU000000VIF1,etf
AU000000VLC2,etf
AU000000VSO2,etf
AU000000VTS1,etf
AU000000WAA7,closedend
AU000000WAM2,closedend
AU000000WAX9,closedend
AU000000WHF1,closedend
AU000000WLE6,closedend
AU000000WMI5,closedend
AU0000017071,closedend
AU0000018103,etf
AU0000022055,etf
AU0000022063,etf
AU0000022071,etf
AU0000022089,etf
AU0000022386,etf
AU0000022485,etf
AU0000022501,etf
AU0000023202,closedend
AU0000026163,etf
AU0000026171,etf
AU0000026189,etf
AU0000026429,etf
AU0000026569,closedend
AU0000027708,etf
AU0000028110,etf
AU0000028185,etf
AU0000031700,etf
AU0000039521,closedend
AU0000040776,closedend
AU0000041204,etf
AU0000041212,etf
AU0000041261,closedend
AU0000043069,etf
AU0000043838,etf
AU0000044786,etf
AU0000044984,etf
AU0000045585,closedend
AU0000049553,etf
AU0000050353,etf
AU0000051054,etf
AU0000053126,etf
AU0000058596,etf
AU0000059586,etf
AU0000059594,etf
AU0000059602,etf
AU0000059610,etf
AU0000060014,closedend
AU0000061186,etf
AU0000063901,etf
AU0000067514,closedend
AU0000075467,etf
AU0000076606,etf
AU0000078651,etf
AU0000078669,etf
AU0000087728,etf
AU0000087736,etf
AU0000088494,etf
AU0000088502,etf
AU0000089732,etf
AU0000090490,etf
AU0000090508,etf
AU0000092033,etf
AU0000096125,etf
AU00000A2000,etf
AU00000AUDS2,etf
AU00000AUMF0,etf
AU00000AUST8,etf
AU00000BBOZ2,etf
AU00000BBUS4,etf
AU00000BEAR2,etf
AU00000BILL3,etf
AU00000BNKS0,etf
AU00000BOND4,etf
AU00000CETF5,etf
AU00000DJRE9,etf
AU00000DRUG1,etf
AU00000ESTX4,etf
AU00000ETHI8,etf
AU00000EX202,etf
AU00000FAIR4,etf
AU00000FLOT5,etf
AU00000FOOD3,etf
AU00000FUEL4,etf
AU00000GEAR1,etf
AU00000GGUS2,etf
AU00000GOLD7,etf
AU00000GOVT2,etf
AU00000GROW4,etf
AU00000HACK8,etf
AU00000HBRD9,etf
AU00000HEUR7,etf
AU00000HJPN5,etf
AU00000HVST1,etf
AU00000IFRA4,etf
AU00000IHCB0,etf
AU00000IHEB6,etf
AU00000IHHY1,etf
AU00000IHOO8,etf
AU00000IHVV8,etf
AU00000IHWL7,etf
AU00000ISEC1,etf
AU00000IWLD6,etf
AU00000MICH7,etf
AU00000MNRS2,etf
AU00000MOAT4,etf
AU00000MOGL8,etf
AU00000MVOL7,etf
AU00000PAXX0,etf
AU00000PIXX3,etf
AU00000PLUS3,etf
AU00000QMIX4,etf
AU00000QPON6,etf
AU00000QUAL9,etf
AU00000RARI9,etf
AU00000ROBO2,etf
AU00000SMLL9,etf
AU00000SWTZ1,etf
AU00000TECH1,etf
AU00000UMAX3,etf
AU00000VACF9,etf
AU00000VBND9,etf
AU00000VDBA6,etf
AU00000VDCO5,etf
AU00000VDGR9,etf
AU00000VDHG0,etf
AU00000VGAD5,etf
AU00000WDIV5,etf
AU00000WDMF0,etf
AU00000WEMG6,etf
AU00000WRLD7,etf
AU00000WVOL6,etf
AU00000WXHG6,etf
AU00000WXOZ2,etf
AU00000YANK0,etf
AU00000YMAX5,etf
AU00000ZYAU3,etf
AU00000ZYUS5,etf
AU0000102667,etf
AU0000102675,etf
AU0000102683,etf
AU0000103012,etf
AU0000103533,etf
AU0000106049,etf
AU0000108771,closedend
AU0000110827,closedend
AU0000111981,etf
AU0000121287,etf
AU0000133324,etf
AU0000134876,etf
AU0000135543,etf
AU0000137788,etf
AU0000137796,etf
AU0000137804,etf
AU0000150880,etf
AU0000153678,etf
AU0000155707,closedend
AU0000163230,etf
AU0000169120,etf
AU0000169229,etf
AU0000170201,etf
AU0000171969,etf
AU0000175424,closedend
AU0000186165,closedend
AU0000187452,etf
AU0000187759,etf
AU0000187767,etf
AU0000187809,etf
AU0000192668,etf
AU0000202756,etf
AU0000204737,etf
AU0000207904,etf
AU0000220139,etf
AU0000220204,etf
AU0000221384,etf
AU0000227589,etf
AU0000227696,etf
AU0000227712,etf
AU0000233264,etf
AU0000233397,etf
AU0000233702,etf
AU0000233710,etf
AU0000233744,etf
AU0000236804,etf
AU0000237406,etf
AU0000238560,etf
AU0000240558,etf
AU0000242273,etf
AU0000242430,etf
AU0000242596,etf
AU0000247777,etf
AU0000249088,etf
AU0000249336,etf
AU0000251852,etf
AU0000251860,etf
AU0000251878,etf
AU0000251886,etf
AU0000253510,closedend
AU0000254278,etf
AU0000264269,etf
AU0000264533,etf
AU0000267791,etf
AU0000268849,etf
AU0000269854,etf
AU0000269961,etf
AU0000269987,etf
AU0000269995,etf
AU0000271710,etf
AU0000271728,etf
AU0000271736,etf
AU0000272619,etf
AU0000272825,etf
AU0000273229,etf
AU0000274318,etf
AU0000275091,etf
AU0000278400,etf
AU0000286684,etf
AU0000292823,etf
AU0000292831,etf
AU0000292849,etf
AU0000292930,etf
AU0000293300,etf
AU0000295180,etf
AU0000295198,etf
AU0000295206,etf
AU0000297400,etf
AU0000297418,etf
AU0000297426,etf
AU0000300840,etf
AU0000301343,etf
AU0000301756,etf
AU0000302606,etf
AU0000302838,etf
AU0000302846,etf
AU0000302853,etf
AU0000302960,etf
AU0000307944,etf
AU0000307951,etf
AU0000307969,etf
AU0000307977,etf
AU0000317414,etf
AU0000324113,etf
AU0000324295,etf
AU0000324428,etf
AU0000326472,etf
AU0000326480,etf
AU0000327108,etf
AU0000327116,etf
AU0000327132,etf
AU0000327900,etf
AU0000328262,etf
AU0000330482,etf
AU0000333247,etf
AU0000333882,etf
AU0000333890,etf
AU0000333908,etf
AU0000333916,etf
AU0000334385,etf
AU0000334450,etf
AU0000334476,etf
AU0000334666,etf
AU0000335416,etf
AU0000335424,etf
AU0000335879,etf
AU0000336505,etf
AU0000336950,etf
AU0000340655,etf
AU0000340952,etf
AU0000341117,etf
AU0000347932,etf
AU0000348955,etf
AU0000349730,etf
AU0000350209,etf
AU0000352320,etf
AU0000352783,etf
AU0000353534,etf
AU0000357006,etf
AU0000357675,etf
AU0000358962,etf
AU0000371767,etf
AU0000379026,etf
AU0000379034,etf
AU0000379604,etf
AU0000379935,etf
AU0000379943,etf
AU0000381410,etf
AU0000381428,etf
AU0000381824,etf
AU0000383986,etf
AU0000389512,etf
AU0000390049,etf
AU0000391237,etf
AU0000392144,etf
AU0000392169,etf
AU0000392623,etf
AU0000393365,etf
AU0000393373,etf
AU0000393381,etf
AU0000395816,etf
AU0000396475,etf
AU0000401085,etf
AU0000404873,etf
AU0000405227,etf
AU0000405474,etf
AU0000406407,etf
AU0000409898,etf
AU0000409906,etf
AU0000409914,etf
AU0000411423,etf
AU0000412595,etf
AU0000413866,etf
AU0000414286,mutual
AU0000416646,etf
AU0000417941,etf
AU0000419277,etf
AU0000420358,etf
AU0000422511,etf
AU0000422974,etf
AU0000423923,etf
AU0000424632,etf
AU0000424780,etf
AU0000426330,etf
AU0000427098,etf
AU0000429417,etf
AU0000430837,etf
AU0000431827,etf
AU0000432668,etf
AU0000434920,closedend
AU0000440166,closedend
AU0000448995,etf
AU0000451031,etf
AU0000451924,etf
AU0000451932,etf
AU0000453011,etf
AU0000453433,etf
AU0000455305,reit
AU0000456436,etf
AU0000456444,etf
AU0000456451,etf
AU0000459356,etf
AU0000459737,etf
AU0000461444,etf
AU0000462194,etf
AU0000463143,etf
AU0000465171,etf
AU0000465189,etf
AU0000465197,etf
AU0000465478,etf
AU0000465486,etf
AU0000466856,etf
AU0000467086,etf
AU0000467235,etf
AU0000467649,etf
AU0000467763,etf
AU0000469637,etf
AU0000469959,etf
AU0000471880,etf
AU0000473084,etf
AU0000473266,etf
AU0000477051,etf
AU0000477069,etf
AU0000477077,etf
AU0000477721,etf
AU0000478786,etf
AU0000478794,etf
AU0000478802,etf
AU0000478810,etf
AU0000478828,etf
AU000ETPMAG8,etf
AU000ETPMPD3,etf
AU000ETPMPM4,etf
AU000ETPMPT9,etf
AU000PMGOLD8,etf
AU60AAP00013,etf
AU60AAP36017,mutual
AU60AAP36561,etf
AU60AAP82854,mutual
AU60BFL00209,etf
AU60BFL33333,mutual
AU60BPF00291,etf
AU60DFA00034,etf
AU60DFA00042,etf
AU60DFA00091,etf
AU60DFA01016,etf
AU60DFA01024,etf
AU60DFA01065,etf
AU60ETL03901,etf
AU60ETL03919,etf
AU60ETL05351,etf
AU60ETL38154,etf
AU60ETL77426,etf
AU60ETL81113,etf
AU60ETL99305,etf
AU60FRT00091,etf
AU60FRT00273,etf
AU60HOW01641,etf
AU60HOW10006,etf
AU60MGE97056,etf
AU60MMC01100,etf
AU60OMF11405,etf
AU60OPH00027,mutual
AU60PIM00581,etf
AU60PIM18120,etf
AU60PIM19250,mutual
AU60PIM75906,etf
AU60SLT21713,etf
AU60SSB00264,etf
AU60SSB01262,etf
AU60TGP00085,etf
AU60TGP00168,etf
AU60TGP00341,etf
AU60WHT00154,etf
AU60WHT00618,etf
AU60WHT14643,mutual
AU60WHT18412,etf
AU60WHT30938,etf
AU60WHT57253,etf
AU60WHT77947,etf
AU60WHT84356,etf
AU60ZIL77911,etf
BD0167GMFO28,closedend
BD0168PFMF19,mutual
BD0169EBMF15,closedend
BD0170IAMC20,closedend
BD0171IPFO19,closedend
BD0172TBMF13,closedend
BD0173PMIF19,closedend
BD0174DBHF16,closedend
BD0175IFIC18,closedend
BD0176PHMF17,mutual
BD0177INRB32,mutual
BD0178JBMF19,mutual
BD0179GDMF19,closedend
BD0180PLMF15,closedend
BD0181IIMF18,mutual
BD0182PHPF16,mutual
BD0183AIBF17,closedend
BD0184MBLF17,closedend
BD0186ENRB19,closedend
BD0187RIMF11,closedend
BD0188LRMF15,closedend
BD0189ABMF15,closedend
BD0191BFIF12,closedend
BD0192NCCF16,closedend
BD0193ISMF12,closedend
BD0194EXIM15,closedend
BD0198VRBBF2,closedend
BD0199CMBDF7,closedend
BD0200SEIBF5,closedend
BD0201IABMF4,closedend
BD0202CMIBF8,closedend
BD0203SEFGF4,closedend
BD0205CGBGF7,closedend
BE0002393651,etf
BE0003730448,closedend
BG1100018057,reit
BG9000002196,etf
BG9000002212,closedend
BG9000003202,etf
BG9000011163,etf
BGCROEX03189,etf
BGCZPX003174,etf
BGGRASE06174,etf
BGHUBUX01189,etf
BGMACMB06181,etf
BGPLWIG04173,etf
BGROBET05176,etf
BGSKSAX04187,etf
BGSLOBI02187,etf
BGSRBBE05183,etf
BMG3156P1032,closedend
BMG3163K1053,closedend
BMG670131058,closedend
BMG6936M1001,closedend
BMG917071026,closedend
BR03BKCTF019,etf
BR10BKCTF006,etf
BR3PRECTF003,etf
BR5PRECTF008,etf
BRAAGRCTF017,mutual
BRAAZQCTF001,closedend
BRABCPCTF000,mutual
BRABTCCTF002,etf
BRACWICTF001,etf
BRADSHCTF009,closedend
BRAFHFCTF001,mutual
BRAFHICTF005,closedend
BRAGRICTF002,etf
BRAGRXCTF001,closedend
BRAIECCTF009,closedend
BRAJFICTF001,mutual
BRALMICTF003,closedend
BRALUGCTF000,etf
BRALUPCDAM15,etf
BRALZCCTF016,closedend
BRALZRCTF006,closedend
BRAMABCTF001,mutual
BRANCRCTF001,mutual
BRAPTOCTF007,closedend
BRAPXMCTF003,closedend
BRAPXRCTF002,mutual
BRAPXUCTF006,closedend
BRAREACTF004,etf
BRARGECTF001,etf
BRAROACTF003,closedend
BRARRICTF009,mutual
BRARTECTF004,closedend
BRARXDCTF008,closedend
BRASRFCTF003,closedend
BRATSACTF000,closedend
BRAUPOCTF005,etf
BRAURBCTF008,closedend
BRAUROCTF001,etf
BRAUVPCTF000,etf
BRAVURCTF006,closedend
BRAVURCTF014,closedend
BRAZINCTF019,closedend
BRAZPLCTF000,closedend
BRB3BRCTF009,etf
BRB5MBCTF005,etf
BRB5P2CTF001,etf
BRBBFOCTF004,closedend
BRBBGOCTF002,closedend
BRBBIGCTF004,mutual
BRBBOICTF008,etf
BRBBOVCTF001,etf
BRBBRCCTF004,closedend
BRBBSDCTF000,etf
BRBCDICTF009,closedend
BRBCIACTF005,closedend
BRBCICCTF001,etf
BRBCRICTF009,closedend
BRBDAPCTF008,etf
BRBDEFCTF001,etf
BRBDIFCTF002,closedend
BRBDIVCTF009,closedend
BRBDOMCTF006,etf
BRBESTCTF000,etf
BRBFCCCTF007,closedend
BRBGRBCTF005,mutual
BRBICECTF007,closedend
BRBIDBCTF001,closedend
BRBIMECTF006,closedend
BRBINCCTF008,mutual
BRBISECTF003,closedend
BRBITCCTF013,etf
BRBITHCTF004,etf
BRBITICTF010,etf
BRBIZDCTF000,etf
BRBLCACTF009,closedend
BRBLFTCTF002,etf
BRBLMGCTF005,mutual
BRBLMOCTF009,mutual
BRBLOGCTF001,mutual
BRBMLCCTF004,closedend
BRBMMTCTF006,etf
BRBNDXCTF005,etf
BRBNFSCTF000,closedend
BRBNKSCTF000,etf
BRBODBCTF009,closedend
BRBODICTF004,closedend
BRBOL5CTF001,etf
BRBOVACTF003,etf
BRBOVBCTF001,etf
BRBOVSCTF005,etf
BRBOVVCTF009,etf
BRBOVXCTF005,etf
BRBPACUNT006,etf
BRBPMLCTF006,closedend
BRBPRECTF018,etf
BRBRAXCTF002,etf
BRBRAZCTF007,etf
BRBRBICDAM10,etf
BRBRCOCTF007,closedend
BRBRCRCTF000,closedend
BRBREWCTF006,etf
BRBRFTCTF009,closedend
BRBRIPCTF001,closedend
BRBROFCTF000,closedend
BRBRXCCTF008,etf
BRBRZPCTF005,mutual
BRBSLTCTF005,closedend
BRBTAGCTF003,closedend
BRBTALCTF003,mutual
BRBTCICTF005,closedend
BRBTERCTF002,etf
BRBTHFCTF000,mutual
BRBTHICTF004,closedend
BRBTLGCTF000,closedend
BRBTRACTF000,closedend
BRBTRUCTF008,closedend
BRBTYUCTF004,mutual
BRBULZCTF008,etf
BRBVBRCTF004,etf
BRBXPOCTF007,etf
BRBZEQCTF001,etf
BRCACRCTF004,closedend
BRCAPECTF020,etf
BRCARECTF000,closedend
BRCASACTF014,etf
BRCAUTCTF002,closedend
BRCBOPCTF001,mutual
BRCCMECTF007,closedend
BRCDIBCTF009,etf
BRCDIICTF012,closedend
BRCEOCCTF003,closedend
BRCFIICTF009,closedend
BRCHIPCTF000,etf
BRCJCTCTF001,closedend
BRCLINCTF007,closedend
BRCLOBCTF000,etf
BRCMDBCTF001,etf
BRCNESCTF001,closedend
BRCOINCTF019,etf
BRCOPNCTF006,mutual
BRCORNCTF002,etf
BRCPDICTF017,mutual
BRCPLGCTF006,closedend
BRCPOFCTF002,closedend
BRCPSHCTF017,closedend
BRCPTICTF005,closedend
BRCPTRCTF006,closedend
BRCPTSCTF004,closedend
BRCPURCTF004,mutual
BRCRAACTF008,closedend
BRCRFFCTF006,closedend
BRCRPTCTF006,etf
BRCTEMCTF001,mutual
BRCTXTCTF014,closedend
BRCXAGCTF003,closedend
BRCXCECTF004,closedend
BRCXCICTF005,closedend
BRCXCOCTF003,mutual
BRCXRICTF003,closedend
BRCXTLCTF003,closedend
BRCYCRCTF004,closedend
BRCYLDCTF005,closedend
BRDAMACTF007,closedend
BRDAMTCTF007,mutual
BRDAYMCTF007,closedend
BRDBINCTF006,mutual
BRDCRACTF002,closedend
BRDEBBCTF000,etf
BRDEFICTF006,etf
BRDEVACTF000,closedend
BRDIVDCTF005,etf
BRDIVOCTF002,etf
BRDIVSCTF003,closedend
BRDOLACTF018,etf
BRDOLBCTF008,etf
BRDOLXCTF002,etf
BRDPROCTF005,closedend
BRDVERCTF038,etf
BRDVLPCTF003,mutual
BREBITCTF001,etf
BRECOOCTF008,etf
BREDFOCTF004,closedend
BREDGACTF001,closedend
BREDGECTF003,mutual
BREETHCTF007,etf
BREGAFCTF006,closedend
BREGDBCTF009,mutual
BREIRACTF007,mutual
BRELASCTF009,etf
BREMETCTF007,mutual
BRENDDCTF001,closedend
BRENGICDAM16,etf
BREQIRCTF003,closedend
BRERPACTF002,mutual
BRESGBCTF007,etf
BRESUTCTF000,closedend
BRETHECTF007,etf
BRETHYCTF005,etf
BREUATCTF008,etf
BREUROCTF011,closedend
BREWBZCTF009,etf
BREXESCTF006,closedend
BREXIFCTF012,mutual
BRFAEDCTF003,closedend
BRFAMBCTF018,closedend
BRFATNCTF000,closedend
BRFCFLCTF009,closedend
BRFDESCTF005,closedend
BRFGAACTF004,closedend
BRFIGSCTF009,closedend
BRFIIBCTF001,closedend
BRFIIPCTF001,closedend
BRFINDCTF007,etf
BRFISCCTF008,mutual
BRFIVNCTF009,closedend
BRFIXACTF002,etf
BRFIXXCTF012,etf
BRFLCRCTF004,mutual
BRFLMACTF009,closedend
BRFLRPCTF006,closedend
BRFMOFCTF010,closedend
BRFNAMCTF013,closedend
BRFNORCTF013,mutual
BRFOMOCTF004,etf
BRFPABCTF011,closedend
BRFPNGCTF005,mutual
BRFTCACTF011,mutual
BRFVPQCTF015,closedend
BRFYTOCTF008,mutual
BRFZDACTF008,closedend
BRGAMECTF002,closedend
BRGARECTF001,closedend
BRGBITCTF006,etf
BRGBTCCTF009,etf
BRGCDLCTF002,closedend
BRGCRACTF005,closedend
BRGCRICTF008,closedend
BRGDIVCTF008,etf
BRGENBCTF008,etf
BRGFDLCTF005,mutual
BRGGRCCTF002,closedend
BRGICPCTF002,etf
BRGLDICTF009,etf
BRGLDXCTF016,etf
BRGLFTCTF001,etf
BRGLPFCTF009,mutual
BRGOATCTF006,etf
BRGOLBCTF001,etf
BRGOLDCTF015,etf
BRGOLXCTF005,etf
BRGOVECTF004,etf
BRGPCACTF009,etf
BRGPUSCTF003,etf
BRGRULCTF004,mutual
BRGRWACTF003,closedend
BRGSFICTF009,closedend
BRGSRFCTF000,closedend
BRGTWRCTF003,closedend
BRGXUSCTF007,etf
BRGZITCTF005,closedend
BRHAAACTF003,mutual
BRHABTCTF001,closedend
BRHASHCTF018,etf
BRHBCRCTF001,mutual
BRHCRICTF006,closedend
BRHCTRCTF003,closedend
BRHDELCTF006,closedend
BRHDOFCTF007,closedend
BRHERTCTF009,etf
BRHFOFCTF002,closedend
BRHGAGCTF007,closedend
BRHGBLCTF005,mutual
BRHGBRCTF002,etf
BRHGBSCTF000,closedend
BRHGCRCTF000,closedend
BRHGICCTF009,mutual
BRHGLGCTF004,closedend
BRHGRECTF006,closedend
BRHGRUCTF002,mutual
BRHIGHCTF008,etf
BRHIRECTF002,mutual
BRHLOGCTF008,closedend
BRHODLCTF005,etf
BRHOFCCTF009,mutual
BRHOMSCTF001,mutual
BRHOSICTF009,mutual
BRHPDPCTF003,closedend
BRHRDFCTF000,closedend
BRHRECCTF005,closedend
BRHSAFCTF004,closedend
BRHSLGCTF009,closedend
BRHSMLCTF007,closedend
BRHTEKCTF004,etf
BRHTMXCTF000,closedend
BRHUCGCTF004,closedend
BRHYBRCTF005,etf
BRIAAGCTF008,closedend
BRIAGRCTF002,closedend
BRIB5MCTF008,etf
BRIBBPCTF005,mutual
BRIBCRCTF009,closedend
BRIBOBCTF008,etf
BRIBOVINDM18,etf
BRICNECTF002,closedend
BRICRICTF004,closedend
BRIDKACTF004,etf
BRIFRACTF004,closedend
BRIFRICTF007,closedend
BRIGTICDAM16,etf
BRIMABCTF004,etf
BRIMBBCTF002,etf
BRIMMBCTF009,closedend
BRINDECTF000,closedend
BRINFBCTF001,closedend
BRINHFCTF008,closedend
BRINLGCTF008,closedend
BRINRDCTF002,closedend
BRIRFMCTF009,etf
BRIRIFCTF007,mutual
BRIRIMCTF003,closedend
BRISENCTF016,mutual
BRISETCTF021,mutual
BRISNTCTF006,mutual
BRISTTCTF003,mutual
BRISUSCTF003,etf
BRITIPCTF002,closedend
BRITITCTF004,closedend
BRITRICTF008,closedend
BRIVVBCTF001,etf
BRIVWOCTF002,etf
BRIWMICTF003,etf
BRJASCCTF007,closedend
BRJCCJCTF002,closedend
BRJFLLCTF002,mutual
BRJGPXCTF006,closedend
BRJMBICTF005,mutual
BRJOGOCTF008,etf
BRJPPACTF005,closedend
BRJPRDCTF005,closedend
BRJSAFCTF000,closedend
BRJSCRCTF001,closedend
BRJSRECTF007,closedend
BRJUROCTF002,closedend
BRKCRECTF009,closedend
BRKDIFCTF003,closedend
BRKDOLCTF009,mutual
BRKFOFCTF006,mutual
BRKISUCTF000,closedend
BRKLBNCDAM18,etf
BRKNCACTF006,closedend
BRKNCRCTF000,closedend
BRKNDICTF015,mutual
BRKNHFCTF004,closedend
BRKNHYCTF005,closedend
BRKNIPCTF001,mutual
BRKNOXCTF003,closedend
BRKNPRCTF002,closedend
BRKNRECTF006,mutual
BRKNRICTF007,closedend
BRKNSCCTF008,closedend
BRKNUQCTF004,closedend
BRKONGCTF008,closedend
BRKOPACTF006,closedend
BRKORECTF012,closedend
BRLAFICTF007,mutual
BRLASCCTF003,closedend
BRLFINCTF000,etf
BRLFIXCTF009,etf
BRLFTBCTF002,etf
BRLFTICTF007,etf
BRLFTSCTF006,etf
BRLFTXCTF006,etf
BRLIFECTF017,closedend
BRLIQBCTF002,etf
BRLLFTCTF001,etf
BRLMAICTF003,closedend
BRLPLPCTF008,closedend
BRLRDICTF006,mutual
BRLSAGCTF004,closedend
BRLSOPCTF006,mutual
BRLTBXCTF005,etf
BRLTNBCTF006,etf
BRLVBICTF002,closedend
BRLVOLCTF009,etf
BRMAGMCTF005,mutual
BRMANACTF006,mutual
BRMARGCTF012,etf
BRMATBCTF001,etf
BRMAXRCTF009,closedend
BRMCCICTF008,mutual
BRMCLOCTF007,mutual
BRMCRECTF013,closedend
BRMETACTF013,etf
BRMFIICTF008,closedend
BRMGHTCTF005,closedend
BRMIDBCTF008,etf
BRMIDWCTF004,closedend
BRMILLCTF018,etf
BRMMVECTF006,closedend
BRMXRFCTF008,closedend
BRNASDCTF007,etf
BRNAVTCTF015,closedend
BRNB02CTF007,etf
BRNB05CTF000,etf
BRNB10CTF000,etf
BRNBITCTF002,etf
BRNBOVCTF006,etf
BRNCDICTF004,etf
BRNCRICTF004,closedend
BRNDIVCTF004,etf
BRNEWLCTF004,mutual
BRNEWUCTF005,closedend
BRNEXGCTF002,closedend
BRNLFACTF007,etf
BRNSDVCTF003,etf
BRNSLUCTF008,closedend
BRNTNFCTF003,etf
BRNTNSCTF006,etf
BRNUCLCTF002,etf
BRNUIFCTF001,mutual
BRNVHOCTF003,mutual
BROCRECTF001,closedend
BROGINCTF010,closedend
BROIAGCTF009,closedend
BROLEOCTF009,mutual
BRONDACTF006,closedend
BROROFCTF003,etf
BROUJPCTF006,closedend
BROUROCTF002,etf
BRPABYCTF012,mutual
BRPACBCTF000,etf
BRPACCCTF008,etf
BRPACGCTF009,etf
BRPACLCTF009,etf
BRPATACTF006,closedend
BRPATCCTF002,closedend
BRPCIPCTF003,closedend
BRPDBMCTF003,mutual
BRPEMACTF003,closedend
BRPEVCCTF000,etf
BRPFINCTF001,closedend
BRPFJRCTF000,etf
BRPHIPCTF002,etf
BRPIBBCTF005,etf
BRPICECTF007,closedend
BRPIPECTF009,etf
BRPKINCTF001,etf
BRPLAGCTF000,mutual
BRPLCACTF009,closedend
BRPLRICTF000,closedend
BRPLTBCTF001,closedend
BRPMISCTF006,mutual
BRPMLLCTF005,closedend
BRPMRLCTF002,mutual
BRPNPRCTF001,closedend
BRPORDCTF005,closedend
BRPOSBCTF007,etf
BRPPEICTF009,closedend
BRPPLAUNT007,etf
BRPQAGCTF009,mutual
BRPQDPCTF004,closedend
BRPRAFCTF017,etf
BRPREECTF012,closedend
BRPREXCTF004,etf
BRPRIFCTF002,mutual
BRPRSNCTF005,closedend
BRPRSVCTF008,closedend
BRPSECCTF006,mutual
BRPVBICTF003,closedend
BRQBTCCTF008,etf
BRQDFICTF000,etf
BRQETHCTF001,etf
BRQLBRCTF003,etf
BRQQQICTF009,etf
BRQQQQCTF002,etf
BRQSOLCTF004,etf
BRRARACTF006,etf
BRRBDSCTF006,closedend
BRRBFMCTF004,closedend
BRRBFYCTF009,closedend
BRRBHGCTF002,closedend
BRRBHYCTF005,closedend
BRRBIFCTF002,closedend
BRRBIRCTF007,mutual
BRRBLGCTF004,closedend
BRRBOPCTF009,closedend
BRRBRDCTF008,closedend
BRRBRICTF007,closedend
BRRBRLCTF001,closedend
BRRBRPCTF002,closedend
BRRBRRCTF008,closedend
BRRBRSCTF006,closedend
BRRBRXCTF006,closedend
BRRBRYCTF004,closedend
BRRBVACTF006,closedend
BRRCFACTF007,mutual
BRRCFFCTF006,closedend
BRRCRBCTF000,closedend
BRRCRICTF021,mutual
BRRDLICTF006,closedend
BRRECDCTF004,mutual
BRRECMCTF005,closedend
BRRECRCTF004,closedend
BRRECTCTF000,closedend
BRREMECTF001,mutual
BRREVECTF002,etf
BRRICOCTF002,etf
BRRIFFCTF003,mutual
BRRINVCTF004,closedend
BRRMBSCTF007,mutual
BRRNGOCTF003,closedend
BRROCACTF009,closedend
BRROOFCTF003,closedend
BRRPRICTF007,closedend
BRRSPDCTF006,closedend
BRRTELCTF027,mutual
BRRURACTF004,closedend
BRRZAGCTF006,closedend
BRRZAKCTF008,mutual
BRRZATCTF009,closedend
BRRZDLCTF000,mutual
BRRZEOCTF010,mutual
BRRZLCCTF002,mutual
BRRZTRCTF003,closedend
BRRZZRCTF000,mutual
BRSANBCDAM13,etf
BRSAPICTF001,closedend
BRSAPRCDAM13,etf
BRSCPFCTF003,closedend
BRSCVBCTF000,etf
BRSELICTF010,etf
BRSEQRCTF002,closedend
BRSFIXCTF012,etf
BRSHPHCTF008,closedend
BRSHPPCTF001,mutual
BRSILKCTF009,etf
BRSJAUCTF009,closedend
BRSLVRCTF007,etf
BRSMABCTF003,etf
BRSMACCTF001,etf
BRSMALCTF002,etf
BRSMRECTF001,mutual
BRSNAGCTF000,closedend
BRSNELCTF010,closedend
BRSNFFCTF001,closedend
BRSNFZCTF009,closedend
BRSNIDCTF018,closedend
BRSNMECTF000,closedend
BRSOLHCTF003,etf
BRSPBZCTF003,etf
BRSPTWCTF002,closedend
BRSPUBCTF004,etf
BRSPVTCTF004,etf
BRSPXBCTF008,etf
BRSPXHCTF005,etf
BRSPXICTF003,etf
BRSPXRCTF004,etf
BRSPXSCTF002,closedend
BRSPXUCTF008,etf
BRSPYICTF001,etf
BRSPYRCTF002,etf
BRSUINCTF004,closedend
BRSVALCTF003,etf
BRT10RCTF003,etf
BRTAEECDAM10,etf
BRTD35CTF000,etf
BRTD50CTF009,etf
BRTD60CTF008,etf
BRTECKCTF005,etf
BRTECXCTF008,etf
BRTELMCTF002,mutual
BRTEPPCTF006,closedend
BRTGARCTF009,closedend
BRTJKBCTF006,mutual
BRTMPSCTF003,closedend
BRTOPPCTF013,mutual
BRTOPYCTF007,etf
BRTORDCTF015,closedend
BRTRBLCTF007,closedend
BRTRIGCTF010,etf
BRTRNTCTF013,closedend
BRTRPLCTF007,closedend
BRTRPLCTF015,closedend
BRTRUECTF002,closedend
BRTRXBCTF002,closedend
BRTRXFCTF003,closedend
BRTRXYCTF004,mutual
BRTVRICTF001,closedend
BRURHFCTF004,mutual
BRURPRCTF002,closedend
BRUSDBCTF000,etf
BRUSTKCTF007,etf
BRUTECCTF004,etf
BRUTLICTF006,etf
BRUTLLCTF000,etf
BRVCJRCTF005,mutual
BRVCRACTF004,closedend
BRVCRICTF007,closedend
BRVCRRCTF008,closedend
BRVGHFCTF005,mutual
BRVGIACTF004,closedend
BRVGIPCTF002,mutual
BRVGRICTF008,closedend
BRVHFACTF008,mutual
BRVIGTCTF004,mutual
BRVILGCTF001,closedend
BRVINFCTF017,closedend
BRVINOCTF001,mutual
BRVISCCTF005,closedend
BRVIURCTF009,closedend
BRVOTSCTF007,mutual
BRVPPRCTF004,mutual
BRVPSICTF007,closedend
BRVRTACTF008,closedend
BRVRTMCTF003,closedend
BRVSHOCTF002,mutual
BRVSLHCTF008,closedend
BRVVCOCTF007,closedend
BRVVCRCTF000,closedend
BRVVDICTF007,closedend
BRVVMRCTF009,closedend
BRVVRICTF007,closedend
BRVWRACTF002,etf
BRVXXVCTF004,mutual
BRWEB3CTF005,etf
BRWEJRCTF009,etf
BRWHGRCTF008,closedend
BRWPLZCTF004,closedend
BRWRLDCTF007,etf
BRWTSPCTF002,closedend
BRXB30CTF007,etf
BRXB35CTF006,etf
BRXB45CTF005,etf
BRXB50CTF005,etf
BRXB60CTF004,etf
BRXBCICTF007,etf
BRXBITCTF001,etf
BRXBOVCTF005,etf
BRXCAPCTF004,etf
BRXETHCTF007,etf
BRXFIXCTF004,etf
BRXINACTF006,etf
BRXLPRCTF009,closedend
BRXPCACTF004,closedend
BRXPCICTF007,mutual
BRXPCMCTF009,closedend
BRXPIDCTF005,closedend
BRXPIECTF003,mutual
BRXPLGCTF002,closedend
BRXPMLCTF000,closedend
BRXPSFCTF009,closedend
BRXRPHCTF007,etf
BRXSPICTF003,etf
BRZAGHCTF007,mutual
BRZAVCCTF007,closedend
BRZAVICTF004,closedend
CA00110M1086,etf
CA0011121013,etf
CA0011191065,etf
CA00111C1095,etf
CA00111P1009,etf
CA00113F1009,etf
CA00435W1041,etf
CA00436P1080,etf
CA00436Y1097,etf
CA00436Y2087,etf
CA00437K1084,etf
CA00440A1057,etf
CA00792A1093,etf
CA00792X1096,etf
CA00845K1049,etf
CA00851N1096,etf
CA00851P1045,etf
CA0169161084,etf
CA02080B1040,etf
CA02314T1030,etf
CA02342C3049,etf
CA03783G1019,etf
CA04273V1031,etf
CA04274B1067,etf
CA04276B1040,etf
CA05353H1047,etf
CA05353J1003,etf
CA05353M1032,etf
CA05353P1062,etf
CA05353Q1046,etf
CA05353R1029,etf
CA05353U1057,etf
CA05353V1031,etf
CA05353X1096,etf
CA0539201040,etf
CA0539271092,etf
CA0549712051,closedend
CA05560D1024,etf
CA05560F1071,etf
CA05560G1054,etf
CA05560J1093,etf
CA05560R1010,etf
CA05560U1049,etf
CA05560U3029,etf
CA05560U4019,etf
CA0556561029,etf
CA0556851016,etf
CA0556952095,etf
CA05571J1066,etf
CA05571K1030,etf
CA05571L3092,etf
CA05571N1078,etf
CA05571V1094,etf
CA05572P1018,etf
CA05572P3097,etf
CA05573T1021,etf
CA05573X1033,etf
CA05573X3013,etf
CA05574C1086,etf
CA05574G1090,etf
CA05575G1081,etf
CA05575H1064,etf
CA05575T1003,etf
CA05575T1185,etf
CA05575W1032,etf
CA05575X1015,etf
CA05575X1197,etf
CA05576C1068,etf
CA05576Q1054,etf
CA05576Y1088,etf
CA05577D1033,etf
CA05577D2023,etf
CA05577K1075,etf
CA05577M1032,etf
CA05577M1115,etf
CA05577N1015,etf
CA05579A1075,etf
CA05579A3055,etf
CA05579B1058,etf
CA05579D1015,etf
CA05579E1097,etf
CA05579F1062,etf
CA05579F1146,etf
CA05579F3043,etf
CA05579G1046,etf
CA05580K1021,etf
CA05580L1004,etf
CA05580L2093,etf
CA05580L3083,etf
CA05580X1042,etf
CA05580X2032,etf
CA05581A1030,etf
CA05581B1013,etf
CA05581B2003,etf
CA05581C1095,etf
CA05581T1021,etf
CA05581T3001,etf
CA05581U1093,etf
CA05581X1033,etf
CA05582R1055,etf
CA05582Y1007,etf
CA05582Y2096,etf
CA05582Y3086,etf
CA05583N1033,etf
CA05583N2023,etf
CA05583V1058,etf
CA05584D1042,etf
CA05584E2015,etf
CA05584F1099,etf
CA05584G1072,etf
CA05584J1012,etf
CA05584J2002,etf
CA05584R1038,etf
CA05585A2083,etf
CA05585L1058,etf
CA05585L1132,etf
CA05585M1032,etf
CA05585R1029,etf
CA05585W1014,etf
CA05586E1007,etf
CA05586H1038,etf
CA05586H2028,etf
CA05586K1066,etf
CA05586P1053,etf
CA05586P2044,etf
CA05586T1075,etf
CA05586U1049,etf
CA05586U2039,etf
CA05587J1084,etf
CA05587J2074,etf
CA05587M1014,etf
CA05587Y1051,etf
CA05589H1001,etf
CA05589W1077,etf
CA05589W2067,etf
CA05589W3057,etf
CA05589X1050,etf
CA05589X2041,etf
CA05589X3031,etf
CA05589Y1034,etf
CA05590B1004,etf
CA05590C1086,etf
CA05590D1069,etf
CA05590G1090,etf
CA05590J1030,etf
CA05590J2020,etf
CA05590K1003,etf
CA05590L1085,etf
CA05590N1042,etf
CA05590N3022,etf
CA05590R1055,etf
CA05590V1067,etf
CA05590X1024,etf
CA05591C1077,etf
CA05591C1150,etf
CA05591D1050,etf
CA05591D2041,etf
CA05591E1034,etf
CA05591E2024,etf
CA05591H1064,etf
CA05592E1025,etf
CA05592E2015,etf
CA05592F1099,etf
CA05592F2089,etf
CA05592G1072,etf
CA05592H1055,etf
CA05592R1038,etf
CA05592R2028,etf
CA05592T1093,etf
CA05592T2083,etf
CA05592U1066,etf
CA05592U1140,etf
CA05592U1223,etf
CA05593C1059,etf
CA05594D1024,etf
CA05594F1071,etf
CA05594F2061,etf
CA05594F3051,etf
CA05594P1053,etf
CA05594Q1037,etf
CA05594Q2027,etf
CA05594Q3017,etf
CA05594R1010,etf
CA05594T1075,etf
CA05594U1049,etf
CA05595E1097,etf
CA05595J1084,etf
CA05595J1167,etf
CA05595L1031,etf
CA05595L2021,etf
CA05595L3011,etf
CA0559751064,etf
CA0559753045,etf
CA0559761048,etf
CA0559763028,etf
CA0559821024,etf
CA05600A1003,etf
CA05600A2092,etf
CA05600A3082,etf
CA05600B1085,etf
CA05600B2075,etf
CA05600C1068,etf
CA05600C2058,etf
CA05600D1042,etf
CA05600J1012,etf
CA05600Q1054,etf
CA05600Q2045,etf
CA05600Q3035,etf
CA05600V1040,etf
CA05601T1084,etf
CA05601Y1079,etf
CA05602J1093,etf
CA05609U1075,etf
CA05609U2065,etf
CA05610N1006,etf
CA05611N1096,etf
CA05611P1045,etf
CA05611P2035,etf
CA05611Q1028,etf
CA05611W1095,etf
CA05611X1078,etf
CA05613P1027,etf
CA05613V1094,etf
CA05614V1085,etf
CA05614V2075,etf
CA05614V3065,etf
CA05614W1068,etf
CA05614W2058,etf
CA05614X1042,etf
CA05614X2032,etf
CA05614Y1025,etf
CA05614Y2015,etf
CA05615C1095,etf
CA05619A1093,etf
CA05619A2083,etf
CA08465C1041,etf
CA0866031077,etf
CA08660P1080,etf
CA08660R3027,etf
CA08660T1003,etf
CA08660V1058,etf
CA08660X4084,etf
CA08660Y2087,etf
CA08661A4072,etf
CA08661P5031,etf
CA08661V1040,etf
CA0866242021,etf
CA08662F1080,etf
CA08662N5073,etf
CA08662T2074,etf
CA08662W2004,etf
CA08662X6046,etf
CA08662Y2069,etf
CA0866314051,etf
CA0866373032,etf
CA08663E3086,etf
CA08663F1071,etf
CA08663G1054,etf
CA08663L1040,etf
CA08663T1158,etf
CA08664B4029,etf
CA08664D3094,etf
CA08664K4028,etf
CA08665B1040,etf
CA0869041099,etf
CA0869051064,etf
CA0869061048,etf
CA0869101067,etf
CA0869111041,etf
CA0869121024,etf
CA0869161038,etf
CA0869191076,etf
CA08934P1080,closedend
CA09175G1046,closedend
CA09175J1084,etf
CA09175J1167,etf
CA09369T1021,etf
CA0958191086,closedend
CA09658Q1081,etf
CA09659R1055,etf
CA09660C1059,etf
CA09660C2040,etf
CA09660D1033,etf
CA09660M1032,etf
CA09660P1062,etf
CA09660R1029,etf
CA09661B1067,etf
CA09661G1054,etf
CA09661H1038,etf
CA09661J1093,etf
CA09661N1006,etf
CA09661N2095,etf
CA09661W1005,etf
CA09661W2094,etf
CA09661Y1060,etf
CA09661Y2050,etf
CA09662C1032,etf
CA09662D1015,etf
CA09662J1084,etf
CA09662N1096,etf
CA09662X1078,etf
CA09662X2068,etf
CA09662Y1051,etf
CA09662Y2042,etf
CA09663A1066,etf
CA09663B1040,etf
CA09663B2030,etf
CA09663C1023,etf
CA09663C2013,etf
CA09663D1006,etf
CA09663E1088,etf
CA09663F1053,etf
CA09663F2044,etf
CA09663L1022,etf
CA09663M1005,etf
CA09663M2094,etf
CA09663U1021,etf
CA09663W1086,etf
CA09664F1045,etf
CA09664F2035,etf
CA09664F3025,etf
CA0969111024,etf
CA0969113004,etf
CA0969211014,etf
CA0969212004,etf
CA0969221096,etf
CA0969222086,etf
CA0969231079,etf
CA0969232069,etf
CA0969261001,etf
CA0969271083,etf
CA0969281066,etf
CA0969351018,etf
CA0969371073,etf
CA1010841015,closedend
CA11004A1003,etf
CA11004A2092,etf
CA11004B1085,etf
CA1119191064,etf
CA11220T1075,etf
CA1122161062,closedend
CA11221E1097,closedend
CA11221N1096,etf
CA11221N2086,etf
CA11221U1030,etf
CA11221W1095,etf
CA11221X1078,etf
CA11221X2068,etf
CA11221Y1051,etf
CA11222A1066,etf
CA11222A2056,etf
CA11222E1088,etf
CA11222G1037,etf
CA11222G2027,etf
CA11222J1075,etf
CA11222J1158,etf
CA11222L1022,etf
CA11222M1005,etf
CA11222Q1019,etf
CA11222T1057,etf
CA11222T2048,etf
CA11222U1021,closedend
CA11222V1004,etf
CA11223F1045,etf
CA11223H1001,etf
CA11223J1066,etf
CA11223L1013,etf
CA11223L2003,etf
CA11224A1049,etf
CA1127201079,closedend
CA12545W1068,etf
CA1254661020,etf
CA12546E1051,etf
CA12546K1012,etf
CA12546M1077,etf
CA12546N1050,etf
CA12546N2041,etf
CA12546P1009,etf
CA12546P2098,etf
CA12546Q1081,etf
CA12546R1064,etf
CA12546T1021,etf
CA12546V1076,etf
CA12546X1033,etf
CA12547B1004,etf
CA12547M1068,etf
CA12547N1042,etf
CA12547P1099,etf
CA12547P2089,etf
CA12547X1024,etf
CA12547Y1007,etf
CA12548U1075,etf
CA1255021042,etf
CA12550D1006,etf
CA12550Q1019,etf
CA1255311039,etf
CA1255312029,etf
CA12554K1003,etf
CA12554M1068,etf
CA12554N1042,etf
CA12554R1055,etf
CA12554W1041,etf
CA12554W2031,etf
CA12555B1094,etf
CA12555B2084,etf
CA12555B3074,etf
CA12555C1077,etf
CA12555E1034,etf
CA12555E2024,etf
CA12555E3014,etf
CA12555J1021,etf
CA12555J2011,etf
CA12555K1093,etf
CA12555N1033,etf
CA12555N2023,etf
CA12555N3013,etf
CA12555S1020,etf
CA12555Y1097,etf
CA12556H1055,etf
CA12556J1012,etf
CA12556J2002,etf
CA12556K1084,etf
CA12558H1038,etf
CA12558H2028,etf
CA12558L1040,etf
CA12558N1006,etf
CA12558N2095,etf
CA12558P1053,etf
CA12558S1092,etf
CA12558X1087,etf
CA12559B1058,etf
CA12559E1097,etf
CA12559E2087,etf
CA12559H1029,etf
CA12559H2019,etf
CA12559J1084,etf
CA12559J2074,etf
CA12559L1031,etf
CA12559L2021,etf
CA12559L3011,etf
CA12559R1001,etf
CA12560B1022,etf
CA12560B2012,etf
CA12560C1005,etf
CA12560C1187,etf
CA12560C1260,etf
CA12560F1036,etf
CA12560F2026,etf
CA12561Q1081,etf
CA12561Q2071,etf
CA12562B1004,etf
CA12562B2093,etf
CA12562B3083,etf
CA12563N1033,etf
CA12563N2023,etf
CA12563N4003,etf
CA12564B1085,etf
CA12565N1015,etf
CA12565N2005,etf
CA12565N3094,etf
CA12565U1057,etf
CA12566G1054,etf
CA12566K1066,etf
CA12566M1023,etf
CA12566M2013,etf
CA12567B1058,etf
CA12567C1032,etf
CA12567C2022,etf
CA12567E1097,etf
CA12567L1031,etf
CA12568A1066,etf
CA12568A2056,etf
CA12568M1005,etf
CA12568M2094,etf
CA12568N1087,etf
CA12568N2077,etf
CA12568W1086,etf
CA12568W2076,etf
CA12569F1045,etf
CA12569H1001,etf
CA12569J1066,etf
CA12569K1030,etf
CA12569L1013,etf
CA12569L2003,etf
CA12569M1095,etf
CA12569N1078,etf
CA12569N2068,etf
CA12569T1049,etf
CA12569T2039,etf
CA12569W1077,etf
CA12569X1050,etf
CA12569Y1034,etf
CA12570C1086,etf
CA12570E1043,etf
CA12570J1030,etf
CA12570M1068,etf
CA12570V1067,etf
CA12570V1141,etf
CA12570W1041,etf
CA12570W1124,etf
CA12571A1012,etf
CA12571F1009,etf
CA12571G1081,etf
CA12571L1076,etf
CA12571M1059,etf
CA12571N1033,etf
CA12571R1047,etf
CA12571U1075,etf
CA12572B1085,etf
CA12572U1066,etf
CA12574G1054,etf
CA12574G2045,etf
CA12574G3035,etf
CA12575E1097,etf
CA12575J1084,etf
CA12575N1096,etf
CA12575Q1028,etf
CA12575U1030,etf
CA12576D1006,etf
CA12579K1012,etf
CA12579Q1081,etf
CA12594S1056,etf
CA1290631037,etf
CA1292472018,etf
CA13536V1076,closedend
CA1358251074,closedend
CA13609D1096,etf
CA1362904007,closedend
CA13780R1091,closedend
CA14021V1076,etf
CA14021W1059,etf
CA14021X1033,etf
CA14021Y1016,etf
CA14022P1099,etf
CA14023D1050,etf
CA14023G1081,etf
CA14071A1021,etf
CA14071G1090,etf
CA17160D1015,etf
CA17160P1045,etf
CA17162D1096,etf
CA17162H1001,etf
CA17162H2090,etf
CA17162H3080,etf
CA17163R1073,etf
CA17163X4012,etf
CA17164B1013,etf
CA17164J1049,etf
CA17164M1077,etf
CA17164R1064,etf
CA17164R2054,etf
CA17164T1021,etf
CA17164X1033,etf
CA17164Y1016,etf
CA17164Y2006,etf
CA17165A2011,etf
CA17165B1004,etf
CA17165B2093,etf
CA17165B3083,etf
CA17165C1086,etf
CA17165F1018,etf
CA17165G1090,etf
CA17165J2020,etf
CA17165L1085,etf
CA17165W1041,etf
CA17165X1024,etf
CA17165X2014,etf
CA17165Y1007,etf
CA17166G1081,etf
CA17166H1064,etf
CA17166H2054,etf
CA17166J1021,etf
CA17166N1033,etf
CA17166N2023,etf
CA17166P1080,etf
CA17166T1003,etf
CA17166U1075,etf
CA17166V1058,etf
CA17166W1032,etf
CA17166X1015,etf
CA17166Y1097,etf
CA17167D1042,etf
CA1719311088,etf
CA1719312078,etf
CA1719313068,etf
CA1719341028,etf
CA1719381032,etf
CA1719441018,etf
CA17286A1066,closedend
CA1809161088,etf
CA2007018039,closedend
CA2207972035,etf
CA22228C1032,etf
CA22228E1097,etf
CA22228F1062,etf
CA22228G1046,etf
CA25058E1079,etf
CA25058L1013,etf
CA25058M1095,etf
CA25058P1027,etf
CA25058P3007,etf
CA25058R1082,etf
CA25058T1049,etf
CA25058T2039,etf
CA25058U1012,etf
CA25058Y1034,etf
CA25059A1049,etf
CA25059C1005,etf
CA25059J1057,etf
CA25059K1021,etf
CA25059L1004,etf
CA25059M1086,etf
CA25059Q1090,etf
CA25059V1085,etf
CA25060D1050,etf
CA25060F1009,etf
CA25060H1064,etf
CA25060K1093,etf
CA25060L1076,etf
CA25060R1047,etf
CA25060T1003,etf
CA25060V1058,etf
CA25060W1032,etf
CA25060X1015,etf
CA25060Y1097,etf
CA25061C1068,etf
CA25061M1041,etf
CA25061T1093,etf
CA25537R1091,closedend
CA25537W1086,closedend
CA25537Y1043,closedend
CA2553801077,closedend
CA26784A1049,etf
CA26784G1019,etf
CA26784H1091,etf
CA26784J1057,etf
CA26784K1021,etf
CA26784L1004,etf
CA26784M1086,etf
CA26785J1049,etf
CA26785N1050,etf
CA26785Q1081,etf
CA2678641069,etf
CA26786B1004,etf
CA26786C1086,etf
CA26786C2076,etf
CA26786D1069,etf
CA26786J1030,etf
CA26786K1003,etf
CA26786K2092,etf
CA26786L1085,etf
CA26786M1068,etf
CA26786N1042,etf
CA26786Q1072,etf
CA26786R1055,etf
CA26788T1093,etf
CA26789J1003,etf
CA26800B1022,etf
CA26800B2012,etf
CA26800R1073,etf
CA26800U1003,etf
CA26800W1068,etf
CA26801J1049,etf
CA26801J2039,etf
CA26801K1012,etf
CA26801N1050,etf
CA26802A1021,etf
CA26916F1045,closedend
CA2788931020,closedend
CA29270B2066,closedend
CA29764F1018,etf
CA29764F2008,etf
CA29764L1085,closedend
CA2999341092,etf
CA2999342082,etf
CA2999351067,etf
CA2999351141,etf
CA2999371024,etf
CA30051C1086,etf
CA30051C2076,etf
CA30051C3066,etf
CA30051R1055,etf
CA30051R2046,etf
CA30051R3036,etf
CA30051T1012,etf
CA30051T2002,etf
CA30051T3091,etf
CA30052A1012,etf
CA30052J1021,etf
CA30052J2011,etf
CA30052J3001,etf
CA30052P1080,etf
CA30052U1075,etf
CA30052U2065,etf
CA30052U3055,etf
CA30052W1032,etf
CA30052W1115,etf
CA30052Y1097,etf
CA3005321086,etf
CA3005322076,etf
CA3005341043,etf
CA3005342033,etf
CA3005351018,etf
CA3005352008,etf
CA3005353097,etf
CA30053A1003,etf
CA30053B1085,etf
CA30053C1068,etf
CA30053C2058,etf
CA30053G1072,etf
CA30053G2062,etf
CA30053G3052,etf
CA30053N1024,etf
CA30053N2014,etf
CA30053N3004,etf
CA30053T1093,etf
CA30053U3047,etf
CA30053W1023,etf
CA30053Y1088,etf
CA30053Y3068,etf
CA3005431059,etf
CA3005432040,etf
CA3005433030,etf
CA30054A1093,etf
CA30054D1033,etf
CA30054E1016,etf
CA30054E2006,etf
CA30054F1080,etf
CA30054F2070,etf
CA30054M1032,etf
CA30054M2022,etf
CA30054M3012,etf
CA30054P1062,etf
CA30054T1084,etf
CA30054T2074,etf
CA30054T3064,etf
CA30054V1031,etf
CA30054W1014,etf
CA30055D1024,etf
CA30055D3004,etf
CA30055F1071,etf
CA30055K1066,etf
CA30055Y1060,etf
CA3009241074,etf
CA3009251040,etf
CA30170L1040,etf
CA30376T1093,closedend
CA3157401009,etf
CA31580B1085,etf
CA31580V1040,etf
CA31580Y7028,etf
CA3158121077,etf
CA3158131050,etf
CA3158141034,etf
CA3158181048,etf
CA31581D1033,etf
CA31581E1016,etf
CA31581F1080,etf
CA31581P1062,etf
CA31581R1029,etf
CA3158247229,etf
CA31582Q1037,etf
CA3159441086,etf
CA3159451051,etf
CA3159541075,etf
CA31606J7886,etf
CA31608H1038,etf
CA31608M1023,etf
CA31608N1006,etf
CA31609U1030,etf
CA31609W1095,etf
CA31610C1005,etf
CA31610F8221,etf
CA31613F1009,etf
CA31618L5999,etf
CA31618N7852,etf
CA3161971021,etf
CA3162091050,etf
CA31620V7759,etf
CA31620X7302,etf
CA3162151029,etf
CA3162201022,etf
CA31622Y1088,etf
CA31623A8288,etf
CA31623B7016,etf
CA31623D1033,etf
CA31623G1063,etf
CA31623V1031,etf
CA31623X1096,etf
CA3162411084,etf
CA31624K1066,etf
CA31624M1023,etf
CA31624P1053,etf
CA31624Q8222,etf
CA31624T1075,etf
CA31624U8234,etf
CA31625L1031,etf
CA31642F1053,etf
CA31642L6641,etf
CA31644F1036,etf
CA31644M1086,etf
CA31645M1077,etf
CA31646E1043,etf
CA31647B1094,etf
CA31647C1077,etf
CA31647E1034,etf
CA31648J1012,etf
CA31649P1062,etf
CA3175043064,closedend
CA31833L1013,unit
CA33690A1030,etf
CA33690A2020,etf
CA3369301021,etf
CA3369371156,etf
CA3369381056,etf
CA3369401011,etf
CA33718X1015,etf
CA33718X2005,etf
CA33732K1012,etf
CA33732K2002,etf
CA33732Q1081,etf
CA33732Q2071,etf
CA33732U1093,etf
CA3373311024,etf
CA33739J1075,etf
CA33739T1057,etf
CA33740H1082,etf
CA33740T1021,etf
CA33740W1059,etf
CA33740X1033,etf
CA33741A1021,etf
CA33741M1068,etf
CA33741N1042,etf
CA33742B1094,etf
CA33742D1050,etf
CA33742F1009,etf
CA33742F2098,etf
CA33742H2054,etf
CA33743D1042,etf
CA33743Y1088,etf
CA33744B1076,etf
CA33744W1014,etf
CA33745D1024,etf
CA34513J1075,etf
CA34660K1057,etf
CA34660L1031,etf
CA3469281040,etf
CA35241A1021,etf
CA35248K1030,etf
CA35248L2003,etf
CA35249A1049,etf
CA35249B1022,etf
CA35249C1005,etf
CA35251T2074,etf
CA3525272041,etf
CA35252D1024,etf
CA3525552053,etf
CA3525642078,etf
CA3529141051,etf
CA3535101008,etf
CA35351A1084,etf
CA35351C1041,etf
CA35351E1007,etf
CA35353L2012,etf
CA35360M2004,etf
CA35360N1096,etf
CA35361L2012,etf
CA35376C1059,etf
CA35376P1062,etf
CA35377B1067,etf
CA3539091049,etf
CA35513L2084,etf
CA35513M1077,etf
CA3551401043,etf
CA3551421009,etf
CA37892J1012,etf
CA37892R1038,etf
CA37892T1093,etf
CA37892U1066,etf
CA37892V1040,etf
CA37892W1023,etf
CA37892X1006,etf
CA37892Y1088,etf
CA37893A1093,etf
CA37893B1076,etf
CA37893C1059,etf
CA37893D1033,etf
CA37893H1047,etf
CA37893H1120,etf
CA37893H2037,etf
CA3794441020,closedend
CA37949S1048,etf
CA37954S1065,etf
CA37955S1056,etf
CA37961W1086,etf
CA37961X1069,etf
CA37962A1057,etf
CA37962B1031,etf
CA37962C1014,etf
CA37962D1096,etf
CA37962K1030,etf
CA37962M1095,etf
CA37962N1078,etf
CA37962P1027,etf
CA37962R1082,etf
CA37962T1049,etf
CA37962U1012,etf
CA37962V1094,etf
CA37962W1077,etf
CA37962X1050,etf
CA37962Y1034,etf
CA37963A1049,etf
CA37963B1022,etf
CA37963C1005,etf
CA37963D1087,etf
CA37963E1060,etf
CA37963F1036,etf
CA37963H1091,etf
CA37963J1057,etf
CA37963L1004,etf
CA37963M1086,etf
CA37963N1069,etf
CA37963P1018,etf
CA37963R1073,etf
CA37963T1030,etf
CA37963U1003,etf
CA37963V1085,etf
CA37963W1068,etf
CA37963X1042,etf
CA37963Y1025,etf
CA37964A1030,etf
CA37964B1013,etf
CA37964C1095,etf
CA37964D1078,etf
CA37964E1051,etf
CA37964G1000,etf
CA37964G2099,etf
CA37964J1049,etf
CA37964J2039,etf
CA37964K1012,etf
CA37964L1094,etf
CA37964M1077,etf
CA37964N1050,etf
CA37964N2041,etf
CA37964P1009,etf
CA37964Q1081,etf
CA37964R1064,etf
CA37964R2054,etf
CA37964T1021,etf
CA37964W1059,etf
CA37965A1021,etf
CA37965C1086,etf
CA37965E1043,etf
CA37965F1018,etf
CA37965G1090,etf
CA37965H1073,etf
CA37965K1003,etf
CA37965L1085,etf
CA37965M1068,etf
CA37965P1099,etf
CA37965R1055,etf
CA37965T1012,etf
CA37965U1084,etf
CA37965V1067,etf
CA37965W1041,etf
CA37965X1024,etf
CA37966A1012,etf
CA37966C1077,etf
CA37966E1034,etf
CA37966G1081,etf
CA37966H1064,etf
CA37966J1021,etf
CA37966J2011,etf
CA37966J3001,etf
CA37966K1093,etf
CA37966L1076,etf
CA37966M1059,etf
CA37966N1033,etf
CA37966P1080,etf
CA37966Q1063,etf
CA37966T1003,etf
CA37966U1075,etf
CA37966W1032,etf
CA37991B1085,etf
CA37991C1068,etf
CA37991D1042,etf
CA3799201015,etf
CA3799261084,etf
CA3799331044,etf
CA3799341027,etf
CA3799351091,etf
CA3799361074,etf
CA3799371057,etf
CA3799381031,etf
CA3799391014,etf
CA3799401094,etf
CA3799411077,etf
CA3799421050,etf
CA3799431034,etf
CA3799441017,etf
CA3799461064,etf
CA3799471048,etf
CA3799481021,etf
CA3799491004,etf
CA3799501083,etf
CA3799521040,etf
CA3799531023,etf
CA3799541006,etf
CA3799561053,etf
CA3799601073,etf
CA3799611056,etf
CA3799641095,etf
CA40090B1022,etf
CA40090B2012,etf
CA40090C1005,etf
CA40090C2094,etf
CA4009171006,etf
CA4009191061,etf
CA4009241064,etf
CA4009251030,etf
CA40130P1036,etf
CA40130R1091,etf
CA40132D1087,etf
CA40132E1060,etf
CA40132H1091,etf
CA4013381088,etf
CA40133A1030,etf
CA40133B1013,etf
CA40133L1094,etf
CA40136W1023,etf
CA40136W2013,etf
CA40138D1024,etf
CA40138D2014,etf
CA40138E1007,etf
CA40138F1071,etf
CA40138G1054,etf
CA40139A1075,etf
CA40144T1093,etf
CA40144V1040,etf
CA40145B1076,etf
CA40145D1033,etf
CA4069101091,etf
CA4069111074,etf
CA4069131031,etf
CA4069181028,etf
CA4069191001,etf
CA4069211064,etf
CA40701D1096,etf
CA40704K1003,etf
CA40704M1068,etf
CA40704N1042,etf
CA40704T1012,etf
CA4070501032,etf
CA4070521097,etf
CA4070531070,etf
CA4070532060,etf
CA4070681057,etf
CA4073611044,etf
CA4073621027,etf
CA4073631000,etf
CA4073641082,etf
CA40736A1049,etf
CA40736C1005,etf
CA40736Q1090,etf
CA40736Q2080,etf
CA40736T1030,etf
CA40736V1085,etf
CA40737J1049,etf
CA40739A1012,etf
CA40745E1051,etf
CA4078511041,etf
CA40785J1057,etf
CA4078611031,etf
CA4078731086,etf
CA4078732076,etf
CA4079151078,etf
CA4079152068,etf
CA4079161051,etf
CA4079162042,etf
CA4079171035,etf
CA4079172025,etf
CA4081251023,etf
CA4175171095,etf
CA41751V1067,etf
CA41751W1041,etf
CA41751W2031,etf
CA41751X1024,etf
CA41751Y1007,etf
CA41752A1012,etf
CA41752A2002,etf
CA41752L1076,etf
CA4175391032,etf
CA41753K1084,etf
CA41753L1067,etf
CA41753L1141,etf
CA41753L1224,etf
CA41753N1024,etf
CA41753W1023,etf
CA41753W2013,etf
CA41753X1006,etf
CA41753X2095,etf
CA41753Y1088,etf
CA41753Y1161,etf
CA4175401013,etf
CA41754B1076,etf
CA41754C1059,etf
CA41754D1033,etf
CA41754G1063,etf
CA41754J1003,etf
CA41754J2092,etf
CA41754L1058,etf
CA41754L2049,etf
CA41754U1057,etf
CA41754U2048,etf
CA41754X1096,etf
CA4175521067,etf
CA4175531041,etf
CA4175532031,etf
CA4175561071,etf
CA41755C1041,etf
CA41755D1024,etf
CA41755D2014,etf
CA41755D3004,etf
CA41755F1071,etf
CA41755F2061,etf
CA41755F3051,etf
CA41755H1038,etf
CA41755H2028,etf
CA41755U1049,etf
CA41755Y1060,etf
CA41755Y2050,etf
CA41756E1097,etf
CA41756M1014,etf
CA41756M2004,etf
CA41756Q1028,etf
CA41756T1066,etf
CA41756U1030,etf
CA41756V1013,etf
CA41756W1095,etf
CA41756W2085,etf
CA41757A1066,etf
CA41757D1006,etf
CA41757E1088,etf
CA41757F1053,etf
CA41757H1010,etf
CA41757J1075,etf
CA41757K1049,etf
CA41757M1005,etf
CA41757W1086,etf
CA41757X1069,etf
CA4179071028,etf
CA4179081001,etf
CA4179141086,etf
CA4179161035,etf
CA4179162025,etf
CA4179163015,etf
CA4179165093,etf
CA4179166083,etf
CA4179167073,etf
CA4179168063,etf
CA4179168634,etf
CA4179168717,etf
CA4179168899,etf
CA4179171018,etf
CA4179181090,etf
CA4179191073,etf
CA4179211038,etf
CA4179221011,etf
CA4179222001,etf
CA4179223090,etf
CA4179251042,etf
CA4179301045,etf
CA4179311028,etf
CA4179321001,etf
CA4179341066,etf
CA4179351032,etf
CA4179361015,etf
CA4179391053,etf
CA4179421090,etf
CA42226J1084,closedend
CA42970H1001,etf
CA42970H2090,etf
CA44540A1021,etf
CA44540B1004,etf
CA44540C1086,etf
CA44931X1096,etf
CA44932R1010,etf
CA44933N1096,etf
CA44934C1023,etf
CA44934G1037,etf
CA44934M1005,etf
CA44935E1079,etf
CA45031A1057,etf
CA45031A2048,etf
CA45031C1014,etf
CA45031G1028,etf
CA45031H1001,etf
CA45031H2090,etf
CA45033L1094,etf
CA45033M1077,etf
CA45033M2067,etf
CA45033P1009,etf
CA45075N1042,etf
CA45075W1041,etf
CA45076L1076,etf
CA4509511081,etf
CA4532991094,closedend
CA46090M1059,etf
CA46090M2040,etf
CA46090T1003,etf
CA46090T2092,etf
CA4612921045,etf
CA4612922035,etf
CA4613041074,etf
CA4613042064,etf
CA46137P1036,etf
CA46137P2026,etf
CA46137P3016,etf
CA46137Q1019,etf
CA46137U1021,etf
CA46138N1078,etf
CA46139X1042,etf
CA46139X1125,etf
CA46139X1208,etf
CA46139Y1025,etf
CA46140D1050,etf
CA46140D2041,etf
CA46140D3031,etf
CA46140K1093,etf
CA46140T1003,etf
CA46140U1075,etf
CA46141H1055,etf
CA46141V1040,etf
CA46141V2030,etf
CA46142W1014,etf
CA46142W2004,etf
CA46143V1022,etf
CA46143V2012,etf
CA46143X1087,etf
CA46143Y2050,etf
CA46143Y3041,etf
CA46146T1049,etf
CA46146T2039,etf
CA46146U1012,etf
CA46146U2002,etf
CA46146Y1034,etf
CA46146Y2024,etf
CA4614781090,etf
CA4614782080,etf
CA46147A1049,etf
CA46147A2039,etf
CA46147H1091,etf
CA46147H2081,etf
CA46147Y1025,etf
CA46149D1069,etf
CA46149E1043,etf
CA46149G1090,etf
CA46149H1073,etf
CA46149H2063,etf
CA46149H3053,etf
CA46149J1030,etf
CA46149J2020,etf
CA46149J3010,etf
CA46390A1084,etf
CA46390B1067,etf
CA4639181029,etf
CA4639181102,etf
CA4639211065,etf
CA46428C1005,etf
CA46428D1087,etf
CA46428G2009,etf
CA46428J1057,etf
CA46428L1004,etf
CA46428M1086,etf
CA46428N1069,etf
CA46428Y1025,etf
CA4642911032,etf
CA46429Q1081,etf
CA46429R1064,etf
CA46429U1093,etf
CA46429X1033,etf
CA46430D1042,etf
CA46430E1025,etf
CA46430F1099,etf
CA46430H1055,etf
CA46430J1012,etf
CA46430K1084,etf
CA46430L1067,etf
CA46430M1041,etf
CA46430Q3035,etf
CA46430R2028,etf
CA46430T1093,etf
CA46430U1066,etf
CA46430V1040,etf
CA46430W1023,etf
CA46430X1006,etf
CA46430Y1088,etf
CA46431A1093,etf
CA46431B1076,etf
CA46431C1059,etf
CA46431D1033,etf
CA46431E1016,etf
CA46431F1080,etf
CA46431G2053,etf
CA46431J1003,etf
CA46431L1132,etf
CA46431M1032,etf
CA46431N1015,etf
CA46431P1062,etf
CA46431R1029,etf
CA46431T1084,etf
CA46431U1057,etf
CA46431V1031,etf
CA46431X1096,etf
CA46432A1084,etf
CA46432B1067,etf
CA46432D1024,etf
CA46432D2014,etf
CA46432E1007,etf
CA46432H1038,etf
CA46432J1093,etf
CA46432K2056,etf
CA46432Y2050,etf
CA46433A2065,etf
CA46433B1058,etf
CA46433B2049,etf
CA46433C1032,etf
CA46433E1097,etf
CA46433F1062,etf
CA46433G1046,etf
CA46433H1029,etf
CA46433J1084,etf
CA46433M1014,etf
CA46433N1096,etf
CA46433Q1028,etf
CA46433R1001,etf
CA46433S1083,etf
CA46433S2073,etf
CA46433U1030,etf
CA46433V2003,etf
CA46433W1095,etf
CA46433Y1051,etf
CA46434A1066,etf
CA46434B1040,etf
CA46434E1088,etf
CA46434E1161,etf
CA46434P1036,etf
CA46434Q1019,etf
CA46434R1091,etf
CA46434R2081,etf
CA46434T1057,etf
CA46434T2048,etf
CA46434U1021,etf
CA46434U2011,etf
CA46434W1086,etf
CA46434X1069,etf
CA46434Y1043,etf
CA46435B1031,etf
CA46435C1014,etf
CA46435C2004,etf
CA46435D1096,etf
CA46435D2086,etf
CA46435E1079,etf
CA46435F1045,etf
CA46435H1001,etf
CA46435J1066,etf
CA46435J1140,etf
CA46435K1030,etf
CA46435Q1000,etf
CA46435Q1182,etf
CA46435T1049,etf
CA46435V1094,etf
CA46435Y1034,etf
CA46436B1022,etf
CA46436C1005,etf
CA46436D1087,etf
CA46436G1019,etf
CA46436H1091,etf
CA46436J1057,etf
CA46436K1021,etf
CA46436K1104,etf
CA46436L1004,etf
CA46436M1086,etf
CA46436N1069,etf
CA46436P1018,etf
CA46436Q1090,etf
CA46436R1073,etf
CA46436T1030,etf
CA46436U1003,etf
CA46436W1068,etf
CA46436Y1025,etf
CA46437A1030,etf
CA46437A2020,etf
CA46437B1013,etf
CA46437D1078,etf
CA46437F1027,etf
CA46437G1000,etf
CA46437H1082,etf
CA46437J1049,etf
CA46437K1012,etf
CA46437L1094,etf
CA46437M1077,etf
CA46437M2067,etf
CA46437N1050,etf
CA46437Q1081,etf
CA46437R1064,etf
CA46437U1093,etf
CA46437W1059,etf
CA46437X1033,etf
CA46437Y1016,etf
CA46438A1021,etf
CA46438B1004,etf
CA46438C1086,etf
CA46438D1069,etf
CA46438E1043,etf
CA46438E2033,etf
CA46438H1073,etf
CA46438J1030,etf
CA46438J2020,etf
CA46438K1003,etf
CA46438L1085,etf
CA46438L2075,etf
CA46438P1099,etf
CA46438Q1072,etf
CA46438X1024,etf
CA46438Y1007,etf
CA46439P1080,etf
CA46439P2070,etf
CA4661351003,closedend
CA46658V1094,etf
CA46660K1093,etf
CA46660V1058,etf
CA48090A1075,etf
CA48090B1058,etf
CA4809151075,etf
CA48129Q1072,etf
CA4812CC1046,etf
CA4812CD1029,etf
CA4812CE1002,etf
CA48130J1003,etf
CA48134U1012,etf
CA53184C1005,closedend
CA54315B2012,etf
CA54315B3002,etf
CA54315B3671,etf
CA54315B3754,etf
CA54315B3911,etf
CA54315B4091,etf
CA54315B4174,etf
CA54315B4257,etf
CA54315B4331,etf
CA54315B4414,etf
CA54315B4588,etf
CA54315B4661,etf
CA54315B4745,etf
CA54315B5247,etf
CA54315B5320,etf
CA54315B5403,etf
CA54315B5577,etf
CA54315B5650,etf
CA54315B5734,etf
CA54315B5817,etf
CA54315B5999,etf
CA54315B6070,etf
CA54315B6153,etf
CA54315B6237,etf
CA54315B6310,etf
CA54315B6492,etf
CA54315B6724,etf
CA54315B6807,etf
CA54315B7060,etf
CA54315B7144,etf
CA54315B7227,etf
CA54315B7482,etf
CA54315B7557,etf
CA54315B7631,etf
CA54315B7714,etf
CA54315B7896,etf
CA54315B7979,etf
CA54315B8050,etf
CA54315B8134,etf
CA54315B8217,etf
CA54315B8399,etf
CA54315B8472,etf
CA54315B8886,etf
CA55235R1010,etf
CA55236F1062,etf
CA55236G1046,etf
CA55236J1084,etf
CA5523741000,etf
CA55376A8757,closedend
CA55452A1049,etf
CA55452P1018,etf
CA55452Q1090,etf
CA55452R1073,etf
CA55452S1056,etf
CA55452V1085,etf
CA5545351044,etf
CA5545361027,etf
CA5545381082,etf
CA55453C1095,etf
CA55453H1082,etf
CA55453K1012,etf
CA55453U1093,etf
CA55453X1033,etf
CA5545401047,etf
CA5545421003,etf
CA5545461017,etf
CA5545471099,etf
CA5545481072,etf
CA5545491055,etf
CA55454A1021,etf
CA55454B1004,etf
CA55454C1086,etf
CA55454E1043,etf
CA55454F1018,etf
CA55454J1030,etf
CA55454K1003,etf
CA55454M1068,etf
CA55454N1042,etf
CA55454P1099,etf
CA55454Q1072,etf
CA55454T1012,etf
CA55454U1084,etf
CA55454W1041,etf
CA55454X1024,etf
CA5545511019,etf
CA5545522081,etf
CA5545541057,etf
CA5545551023,etf
CA5545571088,etf
CA55455C2067,etf
CA55455H1064,etf
CA55455J1021,etf
CA55455K1093,etf
CA55455L1076,etf
CA55455M1059,etf
CA55455N1033,etf
CA55455T1003,etf
CA55455Y1097,etf
CA5545631064,etf
CA5545641048,etf
CA5545651013,etf
CA5545661095,etf
CA5545671078,etf
CA55456A1003,etf
CA55456B1085,etf
CA55456C1068,etf
CA5545701016,etf
CA5549141011,etf
CA5579192066,etf
CA55843F2008,etf
CA5649311035,etf
CA56501A1030,etf
CA56501B1013,etf
CA56501D1078,etf
CA56502H1073,etf
CA56502J1030,etf
CA56502J1113,etf
CA56502K1003,etf
CA56502K2092,etf
CA56502M1068,etf
CA56502M2058,etf
CA56502P2089,etf
CA56502Q1072,etf
CA56502T1012,etf
CA56502T2002,etf
CA56502U1084,etf
CA56502V1067,etf
CA56502X1024,etf
CA56502Y1007,etf
CA56503A1012,etf
CA56503B1094,etf
CA56503C1077,etf
CA56503E1034,etf
CA56503F1009,etf
CA56503F2098,etf
CA56503H1064,etf
CA56503J1021,etf
CA56503J1104,etf
CA56503J2011,etf
CA56503K1093,etf
CA56503L1076,etf
CA56503M2040,etf
CA56503P1080,etf
CA56503P1163,etf
CA56503P1247,etf
CA56503R1047,etf
CA56503R2037,etf
CA56503R3027,etf
CA56503T1003,etf
CA56503W1032,etf
CA56504C1068,etf
CA56504H1055,etf
CA56504Q1054,etf
CA56504Q2045,etf
CA59002P1080,etf
CA59002Q1063,etf
CA59002R1047,etf
CA59002T1003,etf
CA59100G3070,etf
CA59516H1055,etf
CA5959431019,etf
CA5959433098,etf
CA5963331049,etf
CA5963391019,etf
CA59633A1084,etf
CA59633Q1037,etf
CA59635A1066,etf
CA59635B1040,etf
CA59636R1082,etf
CA60446Q1081,closedend
CA6069531078,etf
CA62579A1084,etf
CA62579C1041,etf
CA62580L1013,etf
CA62580M2085,etf
CA62580P1027,etf
CA62580Q1000,etf
CA6259601095,etf
CA62877E1097,etf
CA62877T1066,etf
CA62877W1095,etf
CA62877X1078,etf
CA62878A1066,etf
CA62878C1023,etf
CA62878E1088,etf
CA62878X1069,etf
CA62878X2059,etf
CA62879B1031,etf
CA62879F1045,etf
CA62879G1028,etf
CA62879G2018,etf
CA62879T1049,etf
CA62879T2039,etf
CA62879U1012,etf
CA62879U2002,etf
CA62880C1086,etf
CA62880G1090,etf
CA62880H1073,etf
CA62880J1030,etf
CA62880K1003,etf
CA62880Q1072,etf
CA62880V1067,etf
CA62880W1041,etf
CA62880X1024,etf
CA62880Y1007,etf
CA62881A1012,etf
CA62881B1094,etf
CA62881C1077,etf
CA62881E1034,etf
CA62881F1009,etf
CA62881G1081,etf
CA62881T1003,etf
CA62881X1015,etf
CA62882H1055,etf
CA6389531097,etf
CA6389531170,etf
CA6389541070,etf
CA6389551046,etf
CA6389552036,etf
CA6389561029,etf
CA6389571002,etf
CA6389581084,etf
CA6389582074,etf
CA6389591067,etf
CA6389592057,etf
CA63946J1030,etf
CA63946K1003,etf
CA63946M1068,etf
CA63947C1077,etf
CA6539441080,etf
CA6539442070,etf
CA6539443060,etf
CA6539444050,etf
CA6539445040,etf
CA6539446030,etf
CA6539447020,etf
CA6539448010,etf
CA6539448275,etf
CA6539448358,etf
CA6539448432,etf
CA6539448507,etf
CA6539448762,etf
CA6539448846,etf
CA65443F1045,etf
CA65443G1028,etf
CA65443H1001,etf
CA65443K1030,etf
CA65443Q1000,etf
CA65443T2039,etf
CA65443T3029,etf
CA65443X1050,etf
CA65443Y3014,etf
CA65444A1049,etf
CA65444H1091,etf
CA65444K1021,etf
CA65444M1086,etf
CA65444R1073,etf
CA65445B1013,etf
CA65445J1049,etf
CA65445V1076,etf
CA65445W1059,etf
CA65446C1086,etf
CA65446J1030,etf
CA65446M1068,etf
CA65446T1012,etf
CA6549381094,etf
CA65685J3010,closedend
CA66719E1025,unit
CA67000B2030,unit
CA67120W1032,etf
CA70671Q1037,closedend
CA71989F1027,etf
CA71989M1077,etf
CA71989T1021,etf
CA7199151001,etf
CA72000L1022,etf
CA72000M1005,etf
CA72000P1036,etf
CA72001B1031,etf
CA72001D1096,etf
CA72001R1082,etf
CA72202T1012,closedend
CA72203B1094,etf
CA72203C1077,etf
CA72203K1093,etf
CA72203P1080,etf
CA72203Q1063,etf
CA72203R1047,etf
CA72203R2037,etf
CA72203V1058,etf
CA72203W1032,closedend
CA72204H1055,etf
CA7401731095,closedend
CA74061K1066,etf
CA74061R1010,closedend
CA7409107819,closedend
CA7459241005,etf
CA7459241187,etf
CA7459241260,etf
CA74639A1012,etf
CA74639B1094,etf
CA74639C1077,etf
CA74639M1059,etf
CA74639Y1097,etf
CA74639Y2087,etf
CA74639Y3077,etf
CA74639Y4067,etf
CA74639Y5056,etf
CA74639Y7458,etf
CA74639Y7607,etf
CA74639Y7862,etf
CA74639Y8027,etf
CA74639Y8100,etf
CA74639Y8365,etf
CA74639Y8514,etf
CA74639Y8779,etf
CA74640A1084,etf
CA74640H1038,etf
CA74640J1093,etf
CA74640J2083,etf
CA74640L1040,etf
CA74640M1023,etf
CA74640N1006,etf
CA74640U1049,etf
CA74640V1022,etf
CA74641A1075,etf
CA74641B1058,etf
CA74641B3039,etf
CA74641C1032,etf
CA74641C2022,etf
CA74641E1097,etf
CA74641F1062,etf
CA74641J1084,etf
CA74641L1031,etf
CA74641L2021,etf
CA74641L3011,etf
CA74641M1014,etf
CA74641N1096,etf
CA74641U1030,etf
CA74641U2020,etf
CA74641U3010,etf
CA74641W1095,etf
CA74641X2068,etf
CA74641X3058,etf
CA74641Y1051,etf
CA74642B1040,etf
CA74642C1023,etf
CA74642C2013,etf
CA74642C3003,etf
CA74642C6071,etf
CA74642D1006,etf
CA74642E1088,etf
CA74642E2078,etf
CA74642E3068,etf
CA74642F1053,etf
CA74642G1037,etf
CA74642H1010,etf
CA74642L1022,etf
CA74642M1005,etf
CA74642N1087,etf
CA74642N2077,etf
CA74642N3067,etf
CA74642R1091,etf
CA74642R2081,etf
CA74642R3071,etf
CA74642T1057,etf
CA74642T2048,etf
CA74642T3038,etf
CA74642U1021,etf
CA74642V1004,etf
CA74642X1069,etf
CA74642Y2033,etf
CA74642Y3023,etf
CA74643B1031,etf
CA74643C1014,etf
CA74643C2004,etf
CA74643C3093,etf
CA74643F1045,etf
CA74643L1013,etf
CA74643L2003,etf
CA74643P1027,etf
CA74643Q1000,etf
CA74643T1049,etf
CA74643V1094,etf
CA74643W1077,etf
CA74643X1050,etf
CA74643Y1034,etf
CA74644N1069,etf
CA74739R1038,etf
CA7492921084,etf
CA74930H1029,etf
CA74930L1031,etf
CA74930L2021,etf
CA74931R1091,etf
CA74931R2081,etf
CA7493211055,etf
CA7493221039,etf
CA7493222029,etf
CA7493291081,etf
CA74932K1030,etf
CA74932R1082,etf
CA74932V1094,etf
CA74932V2084,etf
CA7493311046,etf
CA7493312036,etf
CA7493321029,etf
CA7493322019,etf
CA7493331002,etf
CA7493332091,etf
CA7493341084,etf
CA74933A1049,etf
CA74933B1022,etf
CA74933L1004,etf
CA7493421019,etf
CA7493441074,etf
CA7493471006,etf
CA74934A1030,etf
CA74934F1027,etf
CA74934F2017,etf
CA74935U1084,etf
CA74936B1094,etf
CA74936D1050,etf
CA74936F1009,etf
CA74936K1093,etf
CA74936W1032,etf
CA74936W2022,etf
CA74936X1015,etf
CA7493771074,etf
CA74937F1099,etf
CA7493851009,etf
CA74938B1076,etf
CA74938C1059,etf
CA74938C2040,etf
CA74938H1047,etf
CA74938L1058,etf
CA74938M1032,etf
CA74938M2022,etf
CA74938U1057,etf
CA74938U2048,etf
CA74939C1041,etf
CA74939D1024,etf
CA74939J1093,etf
CA74939Y1060,etf
CA74940A1057,etf
CA7544021057,closedend
CA7549271012,etf
CA7549291077,etf
CA7549331097,etf
CA75525D1096,etf
CA75525T1049,etf
CA75525Y1034,etf
CA75526D1087,etf
CA75526J1057,etf
CA75526M1086,etf
CA75528A1021,etf
CA75528B1004,etf
CA75528B2093,etf
CA75528D1069,etf
CA75528F1018,etf
CA75528H1073,etf
CA75528M1068,etf
CA75528N1042,etf
CA75528Q1072,etf
CA75528Q1155,etf
CA75528T1012,etf
CA75529R1047,etf
CA7737731066,etf
CA7799211056,etf
CA7799211130,etf
CA78249A1049,etf
CA78249B1022,etf
CA78249E1060,etf
CA78249N1069,etf
CA78249T1030,etf
CA78249Y1025,etf
CA78250P1071,etf
CA78250R1038,etf
CA7829181063,etf
CA8092541058,etf
CA80925K1093,etf
CA8092631065,etf
CA80928J1093,etf
CA80928N1006,etf
CA80929L1031,etf
CA80929M1014,etf
CA80929N1096,etf
CA80929R1001,etf
CA81733D1050,closedend
CA8296361097,closedend
CA8313301050,etf
CA8313321017,etf
CA85207H1047,closedend
CA85207K1075,closedend
CA85207Q1046,closedend
CA85208R1010,closedend
CA85210A1049,closedend
CA85210C1005,etf
CA85553Y1079,etf
CA85554A1084,etf
CA85554B1067,etf
CA85555K2048,closedend
CA8616012016,etf
CA86164M2013,etf
CA86679B1040,etf
CA86679C1023,etf
CA86681Y1007,etf
CA86934T1066,closedend
CA87234Y3086,closedend
CA8723551021,etf
CA8723552011,etf
CA87239W1095,etf
CA87239X1078,etf
CA87239X2068,etf
CA87240Y1025,etf
CA87241D1078,etf
CA87241G1000,etf
CA87241G2099,etf
CA87241H1082,etf
CA87241K1012,etf
CA87241P1009,etf
CA87241P2098,etf
CA87241Q1081,etf
CA87241R2054,etf
CA87241T1021,etf
CA87241U1093,etf
CA87241W1059,etf
CA87241W2040,etf
CA87241X1033,etf
CA87242E2033,etf
CA87242F1018,etf
CA87242G1090,etf
CA87242V2057,etf
CA87249E1079,etf
CA87249K1030,etf
CA87250Q1063,etf
CA87250Q2053,etf
CA87251B1085,etf
CA87251D1042,etf
CA87251H1055,etf
CA87251M1041,etf
CA87251Y1088,etf
CA87252A1093,etf
CA87252B1076,etf
CA87252C1059,etf
CA87252P1062,etf
CA87252T1084,etf
CA87253L1040,etf
CA8779141016,etf
CA87808Q1037,etf
CA87808T1075,etf
CA87809A1075,etf
CA87809Q1028,etf
CA87809R1001,etf
CA87809T1066,etf
CA87809V1013,etf
CA87809Y1051,etf
CA87809Y2042,etf
CA87810B1022,etf
CA87810D1087,etf
CA87810E1060,etf
CA87810F1036,etf
CA87810N1069,etf
CA87818P1036,etf
CA87818R1091,etf
CA87818T1057,etf
CA88161X1078,etf
CA88428H1010,etf
CA88428J1075,etf
CA88561M1077,etf
CA88562K1003,etf
CA89270D1078,etf
CA89270E1051,etf
CA89270F1027,etf
CA89270G1000,etf
CA89300V1013,etf
CA8977811006,etf
CA90215F2070,mutual
CA90341H5078,closedend
CA90356D1024,etf
CA9101442031,closedend
CA91737A1066,etf
CA91737A2056,etf
CA92201C1077,etf
CA92202A1003,etf
CA92203B1076,etf
CA92203E1016,etf
CA92203G1063,etf
CA92203N1015,etf
CA92203Q1046,etf
CA92203U1057,etf
CA92204G1054,etf
CA92205P1045,etf
CA92205X1078,etf
CA92205Y1051,etf
CA92206A1066,etf
CA92206B1040,etf
CA92206D1006,etf
CA92206E1088,etf
CA92206F1053,etf
CA92206G1037,etf
CA92206H1010,etf
CA92206M1005,etf
CA92206N1087,etf
CA92206P1036,etf
CA92206Q1019,etf
CA92206W1086,etf
CA92207C1014,etf
CA92207E1079,etf
CA92207G1028,etf
CA92207Q1000,etf
CA92207T1049,etf
CA92207U1012,etf
CA92207X1050,etf
CA92208H1091,etf
CA92210N1024,etf
CA92210P1071,etf
CA92211F1080,etf
CA92211H1047,etf
CA92211X1096,etf
CA92213B1058,etf
CA92213X1078,etf
CA92213Y1051,etf
CA92214A1066,etf
CA94354A1021,etf
CA94701J1030,etf
CA94701L1085,etf
CA94701W1041,etf
CA94702B1094,etf
CH0002769351,closedend
CH0002770102,closedend
CH0008899764,etf
CH0009778769,closedend
CH0012627250,closedend
CH0014586710,closedend
CH0016999846,etf
CH0016999861,etf
CH0017142719,etf
CH0019852802,etf
CH0026168846,closedend
CH0026725611,closedend
CH0031069328,closedend
CH0031768937,etf
CH0032912732,etf
CH0047533523,etf
CH0047533549,etf
CH0048854746,closedend
CH0100778445,closedend
CH0102530786,etf
CH0103326762,etf
CH0104136236,etf
CH0104136285,etf
CH0104136319,etf
CH0104493298,etf
CH0104493306,etf
CH0105994401,etf
CH0106027128,etf
CH0106027144,etf
CH0106027193,etf
CH0106220491,etf
CH0109967858,etf
CH0111762537,etf
CH0116014934,etf
CH0116015352,etf
CH0118768057,closedend
CH0118923876,etf
CH0118923892,etf
CH0118929022,etf
CH0118929048,etf
CH0124758522,etf
CH0130595124,etf
CH0131872431,etf
CH0134034849,etf
CH0134034864,etf
CH0134034906,etf
CH0134034930,etf
CH0139101593,etf
CH0139101601,etf
CH0183135976,etf
CH0183135992,etf
CH0183136008,etf
CH0183136024,etf
CH0183136040,etf
CH0183136057,etf
CH0183136065,etf
CH0221616417,etf
CH0226274204,etf
CH0226274212,etf
CH0226274246,etf
CH0226976816,etf
CH0237935637,etf
CH0237935652,etf
CH0245633950,closedend
CH0341732862,etf
CH0346134353,etf
CH0348206100,etf
CH0348206126,etf
CH0348206134,etf
CH0348206159,etf
CH0348206167,etf
CH0348206241,etf
CH0348206258,etf
CH0348206266,etf
CH0348206274,etf
CH0348206290,etf
CH0348206308,etf
CH0348206316,etf
CH0348206332,etf
CH0348206357,etf
CH0348206365,etf
CH0348206373,etf
CH0348206381,etf
CH0348206399,etf
CH0348206407,etf
CH0348206472,etf
CH0348206480,etf
CH0348206514,etf
CH0368190739,etf
CH0395718866,closedend
CH0445689208,etf
CH0454664001,etf
CH0454664027,etf
CH0454664043,etf
CH0475552201,etf
CH0475986318,etf
CH0491507486,etf
CH0492935355,etf
CH0496454155,etf
CH0496484640,etf
CH0508793459,etf
CH0548689600,etf
CH0551992610,etf
CH0551992743,etf
CH0551992750,etf
CH0551992776,etf
CH0551992842,etf
CH0551992859,etf
CH0551992867,etf
CH0551992875,etf
CH0558875933,etf
CH0568452707,etf
CH0573883474,etf
CH0574683683,etf
CH0587418630,etf
CH0590186661,etf
CH0593331561,etf
CH1100083471,etf
CH1102728750,etf
CH1109575535,etf
CH1113516871,etf
CH1114178812,etf
CH1114178820,etf
CH1114178838,etf
CH1114873776,etf
CH1122756724,etf
CH1122756732,etf
CH1122756740,etf
CH1129538448,etf
CH1130675676,etf
CH1135202088,etf
CH1135202096,etf
CH1135202120,etf
CH1135202161,etf
CH1135202179,etf
CH1146882308,etf
CH1146882316,etf
CH1162108893,etf
CH1171797231,etf
CH1171797249,etf
CH1171799849,etf
CH1184151731,etf
CH1185519621,etf
CH1199067674,etf
CH1209763130,etf
CH1218734544,etf
CH1222010584,etf
CH1233056329,etf
CH1244681594,etf
CH1258969042,etf
CH1261327568,etf
CH1272476750,etf
CH1275043318,etf
CH1283546716,etf
CH1292086696,etf
CH1292088809,etf
CH1292088817,etf
CH1292091993,etf
CH1292092058,etf
CH1292092066,etf
CH1292092074,etf
CH1292092082,etf
CH1292092090,etf
CH1292092108,etf
CH1297762812,etf
CH1304867455,etf
CH1304867463,etf
CH1315732250,etf
CH1315732268,etf
CH1326116832,etf
CH1327686056,etf
CH1353016301,etf
CH1353016715,etf
CH1360612134,etf
CH1360612159,etf
CH1381833297,etf
CH1381833305,etf
CH1381833420,etf
CH1382892102,etf
CH1385084384,etf
CH1390861214,etf
CH1390861222,etf
CH1390861248,etf
CH1390861297,etf
CH1390861305,etf
CH1390861313,etf
CH1396281391,etf
CH1396343266,etf
CH1396389921,etf
CH1396389939,etf
CH1408319130,etf
CH1413566279,etf
CH1413566535,etf
CH1415798458,etf
CH1415798466,etf
CH1416135338,etf
CH1416135346,etf
CH1416135353,etf
CH1431521033,etf
CH1443364232,etf
CH1447931341,etf
CH1453363843,etf
CH1456607683,etf
CH1460568228,etf
CH1460568244,etf
CH1464217285,etf
CH1467581588,etf
CH1467581596,etf
CH1468906669,etf
CH1471826029,etf
CH1473047681,etf
CH1476710186,etf
CH1480821375,etf
CH1480821383,etf
CH1484606988,etf
CH1492505164,etf
CH1493616754,etf
CH1495416971,etf
CH1495416989,etf
CH1495416997,etf
CH1503127917,etf
CH1505560610,etf
CH1505568977,etf
CH1505568985,etf
CH1506167027,etf
CH1506167035,etf
CH1521714696,etf
CH1525087990,etf
CH1528107811,etf
CH1550420660,etf
CH1553162921,etf
CH1571717169,etf
CL0002009646,etf
CL0002138809,closedend
CL0002371012,closedend
CL0002374271,closedend
CL0002426188,closedend
CL0002445451,closedend
CL0002563659,closedend
CL0002672096,closedend
CL0002691880,closedend
CL0002706415,closedend
CL0002765866,closedend
CL0002895697,closedend
CL0002985241,closedend
CL0002996123,closedend
CL0003008704,closedend
CL0003024164,closedend
CL0003043461,closedend
CL0003063626,closedend
CL0003091957,closedend
CN0009239244,etf
CNE000000339,mutual
CNE0000010P9,etf
CNE0000012N0,mutual
CNE000001535,mutual
CNE000001824,mutual
CNE000001923,mutual
CNE000001B74,mutual
CNE000001L49,mutual
CNE000001LF0,mutual
CNE000001LG8,mutual
CNE000001LH6,mutual
CNE000001LL8,mutual
CNE000001LM6,etf
CNE000001LP9,mutual
CNE000001M30,mutual
CNE000001M48,mutual
CNE000001M63,mutual
CNE000001M89,mutual
CNE000001M97,mutual
CNE000001MC5,mutual
CNE000001MN2,mutual
CNE000001MR3,mutual
CNE000001MT9,etf
CNE000001MV5,etf
CNE000001MW3,etf
CNE000001N47,mutual
CNE000001PB0,etf
CNE000001Q36,mutual
CNE000001QS2,mutual
CNE0999003G6,etf
CNE0999003J0,etf
CNE0999003K8,etf
CNE0999003P7,etf
CNE0999003S1,etf
CNE0999003Z6,etf
CNE099900431,etf
CNE099900449,etf
CNE099900456,etf
CNE099900464,etf
CNE099900498,etf
CNE0999004B5,etf
CNE0999004C3,etf
CNE0999004D1,etf
CNE0999004F6,etf
CNE0999004G4,etf
CNE0999004M2,etf
CNE0999004Q3,etf
CNE0999009R0,etf
CNE0999009S8,etf
CNE0999009T6,etf
CNE0999009V2,etf
CNE1000005L6,mutual
CNE1000005Q5,mutual
CNE1000005R3,mutual
CNE1000005V5,mutual
CNE1000007V1,mutual
CNE100000D48,mutual
CNE100000D63,etf
CNE100000DT9,mutual
CNE100000G37,mutual
CNE100000H93,etf
CNE100000J67,mutual
CNE100000J83,etf
CNE100000JR0,mutual
CNE100000QX3,etf
CNE100000R34,mutual
CNE100000R42,etf
CNE100000R75,mutual
CNE100000RP7,etf
CNE100000RQ5,mutual
CNE100000TH0,etf
CNE100000TJ6,mutual
CNE100000W11,mutual
CNE100000X51,mutual
CNE100000XS9,mutual
CNE100000XT7,mutual
CNE100000XV3,mutual
CNE100001435,mutual
CNE100001443,mutual
CNE100001450,etf
CNE100001476,etf
CNE100001484,mutual
CNE100001492,mutual
CNE1000014C7,mutual
CNE1000014G8,mutual
CNE1000014K0,etf
CNE1000014Q7,mutual
CNE1000014R5,mutual
CNE1000014S3,mutual
CNE1000014T1,mutual
CNE1000017K3,mutual
CNE1000017N7,mutual
CNE1000017R8,mutual
CNE1000017S6,mutual
CNE1000017W8,etf
CNE1000017Z1,mutual
CNE100001815,mutual
CNE100001831,etf
CNE100001849,mutual
CNE100001856,etf
CNE100001864,etf
CNE100001872,etf
CNE100001880,etf
CNE1000018B0,mutual
CNE1000018G9,etf
CNE1000018H7,mutual
CNE100001DG4,etf
CNE100001DN0,etf
CNE100001FX4,etf
CNE100001G02,mutual
CNE100001G36,etf
CNE100001G51,closedend
CNE100001G69,mutual
CNE100001GB8,etf
CNE100001GD4,etf
CNE100001GR4,mutual
CNE100001GT0,mutual
CNE100001GV6,mutual
CNE100001GW4,etf
CNE100001GX2,mutual
CNE100001GZ7,mutual
CNE100001H92,etf
CNE100001HB6,etf
CNE100001HC4,mutual
CNE100001HL5,mutual
CNE100001HM3,mutual
CNE100001J58,etf
CNE100001J66,mutual
CNE100001JG1,mutual
CNE100001JL1,mutual
CNE100001LD4,mutual
CNE100001LH5,closedend
CNE100001LM5,mutual
CNE100001LN3,mutual
CNE100001LR4,etf
CNE100001LS2,mutual
CNE100001M87,etf
CNE100001MC4,closedend
CNE100001MG5,etf
CNE100001MR2,mutual
CNE100001MW2,mutual
CNE100001N11,mutual
CNE100001N37,mutual
CNE100001N45,etf
CNE100001N78,mutual
CNE100001N86,mutual
CNE100001NK5,etf
CNE100001NS8,etf
CNE100001P68,mutual
CNE100001P92,mutual
CNE100001PC7,etf
CNE100001PM6,mutual
CNE100001PN4,etf
CNE100001PP9,etf
CNE100001PQ7,mutual
CNE100001PS3,mutual
CNE100001PV7,etf
CNE100001Q83,closedend
CNE100001Q91,mutual
CNE100001QD3,etf
CNE100001QX1,etf
CNE100001QY9,etf
CNE100002847,closedend
CNE100002854,closedend
CNE1000028C7,etf
CNE1000028D5,etf
CNE1000028G8,etf
CNE1000028H6,etf
CNE1000028N4,etf
CNE1000028Q7,etf
CNE1000028S3,etf
CNE1000028T1,etf
CNE1000028V7,etf
CNE1000028W5,etf
CNE1000028X3,etf
CNE1000028Y1,etf
CNE1000028Z8,etf
CNE100002904,etf
CNE100002912,etf
CNE100002920,etf
CNE100002946,etf
CNE100002953,etf
CNE100002961,etf
CNE100002979,etf
CNE1000029D3,etf
CNE1000029K8,etf
CNE1000029L6,etf
CNE1000029N2,etf
CNE100002B06,etf
CNE100002B14,etf
CNE100002S15,etf
CNE100002S49,etf
CNE100002S56,etf
CNE100002S64,etf
CNE100002S72,etf
CNE100002S80,etf
CNE100002S98,etf
CNE100002SB1,etf
CNE100002SC9,etf
CNE100002SD7,etf
CNE100002SF2,etf
CNE100002SG0,etf
CNE100002SH8,etf
CNE100002SJ4,etf
CNE100002SL0,etf
CNE1000030Z4,etf
CNE100003100,etf
CNE100003118,etf
CNE100003126,etf
CNE100003134,etf
CNE100003142,etf
CNE100003159,etf
CNE100003167,etf
CNE100003183,etf
CNE100003696,etf
CNE1000037P0,etf
CNE1000037Q8,etf
CNE1000037R6,etf
CNE1000037S4,etf
CNE1000037V8,etf
CNE1000037W6,etf
CNE1000037Y2,etf
CNE1000037Z9,etf
CNE100003811,etf
CNE100003837,etf
CNE100003852,etf
CNE100003860,etf
CNE100003878,etf
CNE100003886,etf
CNE1000039J9,etf
CNE1000039K7,closedend
CNE1000039M3,mutual
CNE1000039N1,closedend
CNE1000039P6,mutual
CNE1000039R2,closedend
CNE1000039Y8,mutual
CNE100003B05,closedend
CNE100003B13,closedend
CNE100003B54,etf
CNE100003B96,closedend
CNE100003BB5,mutual
CNE100003BC3,closedend
CNE100003BD1,closedend
CNE100003BF6,closedend
CNE100003BG4,mutual
CNE100003BH2,closedend
CNE100003BJ8,closedend
CNE100003BK6,closedend
CNE100003BL4,closedend
CNE100003BM2,closedend
CNE100003BN0,closedend
CNE100003BP5,mutual
CNE100003BQ3,mutual
CNE100003BV3,mutual
CNE100003BX9,closedend
CNE100003BZ4,mutual
CNE100003C12,mutual
CNE100003C38,closedend
CNE100003C46,mutual
CNE100003C61,etf
CNE100003C79,closedend
CNE100003CD9,closedend
CNE100003CJ6,closedend
CNE100003CL2,etf
CNE100003CM0,closedend
CNE100003CP3,mutual
CNE100003CR9,closedend
CNE100003CS7,closedend
CNE100003CT5,closedend
CNE100003CV1,etf
CNE100003CX7,mutual
CNE100003CY5,mutual
CNE100003D11,closedend
CNE100003D37,mutual
CNE100003D45,closedend
CNE100003D52,closedend
CNE100003D78,mutual
CNE100003D86,closedend
CNE100003D94,closedend
CNE100003DB1,closedend
CNE100003DD7,closedend
CNE100003DF2,closedend
CNE100003DG0,mutual
CNE100003DH8,closedend
CNE100003DJ4,closedend
CNE100003DN6,closedend
CNE100003DR7,closedend
CNE100003DS5,closedend
CNE100003DT3,closedend
CNE100003DV9,closedend
CNE100003FY8,etf
CNE100003FZ5,etf
CNE100003G00,etf
CNE100003G26,closedend
CNE100003GN9,closedend
CNE100003H25,etf
CNE100003H33,etf
CNE100003H41,etf
CNE100003H66,etf
CNE100003H74,etf
CNE100003H82,etf
CNE100003HB2,etf
CNE100003HF3,etf
CNE100003HG1,etf
CNE100003HH9,etf
CNE100003HL1,etf
CNE100003HM9,etf
CNE100003HN7,etf
CNE100003HP2,etf
CNE100003HT4,etf
CNE100003KM3,etf
CNE100003KN1,etf
CNE100003KP6,etf
CNE100003KQ4,etf
CNE100003KR2,etf
CNE100003KS0,etf
CNE100003KT8,etf
CNE100003KV4,etf
CNE100003KW2,etf
CNE100003KX0,etf
CNE100003KY8,etf
CNE100003KZ5,etf
CNE100003L03,etf
CNE100003L11,etf
CNE100003L29,etf
CNE100003L37,etf
CNE100003L45,etf
CNE100003T47,mutual
CNE100003T70,etf
CNE100003T88,etf
CNE100003T96,etf
CNE100003TB7,etf
CNE100003TC5,etf
CNE100003TF8,etf
CNE100003TG6,etf
CNE100003TH4,etf
CNE100003TJ0,closedend
CNE100003TK8,closedend
CNE100003TM4,closedend
CNE100003TN2,closedend
CNE100003TP7,mutual
CNE100003TQ5,closedend
CNE100003TR3,closedend
CNE100003TS1,closedend
CNE100003TT9,mutual
CNE100003TV5,closedend
CNE100003TZ6,etf
CNE100003V01,etf
CNE100003V27,etf
CNE100003V35,etf
CNE100003V50,etf
CNE100003V76,etf
CNE100003V84,etf
CNE100003V92,etf
CNE100003VB3,etf
CNE100003VC1,etf
CNE100003VD9,etf
CNE100003VF4,etf
CNE100003VJ6,etf
CNE100003VN8,etf
CNE100003VP3,etf
CNE100003VQ1,etf
CNE100003VR9,etf
CNE100003VT5,etf
CNE100003VV1,etf
CNE100003VW9,etf
CNE100003VX7,etf
CNE100003W00,etf
CNE100003W18,etf
CNE100003W26,etf
CNE100003W34,etf
CNE100003W59,etf
CNE100003W75,etf
CNE100003W83,etf
CNE100003W91,etf
CNE100003WB1,etf
CNE100003WC9,etf
CNE100003WD7,etf
CNE100003WF2,etf
CNE100003WG0,etf
CNE100003WH8,etf
CNE100003WJ4,etf
CNE100003WL0,etf
CNE100003WM8,etf
CNE100003WN6,etf
CNE100003WP1,etf
CNE100003WQ9,etf
CNE100003WR7,etf
CNE100003WS5,etf
CNE100003WT3,etf
CNE100003WV9,etf
CNE100003WW7,etf
CNE100003WX5,etf
CNE100003WY3,etf
CNE100003WZ0,etf
CNE100003X09,etf
CNE100003X17,etf
CNE100003X25,etf
CNE100003X41,etf
CNE100003X58,etf
CNE100003X66,etf
CNE100003X74,etf
CNE100003X82,etf
CNE100003X90,etf
CNE100003XB9,etf
CNE100003XC7,etf
CNE100003XD5,etf
CNE100003XF0,etf
CNE100003XG8,etf
CNE100003XH6,etf
CNE100003XJ2,etf
CNE100003XK0,etf
CNE100003XN4,etf
CNE100003XP9,etf
CNE100003XQ7,etf
CNE100003XT1,etf
CNE100003XV7,etf
CNE1000044P6,etf
CNE1000044S0,etf
CNE1000044T8,etf
CNE1000044V4,etf
CNE1000044W2,etf
CNE1000044X0,etf
CNE1000044Z5,etf
CNE100004504,etf
CNE100004512,etf
CNE100004520,etf
CNE100004538,etf
CNE100004553,etf
CNE100004561,etf
CNE100004579,etf
CNE100004587,etf
CNE100004595,etf
CNE1000045C1,etf
CNE1000045D9,etf
CNE1000045F4,etf
CNE1000045G2,etf
CNE1000045K4,etf
CNE1000045L2,etf
CNE1000045M0,etf
CNE1000045Q1,etf
CNE1000045W9,etf
CNE1000045X7,etf
CNE1000045Y5,etf
CNE1000045Z2,etf
CNE100004603,etf
CNE100004611,etf
CNE100004629,etf
CNE100004637,etf
CNE100004652,closedend
CNE100004660,mutual
CNE100004686,mutual
CNE100004694,closedend
CNE1000046B1,mutual
CNE1000046C9,mutual
CNE100004B61,etf
CNE100004B79,etf
CNE100004B87,mutual
CNE100004B95,etf
CNE100004D02,etf
CNE100004D28,etf
CNE100004D36,etf
CNE100004D44,etf
CNE100004D51,etf
CNE100004D69,etf
CNE100004D77,etf
CNE100004D85,etf
CNE100004D93,etf
CNE100004DB9,etf
CNE100004DC7,etf
CNE100004DD5,etf
CNE100004DF0,etf
CNE100004DG8,etf
CNE100004DH6,etf
CNE100004DJ2,etf
CNE100004DK0,etf
CNE100004DL8,etf
CNE100004DM6,etf
CNE100004DN4,etf
CNE100004DP9,etf
CNE100004DQ7,etf
CNE100004DR5,etf
CNE100004DS3,etf
CNE100004DT1,etf
CNE100004DV7,etf
CNE100004DW5,etf
CNE100004DX3,etf
CNE100004DY1,etf
CNE100004DZ8,etf
CNE100004F00,etf
CNE100004F18,etf
CNE100004F26,etf
CNE100004F34,etf
CNE100004F42,etf
CNE100004F67,etf
CNE100004F75,etf
CNE100004F83,etf
CNE100004F91,etf
CNE100004FB4,etf
CNE100004FC2,etf
CNE100004FF5,etf
CNE100004FG3,etf
CNE100004FH1,etf
CNE100004FJ7,etf
CNE100004FK5,etf
CNE100004FL3,etf
CNE100004FM1,etf
CNE100004FN9,etf
CNE100004FP4,etf
CNE100004FQ2,etf
CNE100004FR0,etf
CNE100004FS8,etf
CNE100004FT6,etf
CNE100004FV2,etf
CNE100004FW0,mutual
CNE100004G58,etf
CNE100004G66,mutual
CNE100004GD8,etf
CNE100004GF3,etf
CNE100004GG1,etf
CNE100004GH9,etf
CNE100004GJ5,etf
CNE100004GK3,etf
CNE100004GL1,etf
CNE100004GM9,etf
CNE100004GN7,etf
CNE100004GP2,etf
CNE100004GQ0,etf
CNE100004GR8,etf
CNE100004GS6,etf
CNE100004GT4,etf
CNE100004GV0,etf
CNE100004GW8,etf
CNE100004GX6,etf
CNE100004GY4,etf
CNE100004GZ1,etf
CNE100004H08,etf
CNE100004H16,etf
CNE100004H24,etf
CNE100004H32,etf
CNE100004H40,etf
CNE100004H57,etf
CNE100004H65,etf
CNE100004H73,etf
CNE100004H81,mutual
CNE100004H99,mutual
CNE100004HB0,mutual
CNE100004HC8,mutual
CNE100004HD6,mutual
CNE100004HF1,mutual
CNE100004HG9,mutual
CNE100004HK1,etf
CNE100004HL9,etf
CNE100004HM7,etf
CNE100004HV8,etf
CNE100004HW6,etf
CNE100004HX4,etf
CNE100004HY2,etf
CNE100004HZ9,etf
CNE100004J06,etf
CNE100004J14,etf
CNE100004J22,etf
CNE100004J30,etf
CNE100004J48,etf
CNE100004J63,etf
CNE100004J71,etf
CNE100004J89,mutual
CNE100004JJ9,etf
CNE100004JK7,etf
CNE100004JL5,etf
CNE100004JM3,etf
CNE100004JN1,etf
CNE100004JP6,etf
CNE100004JQ4,etf
CNE100004JR2,etf
CNE100004JS0,etf
CNE100004JT8,closedend
CNE100004JV4,closedend
CNE100004M43,etf
CNE100004M50,etf
CNE100004M68,etf
CNE100004M76,etf
CNE100004M84,etf
CNE100004M92,etf
CNE100004MB0,etf
CNE100004MC8,etf
CNE100004MD6,etf
CNE100004MV8,etf
CNE100004MW6,etf
CNE100004MX4,etf
CNE100004MY2,etf
CNE100004MZ9,etf
CNE100004N00,etf
CNE100004PN8,etf
CNE100004PP3,etf
CNE100004PQ1,etf
CNE100004PR9,etf
CNE100004PS7,etf
CNE100004PT5,etf
CNE100004PW9,etf
CNE100004PX7,etf
CNE100004QR7,etf
CNE100004QS5,etf
CNE100004QT3,etf
CNE100004QV9,etf
CNE100004QW7,etf
CNE100004QY3,etf
CNE100004QZ0,etf
CNE100004R06,etf
CNE100004R14,etf
CNE100004R30,etf
CNE100004SQ5,etf
CNE100004SR3,etf
CNE100004SS1,etf
CNE100004ST9,etf
CNE100004SV5,etf
CNE100004SW3,etf
CNE100004SX1,etf
CNE100004SY9,etf
CNE100004SZ6,etf
CNE100004T04,etf
CNE100004T12,etf
CNE100004T20,etf
CNE100004T38,etf
CNE100004T46,etf
CNE100004T53,etf
CNE100004T61,etf
CNE100004T79,etf
CNE100004T87,etf
CNE100004T95,etf
CNE100004TC3,etf
CNE100004TD1,etf
CNE100004TG4,etf
CNE100004TH2,etf
CNE100004TK6,etf
CNE100004TL4,etf
CNE100004TM2,etf
CNE100004TN0,etf
CNE100004TP5,etf
CNE100004TQ3,etf
CNE100004TR1,etf
CNE100004TS9,etf
CNE100004TT7,etf
CNE100004TV3,etf
CNE100004TW1,etf
CNE100004TY7,etf
CNE100004TZ4,etf
CNE100004V00,etf
CNE100004V18,etf
CNE100004V26,etf
CNE100004V34,etf
CNE100004V42,etf
CNE100004V59,etf
CNE100004V67,etf
CNE100004V75,etf
CNE100004V91,etf
CNE100004VB1,etf
CNE100004VC9,etf
CNE100004VD7,etf
CNE100004VF2,etf
CNE100004VG0,etf
CNE100004VH8,etf
CNE100004VJ4,etf
CNE100004VK2,etf
CNE100004VL0,etf
CNE100004VM8,etf
CNE100004VN6,etf
CNE100004VP1,etf
CNE100004VQ9,etf
CNE100004VR7,etf
CNE100004VS5,etf
CNE100004VT3,etf
CNE100004VX5,etf
CNE100004VY3,etf
CNE100004VZ0,etf
CNE100004W09,etf
CNE100004W17,etf
CNE100004W25,etf
CNE100004W33,etf
CNE100004W41,etf
CNE100004W58,etf
CNE100004W66,etf
CNE100004W74,etf
CNE100004W82,etf
CNE100004WB9,etf
CNE100004WC7,etf
CNE100004WD5,etf
CNE100004WF0,etf
CNE100004WH6,etf
CNE100004WJ2,etf
CNE100004WK0,etf
CNE100004WL8,etf
CNE100004WM6,etf
CNE100004WN4,etf
CNE100004WP9,etf
CNE100004WQ7,etf
CNE100004WR5,etf
CNE100004WS3,etf
CNE100004WT1,etf
CNE100004WV7,etf
CNE100004WW5,etf
CNE100004WX3,etf
CNE100004WY1,etf
CNE100004WZ8,etf
CNE100004X08,etf
CNE100004X16,etf
CNE100004X24,etf
CNE100004X40,etf
CNE100004X73,etf
CNE100004X81,etf
CNE100004X99,etf
CNE100004XB7,etf
CNE100004XC5,etf
CNE100004XF8,etf
CNE100004XG6,etf
CNE100004XJ0,etf
CNE100004XK8,etf
CNE100004XL6,etf
CNE100004XM4,etf
CNE100004XN2,etf
CNE100004XP7,etf
CNE100004XR3,etf
CNE100004XS1,etf
CNE100004XT9,etf
CNE100004XV5,etf
CNE100004XW3,etf
CNE100004XX1,etf
CNE100004XY9,etf
CNE100004XZ6,etf
CNE100004Y07,etf
CNE100004Y15,etf
CNE100004Y23,etf
CNE100004Y31,etf
CNE100004Y49,etf
CNE100004Y56,etf
CNE100004Y64,etf
CNE1000054D1,etf
CNE1000054F6,etf
CNE1000054G4,etf
CNE1000054H2,etf
CNE1000054J8,etf
CNE1000054K6,etf
CNE1000054L4,etf
CNE1000054N0,etf
CNE1000054P5,closedend
CNE100005618,etf
CNE100005626,etf
CNE100005634,etf
CNE100005642,etf
CNE100005659,etf
CNE100005667,etf
CNE100005675,etf
CNE100005683,etf
CNE100005691,etf
CNE1000056B0,etf
CNE1000056C8,etf
CNE1000056D6,etf
CNE1000056F1,etf
CNE1000056G9,etf
CNE1000056H7,etf
CNE1000056J3,etf
CNE1000056K1,closedend
CNE1000057Q6,etf
CNE1000057R4,etf
CNE1000057T0,etf
CNE1000057V6,etf
CNE1000057W4,etf
CNE1000057X2,etf
CNE1000057Y0,etf
CNE1000057Z7,etf
CNE100005808,etf
CNE100005832,etf
CNE100005915,etf
CNE100005923,etf
CNE100005931,etf
CNE100005949,etf
CNE100005B11,etf
CNE100005B29,etf
CNE100005B37,etf
CNE100005B45,etf
CNE100005B52,etf
CNE100005B60,etf
CNE100005B78,etf
CNE100005B86,etf
CNE100005B94,etf
CNE100005BB0,etf
CNE100005BC8,etf
CNE100005BD6,etf
CNE100005BF1,etf
CNE100005BG9,etf
CNE100005BJ3,etf
CNE100005BK1,etf
CNE100005BL9,etf
CNE100005BM7,etf
CNE100005BP0,etf
CNE100005BQ8,etf
CNE100005BR6,etf
CNE100005BS4,etf
CNE100005BX4,etf
CNE100005BY2,etf
CNE100005BZ9,etf
CNE100005C02,etf
CNE100005C10,etf
CNE100005C28,etf
CNE100005C36,etf
CNE100005C44,etf
CNE100005C51,etf
CNE100005CV6,etf
CNE100005CW4,etf
CNE100005DF7,etf
CNE100005DG5,etf
CNE100005DH3,etf
CNE100005DJ9,closedend
CNE100005F25,etf
CNE100005F33,etf
CNE100005FK2,etf
CNE100005FL0,etf
CNE100005FM8,etf
CNE100005FN6,etf
CNE100005FP1,etf
CNE100005FQ9,etf
CNE100005FR7,etf
CNE100005FS5,etf
CNE100005FT3,etf
CNE100005FV9,etf
CNE100005FW7,etf
CNE100005FX5,etf
CNE100005FY3,etf
CNE100005FZ0,etf
CNE100005G08,etf
CNE100005G16,etf
CNE100005G24,etf
CNE100005G32,etf
CNE100005G40,etf
CNE100005G99,etf
CNE100005GB9,etf
CNE100005GC7,etf
CNE100005GD5,etf
CNE100005GF0,etf
CNE100005GG8,etf
CNE100005GH6,etf
CNE100005GJ2,etf
CNE100005H98,mutual
CNE100005HX1,etf
CNE100005HY9,etf
CNE100005HZ6,etf
CNE100005J05,etf
CNE100005J13,etf
CNE100005J21,etf
CNE100005J39,etf
CNE100005J47,etf
CNE100005J54,etf
CNE100005J70,etf
CNE100005J88,closedend
CNE100005KN6,etf
CNE100005KP1,etf
CNE100005KQ9,etf
CNE100005LS3,etf
CNE100005LT1,etf
CNE100005LV7,etf
CNE100005LW5,etf
CNE100005LX3,etf
CNE100005LY1,etf
CNE100005M42,etf
CNE100005N82,etf
CNE100005N90,etf
CNE100005NB5,etf
CNE100005NC3,etf
CNE100005ND1,etf
CNE100005NF6,etf
CNE100005S04,etf
CNE100005S20,etf
CNE100005S53,etf
CNE100005S79,etf
CNE100005S87,etf
CNE100005SB4,etf
CNE100005SC2,etf
CNE100005SQ2,etf
CNE100005SR0,etf
CNE100005SS8,etf
CNE100005ST6,etf
CNE100005SV2,etf
CNE100005SW0,etf
CNE100005SX8,etf
CNE100005SY6,etf
CNE100005SZ3,etf
CNE100005T03,etf
CNE100005T11,etf
CNE100005T29,etf
CNE100005T37,etf
CNE100005T52,etf
CNE100005T60,etf
CNE100005T78,etf
CNE100005T86,etf
CNE100005T94,etf
CNE100005TB2,etf
CNE100005TD8,etf
CNE100005TF3,etf
CNE100005TG1,etf
CNE100005TH9,etf
CNE100005TJ5,etf
CNE100005TK3,etf
CNE100005TL1,etf
CNE100005TM9,etf
CNE100005TN7,etf
CNE100005TP2,etf
CNE100005TQ0,etf
CNE100005TR8,etf
CNE100005TS6,etf
CNE100005TW8,etf
CNE100005TX6,etf
CNE100005TY4,etf
CNE100005VX2,etf
CNE100005VY0,etf
CNE100005W32,etf
CNE100005WG5,etf
CNE100005Y06,etf
CNE100005Y14,etf
CNE100005Y22,etf
CNE100005Y48,etf
CNE100005Y55,etf
CNE100005YC0,etf
CNE100005YJ5,etf
CNE100005YK3,etf
CNE100005YZ1,etf
CNE100005Z05,etf
CNE100005Z13,etf
CNE100005Z54,etf
CNE1000060S6,etf
CNE1000060T4,etf
CNE1000060V0,etf
CNE1000060W8,etf
CNE1000060X6,etf
CNE1000060Y4,etf
CNE1000060Z1,etf
CNE100006103,etf
CNE100006111,etf
CNE100006129,etf
CNE100006137,etf
CNE100006145,etf
CNE100006152,etf
CNE100006160,etf
CNE100006178,etf
CNE100006186,etf
CNE100006194,etf
CNE1000061B0,etf
CNE1000062L7,etf
CNE1000062Y0,etf
CNE1000062Z7,etf
CNE100006368,etf
CNE1000063B6,etf
CNE1000063F7,etf
CNE1000063G5,etf
CNE1000063H3,etf
CNE1000063J9,etf
CNE1000063K7,etf
CNE1000063L5,etf
CNE1000063M3,etf
CNE1000063N1,etf
CNE1000063P6,etf
CNE1000063Q4,etf
CNE1000063R2,etf
CNE1000063S0,etf
CNE1000063T8,etf
CNE1000063X0,etf
CNE1000063Y8,etf
CNE1000063Z5,etf
CNE100006400,etf
CNE100006418,etf
CNE100006426,etf
CNE1000065Z0,etf
CNE100006608,etf
CNE100006616,etf
CNE100006665,etf
CNE100006673,etf
CNE1000066V7,etf
CNE1000066W5,etf
CNE1000066X3,etf
CNE1000066Z8,etf
CNE100006723,etf
CNE100006731,etf
CNE100006749,etf
CNE100006756,etf
CNE100006764,etf
CNE100006772,etf
CNE100006780,etf
CNE100006798,etf
CNE1000067B7,etf
CNE1000067C5,etf
CNE1000067D3,etf
CNE1000067F8,etf
CNE1000067G6,etf
CNE1000067H4,etf
CNE1000067J0,etf
CNE1000067K8,etf
CNE1000067L6,etf
CNE1000067M4,etf
CNE1000067N2,etf
CNE1000067P7,etf
CNE1000067Q5,etf
CNE1000067R3,etf
CNE1000067S1,etf
CNE1000067T9,etf
CNE1000067V5,etf
CNE1000067W3,etf
CNE1000067X1,etf
CNE1000067Y9,etf
CNE1000067Z6,etf
CNE100006806,etf
CNE100006814,etf
CNE100006822,etf
CNE100006830,etf
CNE100006848,etf
CNE100006863,etf
CNE100006871,etf
CNE100006889,etf
CNE100006954,etf
CNE100006962,etf
CNE1000069F4,etf
CNE1000069G2,etf
CNE1000069H0,etf
CNE1000069J6,etf
CNE100006B28,etf
CNE100006B36,etf
CNE100006B44,etf
CNE100006B51,etf
CNE100006B85,etf
CNE100006B93,etf
CNE100006BB8,etf
CNE100006BC6,etf
CNE100006BM5,etf
CNE100006BP8,etf
CNE100006BQ6,etf
CNE100006BR4,etf
CNE100006BS2,etf
CNE100006BT0,etf
CNE100006BV6,etf
CNE100006BW4,etf
CNE100006BX2,etf
CNE100006BY0,etf
CNE100006BZ7,etf
CNE100006C01,etf
CNE100006C19,etf
CNE100006C27,etf
CNE100006C35,etf
CNE100006C43,etf
CNE100006C50,etf
CNE100006C68,etf
CNE100006C76,etf
CNE100006C84,etf
CNE100006C92,etf
CNE100006CC4,etf
CNE100006CD2,etf
CNE100006CF7,etf
CNE100006CG5,etf
CNE100006CZ5,etf
CNE100006D00,etf
CNE100006D18,etf
CNE100006D26,etf
CNE100006D34,etf
CNE100006D42,etf
CNE100006DZ3,etf
CNE100006F08,etf
CNE100006F16,etf
CNE100006F24,etf
CNE100006F32,etf
CNE100006F40,etf
CNE100006F57,mutual
CNE100006F73,etf
CNE100006F81,etf
CNE100006F99,etf
CNE100006FB9,etf
CNE100006FC7,etf
CNE100006FD5,etf
CNE100006FF0,etf
CNE100006FG8,etf
CNE100006FS3,etf
CNE100006FT1,etf
CNE100006FV7,etf
CNE100006FW5,etf
CNE100006FX3,etf
CNE100006FY1,etf
CNE100006FZ8,etf
CNE100006G49,etf
CNE100006G56,etf
CNE100006G64,etf
CNE100006G72,etf
CNE100006G80,etf
CNE100006G98,etf
CNE100006GB7,etf
CNE100006GC5,etf
CNE100006GD3,etf
CNE100006GF8,etf
CNE100006GG6,etf
CNE100006GJ0,etf
CNE100006GK8,etf
CNE100006GL6,etf
CNE100006GM4,etf
CNE100006GN2,etf
CNE100006GP7,etf
CNE100006GQ5,etf
CNE100006GR3,etf
CNE100006GS1,etf
CNE100006GT9,etf
CNE100006GV5,etf
CNE100006GW3,etf
CNE100006GX1,etf
CNE100006GY9,etf
CNE100006GZ6,etf
CNE100006H06,etf
CNE100006H14,etf
CNE100006H22,etf
CNE100006H30,etf
CNE100006H48,etf
CNE100006H55,etf
CNE100006H63,etf
CNE100006H71,etf
CNE100006H89,etf
CNE100006HB5,etf
CNE100006HC3,etf
CNE100006HD1,etf
CNE100006HF6,etf
CNE100006HR1,etf
CNE100006HS9,etf
CNE100006HT7,etf
CNE100006HV3,etf
CNE100006J46,etf
CNE100006J53,etf
CNE100006J61,etf
CNE100006J79,etf
CNE100006J87,etf
CNE100006J95,etf
CNE100006JB1,etf
CNE100006JC9,etf
CNE100006JD7,etf
CNE100006JF2,etf
CNE100006K43,etf
CNE100006K50,etf
CNE100006K68,etf
CNE100006K84,etf
CNE100006K92,etf
CNE100006KB9,etf
CNE100006KC7,etf
CNE100006KD5,etf
CNE100006KP9,etf
CNE100006KQ7,etf
CNE100006KR5,etf
CNE100006KT1,etf
CNE100006KV7,etf
CNE100006KX3,etf
CNE100006KY1,etf
CNE100006LH4,etf
CNE100006LJ0,etf
CNE100006LK8,etf
CNE100006LL6,etf
CNE100006LM4,etf
CNE100006LN2,etf
CNE100006LP7,etf
CNE100006LQ5,etf
CNE100006LT9,etf
CNE100006LV5,etf
CNE100006LW3,etf
CNE100006LX1,etf
CNE100006LY9,mutual
CNE100006LZ6,etf
CNE100006M09,etf
CNE100006M25,etf
CNE100006M33,etf
CNE100006M41,etf
CNE100006MH2,etf
CNE100006MJ8,etf
CNE100006MK6,closedend
CNE100006ML4,closedend
CNE100006MM2,etf
CNE100006MN0,etf
CNE100006MS9,etf
CNE100006MT7,etf
CNE100006MV3,etf
CNE100006MW1,etf
CNE100006MX9,etf
CNE100006MY7,etf
CNE100006MZ4,etf
CNE100006N57,etf
CNE100006N65,etf
CNE100006N73,closedend
CNE100006N81,etf
CNE100006N99,etf
CNE100006NH0,etf
CNE100006NJ6,etf
CNE100006NK4,etf
CNE100006NL2,etf
CNE100006NM0,etf
CNE100006NN8,etf
CNE100006NP3,etf
CNE100006NQ1,etf
CNE100006NR9,etf
CNE100006NS7,etf
CNE100006NT5,etf
CNE100006NV1,etf
CNE100006NW9,etf
CNE100006PB8,closedend
CNE100006PC6,etf
CNE100006PF9,etf
CNE100006PG7,etf
CNE100006PH5,etf
CNE100006PV6,etf
CNE100006PW4,etf
CNE100006PX2,etf
CNE100006PY0,etf
CNE100006PZ7,etf
CNE100006Q05,etf
CNE100006Q13,etf
CNE100006Q21,etf
CNE100006Q47,etf
CNE100006Q54,etf
CNE100006Q62,etf
CNE100006Q70,etf
CNE100006Q88,etf
CNE100006Q96,etf
CNE100006QB6,etf
CNE100006QC4,etf
CNE100006QW2,closedend
CNE100006QX0,etf
CNE100006QY8,closedend
CNE100006QZ5,etf
CNE100006R04,etf
CNE100006R12,etf
CNE100006R20,etf
CNE100006R38,etf
CNE100006R46,etf
CNE100006R53,etf
CNE100006R79,etf
CNE100006R87,etf
CNE100006R95,etf
CNE100006RB4,etf
CNE100006RC2,etf
CNE100006RD0,etf
CNE100006RF5,etf
CNE100006RG3,etf
CNE100006RH1,etf
CNE100006RJ7,etf
CNE100006RK5,etf
CNE100006RL3,etf
CNE100006RM1,etf
CNE100006RN9,etf
CNE100006RP4,etf
CNE100006RQ2,etf
CNE100006RR0,etf
CNE100006RS8,etf
CNE100006RT6,etf
CNE100006RV2,etf
CNE100006RW0,etf
CNE100006RZ3,etf
CNE100006S03,etf
CNE100006S11,etf
CNE100006S29,etf
CNE100006S37,closedend
CNE100006S78,etf
CNE100006S94,etf
CNE100006SB2,etf
CNE100006SC0,etf
CNE100006SD8,etf
CNE100006SF3,etf
CNE100006SG1,etf
CNE100006SH9,etf
CNE100006SJ5,etf
CNE100006SK3,etf
CNE100006SL1,etf
CNE100006SM9,etf
CNE100006SN7,etf
CNE100006SP2,etf
CNE100006SQ0,etf
CNE100006SR8,etf
CNE100006SS6,etf
CNE100006ST4,etf
CNE100006SV0,etf
CNE100006SW8,etf
CNE100006T69,etf
CNE100006T77,etf
CNE100006T85,etf
CNE100006T93,etf
CNE100006TB0,etf
CNE100006TC8,etf
CNE100006TF1,etf
CNE100006TG9,etf
CNE100006TH7,etf
CNE100006TJ3,etf
CNE100006TK1,etf
CNE100006TL9,etf
CNE100006TM7,etf
CNE100006TN5,etf
CNE100006TP0,etf
CNE100006TQ8,etf
CNE100006TR6,etf
CNE100006TS4,etf
CNE100006TT2,etf
CNE100006TV8,etf
CNE100006TW6,etf
CNE100006TX4,etf
CNE100006TY2,etf
CNE100006TZ9,etf
CNE100006V08,etf
CNE100006V16,etf
CNE100006V24,etf
CNE100006VH3,etf
CNE100006VJ9,etf
CNE100006VK7,etf
CNE100006VL5,etf
CNE100006VM3,etf
CNE100006VN1,etf
CNE100006VP6,etf
CNE100006VQ4,etf
CNE100006VR2,etf
CNE100006VS0,etf
CNE100006VW2,etf
CNE100006VX0,etf
CNE100006VY8,etf
CNE100006VZ5,etf
CNE100006W07,etf
CNE100006W15,etf
CNE100006W23,etf
CNE100006W31,etf
CNE100006W49,etf
CNE100006W56,etf
CNE100006W64,etf
CNE100006W72,etf
CNE100006W80,etf
CNE100006W98,etf
CNE100006WG3,etf
CNE100006WH1,etf
CNE100006WJ7,etf
CNE100006WK5,etf
CNE100006WL3,etf
CNE100006WM1,etf
CNE100006WN9,etf
CNE100006WP4,etf
CNE100006WT6,etf
CNE100006WV2,etf
CNE100006WW0,etf
CNE100006WX8,etf
CNE100006WY6,etf
CNE100006WZ3,etf
CNE100006X06,etf
CNE100006X14,etf
CNE100006X22,etf
CNE100006X30,etf
CNE100006X48,etf
CNE100006X55,etf
CNE100006X63,etf
CNE100006X71,etf
CNE100006X89,etf
CNE100006X97,etf
CNE100006XB2,etf
CNE100006XC0,etf
CNE100006XD8,etf
CNE100006XF3,etf
CNE100006XG1,etf
CNE100006XH9,etf
CNE100006XJ5,etf
CNE100006XK3,etf
CNE100006XL1,etf
CNE100006XM9,etf
CNE100006XY4,etf
CNE100006XZ1,etf
CNE100006Y05,etf
CNE100006Y13,etf
CNE100006Y21,etf
CNE100006Y39,etf
CNE100006Y47,etf
CNE100006Y54,etf
CNE100006Y62,etf
CNE100006Y70,etf
CNE100006Y88,etf
CNE100006Y96,etf
CNE100006YB0,etf
CNE100006YC8,etf
CNE100006YD6,etf
CNE100006YF1,etf
CNE100006YG9,etf
CNE100006YH7,etf
CNE100006YJ3,etf
CNE100006YQ8,etf
CNE100006YR6,etf
CNE100006YW6,etf
CNE100006YX4,etf
CNE100006YY2,etf
CNE100006YZ9,etf
CNE100006Z04,etf
CNE100006Z12,etf
CNE100006Z20,etf
CNE1000070P1,etf
CNE1000070Q9,etf
CNE1000070R7,etf
CNE1000070S5,etf
CNE1000070T3,etf
CNE1000070V9,etf
CNE1000070W7,etf
CNE1000070X5,etf
CNE1000070Y3,mutual
CNE1000070Z0,etf
CNE100007101,etf
CNE100007119,etf
CNE100007135,etf
CNE100007143,etf
CNE1000071G8,etf
CNE1000071R5,etf
CNE1000071S3,etf
CNE1000071T1,etf
CNE1000071V7,etf
CNE1000071X3,etf
CNE1000071Y1,etf
CNE1000071Z8,etf
CNE100007200,etf
CNE100007218,etf
CNE100007226,etf
CNE100007234,etf
CNE100007242,etf
CNE100007259,etf
CNE100007267,etf
CNE100007275,etf
CNE100007283,etf
CNE100007291,etf
CNE1000072B7,etf
CNE1000072C5,etf
CNE1000072D3,etf
CNE1000072F8,etf
CNE1000072G6,etf
CNE1000072H4,etf
CNE1000072J0,etf
CNE1000072K8,etf
CNE1000072L6,etf
CNE1000072M4,etf
CNE1000072N2,etf
CNE1000072P7,etf
CNE1000072Q5,etf
CNE1000072R3,etf
CNE1000072S1,etf
CNE1000072V5,etf
CNE1000072W3,etf
CNE1000072X1,etf
CNE1000072Y9,etf
CNE1000072Z6,etf
CNE100007382,etf
CNE100007390,etf
CNE1000073B5,etf
CNE1000073C3,etf
CNE1000073D1,etf
CNE1000073F6,etf
CNE1000073G4,etf
CNE1000073H2,etf
CNE1000073J8,etf
CNE1000073K6,etf
CNE1000073L4,etf
CNE1000073M2,etf
CNE1000073N0,etf
CNE1000073P5,etf
CNE1000073Q3,etf
CNE1000073R1,etf
CNE1000073S9,etf
CNE1000073T7,etf
CNE1000073V3,etf
CNE1000073W1,etf
CNE100007408,etf
CNE100007416,etf
CNE100007424,etf
CNE100007432,etf
CNE100007440,etf
CNE100007457,etf
CNE100007465,etf
CNE100007473,etf
CNE100007481,etf
CNE100007499,etf
CNE1000074B3,etf
CNE1000074C1,etf
CNE1000074D9,etf
CNE1000074F4,etf
CNE1000074G2,etf
CNE1000074H0,etf
CNE100007549,etf
CNE100007556,etf
CNE100007564,etf
CNE100007572,etf
CNE100007580,etf
CNE100007598,etf
CNE1000075B0,etf
CNE1000075C8,etf
CNE1000075D6,etf
CNE1000075F1,etf
CNE1000075G9,etf
CNE1000075H7,etf
CNE1000075J3,etf
CNE1000075K1,etf
CNE1000075L9,etf
CNE1000075M7,etf
CNE1000075N5,etf
CNE1000075P0,etf
CNE1000075Q8,etf
CNE1000075V8,etf
CNE1000075W6,etf
CNE1000075X4,etf
CNE1000075Y2,etf
CNE1000075Z9,etf
CNE100007606,etf
CNE100007614,etf
CNE100007622,etf
CNE100007630,etf
CNE100007648,etf
CNE100007655,etf
CNE100007663,etf
CNE100007671,etf
CNE100007689,etf
CNE100007697,etf
CNE1000076B8,etf
CNE1000076C6,etf
CNE1000076D4,etf
CNE1000076F9,etf
CNE1000076G7,etf
CNE1000076M5,mutual
CNE1000078Y6,etf
CNE1000078Z3,etf
CNE100007903,etf
CNE100007929,etf
CNE100007937,etf
CNE100007945,etf
CNE100007952,etf
CNE1000079D8,etf
CNE1000079F3,etf
CNE1000079G1,etf
CNE1000079H9,etf
CNE1000079J5,etf
CNE1000079K3,etf
CNE1000079L1,etf
CNE1000079M9,etf
CNE1000079N7,etf
CNE1000079P2,etf
CNE1000079Q0,etf
CNE1000079R8,etf
CNE1000079S6,etf
CNE1000079T4,etf
CNE1000079V0,etf
CNE1000079W8,etf
CNE100007BF7,etf
CNE100007BG5,etf
CNE100007BH3,etf
CNE100007BJ9,etf
CNE100007BK7,etf
CNE100007BL5,etf
CNE100007BM3,etf
CNE100007BN1,etf
CNE100007BP6,etf
CNE100007BQ4,etf
CNE100007BR2,etf
CNE100007BS0,etf
CNE100007BT8,etf
CNE100007BV4,etf
CNE100007BW2,etf
CNE100007BX0,etf
CNE100007BY8,etf
CNE100007C59,etf
CNE100007C67,etf
CNE100007C75,etf
CNE100007C83,etf
CNE100007C91,etf
CNE100007CB4,etf
CNE100007CC2,etf
CNE100007CD0,etf
CNE100007CF5,etf
CNE100007CG3,etf
CNE100007CH1,etf
CNE100007CJ7,etf
CNE100007CK5,etf
CNE100007CL3,etf
CNE100007CN9,etf
CNE100007CP4,etf
CNE100007DL1,etf
CNE100007DM9,etf
CNE100007DN7,etf
CNE100007DP2,etf
CNE100007DQ0,etf
CNE100007DR8,etf
CNE100007FG6,etf
CNE100007FH4,etf
CNE100007FJ0,etf
CNE100007FK8,etf
CNE100007FL6,etf
CNE100007FM4,etf
CNE100007FN2,etf
CNE100007FP7,etf
CNE100007FQ5,etf
CNE100007FR3,etf
CNE100007FS1,etf
CNE100007FT9,etf
CNE100007FV5,etf
CNE100007FW3,etf
CNE100007FX1,etf
CNE100007FY9,etf
CNE100007FZ6,etf
CNE100007G06,etf
CNE100007G14,etf
CNE100007G22,etf
CNE100007G30,etf
CNE100007GB5,etf
CNE100007GC3,etf
CNE100007GD1,etf
CNE100007GF6,etf
CNE100007GG4,etf
CNE100007GH2,etf
CNE100007GJ8,etf
CNE100007GK6,etf
CNE100007GL4,etf
CNE100007GM2,etf
CNE100007GN0,etf
CNE100007GP5,etf
CNE100007GQ3,etf
CNE100007GR1,etf
CNE100007GS9,etf
CNE100007GT7,etf
CNE100007GV3,etf
CNE100007H05,etf
CNE100007H13,etf
CNE100007H21,etf
CNE100007H39,etf
CNE100007H47,etf
CNE100007H54,etf
CNE100007H62,etf
CNE100007H70,etf
CNE100007H88,etf
CNE100007H96,etf
CNE100007HB3,etf
CNE100007HK4,etf
CNE100007HL2,etf
CNE100007HM0,etf
CNE100007HN8,etf
CNE100007HP3,etf
CNE100007HQ1,etf
CNE100007HR9,etf
CNE100007HS7,etf
CNE100007JF0,etf
CNE100007JG8,etf
CNE100007JH6,etf
CNE100007JJ2,etf
CNE100007JK0,etf
CNE100007JL8,etf
CNE100007JM6,etf
CNE100007JN4,etf
CNE100007JP9,etf
CNE100007JQ7,etf
CNE100007JR5,etf
CNE100007JS3,etf
CNE100007JT1,etf
CNE100007JW5,etf
CNE100007K00,etf
CNE100007K18,etf
CNE100007K26,etf
CNE100007K34,etf
CNE100007K42,etf
CNE100007K59,etf
CNE100007K67,etf
CNE100007K75,etf
CNE100007K91,etf
CNE100007KB7,etf
CNE100007KC5,etf
CNE100007KD3,etf
CNE100007KF8,etf
CNE100007KY9,etf
CNE100007KZ6,etf
CNE100007L09,etf
CNE100007L17,etf
CNE100007L25,etf
CNE100007L33,etf
CNE100007L41,etf
CNE100007L58,etf
CNE100007L66,etf
CNE100007L74,etf
CNE100007L82,etf
CNE100007L90,etf
CNE100007LB5,etf
CNE100007LM2,etf
CNE100007LN0,etf
CNE100007LP5,etf
CNE100007LQ3,etf
CNE100007LR1,etf
CNE100007LT7,etf
CNE100007LV3,etf
CNE100007LW1,etf
CNE100007LX9,etf
CNE100007LY7,etf
CNE100007LZ4,etf
CNE100007M08,etf
CNE100007M16,etf
CNE100007M24,etf
CNE100007M32,etf
CNE100007M40,etf
CNE100007M57,etf
CNE100007M65,etf
CNE100007M81,etf
CNE100007M99,etf
CNE100007MB3,etf
CNE100007MC1,etf
CNE100007MD9,etf
CNE100007MF4,etf
CNE100007MG2,etf
CNE100007MH0,etf
CNE100007MJ6,etf
CNE100007MK4,etf
CNE100007ML2,etf
CNE100007MM0,etf
CNE100007MN8,etf
CNE100007MP3,etf
CNE100007MQ1,etf
CNE100007MR9,etf
CNE100007MS7,etf
CNE100007MV1,etf
CNE100007MW9,etf
CNE100007MX7,etf
CNE100007MY5,etf
CNE100007MZ2,etf
CNE100007N07,etf
CNE100007N23,etf
CNE100007N31,etf
CNE100007N49,etf
CNE100007NT3,etf
CNE100007NV9,etf
CNE100007NW7,etf
CNE100007NX5,etf
CNE100007NY3,etf
CNE100007NZ0,etf
CNE100007P05,etf
CNE100007P13,etf
CNE100007P21,etf
CNE100007P39,etf
CNE100007P47,etf
CNE100007P54,etf
CNE100007P70,etf
CNE100007P88,etf
CNE100007P96,etf
CNE100007PB6,etf
CNE100007PM3,etf
CNE100007PN1,etf
CNE100007PP6,etf
CNE100007PQ4,etf
CNE100007PR2,etf
CNE100007PS0,etf
CNE100007PT8,etf
CNE100007PV4,etf
CNE100007PW2,etf
CNE100007PX0,etf
CNE100007PY8,etf
CNE100007PZ5,etf
CNE100007Q04,etf
CNE100007Q12,etf
CNE100007Q20,etf
CNE100007Q38,etf
CNE100007R60,etf
CNE100007R78,etf
CNE100007R86,etf
CNE100007R94,etf
CNE100007RB2,etf
CNE100007RC0,etf
CNE100007RF3,etf
CNE100007RG1,etf
CNE100007RH9,etf
CNE100007RJ5,etf
CNE100007RK3,etf
CNE100007RS6,etf
CNE100007RV0,etf
CNE100007RX6,mutual
CNE100007RY4,mutual
CNE100007RZ1,etf
CNE100007S02,mutual
CNE100007S10,etf
CNE100007S28,etf
CNE100007S44,etf
CNE100007S69,etf
CNE100007S77,etf
CNE100007S85,etf
CNE100007SB0,etf
CNE100007SC8,etf
CNE100007SD6,etf
CNE100007SG9,etf
CNE100007SH7,etf
CNE100007ST2,etf
CNE100007SV8,etf
CNE100007SX4,etf
CNE100007SY2,etf
CNE100007SZ9,etf
CNE100007T01,etf
CNE100007T19,etf
CNE100007T27,etf
CNE100007T35,etf
CNE100007T43,etf
CNE100007T50,etf
CNE100007T68,etf
CNE100007T76,etf
CNE100007T84,etf
CNE100007T92,etf
CNE100007TB8,etf
CNE100007TC6,etf
CNE100007TH5,etf
CNE100007TT0,etf
CNE100007TW4,etf
CNE100007TX2,etf
CNE100007V15,etf
CNE100007V23,etf
CNE100007V31,mutual
CNE100007V56,etf
CNE100007V72,etf
CNE100007VC2,etf
CNE100007VF5,etf
CNE100007VG3,etf
CNE100007VH1,etf
CNE100007VK5,etf
CNE100007VT6,etf
CNE100007VV2,etf
CNE100007VW0,etf
CORB6PA00015,etf
CORJ8PA00013,etf
CORU3PA00019,etf
COV34PT00120,reit
CY0005770710,closedend
DE0002635265,etf
DE0002635273,etf
DE0002635281,etf
DE0002635299,etf
DE0002635307,etf
DE0005850903,closedend
DE0005933923,etf
DE0005933931,etf
DE0005933949,etf
DE0005933956,etf
DE0005933964,etf
DE0005933972,etf
DE0005933980,etf
DE0005933998,etf
DE0006289309,etf
DE0006289382,etf
DE0006289390,etf
DE0006289465,etf
DE0006289473,etf
DE0006289481,etf
DE0006289499,etf
DE0006791809,closedend
DE000A0D8Q07,etf
DE000A0D8Q23,etf
DE000A0D8Q31,etf
DE000A0D8Q49,etf
DE000A0D8QZ7,etf
DE000A0F5UE8,etf
DE000A0F5UF5,etf
DE000A0F5UG3,etf
DE000A0F5UH1,etf
DE000A0F5UJ7,etf
DE000A0F5UK5,etf
DE000A0H0728,etf
DE000A0H0744,etf
DE000A0H0785,etf
DE000A0H08D2,etf
DE000A0H08E0,etf
DE000A0H08F7,etf
DE000A0H08G5,etf
DE000A0H08H3,etf
DE000A0H08J9,etf
DE000A0H08K7,etf
DE000A0H08L5,etf
DE000A0H08M3,etf
DE000A0H08N1,etf
DE000A0H08P6,etf
DE000A0H08Q4,etf
DE000A0H08R2,etf
DE000A0H08S0,etf
DE000A0MYQ28,closedend
DE000A0Q4R02,etf
DE000A0Q4R28,etf
DE000A0Q4R36,etf
DE000A0Q4R44,etf
DE000A0Q4R69,etf
DE000A0Q4R85,etf
DE000A0Q4RZ9,etf
DE000A0S9GB0,etf
DE000A111ZF1,closedend
DE000A1E0HR8,etf
DE000A1E0HS6,etf
DE000A1EK0G3,etf
DE000A1EK0H1,etf
DE000A1EK0J7,etf
DE000A27Z304,etf
DE000A28M8D0,etf
DE000A2QP323,etf
DE000A2QP331,etf
DE000A2QP349,etf
DE000A2QP372,etf
DE000A2QP380,etf
DE000A2QP398,etf
DE000A2QP4A8,etf
DE000A2QP4B6,etf
DE000A2QP4C4,etf
DE000A2QP4D2,etf
DE000A2QP4F7,etf
DE000A2T0VS9,etf
DE000A2T0VT7,etf
DE000A2T0VU5,etf
DE000A2T5DZ1,etf
DE000A2UDH48,etf
DE000A2UDH55,etf
DE000A2UDH63,etf
DE000A3G3ZD0,etf
DE000A3G3ZL3,etf
DE000A3G90G9,etf
DE000A3G9SE0,etf
DE000A3GK2N1,etf
DE000A3GMKD7,etf
DE000A3GN5J9,etf
DE000A3GPSP7,etf
DE000A3GSUC5,etf
DE000A3GSUD3,etf
DE000A3GSUE1,etf
DE000A3GTML1,etf
DE000A3GV1T7,etf
DE000A3GV1U5,etf
DE000A3GVKY4,etf
DE000A3GVKZ1,etf
DE000A3GVYB3,etf
DE000A3GWEU3,etf
DE000A3GWNE8,etf
DE000A3GXNT4,etf
DE000A3GXNV0,etf
DE000A3GYNB0,etf
DE000A41ZZJ4,etf
DE000A4231H9,etf
DE000A428XC1,etf
DE000A4A59D2,etf
DE000A4A5GV2,etf
DE000A4A5Z07,etf
DE000A4A5Z72,etf
DE000A4AER62,etf
DE000A4AJWU3,etf
DE000A4AKW34,etf
DE000A4AKZB4,etf
DE000A4APQX6,etf
DE000A4APQY4,etf
DE000A4APRP0,etf
DE000A4ARTH9,structured
DE000A4ARTJ5,structured
DE000A4AT2X6,structured
DE000ETC0001,etf
DE000ETC0696,etf
DE000ETC0704,etf
DE000ETC0738,etf
DE000ETC0746,etf
DE000ETC0779,etf
DE000ETC0787,etf
DE000ETC0811,etf
DE000ETC0829,etf
DE000ETC0852,etf
DE000ETC0860,etf
DE000ETF7011,etf
DE000ETF7029,etf
DE000ETF7037,etf
DE000ETF9033,etf
DE000ETF9074,etf
DE000ETF9082,etf
DE000ETF9090,etf
DE000ETF9603,etf
DE000ETFL011,etf
DE000ETFL029,etf
DE000ETFL037,etf
DE000ETFL045,etf
DE000ETFL052,etf
DE000ETFL060,etf
DE000ETFL078,etf
DE000ETFL094,etf
DE000ETFL110,etf
DE000ETFL128,etf
DE000ETFL136,etf
DE000ETFL144,etf
DE000ETFL151,etf
DE000ETFL169,etf
DE000ETFL177,etf
DE000ETFL185,etf
DE000ETFL193,etf
DE000ETFL201,etf
DE000ETFL219,etf
DE000ETFL227,etf
DE000ETFL235,etf
DE000ETFL250,etf
DE000ETFL268,etf
DE000ETFL276,etf
DE000ETFL284,etf
DE000ETFL292,etf
DE000ETFL300,etf
DE000ETFL318,etf
DE000ETFL326,etf
DE000ETFL342,etf
DE000ETFL359,etf
DE000ETFL375,etf
DE000ETFL383,etf
DE000ETFL433,etf
DE000ETFL441,etf
DE000ETFL466,etf
DE000ETFL474,etf
DE000ETFL482,etf
DE000ETFL490,etf
DE000ETFL508,etf
DE000ETFL524,etf
DE000ETFL532,etf
DE000ETFL540,etf
DE000ETFL557,etf
DE000ETFL565,etf
DE000ETFL573,etf
DE000ETFL581,etf
DE000ETFL599,etf
DE000ETFL607,etf
DE000ETFL615,etf
DE000ETFL623,etf
DE000ETFL631,etf
DE000ETFL649,etf
DE000ETFL656,etf
DE000ETFL664,etf
DE000EWG4CR2,etf
DE000EWG4TR6,etf
DE000MS0G7S2,etf
DE000MS0G8G5,etf
DE000MS0G9T6,etf
DE000NXTA018,etf
DE000NXTA026,etf
DE000NXTA034,etf
DE000NXTA042,structured
DE000PB6ALU1,etf
DE000PB6BEN9,etf
DE000PB6D1Z6,etf
DE000PB6GAS5,etf
DE000PB6H1T5,etf
DE000PB6R101,etf
DE000PB6R1B1,etf
DE000PB6R1D7,etf
DE000PB6R1G0,etf
DE000PB6R1H8,etf
DE000PB6R1W7,etf
DE000PB7Z1N5,etf
DE000PB8C0P8,etf
DE000PB8LED5,etf
DE000PB8N1C1,etf
DE000PB8PAL7,etf
DE000PB8R1A1,etf
DE000PB8R1C7,etf
DE000PB8R1E3,etf
DE000PB8R1L8,etf
DE000PB8R1M6,etf
DE000PB8R1N4,etf
DE000PB8R1T1,etf
DE000PB8R1Z8,etf
DE000PB8T1N2,etf
DE000PR0R1M0,etf
DE000PR5R0U0,etf
DE000PR5RAU2,etf
DE000PR5RBU0,etf
DE000PR5RCU8,etf
DE000PR5RDU6,etf
DE000PR5REU4,etf
DE000PR5RGU9,etf
DE000PR5RHU7,etf
DE000PR5RLU9,etf
DE000PR5RMU7,etf
DE000PR5RNU5,etf
DE000PR5RTU2,etf
DE000PR5RUM7,etf
DE000PR5RWU6,etf
DE000PR5RZU9,etf
DE000PS701L2,etf
DE000PS7G0L8,etf
DE000PS7WT17,etf
DE000PZ9RE14,etf
DE000PZ9REA8,etf
DE000PZ9REB6,etf
DE000PZ9REC4,etf
DE000PZ9RED2,etf
DE000PZ9REE0,etf
DE000PZ9REG5,etf
DE000PZ9REH3,etf
DE000PZ9REL5,etf
DE000PZ9REM3,etf
DE000PZ9REN1,etf
DE000PZ9RET8,etf
DE000PZ9REW2,etf
DE000PZ9REZ5,etf
DE000PZ9RME3,etf
DK0010169549,closedend
DK0010252873,closedend
DK0010263052,closedend
DK0010264530,closedend
DK0010298272,closedend
DK0015710602,closedend
DK0016188733,etf
DK0016188816,etf
DK0016253651,closedend
DK0060004877,closedend
DK0060005254,closedend
DK0060014678,etf
DK0060032571,closedend
DK0060059186,closedend
DK0060080380,closedend
DK0060089415,closedend
DK0060091908,closedend
DK0060101996,closedend
DK0060105203,etf
DK0060105476,etf
DK0060130318,closedend
DK0060140705,closedend
DK0060209336,closedend
DK0060287217,etf
DK0060308310,closedend
DK0060315604,closedend
DK0060409266,closedend
DK0060448751,etf
DK0060623189,etf
DK0061116027,etf
DK0061541588,closedend
DK0062382891,etf
DK0062615662,etf
DK0062615746,etf
DK0063179015,etf
DK0063179288,etf
DK0064080527,etf
DK0064867386,etf
DK0064869325,etf
EE3100127242,closedend
EE3500001609,closedend
EE3500110244,closedend
ES0105321030,etf
ES0105336038,etf
ES0107956007,closedend
FI0008805627,etf
FR0000021842,etf
FR0000053837,closedend
FR0007052782,etf
FR0007054358,etf
FR0007056841,etf
FR0007075494,etf
FR0010010827,etf
FR0010150458,etf
FR0010245514,etf
FR0010251744,etf
FR0010261198,etf
FR0010315770,etf
FR0010342592,etf
FR0010361683,etf
FR0010375766,etf
FR0010377028,etf
FR0010405431,etf
FR0010411884,etf
FR0010424135,etf
FR0010424143,etf
FR0010429068,etf
FR0010435297,etf
FR0010446146,etf
FR0010446658,etf
FR0010446666,etf
FR0010468983,etf
FR0010510800,etf
FR0010524777,etf
FR0010527275,etf
FR0010591362,etf
FR0010592014,etf
FR0010655704,etf
FR0010655712,etf
FR0010655746,etf
FR0010717090,etf
FR0010754200,etf
FR0010755611,etf
FR0010756114,etf
FR0010790980,etf
FR0010821819,etf
FR0010869495,etf
FR0010869578,etf
FR0010930644,etf
FR0011023621,etf
FR0011036268,etf
FR0011042753,etf
FR0011440478,etf
FR0011475078,etf
FR0011550177,etf
FR0011550185,etf
FR0011550193,etf
FR0011550672,etf
FR0011550680,etf
FR0011660927,etf
FR0011669845,etf
FR0011720911,etf
FR0011758085,etf
FR0011857234,etf
FR0011869270,etf
FR0011869304,etf
FR0011869312,etf
FR0011869320,etf
FR0011871078,etf
FR0011871110,etf
FR0011871128,etf
FR0011871136,etf
FR0011882364,etf
FR0012399731,etf
FR0012399772,etf
FR0012399806,etf
FR0012739431,etf
FR0012740983,etf
FR0013041530,etf
FR0013209921,etf
FR0013326246,reit
FR0013346681,etf
FR0013380607,etf
FR0013411980,etf
FR0013411998,etf
FR0013412004,etf
FR0013412012,etf
FR0013412020,etf
FR0013412038,etf
FR0013412269,etf
FR0013412285,etf
FR0013412293,etf
FR0013416716,etf
FR0014002CG3,etf
FR0014002CH1,etf
FR0014002H76,etf
FR0014002IH8,etf
FR0014003FW1,etf
FR0014003IY1,etf
FR0014003N93,etf
FR001400KE06,etf
FR001400KH45,etf
FR001400S9V0,etf
FR001400SDI8,etf
FR001400SDJ6,etf
FR001400SDK4,etf
FR001400SDL2,etf
FR001400SDM0,etf
FR001400SDN8,etf
FR001400SDO6,etf
FR001400SDP3,etf
FR001400SDQ1,etf
FR001400SQV3,etf
FR001400U5Q4,etf
FR001400XS96,etf
FR001400YYJ0,etf
FR001400ZGO4,etf
FR001400ZGP1,etf
FR001400ZGQ9,etf
FR001400ZGR7,etf
FR001400ZGS5,etf
FR0014010HV4,etf
FR0014015ZN2,etf
FR0014017NX3,etf
FR0014018UB2,etf
FR0014018VJ3,etf
GB0000066554,closedend
GB0000353929,closedend
GB0000385517,closedend
GB0000485838,closedend
GB0000609296,closedend
GB0000633262,closedend
GB0000653112,closedend
GB0001320778,closedend
GB0001403152,closedend
GB0001490001,closedend
GB0001740025,closedend
GB0001990497,closedend
GB0002057536,closedend
GB0002258472,closedend
GB0002577434,closedend
GB0002631041,closedend
GB0002631934,closedend
GB0002867140,closedend
GB0002959582,closedend
GB0003052338,closedend
GB0003105052,closedend
GB0003322319,closedend
GB0003406096,closedend
GB0003422184,closedend
GB0003435012,closedend
GB0003450359,closedend
GB0003463287,closedend
GB0003463402,closedend
GB0003656021,closedend
GB0004122858,closedend
GB0004228648,closedend
GB0004535307,closedend
GB0004559349,closedend
GB0005001796,closedend
GB0005058408,closedend
GB0005356430,closedend
GB0005555221,closedend
GB0005581672,closedend
GB0005774855,closedend
GB0005800072,closedend
GB0006039597,closedend
GB0006048770,closedend
GB0006108418,closedend
GB0006111123,closedend
GB0006450703,closedend
GB0006615826,closedend
GB0006667470,closedend
GB0006674385,closedend
GB0007366395,closedend
GB0007392078,closedend
GB0007816068,closedend
GB0007873697,closedend
GB0007913485,closedend
GB0007915860,closedend
GB0007918872,closedend
GB0008022849,closedend
GB0008484718,closedend
GB0008710799,closedend
GB0009064097,closedend
GB0009065060,closedend
GB0009580571,closedend
GB0030028103,closedend
GB0030474687,closedend
GB0030517261,closedend
GB0030738271,closedend
GB0030961691,closedend
GB0031152027,closedend
GB0031153769,closedend
GB0031232498,closedend
GB0031256109,closedend
GB0031429219,closedend
GB0032164732,closedend
GB0032273343,closedend
GB0033862573,closedend
GB0034202076,closedend
GB0034365949,closedend
GB00B00FHZ82,etf
GB00B018CS46,closedend
GB00B01RDH75,closedend
GB00B01WL239,closedend
GB00B02WHS05,closedend
GB00B043QW84,closedend
GB00B07YBS95,closedend
GB00B09G3N23,closedend
GB00B0BDCB21,closedend
GB00B0CRWN59,closedend
GB00B0HW5366,closedend
GB00B0JQZZ80,closedend
GB00B0N8MF98,closedend
GB00B0P6J834,closedend
GB00B0P8RJ60,closedend
GB00B11V7W98,closedend
GB00B12MHD28,closedend
GB00B15FW330,closedend
GB00B15KXN58,etf
GB00B15KXQ89,etf
GB00B15KXT11,etf
GB00B15KXV33,etf
GB00B15KXW40,etf
GB00B15KXX56,etf
GB00B15KXY63,etf
GB00B15KY096,etf
GB00B15KY211,etf
GB00B15KY328,etf
GB00B15KY435,etf
GB00B15KY542,etf
GB00B15KY658,etf
GB00B15KY872,etf
GB00B15KY989,etf
GB00B15KYB02,etf
GB00B15KYC19,etf
GB00B15KYF40,etf
GB00B15KYG56,etf
GB00B15KYH63,etf
GB00B15KYJ87,etf
GB00B15KYK92,etf
GB00B15KYL00,etf
GB00B17B3479,closedend
GB00B188SR50,closedend
GB00B1DQ6472,closedend
GB00B1FL3C76,closedend
GB00B1G3LR35,closedend
GB00B1N4G299,closedend
GB00B1N4H594,closedend
GB00B1RTFN43,closedend
GB00B1SN3863,closedend
GB00B28V9347,closedend
GB00B29BN198,closedend
GB00B2PP2527,closedend
GB00B2PP3J36,closedend
GB00B3SXM832,closedend
GB00B43GVJ82,closedend
GB00B4KWC525,closedend
GB00B4L13999,closedend
GB00B4M2G812,closedend
GB00B5840F36,etf
GB00B5B7YS03,closedend
GB00B5ZZY915,closedend
GB00B62Z3C74,closedend
GB00B641BB82,closedend
GB00B6832P16,closedend
GB00B684MW17,etf
GB00B68FL050,etf
GB00B68K3716,closedend
GB00B6VTTK07,closedend
GB00B715WG26,closedend
GB00B7W0XJ61,closedend
GB00B8GH9P84,closedend
GB00B8SC6K54,closedend
GB00B94QM994,closedend
GB00B9XQT119,closedend
GB00BD0ND667,closedend
GB00BD3V4641,closedend
GB00BD45S967,closedend
GB00BD5B1L68,closedend
GB00BD6H5D36,closedend
GB00BD8P0741,closedend
GB00BDFGHW41,closedend
GB00BDGKMY29,closedend
GB00BDTYGZ09,closedend
GB00BF1Q4B05,closedend
GB00BF4JDH58,closedend
GB00BF50VS41,closedend
GB00BF781319,closedend
GB00BF7L8P11,closedend
GB00BFFK7H57,closedend
GB00BFX3K770,closedend
GB00BFXYH242,closedend
GB00BFYYL325,closedend
GB00BFZ7R980,closedend
GB00BG13MH08,closedend
GB00BGHVZM47,closedend
GB00BGMG7F10,closedend
GB00BHSRZC82,closedend
GB00BJ00Z303,closedend
GB00BJ0LT190,closedend
GB00BJCWFX49,closedend
GB00BJGTLF51,closedend
GB00BJL5F346,closedend
GB00BJLP1Y77,closedend
GB00BJM02935,closedend
GB00BJYDH287,etf
GB00BJYDH394,etf
GB00BK1PKQ95,closedend
GB00BKF2JH04,closedend
GB00BKLGLS10,closedend
GB00BKLXD974,closedend
GB00BKPG0138,closedend
GB00BKPG0S09,closedend
GB00BKZGVH64,closedend
GB00BLBDZV05,etf
GB00BLBDZW12,etf
GB00BLD4ZL17,etf
GB00BLD4ZM24,etf
GB00BLD4ZN31,etf
GB00BLD4ZP54,etf
GB00BLDYK618,closedend
GB00BLH3CY60,closedend
GB00BLNNFL88,closedend
GB00BLPK4430,closedend
GB00BM8B5H06,closedend
GB00BM8H3X05,closedend
GB00BM9JYH62,structured
GB00BM9JYJ86,structured
GB00BM9JYK91,structured
GB00BMC7T380,closedend
GB00BMCF8689,closedend
GB00BMF19B58,closedend
GB00BMF1L080,closedend
GB00BMTP1519,etf
GB00BMTP1626,etf
GB00BMTP1733,etf
GB00BMTS0Z37,closedend
GB00BMV92D64,closedend
GB00BMWB4803,etf
GB00BMWB4910,etf
GB00BMXWN182,closedend
GB00BMY36D37,etf
GB00BMZR7D19,closedend
GB00BN455J50,closedend
GB00BN474G19,etf
GB00BN4NDR39,closedend
GB00BN6JYS78,closedend
GB00BN6NHH92,etf
GB00BN73FM99,closedend
GB00BN73FN07,closedend
GB00BN73FP21,closedend
GB00BN7JZR28,closedend
GB00BN7K9C82,etf
GB00BNG2M159,closedend
GB00BNGJ9G01,etf
GB00BNGJ9H18,etf
GB00BNGJ9J32,etf
GB00BNKDVV71,closedend
GB00BNKVP754,closedend
GB00BNRRB013,etf
GB00BNRRF105,etf
GB00BNRRF659,etf
GB00BNRRF980,etf
GB00BNRRFW10,etf
GB00BNRRFY34,etf
GB00BNRRG624,etf
GB00BNXGHS27,closedend
GB00BP37WF17,closedend
GB00BPDX1969,etf
GB00BPJMQ253,closedend
GB00BPJMQ360,closedend
GB00BPR9Y246,closedend
GB00BQ991Q22,etf
GB00BQVC9S79,closedend
GB00BQZCCB79,closedend
GB00BR3YV268,closedend
GB00BRBL6574,closedend
GB00BRBMZ190,etf
GB00BRBQ0C76,closedend
GB00BRBV3124,etf
GB00BRBWLX34,closedend
GB00BRC6JM96,etf
GB00BRC89928,closedend
GB00BRDXZ870,closedend
GB00BRRD5L66,closedend
GB00BRXHQ425,etf
GB00BS2BDN04,etf
GB00BS88V647,closedend
GB00BSLNZT73,etf
GB00BT66KP92,closedend
GB00BTWSDN84,etf
GB00BTWSDP09,etf
GB00BTWSDQ16,etf
GB00BTWSDR23,etf
GB00BV4FKD05,closedend
GB00BVBJQ593,etf
GB00BVBM1L91,etf
GB00BVG1CF25,closedend
GB00BVG6X439,closedend
GB00BVLNRK36,etf
GB00BWQGKH23,closedend
GB00BWXC7Y93,closedend
GB00BYMKY695,closedend
GB00BYMTBG55,closedend
GB00BYQPF348,closedend
GB00BYSRMH16,closedend
GB00BYWYZ460,closedend
GB00BZ1H9L86,closedend
GB00BZCNLL95,closedend
GG00B1G9T992,closedend
GG00B1Z2SL48,closedend
GG00B1ZBD492,closedend
GG00B28C2R28,closedend
GG00B3BTVQ94,closedend
GG00B4L0PD47,closedend
GG00B6686L20,closedend
GG00B8C23S81,closedend
GG00B8P59C08,closedend
GG00B90J5Z95,closedend
GG00BBHX2H91,closedend
GG00BBP6HP33,closedend
GG00BGDYFV61,closedend
GG00BGJYPP46,closedend
GG00BHXH0C87,closedend
GG00BJ0CDD21,closedend
GG00BJ0JVY01,closedend
GG00BJL5FH87,closedend
GG00BJQZ9H10,closedend
GG00BJVDZ946,closedend
GG00BKTRRM22,closedend
GG00BMC7TM77,closedend
GG00BMZR1514,closedend
GG00BNDMJP11,closedend
GG00BPFJTF46,closedend
GG00BPNZ7G17,closedend
GG00BQBFY362,closedend
GG00BQBFY479,closedend
GG00BR30MJ80,closedend
GG00BRK9BQ81,closedend
GG00BS874H38,closedend
GG00BSFVPB94,closedend
GG00BV54HY67,closedend
GG00BVPBWF31,closedend
GG00BWBSDM98,closedend
GG00BWPKR307,closedend
GG00BWZ6KH33,closedend
GG00BYRGPD65,closedend
GG00BYXVT888,closedend
GG00BZ3C3B94,closedend
GRF000153004,etf
HK0000046224,etf
HK0000051877,etf
HK0000052297,etf
HK0000057395,etf
HK0000071313,etf
HK0000098449,etf
HK0000123577,etf
HK0000125598,etf
HK0000127412,etf
HK0000151925,etf
HK0000151933,etf
HK0000159977,etf
HK0000172681,etf
HK0000182987,etf
HK0000221389,etf
HK0000221405,etf
HK0000226149,etf
HK0000248234,etf
HK0000280989,etf
HK0000280997,etf
HK0000281003,etf
HK0000291432,etf
HK0000296944,etf
HK0000297652,etf
HK0000297777,etf
HK0000306594,etf
HK0000313426,etf
HK0000316767,etf
HK0000330149,etf
HK0000330156,etf
HK0000330164,etf
HK0000330172,etf
HK0000366176,etf
HK0000366184,etf
HK0000422805,etf
HK0000426384,etf
HK0000433398,etf
HK0000433414,etf
HK0000443447,etf
HK0000473303,etf
HK0000503190,etf
HK0000507407,etf
HK0000515855,etf
HK0000515871,etf
HK0000516697,etf
HK0000516713,etf
HK0000525649,etf
HK0000528882,etf
HK0000535606,etf
HK0000562634,etf
HK0000562659,etf
HK0000562675,etf
HK0000578549,etf
HK0000591641,etf
HK0000604659,etf
HK0000612744,etf
HK0000629656,etf
HK0000637832,etf
HK0000637857,etf
HK0000640323,etf
HK0000642568,etf
HK0000643327,etf
HK0000651213,etf
HK0000656949,etf
HK0000656956,etf
HK0000658895,etf
HK0000672946,etf
HK0000672953,etf
HK0000701661,etf
HK0000702735,etf
HK0000711199,etf
HK0000716081,etf
HK0000720745,etf
HK0000723178,etf
HK0000723202,etf
HK0000736758,etf
HK0000736774,etf
HK0000756202,etf
HK0000756236,etf
HK0000761400,etf
HK0000782851,etf
HK0000792413,etf
HK0000804119,etf
HK0000805785,etf
HK0000806155,etf
HK0000806304,etf
HK0000817103,etf
HK0000822509,etf
HK0000825338,etf
HK0000828696,etf
HK0000838232,etf
HK0000838257,etf
HK0000859063,etf
HK0000862711,etf
HK0000865532,etf
HK0000866985,etf
HK0000873676,etf
HK0000873700,etf
HK0000893468,etf
HK0000897592,etf
HK0000897600,etf
HK0000900347,etf
HK0000900354,etf
HK0000902855,etf
HK0000907789,etf
HK0000919909,etf
HK0000921228,etf
HK0000921236,etf
HK0000921822,etf
HK0000939758,etf
HK0000945649,etf
HK0000945656,etf
HK0000945664,etf
HK0000952678,etf
HK0000962909,etf
HK0000962917,etf
HK0000962925,etf
HK0000962933,etf
HK0000962941,etf
HK0000978947,etf
HK0000978954,etf
HK0000978962,etf
HK0000981024,etf
HK0000986254,etf
HK0000998515,etf
HK0001005203,etf
HK0001006771,etf
HK0001009700,etf
HK0001009734,etf
HK0001010625,etf
HK0001010674,etf
HK0001014197,etf
HK0001014213,etf
HK0001014262,etf
HK0001014270,etf
HK0001023446,etf
HK0001025029,etf
HK0001025037,etf
HK0001025045,etf
HK0001028304,etf
HK0001028825,etf
HK0001033544,etf
HK0001033833,etf
HK0001033841,etf
HK0001040226,etf
HK0001048260,etf
HK0001048344,etf
HK0001061115,etf
HK0001061123,etf
HK0001061131,etf
HK0001066643,etf
HK0001084323,etf
HK0001084349,etf
HK0001107710,etf
HK0001107728,etf
HK0001107736,etf
HK0001121091,etf
HK0001121166,etf
HK0001121182,etf
HK0001121208,etf
HK0001121224,etf
HK0001121240,etf
HK0001121265,etf
HK0001121281,etf
HK0001121307,etf
HK0001121323,etf
HK0001121349,etf
HK0001121364,etf
HK0001122958,etf
HK0001127064,etf
HK0001127072,etf
HK0001135596,etf
HK0001144549,etf
HK0001145058,etf
HK0001149431,etf
HK0001149449,etf
HK0001149464,etf
HK0001157814,etf
HK0001171336,etf
HK0001174660,etf
HK0001174678,etf
HK0001175493,etf
HK0001175501,etf
HK0001176731,etf
HK0001182432,etf
HK0001197646,etf
HK0001197653,etf
HK0001198149,etf
HK0001205258,etf
HK0001207866,etf
HK0001207874,etf
HK0001207882,etf
HK0001224937,etf
HK0001226486,etf
HK0001226817,etf
HK0001228995,etf
HK0001229001,etf
HK0001232583,etf
HK0001233946,etf
HK0001238192,etf
HK0001243747,etf
HK0001243804,etf
HK0001246823,etf
HK0001247144,etf
HK0001254546,etf
HK0001254553,etf
HK0001267233,etf
HK0001275350,etf
HK0001279691,etf
HK0001279717,etf
HK0001279816,etf
HK0001281408,etf
HK0001281473,etf
HK0001286282,etf
HK0001288114,etf
HK0001298378,etf
HK0001298436,etf
HK0001298493,etf
HK0001309035,etf
HK0001311247,etf
HK0001311262,etf
HK0001339099,etf
HK0001342077,etf
HK0001353652,etf
HK2800008867,etf
HK2801040828,etf
HK2819031405,etf
HK2823028546,etf
HK2827039002,etf
HK2828013055,etf
HK2836036130,etf
HK2838031154,etf
HRICAMFBETR5,etf
HRICAMFBTRB1,etf
HRICAMFC10B6,etf
HRICAMFC10C4,etf
HRICAMFCR102,etf
HRICAMFERGB2,etf
HRICAMFPWIG3,etf
HRICAMFRGBB8,etf
HRICAMFSBI06,etf
HRICAMFSBIB2,etf
HRICAMFSBTC7,etf
HRICAMIERGB6,etf
HRICAMINVBT2,etf
HRICAMINVCR4,etf
HRICAMINVEM1,etf
HRICAMINVSB4,etf
HU0000704960,etf
HU0000730783,closedend
HU0000734454,etf
HU0000736863,closedend
HU0000737481,closedend
HU0000739008,closedend
HU0000740717,closedend
IDN000053501,etf
IDN000145307,etf
IDN000154606,etf
IDN000174000,etf
IDN000186400,etf
IDN000189701,etf
IDN000216207,etf
IDN000249109,etf
IDN000276706,etf
IDN000289808,etf
IDN000324803,etf
IDN000333903,etf
IDN000335908,etf
IDN000358108,etf
IDN000372604,etf
IDN000374105,etf
IDN000381100,etf
IDN000384500,etf
IDN000391208,etf
IDN000397106,etf
IDN000408200,etf
IDN000412004,etf
IDN000416609,etf
IDN000418902,etf
IDN000430006,etf
IDN000437001,etf
IDN000440104,etf
IDN000441508,etf
IDN000448206,etf
IDN000456902,etf
IDN000483708,etf
IDN000501004,etf
IDN000509502,etf
IDN000520103,etf
IDN000537404,etf
IDN000555505,etf
IDN000555802,etf
IDN000579703,etf
IDN000597002,etf
IDN000597101,etf
IDN000597200,etf
IDN000597309,etf
IDN000597408,etf
IE000004V778,etf
IE00000EF730,etf
IE000017NMH7,etf
IE00002QW7P5,etf
IE00002ZKAP0,etf
IE0000378O66,etf
IE00004FVB93,etf
IE00004OA765,etf
IE00004PGEY9,etf
IE00004S2680,etf
IE00005YSIA4,etf
IE0000902GT6,etf
IE0000BH4WF5,etf
IE0000BNORX6,etf
IE0000BQ75C2,etf
IE0000CRTTJ9,etf
IE0000DO92H7,etf
IE0000EA7C44,etf
IE0000EAPBT6,etf
IE0000F1IQZ8,etf
IE0000FA5GB7,etf
IE0000FCGYF9,etf
IE0000GXRR13,etf
IE0000H445G8,etf
IE0000J0F3C5,etf
IE0000JVOLK2,etf
IE0000KA1ZX3,etf
IE0000LTAD82,etf
IE0000LVTJ08,etf
IE0000MK7GG1,etf
IE0000MMQ5M5,etf
IE0000MR4GH9,etf
IE0000N55FP4,etf
IE0000P0RPE6,etf
IE0000PJLVN3,etf
IE0000QLH0G6,etf
IE0000SS94R1,etf
IE0000T4S954,etf
IE0000TZZ2B2,etf
IE0000U24AJ9,etf
IE0000U2ASV9,etf
IE0000UJ3480,etf
IE0000UW95D6,etf
IE0000VITHT2,etf
IE0000VKUF67,etf
IE0000VX9GN7,etf
IE0000XTDDA8,etf
IE0000ZL1RD2,etf
IE0000ZVYDH0,etf
IE00011CA799,etf
IE000128BSS1,etf
IE000130VPV5,etf
IE00013A2XD6,etf
IE00014E9P24,etf
IE00016PSX47,etf
IE0001858L90,etf
IE00018LB0D8,etf
IE00018U4PN8,etf
IE000191HKF0,etf
IE00019EG7X4,etf
IE0001A541Y3,etf
IE0001ARVVZ9,etf
IE0001AXQAS6,etf
IE0001CEGCP5,etf
IE0001DKJVC2,etf
IE0001DM7O60,etf
IE0001FQFU60,etf
IE0001GSQ2O9,etf
IE0001J5A2T9,etf
IE0001JABD69,etf
IE0001JH5CB4,etf
IE0001JK8FV4,etf
IE0001KK9B39,etf
IE0001KPAXU3,etf
IE0001O84583,etf
IE0001O9L5K4,etf
IE0001OGLP52,etf
IE0001PY6688,etf
IE0001QF56M0,etf
IE0001R850E1,etf
IE0001T0BHM5,etf
IE0001TLQX55,etf
IE0001UQQ933,etf
IE0001VDDL68,etf
IE0001VXZTV7,etf
IE0001W4ZVM2,etf
IE0001XCFC82,etf
IE0001XIQ4D9,etf
IE0001YGXFO5,etf
IE0001ZFMLN7,etf
IE00020C1NS6,etf
IE00020O1MD6,etf
IE00021E4FE3,etf
IE00022GJEG1,etf
IE00022VXYM7,etf
IE00023EZQ82,etf
IE000245C884,etf
IE00025DKLQ3,etf
IE000264WWY0,etf
IE00026BEVM6,etf
IE00028H9QJ8,etf
IE0002A3VE77,etf
IE0002DC0IL1,etf
IE0002DDYPW4,etf
IE0002EI5AG0,etf
IE0002EKOXU6,etf
IE0002FCUS29,etf
IE0002FPYN09,etf
IE0002G3KSC2,etf
IE0002GFATQ6,etf
IE0002H3JQ66,etf
IE0002HWPU75,etf
IE0002J9YOB8,etf
IE0002L5QB31,etf
IE0002LI4M98,etf
IE0002LUYGW0,etf
IE0002O230L3,etf
IE0002OP0LA0,etf
IE0002P9KZW1,etf
IE0002PG6CA6,etf
IE0002PGSLZ5,etf
IE0002PPCMH6,etf
IE0002RPS3K2,etf
IE0002SCQ8X0,etf
IE0002TF35X3,etf
IE0002THYAT9,etf
IE0002U1PIC8,etf
IE0002UMVXQ1,etf
IE0002VEN3U3,etf
IE0002VU15G5,etf
IE0002VV7CV3,etf
IE0002W8NB38,etf
IE0002WLH200,etf
IE0002XFS025,etf
IE0002XZSHO1,etf
IE0002Y8CX98,etf
IE0002YHUWS3,etf
IE0002Z12PN9,etf
IE0002ZM3JI1,etf
IE00032L0R44,etf
IE00032YLFR3,etf
IE00034XRBU1,etf
IE000356FN00,etf
IE00035F1RO6,etf
IE00036F4K40,etf
IE000389GTC0,etf
IE0003A512E4,etf
IE0003B4BV34,etf
IE0003B6RHN4,etf
IE0003B9KF87,etf
IE0003BJ2JS4,etf
IE0003CEOZG5,etf
IE0003FI3HY1,etf
IE0003HUCA83,etf
IE0003HV7CS6,etf
IE0003JSNHV9,etf
IE0003KQ8JX1,etf
IE0003L6OAY1,etf
IE0003LX7GI0,etf
IE0003MKK4H3,etf
IE0003NQ0IY5,etf
IE0003NVF3Y3,etf
IE0003OZJ573,etf
IE0003R87OG3,etf
IE0003RA2ZR3,etf
IE0003RQ9F90,etf
IE0003UH9270,etf
IE0003UN5CT1,etf
IE0003UVYC20,etf
IE0003V00UC4,etf
IE0003VC1PW8,etf
IE0003W9O921,etf
IE0003WEWAX4,etf
IE0003WV2ME7,etf
IE0003XI1PW0,etf
IE0003XJA0J9,etf
IE0003XW12I8,etf
IE0003Z9E2Y3,etf
IE0003ZXNJY5,etf
IE00041H4WT9,etf
IE00042EX8S2,etf
IE00043CMIN7,etf
IE00043L4HU0,etf
IE00043ZI3D8,etf
IE00046S3PW1,etf
IE000472H9T4,etf
IE00048C5NZ0,etf
IE00048UULY2,etf
IE0004993469,etf
IE00049LEBV0,etf
IE00049TNTV6,etf
IE0004A007J3,etf
IE0004CIQ1O4,etf
IE0004D7VJE6,etf
IE0004GONJX4,etf
IE0004HBJKG0,etf
IE0004HMINW0,etf
IE0004I037N4,etf
IE0004IR5U82,etf
IE0004J37T45,etf
IE0004J6PFL7,etf
IE0004KLW911,etf
IE0004L7EQG2,etf
IE0004L9EID2,etf
IE0004LCA3I5,etf
IE0004MFRED4,etf
IE0004MNX2U1,etf
IE0004O92CM1,etf
IE0004OXDQN6,etf
IE0004OYBZA6,etf
IE0004QLESG4,etf
IE0004QWOTD5,etf
IE0004TFW0R5,etf
IE0004TYCC17,etf
IE0004U3TX15,etf
IE0004W4ZVJ5,etf
IE0004WPSAM9,etf
IE0004X8KUG5,etf
IE0004YCLDW1,etf
IE0004YRJHW4,etf
IE0004ZJGWT9,etf
IE0005042456,etf
IE00050EGWG5,etf
IE00050J4789,etf
IE000512B9Q8,etf
IE000519M2U5,etf
IE00051W3PF2,etf
IE00052LHEF4,etf
IE00052T92P8,etf
IE00053HJRU7,etf
IE00053WDH64,etf
IE000544AJM3,etf
IE00055B2JD3,etf
IE00055OM853,etf
IE00056AT4A2,etf
IE000578J297,etf
IE000589MF42,etf
IE00058B19U6,etf
IE00058MW3M8,etf
IE000591PJN0,etf
IE00059GZ051,etf
IE0005AJA0P1,etf
IE0005B8WVT6,etf
IE0005CH3U28,etf
IE0005E47AH7,etf
IE0005E8B9S4,etf
IE0005E8N9I1,etf
IE0005F2R613,etf
IE0005FQHJC4,etf
IE0005H5G7N0,etf
IE0005HG1US8,etf
IE0005HNE843,etf
IE0005HWIS34,etf
IE0005KF09R2,etf
IE0005KLWSI2,etf
IE0005KNCL90,etf
IE0005KVDHL8,etf
IE0005MWBFR7,etf
IE0005NMTKY4,etf
IE0005NYD352,etf
IE0005PGDJ30,etf
IE0005POVJH8,etf
IE0005QL4147,etf
IE0005RKXDO7,etf
IE0005S7BIT0,etf
IE0005TF96I9,etf
IE0005YK6564,etf
IE00060Z4AE1,etf
IE000611IJM3,etf
IE00061J0RC6,etf
IE000629MKR4,etf
IE00063FT9K6,etf
IE00063GNWK1,etf
IE00063SATO1,etf
IE00063T9YS5,etf
IE00064KQDB3,etf
IE00064N5UY4,etf
IE00064TWYK9,etf
IE000650M1V4,etf
IE00066KZ5B5,etf
IE00066L6LB9,etf
IE00067X7JX0,etf
IE00068IJAK0,etf
IE00069H3LK0,etf
IE00069JGT58,etf
IE00069MGEE1,etf
IE00069Q7MY9,etf
IE0006AR3YI0,etf
IE0006B9CPY7,etf
IE0006BDZN36,etf
IE0006BISQN7,etf
IE0006CHRED6,etf
IE0006CJGQR9,etf
IE0006D3PGW3,etf
IE0006FAD976,etf
IE0006FBEDB6,etf
IE0006FDYJF8,etf
IE0006FFX5U1,etf
IE0006FIW9Z0,etf
IE0006FM6MI8,etf
IE0006GNB732,etf
IE0006GUEKQ7,etf
IE0006H7HTU4,etf
IE0006HIE7H2,etf
IE0006HMLPV6,etf
IE0006IP4XZ8,etf
IE0006K7DEL9,etf
IE0006KNOFD1,etf
IE0006LBEDV2,etf
IE0006MHC136,etf
IE0006MM8VN6,etf
IE0006N7AK90,etf
IE0006NB6WZ4,etf
IE0006NCFSW9,etf
IE0006NZSQW7,etf
IE0006O3TTP9,etf
IE0006OIQXE9,etf
IE0006PHYNG8,etf
IE0006PTRUI8,etf
IE0006QCIHM0,etf
IE0006QX3Y11,etf
IE0006R681H8,etf
IE0006RFB3X2,etf
IE0006S0EBF2,etf
IE0006SEWKA2,etf
IE0006UGU3X3,etf
IE0006UQKVQ0,etf
IE0006VDD4K1,etf
IE0006WOV4I9,etf
IE0006WPPA00,etf
IE0006WW1TQ4,etf
IE0006WZF7C2,etf
IE0006XQ3YX3,etf
IE0006YCYW06,etf
IE0006YIB0U2,etf
IE0006YM7D84,etf
IE00070SLDT6,etf
IE000716YHJ7,etf
IE00072RHT03,etf
IE00073MUWT4,etf
IE00074JLU02,etf
IE00074JV7J1,etf
IE00075IVKF9,etf
IE00076HZIP3,etf
IE00077FRP95,etf
IE00077IIPQ8,etf
IE000783LRG9,etf
IE00078SFIQ6,etf
IE00079EUF59,etf
IE00079WNSI6,etf
IE0007BT2BH8,etf
IE0007EH5UK6,etf
IE0007FIJUO5,etf
IE0007FM00T9,etf
IE0007G78AC4,etf
IE0007HKA9K1,etf
IE0007HPIXG8,etf
IE0007I99HX7,etf
IE0007ILCZU4,etf
IE0007L3IJF6,etf
IE0007LAQ4A1,etf
IE0007M3MLF3,etf
IE0007O06KL9,etf
IE0007P4PBU1,etf
IE0007QB4QS2,etf
IE0007SRI1C7,etf
IE0007SZHO07,etf
IE0007TPRF31,etf
IE0007UE04X9,etf
IE0007UJ6IE0,etf
IE0007ULOZS8,etf
IE0007UPSEA3,etf
IE0007VCNJW3,etf
IE0007VYC734,etf
IE0007W7MZL0,etf
IE0007WJ6B10,etf
IE0007WLHX89,etf
IE0007WMHDE3,etf
IE0007Y8Y157,etf
IE0007YBWBE5,etf
IE0007YP0PL1,etf
IE0007YZZZN7,etf
IE0007Z19996,etf
IE0007Z28IJ7,etf
IE0008119MO8,etf
IE00081SF8K7,etf
IE00082MOBL9,etf
IE000845MQC5,etf
IE0008470928,etf
IE0008471009,etf
IE00084KY2F2,etf
IE00085PWS28,etf
IE00087GRUR0,etf
IE00088ID6F8,etf
IE000893FCN6,etf
IE00089J8KM1,etf
IE0008B0OAD5,etf
IE0008BA4TY1,etf
IE0008BU0XC3,etf
IE0008C3G0Y9,etf
IE0008D0AIU9,etf
IE0008DFVN75,etf
IE0008DO91F6,etf
IE0008EKJPN4,etf
IE0008EMOWT3,etf
IE0008F7X0W1,etf
IE0008F9FCT2,etf
IE0008FB2WZ1,etf
IE0008GBXCA4,etf
IE0008GO35B5,etf
IE0008GRJRO8,etf
IE0008H4JHA2,etf
IE0008JXFQK8,etf
IE0008L7O3Q6,etf
IE0008LRGGP4,etf
IE0008M1R3N4,etf
IE0008NJMGB5,etf
IE0008P6LL15,etf
IE0008QIFH42,etf
IE0008RSSHT4,etf
IE0008RX29L5,etf
IE0008SEV3B2,etf
IE0008T6IUX0,etf
IE0008TDJ461,etf
IE0008TKP6O7,etf
IE0008U15456,etf
IE0008UEVOE0,etf
IE0008V9P2F7,etf
IE0008WICO06,etf
IE0008YN0OY8,etf
IE0008YN55P8,etf
IE0008YWAFL1,etf
IE0008Z87N38,etf
IE0008ZGI5C1,etf
IE00090GHHQ4,etf
IE000910ZA91,etf
IE00091SR7N7,etf
IE000929U2U9,etf
IE00093GOJ04,etf
IE00093SKUY4,etf
IE000940RNE6,etf
IE00094AECT1,etf
IE00094FRAA6,etf
IE00094GSCQ4,etf
IE00094KNQN4,etf
IE000953I6Z4,etf
IE00095FLAP4,etf
IE00096S6AV7,etf
IE000979OT00,etf
IE00097WZHZ9,etf
IE00098G6RH2,etf
IE00098S8RU7,etf
IE00098YDEH5,etf
IE00098ZGGO6,etf
IE00099GAJC6,etf
IE0009A5ADV9,etf
IE0009BC6K22,etf
IE0009BI8Z04,etf
IE0009BM62P2,etf
IE0009D6K2A2,etf
IE0009DRDY20,etf
IE0009DRFET8,etf
IE0009EDBBS3,etf
IE0009EGAHL0,etf
IE0009EQZP90,etf
IE0009F7UB30,etf
IE0009HF1MK9,etf
IE0009IAUUI1,etf
IE0009JOT9U1,etf
IE0009KLWT21,etf
IE0009OCO2W4,etf
IE0009PACXU3,etf
IE0009QS7W62,etf
IE0009RE6PA1,etf
IE0009RW4WA0,etf
IE0009RYSBF2,etf
IE0009SA6OY7,etf
IE0009SJ3GE3,etf
IE0009TJ5T70,etf
IE0009TPHUV6,etf
IE0009U8IBU8,etf
IE0009VWHAE6,etf
IE0009W21NT4,etf
IE0009WMIIC0,etf
IE0009WWNY77,etf
IE0009WYJCP8,etf
IE0009XKZC98,etf
IE0009Y1MQJ2,etf
IE0009YEDMC6,etf
IE0009YQE5W1,etf
IE0009ZB3ZX2,etf
IE0009ZTL4B5,etf
IE000A0GH076,etf
IE000A0RC215,etf
IE000A2E14U6,etf
IE000A2YGZU5,etf
IE000A537EY2,etf
IE000A68ELD0,etf
IE000A7N3IV0,etf
IE000A89Y2G7,etf
IE000A8N67F3,etf
IE000A9G9R73,etf
IE000A9QKUV7,etf
IE000A9QV382,etf
IE000AALNYM3,etf
IE000AD2AYN2,etf
IE000AE3TNP7,etf
IE000AEBAUD0,etf
IE000AEM1K78,etf
IE000AES5KQ5,etf
IE000AFVKJZ0,etf
IE000AFVONT7,etf
IE000AGCIYE6,etf
IE000AGFZM58,etf
IE000AGH5ZI1,etf
IE000AI6QNJ5,etf
IE000AIFGRB9,etf
IE000AJFZ9E4,etf
IE000AK4O3W6,etf
IE000ALCW221,etf
IE000ALI2E45,etf
IE000AN258G4,etf
IE000AN3AFZ1,etf
IE000ANHU3J3,etf
IE000ANMCD25,etf
IE000ANOU8J3,etf
IE000ANYHV73,etf
IE000AON7ET1,etf
IE000AP27VA7,etf
IE000APK27S2,etf
IE000AQ7A2X6,etf
IE000ARLR807,etf
IE000ASNLWH9,etf
IE000ATQR3N3,etf
IE000ATRYEA4,etf
IE000AUWE6L4,etf
IE000AV35A01,etf
IE000AVUROO8,etf
IE000AWRDWI7,etf
IE000AWT6D61,etf
IE000AXIKJM8,etf
IE000AXUR1L9,etf
IE000AY2ERH5,etf
IE000AY6KP29,etf
IE000AYEFBK6,etf
IE000AYJ75E5,etf
IE000AZ0ORF1,etf
IE000AZ2HZ31,etf
IE000AZDOJT1,etf
IE000AZOUN82,etf
IE000AZV0AS3,etf
IE000B1A2798,etf
IE000B3NURO6,etf
IE000B4EDHL6,etf
IE000B5MAME7,etf
IE000B5UZSG9,etf
IE000B8VAQZ8,etf
IE000B9PQW54,etf
IE000BAF6X29,etf
IE000BBMJ8L9,etf
IE000BHH6TY7,etf
IE000BI0GCN3,etf
IE000BI8OT95,etf
IE000BKMMHF9,etf
IE000BLN64M9,etf
IE000BLXGTG9,etf
IE000BMDG046,etf
IE000BMJPF23,etf
IE000BMP9YJ5,etf
IE000BMZP0I6,etf
IE000BNLRWE6,etf
IE000BO2Y0T8,etf
IE000BRM9046,etf
IE000BRX9DZ0,etf
IE000BS9KP42,etf
IE000BUIVY49,etf
IE000BUSGFL9,etf
IE000BVD0KE7,etf
IE000BW2B3J3,etf
IE000BWITBP9,etf
IE000BWKUES1,etf
IE000BXC49I6,etf
IE000BZ1HVL2,etf
IE000BZFW5H7,etf
IE000BZXJJ24,etf
IE000C17QP01,etf
IE000C1SVLJ9,etf
IE000C2BA1B7,etf
IE000C3S79I0,etf
IE000C5H8FC1,etf
IE000C5Q64P6,etf
IE000C5YJ791,etf
IE000C692SN6,etf
IE000C6ITGC8,etf
IE000C75IMX8,etf
IE000C7DDDX4,etf
IE000C7EUDG1,etf
IE000C87OS21,etf
IE000C9RWXK5,etf
IE000CB2BST9,etf
IE000CBYU7J5,etf
IE000CCQKON9,etf
IE000CD5SH30,etf
IE000CEUZ052,etf
IE000CF2JI38,etf
IE000CFH1JX2,etf
IE000CH3OQ51,etf
IE000CJUN9X7,etf
IE000CK5G8J7,etf
IE000CL68Z69,etf
IE000CLH1Z98,etf
IE000CM02H85,etf
IE000CN8T855,etf
IE000CNSFAR2,etf
IE000CO3P697,etf
IE000CO65C82,etf
IE000COQKPO9,etf
IE000CPG9HG3,etf
IE000CPT8DH7,etf
IE000CQMYME2,etf
IE000CQQ22C8,etf
IE000CR3ZDF9,etf
IE000CR424L6,etf
IE000CR7DJI8,etf
IE000CV0WWL4,etf
IE000CVOSY02,etf
IE000CVUM3N6,etf
IE000CWS09Q9,etf
IE000CWUZKZ9,etf
IE000CWXN435,etf
IE000CXLGK86,etf
IE000CXVOXQ1,etf
IE000CY30YV9,etf
IE000CYC2B65,etf
IE000CYGD0V1,etf
IE000CYTPBT0,etf
IE000CZ86N65,etf
IE000CZJPCH1,etf
IE000CZQJXB8,etf
IE000CZU3JH0,etf
IE000D0T0BO1,etf
IE000D1017N2,etf
IE000D1DAPO5,etf
IE000D2UDLG6,etf
IE000D352U62,etf
IE000D3BWBR2,etf
IE000D3E0G47,etf
IE000D5R9C23,etf
IE000D6810F1,etf
IE000D8FCSD8,etf
IE000D8XC064,etf
IE000D9DX847,etf
IE000D9S4LT3,etf
IE000D9WMGF0,etf
IE000DB78H45,etf
IE000DBHED39,etf
IE000DD75KQ5,etf
IE000DDR6DS3,etf
IE000DEXCOR7,etf
IE000DHPZ1N9,etf
IE000DHZXD61,etf
IE000DK3R2F5,etf
IE000DKL1700,etf
IE000DLDNVK1,etf
IE000DN0XQM1,etf
IE000DN1DKF8,etf
IE000DNSAS54,etf
IE000DOZYQJ7,etf
IE000DPO6LM8,etf
IE000DQAQ6J3,etf
IE000DQLYVB9,etf
IE000DQNQS25,etf
IE000DR59CI3,etf
IE000DS9ZCL4,etf
IE000DSDL3Z6,etf
IE000DT6MI20,etf
IE000DTA2ZH9,etf
IE000DUDS685,etf
IE000DUSV4J5,etf
IE000DVHJV46,etf
IE000DVLBQ03,etf
IE000DVPTMD5,etf
IE000DWHL026,etf
IE000DXIJHF2,etf
IE000DYQE2Q3,etf
IE000DZN13O8,etf
IE000E02WFD5,etf
IE000E0NL9T3,etf
IE000E0V65D8,etf
IE000E47O2D3,etf
IE000E4BATC9,etf
IE000E6TPCH9,etf
IE000E77RQE2,etf
IE000E7EI9P0,etf
IE000E8WZD37,etf
IE000E909O74,etf
IE000E9W0ID3,etf
IE000E9XXE77,etf
IE000EA7I2N5,etf
IE000EB0LQO5,etf
IE000EBFYWX3,etf
IE000EBPC0Z7,etf
IE000EC86C06,etf
IE000EDOZV89,etf
IE000EDRD2Z8,etf
IE000EE3Q489,etf
IE000EEJLWG1,etf
IE000EFHIFG3,etf
IE000EGGFVG6,etf
IE000EH3AL25,etf
IE000EHPAS96,etf
IE000EHRXW91,etf
IE000EJ2EHO7,etf
IE000EJFRI08,etf
IE000EK4H397,etf
IE000EKG45L0,etf
IE000ELFEBZ3,etf
IE000ELHT1P5,etf
IE000ENYES77,etf
IE000EOFR2K5,etf
IE000EPIJ442,etf
IE000EPX8KB7,etf
IE000EQGURT5,etf
IE000ER61U30,etf
IE000ESLTCW9,etf
IE000EUY91Y9,etf
IE000EVOVOG1,etf
IE000EVUY6K9,etf
IE000EXUE0G2,etf
IE000EY5U730,etf
IE000F04HGE5,etf
IE000F0DNOJ1,etf
IE000F16FMX1,etf
IE000F215NJ2,etf
IE000F2IX674,etf
IE000F354Q61,etf
IE000F37PGZ3,etf
IE000F3AQVD2,etf
IE000F472DU7,etf
IE000F4FFLL6,etf
IE000F60HVH9,etf
IE000F6G1DE0,etf
IE000F6XDNZ5,etf
IE000F7TZ3H9,etf
IE000F8RXD33,etf
IE000F9AQNW6,etf
IE000F9IDGB5,etf
IE000FASRFS4,etf
IE000FCGBU62,etf
IE000FDU4IY8,etf
IE000FF2EBQ8,etf
IE000FG3UNB8,etf
IE000FGFJT15,etf
IE000FHBZDZ8,etf
IE000FI414K7,etf
IE000FJJZA01,etf
IE000FK14CA5,etf
IE000FKMC6O9,etf
IE000FL46JJ1,etf
IE000FMF9DG3,etf
IE000FNVOB27,etf
IE000FO05UG4,etf
IE000FO1A5D1,etf
IE000FOSCLU1,etf
IE000FP52WM7,etf
IE000FPWSL69,etf
IE000FQ808R5,etf
IE000FRX67F3,etf
IE000FS24HM1,etf
IE000FSN19U2,etf
IE000FVQW7E7,etf
IE000FVYOWC4,etf
IE000FW16TX1,etf
IE000FXHG8D6,etf
IE000FYTRRJ6,etf
IE000FZ1S3M3,etf
IE000G0E83X3,etf
IE000G1H7OC0,etf
IE000G2LIHG9,etf
IE000G4ONBO6,etf
IE000G4PH2B1,etf
IE000G6CY1T7,etf
IE000G6GSP88,etf
IE000G6J9EE6,etf
IE000G8WOLX8,etf
IE000G9O8QD4,etf
IE000GA3D489,etf
IE000GA7JQV8,etf
IE000GAKWFA7,etf
IE000GB2EQ90,etf
IE000GBYNAU4,etf
IE000GDU4WA8,etf
IE000GE2BEZ9,etf
IE000GE4QIR1,etf
IE000GEHNQU9,etf
IE000GETKIK8,etf
IE000GF6QTP6,etf
IE000GFG8GS0,etf
IE000GGQK173,etf
IE000GHXL2Q3,etf
IE000GML9HQ4,etf
IE000GMRDSZ7,etf
IE000GNI5B71,etf
IE000GNOSM10,etf
IE000GOJO2A3,etf
IE000GR3RJS2,etf
IE000GSIFIB0,etf
IE000GTBEXG4,etf
IE000GTF7GF4,etf
IE000GU6MFI0,etf
IE000GUIUCJ1,etf
IE000GVBJMO6,etf
IE000GW6RB11,etf
IE000GW790Q8,etf
IE000GWA2J58,etf
IE000GWD7R65,etf
IE000GXN71U1,etf
IE000GXS8PV9,etf
IE000GYDNJS5,etf
IE000GZD8ME7,etf
IE000H0TSO96,etf
IE000H1H16W5,etf
IE000H22E3N8,etf
IE000H3AH951,etf
IE000H3Q3AF6,etf
IE000H444PH5,etf
IE000H5X52W8,etf
IE000H7PE775,etf
IE000H92C4B8,etf
IE000HARFTG3,etf
IE000HARJEE2,etf
IE000HDEYKM3,etf
IE000HDPAH09,etf
IE000HEA19Q3,etf
IE000HF69TA9,etf
IE000HFBJ0U0,etf
IE000HFXP0D2,etf
IE000HGH8PV2,etf
IE000HGM78N6,etf
IE000HH3SU50,etf
IE000HIHKYJ1,etf
IE000HJ3ZIR8,etf
IE000HM5TZ60,etf
IE000HN2PIB9,etf
IE000HPBRE54,etf
IE000HQY8R78,etf
IE000HSER094,etf
IE000HT7E0B1,etf
IE000HT8JEW8,etf
IE000HY30YW6,etf
IE000HYFO765,etf
IE000I0U8OO3,etf
IE000I1D7D10,etf
IE000I1Q42S9,etf
IE000I25S1V5,etf
IE000I2WYEU9,etf
IE000I4R3252,etf
IE000I5MBLC4,etf
IE000I5NV504,etf
IE000I660ZF8,etf
IE000I6Q83Z7,etf
IE000I7E6HL0,etf
IE000I8CR2Q4,etf
IE000I8IKC59,etf
IE000I8KRLL9,etf
IE000I93LGG9,etf
IE000I9HGDZ3,etf
IE000IAPH329,etf
IE000IAXNM41,etf
IE000IDJKTB3,etf
IE000IDLWOL4,etf
IE000IEGVMH6,etf
IE000IEOQSJ3,etf
IE000IF0HTJ9,etf
IE000IF5WTI9,etf
IE000IGMB3E1,etf
IE000IH9YO94,etf
IE000IHURBR0,etf
IE000IIED424,etf
IE000IIHLZL0,etf
IE000IIOOR48,etf
IE000IISJT64,etf
IE000IKCYI88,etf
IE000IKMJDQ6,etf
IE000IL7PZ05,etf
IE000IM4K4K2,etf
IE000IMGE5W5,etf
IE000INTB8Q8,etf
IE000IP0UC52,etf
IE000IQQEL77,etf
IE000IR2DEM6,etf
IE000IR87HP7,etf
IE000ISS8DB2,etf
IE000IUNJSL2,etf
IE000IVQPCG4,etf
IE000IX54FW5,etf
IE000IY9QFN9,etf
IE000IYBMW97,etf
IE000IZO7033,etf
IE000IZS2303,etf
IE000J0JU6M8,etf
IE000J0LN0R5,etf
IE000J3F4J90,etf
IE000J46YVX2,etf
IE000J4DNAA7,etf
IE000J4FE268,etf
IE000J4HXHK1,etf
IE000J5PESP7,etf
IE000J6CHW80,etf
IE000J7AY5Y3,etf
IE000J7QYHD8,etf
IE000J80JTL1,etf
IE000J8RGOJ4,etf
IE000J8Z5N74,etf
IE000JAYMBQ8,etf
IE000JBB8CR7,etf
IE000JBJ1NZ4,etf
IE000JBZXFH0,etf
IE000JCW3DZ3,etf
IE000JEHORH6,etf
IE000JEU61P1,etf
IE000JEXZJT1,etf
IE000JEZ2VB3,etf
IE000JHMFVN7,etf
IE000JHYO4T6,etf
IE000JIPY1U8,etf
IE000JJMOWY0,etf
IE000JJPY166,etf
IE000JJQ6248,etf
IE000JKS50V3,etf
IE000JL9SV51,etf
IE000JLILKH0,etf
IE000JLXYKJ8,etf
IE000JMMZAP4,etf
IE000JNHCBM6,etf
IE000JNKVS10,etf
IE000JQ1PF28,etf
IE000JQ2IJD3,etf
IE000JQ3ELQ8,etf
IE000JR51TI1,etf
IE000JS0HUM5,etf
IE000JS4ANL9,etf
IE000JSJOR00,etf
IE000JTHNWF0,etf
IE000JTPK610,etf
IE000JUB0QM2,etf
IE000JUREXG2,etf
IE000JXFRNI0,etf
IE000JZ473P7,etf
IE000JZYIUN0,etf
IE000K1P4V37,etf
IE000K1VI152,etf
IE000K22VCJ6,etf
IE000K3YPA16,etf
IE000K44CW70,etf
IE000K48NTA1,etf
IE000K4JG8P9,etf
IE000K54GGV6,etf
IE000K5F6EL4,etf
IE000K5XQD29,etf
IE000K7PC2G4,etf
IE000K975W13,etf
IE000K9Z3SF5,etf
IE000KB8X7I9,etf
IE000KBUL630,etf
IE000KCKFHE8,etf
IE000KCS7J59,etf
IE000KD0BZ68,etf
IE000KDIUAE4,etf
IE000KDY10O3,etf
IE000KEFZYE7,etf
IE000KEV0H41,etf
IE000KF370H3,etf
IE000KG7KXI7,etf
IE000KHX9DX6,etf
IE000KIQ3DT5,etf
IE000KJPDY61,etf
IE000KJVA5F6,etf
IE000KL4O2Z8,etf
IE000KLC2EN9,etf
IE000KLSD4Y8,etf
IE000KM34187,etf
IE000KN6U873,etf
IE000KPJJWM6,etf
IE000KR2IEH1,etf
IE000KTD59H4,etf
IE000KXCEXR3,etf
IE000KXM3O48,etf
IE000KXMLOD6,etf
IE000KXNPEV8,etf
IE000KXTLDE2,etf
IE000KYX7IP4,etf
IE000L00POB4,etf
IE000L0X6L81,etf
IE000L2IS494,etf
IE000L2SA8K5,etf
IE000L2TO2T2,etf
IE000L2ZNB07,etf
IE000L4EH2K5,etf
IE000L5NW549,etf
IE000L6BRPZ8,etf
IE000L6RGYI5,etf
IE000L6ZMMC4,etf
IE000L91HR40,etf
IE000L98FUF7,etf
IE000LAP5Z18,etf
IE000LAUZQT6,etf
IE000LCKJ888,etf
IE000LEIJUY9,etf
IE000LETV955,etf
IE000LEVKOK2,etf
IE000LFC57H7,etf
IE000LGHLQ71,etf
IE000LGWDNE5,etf
IE000LH4DDC2,etf
IE000LHP8TA1,etf
IE000LJ2O0V5,etf
IE000LKGEZQ6,etf
IE000LKQ2K98,etf
IE000LO4MAC0,etf
IE000LOAUP03,etf
IE000LOSV2D0,etf
IE000LRDPD24,etf
IE000LRGEN55,etf
IE000LRRPK60,etf
IE000LSFKN16,etf
IE000LSRKCB4,etf
IE000LST78X7,etf
IE000LT3MQE9,etf
IE000LTA2082,etf
IE000LUZJNI7,etf
IE000LVB7GJ9,etf
IE000LW5CCQ4,etf
IE000LX17BP9,etf
IE000LXEN6X4,etf
IE000LYBU7X5,etf
IE000LZ4F7J0,etf
IE000LZ7BZW8,etf
IE000LZC9NM0,etf
IE000LZI2UH4,etf
IE000M02BVY5,etf
IE000M07S996,etf
IE000M10VZK6,etf
IE000M284BG0,etf
IE000M3UHD88,etf
IE000M46QA27,etf
IE000M6STPW4,etf
IE000M7V94E1,etf
IE000M86QRT4,etf
IE000M8F3JA6,etf
IE000M8NCUC9,etf
IE000M9FJ295,etf
IE000MAO75G5,etf
IE000MC1J5C5,etf
IE000MCQF2X3,etf
IE000MCVFK47,etf
IE000MDKBOB3,etf
IE000ME8PWJ4,etf
IE000MELAE65,etf
IE000MF9SZ46,etf
IE000MFEI2J0,etf
IE000MGAVJV3,etf
IE000MINO564,etf
IE000MIXAK02,etf
IE000MJ79846,etf
IE000MJIXFE0,etf
IE000MKIH0W7,etf
IE000MLMNYS0,etf
IE000MMRLY96,etf
IE000MNNJDT4,etf
IE000MO2MB07,etf
IE000MO5BTJ4,etf
IE000MQ5XEW1,etf
IE000MRIQ479,etf
IE000MS76E73,etf
IE000MS9DTS9,etf
IE000MTYM4K8,etf
IE000MU0FDZ8,etf
IE000MUAJIF4,etf
IE000MVWFDH1,etf
IE000MW6GT38,etf
IE000MWM1LM1,etf
IE000MWUQBJ0,etf
IE000MY0C911,etf
IE000MYCJA42,etf
IE000MZFIJ99,etf
IE000N0TTJQ9,etf
IE000N1ZEIG9,etf
IE000N3TZN02,etf
IE000N42HDP2,etf
IE000N4E8XZ6,etf
IE000N4Q9SI6,etf
IE000N5GJDD7,etf
IE000N5JOGS2,etf
IE000N6I8IU2,etf
IE000N6LBS91,etf
IE000N70F6V6,etf
IE000N7ES011,etf
IE000N7LUK04,etf
IE000N85G7P8,etf
IE000N921WJ6,etf
IE000N990RE2,etf
IE000N9MLVT1,etf
IE000NA8E2W0,etf
IE000NAFAKL6,etf
IE000NATSYT3,etf
IE000NBRE3P7,etf
IE000NDWFGA5,etf
IE000NFR7C63,etf
IE000NHAIBN0,etf
IE000NITTFF2,etf
IE000NKC01D0,etf
IE000NM0ALX6,etf
IE000NOLCFO5,etf
IE000NPK2VI6,etf
IE000NQ9GTW5,etf
IE000NRGX9M3,etf
IE000NS5HRY9,etf
IE000NVDQXE1,etf
IE000NVM56L3,etf
IE000NVVIF88,etf
IE000NX8S1Z1,etf
IE000NXF88S1,etf
IE000NYVK0R8,etf
IE000NZURBQ4,etf
IE000O0KDG23,etf
IE000O1FWAW6,etf
IE000O2G7VL0,etf
IE000O2QIHN4,etf
IE000O359D06,etf
IE000O36LOH8,etf
IE000O50THD5,etf
IE000O58J820,etf
IE000O5FBC47,etf
IE000O5M6XO1,etf
IE000O6GI299,etf
IE000O6Z73N7,etf
IE000O7Q2E56,etf
IE000O8KMPM1,etf
IE000O8S1EX4,etf
IE000OAZZ3X6,etf
IE000OBK3UE0,etf
IE000OEF25S1,etf
IE000OHEH5Y9,etf
IE000OHHIBC6,etf
IE000OHXGWO8,etf
IE000OJ31JQ4,etf
IE000OJ5TQP4,etf
IE000OJF8NN4,etf
IE000OKVTDF7,etf
IE000OL3XN92,etf
IE000OLIUP21,etf
IE000ON9GR24,etf
IE000ONQ3X90,etf
IE000ONYHPZ2,etf
IE000OPODKS3,etf
IE000OQGOX00,etf
IE000OULL4R4,etf
IE000OV4XWA3,etf
IE000OVF8Q66,etf
IE000OW54ZX1,etf
IE000OXJ91D7,etf
IE000OY7BDY9,etf
IE000OYABFQ2,etf
IE000P0AMD16,etf
IE000P0FL8E3,etf
IE000P0R7WK6,etf
IE000P16KP52,etf
IE000P1G9TM6,etf
IE000P1IQS65,etf
IE000P1WR081,etf
IE000P2CI9P3,etf
IE000P2WSBY0,etf
IE000P334X90,etf
IE000P3D0W60,etf
IE000P4AYI47,etf
IE000P4KWPY3,etf
IE000P5IB8I8,etf
IE000P60WPS6,etf
IE000P7C7930,etf
IE000P9STSM0,etf
IE000PA766T7,etf
IE000PAW6X57,etf
IE000PB4LRO2,etf
IE000PBKBK34,etf
IE000PCF9772,etf
IE000PDUVTF3,etf
IE000PE4R6W7,etf
IE000PEAJOT0,etf
IE000PECRUX8,etf
IE000PEYL7P5,etf
IE000PH09T78,etf
IE000PHR51Q6,etf
IE000PJL7R74,etf
IE000PKN5N58,etf
IE000PL3UFC3,etf
IE000PLCL3C9,etf
IE000PMX0MW6,etf
IE000PN3F926,etf
IE000PN9NSC6,etf
IE000PNL0242,etf
IE000PO34ON2,etf
IE000PPEL1I4,etf
IE000PQQLZM7,etf
IE000PS0J481,etf
IE000PSF3A70,etf
IE000PTM74B6,etf
IE000PTMIE90,etf
IE000PUAKZP8,etf
IE000PWGE381,etf
IE000PWSK6H1,etf
IE000PXXRS03,etf
IE000PY7F8J9,etf
IE000PYEKKW0,etf
IE000PYFQ9I0,etf
IE000PYHMXV4,etf
IE000PYIUPH0,etf
IE000PZW9KB1,etf
IE000Q0CAPZ0,etf
IE000Q0IU5T1,etf
IE000Q0UH3Y7,etf
IE000Q1M7HB8,etf
IE000Q2EQ5K8,etf
IE000Q2P3ZQ3,etf
IE000Q4EBLW2,etf
IE000Q4EBR54,etf
IE000Q4J3CW6,etf
IE000Q5CPXZ1,etf
IE000Q6C8036,etf
IE000Q7EQ7R4,etf
IE000Q8F0M81,etf
IE000Q8N7WY1,etf
IE000Q8ZHWI1,etf
IE000Q9IHH10,etf
IE000Q9W2IR3,etf
IE000QADMYA3,etf
IE000QAO7DD4,etf
IE000QB5HJC8,etf
IE000QBKT4V0,etf
IE000QC2YB58,etf
IE000QCDDND5,etf
IE000QDFFK00,etf
IE000QF66PE6,etf
IE000QF8TEK7,etf
IE000QGWZZO0,etf
IE000QIF5N15,etf
IE000QJMYB29,etf
IE000QL3QEM2,etf
IE000QLV3SY5,etf
IE000QMIHY81,etf
IE000QOLLXO2,etf
IE000QOU09J7,etf
IE000QQ8Z0D8,etf
IE000QRDCYW2,etf
IE000QRUKAG2,etf
IE000QU8JEH5,etf
IE000QUCVEN9,etf
IE000QUOSE01,etf
IE000QVCOG22,etf
IE000QVCP9S5,etf
IE000QVOGR82,etf
IE000QVYFUT7,etf
IE000QW9E395,etf
IE000QWCYQT0,etf
IE000QWO5FT3,etf
IE000QYDXKV5,etf
IE000QZ7JON9,etf
IE000QZF7EX2,etf
IE000R1X43G7,etf
IE000R3K9FF7,etf
IE000R4RN8C3,etf
IE000R4ZNTN3,etf
IE000R65LK54,etf
IE000R6TN604,etf
IE000R7DCW45,etf
IE000R7HJVO6,etf
IE000R7KKFN3,etf
IE000R85HL30,etf
IE000R88UVN6,etf
IE000R8PO127,etf
IE000R9FA4A0,etf
IE000R9RIBW8,etf
IE000RBFCPY3,etf
IE000RC18FG8,etf
IE000RC2UNU0,etf
IE000RCMNFR9,etf
IE000RDRMSD1,etf
IE000RE0SQM6,etf
IE000REC8UF0,etf
IE000REVDBO3,etf
IE000RGNDFJ6,etf
IE000RH1ZG27,etf
IE000RHYOR04,etf
IE000RI14ZD9,etf
IE000RITWOD4,etf
IE000RJECXS5,etf
IE000RJL5A30,etf
IE000RKSAPB9,etf
IE000RLUE8E9,etf
IE000RLUVMR2,etf
IE000RMSPY39,etf
IE000RN036E0,etf
IE000RN4ORI2,etf
IE000RN58M26,etf
IE000ROSD5J6,etf
IE000RQJBQI6,etf
IE000RRCJI06,etf
IE000RSCXLM4,etf
IE000RSD1ZW2,etf
IE000RTQ5X23,etf
IE000RUEGGK5,etf
IE000RUF4QN8,etf
IE000RVOB8A6,etf
IE000RW7V8Q4,etf
IE000RWFQT12,etf
IE000RWQ7DN4,etf
IE000RYWBSX8,etf
IE000RZNG4X9,etf
IE000S0JMIY6,etf
IE000S0PSP47,etf
IE000S2QZKI8,etf
IE000S3N6R34,etf
IE000S4A5WE2,etf
IE000S6476U8,etf
IE000S67ID55,etf
IE000S6ZDHA0,etf
IE000S9T0WR9,etf
IE000SA19OL0,etf
IE000SACNHU2,etf
IE000SAXJ1M1,etf
IE000SB4G4I4,etf
IE000SB9GY21,etf
IE000SBJO6L2,etf
IE000SBU19F7,etf
IE000SC8O430,etf
IE000SCAG5Q1,etf
IE000SDFJUU0,etf
IE000SE6KPV2,etf
IE000SGVQIZ9,etf
IE000SHR0UX9,etf
IE000SI9E3I8,etf
IE000SIZJ2B2,etf
IE000SN2VKB0,etf
IE000SNCKVM9,etf
IE000SNLFDR7,etf
IE000SNMGYT5,etf
IE000SNWS0L0,etf
IE000SOORXS0,etf
IE000SPKU8M9,etf
IE000SRQBBT6,etf
IE000SSFEUS3,etf
IE000ST40PX8,etf
IE000ST59DS4,etf
IE000ST7KGV2,etf
IE000STIHQB2,etf
IE000STJ19F2,etf
IE000SU1VJ03,etf
IE000SU7USQ3,etf
IE000SVXJH05,etf
IE000SWYZ0D5,etf
IE000SYQFJV2,etf
IE000SZ25OI0,etf
IE000T05HNG4,etf
IE000T4LTZ00,etf
IE000T52YWD9,etf
IE000T5R61X5,etf
IE000T62NEO6,etf
IE000T8E6SX8,etf
IE000T8QD852,etf
IE000T9EOCL3,etf
IE000T9NSP89,etf
IE000TAA0GK0,etf
IE000TAV7246,etf
IE000TB15RC6,etf
IE000TCZMZM8,etf
IE000TD32PU3,etf
IE000TD3TI26,etf
IE000TG1LGI4,etf
IE000TGCBXG8,etf
IE000TGSG3Y5,etf
IE000TI21P14,etf
IE000TIZ5AP4,etf
IE000TL3PL69,etf
IE000TMJDGV1,etf
IE000TSA6IX6,etf
IE000TSML5I8,etf
IE000TSRT9O5,etf
IE000TSWWSM5,etf
IE000TT7HZ88,etf
IE000TVZKNN6,etf
IE000TWAN2K7,etf
IE000TWNMI25,etf
IE000TY854T9,etf
IE000TYGG0N6,etf
IE000TZ4SIN6,etf
IE000TZOB1X7,etf
IE000TZT3JJ0,etf
IE000TZT8TI0,etf
IE000U00VD47,etf
IE000U07IGB1,etf
IE000U1MQKJ2,etf
IE000U3XZQN5,etf
IE000U58J0M1,etf
IE000U5MJOZ6,etf
IE000U679IT9,etf
IE000U6ABUJ7,etf
IE000U6US1Q0,etf
IE000U7L59A3,etf
IE000U7LIXH5,etf
IE000U882CN5,etf
IE000U8A7X11,etf
IE000U9J8HX9,etf
IE000U9ODG19,etf
IE000UATQPE2,etf
IE000UBAW7M3,etf
IE000UBGUJP8,etf
IE000UD0O069,etf
IE000UDFKE13,etf
IE000UDUSCI9,etf
IE000UDV9YG1,etf
IE000UERNJ93,etf
IE000UESO8H8,etf
IE000UFAX9L6,etf
IE000UGM8X46,etf
IE000UIPBPY3,etf
IE000UJC4MR1,etf
IE000UJSC3C9,etf
IE000UK8D8Q4,etf
IE000UKN7GP4,etf
IE000UL6CLP7,etf
IE000UL7AOT5,etf
IE000UM3HMI5,etf
IE000UMV0L21,etf
IE000UN8JEG0,etf
IE000UOXRAM8,etf
IE000UP2BIZ9,etf
IE000UPAYVL7,etf
IE000UQLOH05,etf
IE000UQND7H4,etf
IE000US24HF4,etf
IE000USQ2N65,etf
IE000UU299V4,etf
IE000UU89RZ0,etf
IE000UWJUW87,etf
IE000UX5WPU4,etf
IE000UXDT343,etf
IE000UXH6733,etf
IE000UY6XF65,etf
IE000UYVEVN3,etf
IE000UZCJS58,etf
IE000UZIKD07,etf
IE000UZO4IC7,etf
IE000UZQCBX5,etf
IE000UZTA1X0,etf
IE000UZZ5D45,etf
IE000UZZ5SU2,etf
IE000V04SL39,etf
IE000V0GDVU7,etf
IE000V0Q8BV4,etf
IE000V3AQGW3,etf
IE000V4JSM06,etf
IE000V5JWFM0,etf
IE000V6KDJC9,etf
IE000V73IL86,etf
IE000V93BNU0,etf
IE000VA628D5,etf
IE000VAHT5T0,etf
IE000VAOK4J4,etf
IE000VAZZYM3,etf
IE000VCBWFL8,etf
IE000VCTBRW6,etf
IE000VCYXLY9,etf
IE000VDH1PG3,etf
IE000VDI16Q5,etf
IE000VDP6OY8,etf
IE000VG2WCW5,etf
IE000VH3JSL8,etf
IE000VHC9HY7,etf
IE000VJEVNM1,etf
IE000VKFA2D2,etf
IE000VKU6XC9,etf
IE000VLWPWJ8,etf
IE000VMAR5O6,etf
IE000VMDRT50,etf
IE000VML2GZ3,etf
IE000VN1UIQ1,etf
IE000VNGJFV0,etf
IE000VQZQ963,etf
IE000VSFIC94,etf
IE000VU9AUN9,etf
IE000VVBM1F6,etf
IE000VVC8KW9,etf
IE000VVQWC23,etf
IE000VXC51U5,etf
IE000VYC5HU2,etf
IE000VYO9NT0,etf
IE000VZ7IV68,etf
IE000VZ8BBU9,etf
IE000VZO6W35,etf
IE000W080FK3,etf
IE000W1AURU9,etf
IE000W1S2PT6,etf
IE000W1W8IY2,etf
IE000W24OG76,etf
IE000W336086,etf
IE000W4A2Q38,etf
IE000W566ZX2,etf
IE000W6L2AI3,etf
IE000W6YTDH7,etf
IE000W6ZFH20,etf
IE000W7N50J7,etf
IE000W85O7M4,etf
IE000W8HP9L8,etf
IE000W8RYVC0,etf
IE000W8WMSL2,etf
IE000W95TAE6,etf
IE000WA6L436,etf
IE000WAKWCV7,etf
IE000WCPJOV4,etf
IE000WDG5795,etf
IE000WFBC0W4,etf
IE000WFOTC78,etf
IE000WFXD0F2,etf
IE000WGF1X01,etf
IE000WGK3YY5,etf
IE000WHL2ZK1,etf
IE000WHO5BF2,etf
IE000WIQIPT2,etf
IE000WJ7OF21,etf
IE000WJCYGB4,etf
IE000WJJTA81,etf
IE000WJWZK35,etf
IE000WLR06P0,etf
IE000WMIYI33,etf
IE000WMJVNE9,etf
IE000WMRNBB0,etf
IE000WN3JW15,etf
IE000WNEYKM1,etf
IE000WOBV8X1,etf
IE000WP7CVZ7,etf
IE000WPH0239,etf
IE000WQ16XQ4,etf
IE000WQ5O293,etf
IE000WQJ37B1,etf
IE000WRQ9RR1,etf
IE000WUTBLT5,etf
IE000WV38GP5,etf
IE000WX2HZQ7,etf
IE000WX7BVB0,etf
IE000WXLHR76,etf
IE000WY37YU4,etf
IE000WYNFVU8,etf
IE000WYTQSF9,etf
IE000WZJ38F1,etf
IE000WZU35H0,etf
IE000X1GW0A7,etf
IE000X3D1YS5,etf
IE000X3MDCC5,etf
IE000X4A4GV2,etf
IE000X4K3704,etf
IE000X59ZHE2,etf
IE000X5OD4M3,etf
IE000X63FXN4,etf
IE000X7DRW38,etf
IE000X8M8M80,etf
IE000X9FTI22,etf
IE000X9TLGN8,etf
IE000XAGSCY5,etf
IE000XC6EVL9,etf
IE000XD7KCJ7,etf
IE000XE5BZ07,etf
IE000XE6ELZ8,etf
IE000XERHYF0,etf
IE000XFCOS45,etf
IE000XFORJ80,etf
IE000XFP47S2,etf
IE000XFUFRR4,etf
IE000XFXBGR0,etf
IE000XG0ZRI7,etf
IE000XGNMWE1,etf
IE000XGYMCA8,etf
IE000XHZP7D3,etf
IE000XIBT2R7,etf
IE000XIITCN5,etf
IE000XJA2OU4,etf
IE000XKK4AV2,etf
IE000XL4IXU1,etf
IE000XLJ2JQ9,etf
IE000XN05VU8,etf
IE000XNILW20,etf
IE000XOQ9TK4,etf
IE000XOS4OJ6,etf
IE000XPG7Q27,etf
IE000XRBP9E3,etf
IE000XSFZL82,etf
IE000XU8HDM2,etf
IE000XYBMEH0,etf
IE000XZSV718,etf
IE000Y0DQX41,etf
IE000Y1595P8,etf
IE000Y187J49,etf
IE000Y247W99,etf
IE000Y2AQPY9,etf
IE000Y2B34V0,etf
IE000Y2BJVK9,etf
IE000Y2JPPS4,etf
IE000Y2ZYZ66,etf
IE000Y36NRJ2,etf
IE000Y3FZEN4,etf
IE000Y4K4833,etf
IE000Y6L6LE6,etf
IE000Y6ZXZ48,etf
IE000Y77LGG9,etf
IE000Y7V5EW2,etf
IE000Y83YZ44,etf
IE000Y9MG996,etf
IE000Y9XFN19,etf
IE000YARBD10,etf
IE000YASIPS3,etf
IE000YBGJ9I4,etf
IE000YC7FPB6,etf
IE000YCD1TY0,etf
IE000YD0IAD2,etf
IE000YDDOAC3,etf
IE000YDOORK7,etf
IE000YDZG487,etf
IE000YELA4E3,etf
IE000YFGN231,etf
IE000YFPL0I4,etf
IE000YG82CF0,etf
IE000YGEAK03,etf
IE000YHV2XO4,etf
IE000YICM5P9,etf
IE000YIQZ0H6,etf
IE000YIXESS9,etf
IE000YJBT6I5,etf
IE000YK1TO74,etf
IE000YKHGYN2,etf
IE000YMBL844,etf
IE000YMQ2SC9,etf
IE000YNE6S57,etf
IE000YNVI4W4,etf
IE000YPFB7Q4,etf
IE000YPOHA39,etf
IE000YPT5PG3,etf
IE000YR7N5U8,etf
IE000YRDFNY8,etf
IE000YS5XL05,etf
IE000YSJPNV8,etf
IE000YSUEJ32,etf
IE000YU9K6K2,etf
IE000YUTMIU2,etf
IE000YUU9UG5,etf
IE000YVOQ2A3,etf
IE000YXUZAN8,etf
IE000YYE6WK5,etf
IE000YYVSM16,etf
IE000YZIVX22,etf
IE000YZLMXT9,etf
IE000YZVB4R7,etf
IE000Z0FC0G5,etf
IE000Z1PCR88,etf
IE000Z3S26J2,etf
IE000Z4OBQK4,etf
IE000Z4OYPZ6,etf
IE000Z5YU8X3,etf
IE000Z6C4D62,etf
IE000Z7ELYY2,etf
IE000Z7P04F4,etf
IE000Z87ZVJ8,etf
IE000Z8F16G5,etf
IE000Z8J5HD7,etf
IE000Z8J6487,etf
IE000Z9SJA06,etf
IE000Z9UVQ99,etf
IE000ZAJ6XQ2,etf
IE000ZBGZQM8,etf
IE000ZC4C5Q1,etf
IE000ZDDJWZ5,etf
IE000ZDPZL69,etf
IE000ZEOCR03,etf
IE000ZGT8JM8,etf
IE000ZH72RF4,etf
IE000ZHBBSR2,etf
IE000ZI3FFP9,etf
IE000ZIJ5B20,etf
IE000ZME9TM4,etf
IE000ZMFFPP4,etf
IE000ZO4CUT7,etf
IE000ZOI8OK5,etf
IE000ZOKLHY7,etf
IE000ZPUEP93,etf
IE000ZQF1PE1,etf
IE000ZQOIPB1,etf
IE000ZT56NY2,etf
IE000ZUAJ6B7,etf
IE000ZURGSV2,etf
IE000ZUTO1I5,etf
IE000ZWSN3F7,etf
IE000ZX8CQG2,etf
IE000ZXYID24,etf
IE000ZYE17Z0,etf
IE000ZZJ48Q0,etf
IE0031442068,etf
IE0032077012,etf
IE0032523478,etf
IE0032895942,etf
IE00B00FV011,etf
IE00B00FV128,etf
IE00B02KXH56,etf
IE00B02KXK85,etf
IE00B02KXL92,etf
IE00B02KXM00,etf
IE00B0M62Q58,etf
IE00B0M62S72,etf
IE00B0M62V02,etf
IE00B0M62X26,etf
IE00B0M62Y33,etf
IE00B0M63060,etf
IE00B0M63177,etf
IE00B0M63284,etf
IE00B0M63391,etf
IE00B0M63516,etf
IE00B0M63623,etf
IE00B0M63730,etf
IE00B14X4M10,etf
IE00B14X4N27,etf
IE00B14X4Q57,etf
IE00B14X4S71,etf
IE00B14X4T88,etf
IE00B1FZS244,etf
IE00B1FZS350,etf
IE00B1FZS467,etf
IE00B1FZS574,etf
IE00B1FZS681,etf
IE00B1FZS798,etf
IE00B1FZS806,etf
IE00B1FZS913,etf
IE00B1FZSB30,etf
IE00B1FZSC47,etf
IE00B1FZSD53,etf
IE00B1FZSF77,etf
IE00B1TXHL60,etf
IE00B1TXK627,etf
IE00B1TXLS18,etf
IE00B1W57M07,etf
IE00B1XNH568,etf
IE00B1XNHC34,etf
IE00B1YZSC51,etf
IE00B23D8S39,etf
IE00B23D8X81,etf
IE00B23D9570,etf
IE00B23LNQ02,etf
IE00B27YCF74,etf
IE00B27YCK28,etf
IE00B27YCN58,etf
IE00B27YCP72,etf
IE00B296QM64,etf
IE00B2NPKV68,etf
IE00B2QWCY14,etf
IE00B2QWDR12,etf
IE00B2QWDY88,etf
IE00B3B8PX14,etf
IE00B3B8Q275,etf
IE00B3BPCH51,etf
IE00B3CNHG25,etf
IE00B3CNHJ55,etf
IE00B3DKXQ41,etf
IE00B3DWVS88,etf
IE00B3F81409,etf
IE00B3F81G20,etf
IE00B3F81K65,etf
IE00B3F81R35,etf
IE00B3FH7618,etf
IE00B3Q19T94,etf
IE00B3RBWM25,etf
IE00B3S1J086,etf
IE00B3S5XW04,etf
IE00B3SC9K16,etf
IE00B3T9LM79,etf
IE00B3VPKB53,etf
IE00B3VSSL01,etf
IE00B3VTMJ91,etf
IE00B3VTML14,etf
IE00B3VTN290,etf
IE00B3VVMM84,etf
IE00B3VWLG82,etf
IE00B3VWM098,etf
IE00B3VWMM18,etf
IE00B3VWN179,etf
IE00B3VWN393,etf
IE00B3VWN518,etf
IE00B3W74078,etf
IE00B3WJKG14,etf
IE00B3WMTH43,etf
IE00B3XM3R14,etf
IE00B3XXRP09,etf
IE00B3Y8D011,etf
IE00B3Y8X563,etf
IE00B3YC1100,etf
IE00B3YCGJ38,etf
IE00B3YLTY66,etf
IE00B3Z0X395,etf
IE00B3Z3FS74,etf
IE00B3ZW0K18,etf
IE00B40B8R38,etf
IE00B40QP990,etf
IE00B41RYL63,etf
IE00B428Z604,etf
IE00B42NKQ00,etf
IE00B42Q4896,etf
IE00B42TW061,etf
IE00B42WWV65,etf
IE00B42YS929,etf
IE00B42Z5J44,etf
IE00B435BG20,etf
IE00B435CG94,etf
IE00B43HR379,etf
IE00B43QJJ40,etf
IE00B43VDT70,etf
IE00B441G979,etf
IE00B449XP68,etf
IE00B44CGS96,etf
IE00B44CND37,etf
IE00B44T3H88,etf
IE00B44Z5B48,etf
IE00B4556L06,etf
IE00B459R192,etf
IE00B4613386,etf
IE00B466KX20,etf
IE00B4694Z11,etf
IE00B469F816,etf
IE00B46G8275,etf
IE00B48X4842,etf
IE00B4JNQZ49,etf
IE00B4JY5R22,etf
IE00B4K48X80,etf
IE00B4K6B022,etf
IE00B4KBBD01,etf
IE00B4L5Y983,etf
IE00B4L5YC18,etf
IE00B4L5YX21,etf
IE00B4L5ZG21,etf
IE00B4L5ZY03,etf
IE00B4L60045,etf
IE00B4L60H17,etf
IE00B4LHWP62,etf
IE00B4LJS984,etf
IE00B4LN9N13,etf
IE00B4M7GH52,etf
IE00B4MCHD36,etf
IE00B4MKCJ84,etf
IE00B4NCWG09,etf
IE00B4ND3602,etf
IE00B4P11460,etf
IE00B4PY7Y77,etf
IE00B4QNHH68,etf
IE00B4QNHZ41,etf
IE00B4QNJJ23,etf
IE00B4QNK008,etf
IE00B4WPHX27,etf
IE00B4WXJD03,etf
IE00B4WXJG34,etf
IE00B4WXJH41,etf
IE00B4WXJJ64,etf
IE00B4WXJK79,etf
IE00B4X9L533,etf
IE00B4YBJ215,etf
IE00B50XJX92,etf
IE00B51B7Z02,etf
IE00B52MJD48,etf
IE00B52MJY50,etf
IE00B52SF786,etf
IE00B52SFT06,etf
IE00B52VJ196,etf
IE00B52XQP83,etf
IE00B5377D42,etf
IE00B539F030,etf
IE00B53H0131,etf
IE00B53HP851,etf
IE00B53L3W79,etf
IE00B53L4350,etf
IE00B53L4X51,etf
IE00B53QDK08,etf
IE00B53QG562,etf
IE00B53SZB19,etf
IE00B579F325,etf
IE00B57X3V84,etf
IE00B58FQX63,etf
IE00B58HMN42,etf
IE00B58ZM503,etf
IE00B598DX38,etf
IE00B5993T22,etf
IE00B5B3W843,etf
IE00B5B5TG76,etf
IE00B5BD5K76,etf
IE00B5BMR087,etf
IE00B5KQNG97,etf
IE00B5L01S80,etf
IE00B5L65R35,etf
IE00B5L8K969,etf
IE00B5M1WJ87,etf
IE00B5M4WH52,etf
IE00B5MJYB88,etf
IE00B5MJYC95,etf
IE00B5MJYX09,etf
IE00B5MJYY16,etf
IE00B5MTWD60,etf
IE00B5MTWH09,etf
IE00B5MTWY73,etf
IE00B5MTWZ80,etf
IE00B5MTXJ97,etf
IE00B5MTXK03,etf
IE00B5MTY077,etf
IE00B5MTY309,etf
IE00B5MTYK77,etf
IE00B5MTYL84,etf
IE00B5MTZ488,etf
IE00B5MTZ595,etf
IE00B5MTZM66,etf
IE00B5NLX835,etf
IE00B5SG8Z57,etf
IE00B5SSQT16,etf
IE00B5V94313,etf
IE00B5VX7566,etf
IE00B5W4TY14,etf
IE00B5WFQ436,etf
IE00B5WHFQ43,etf
IE00B5ZR2157,etf
IE00B60SWT88,etf
IE00B60SWV01,etf
IE00B60SWW18,etf
IE00B60SWX25,etf
IE00B60SWY32,etf
IE00B60SX170,etf
IE00B60SX287,etf
IE00B60SX394,etf
IE00B60SX402,etf
IE00B622SG73,etf
IE00B64PTF05,etf
IE00B652H904,etf
IE00B66F4759,etf
IE00B67B7N93,etf
IE00B6QGFW01,etf
IE00B6R51Z18,etf
IE00B6R52036,etf
IE00B6R52143,etf
IE00B6R52259,etf
IE00B6S2Z822,etf
IE00B6SPMN59,etf
IE00B6TLBW47,etf
IE00B6X2VY59,etf
IE00B6X4BP29,etf
IE00B6YX5B26,etf
IE00B6YX5C33,etf
IE00B6YX5D40,etf
IE00B6YX5F63,etf
IE00B6YX5H87,etf
IE00B6YX5K17,etf
IE00B6YX5L24,etf
IE00B6YX5M31,etf
IE00B7452L46,etf
IE00B74DQ490,etf
IE00B77D4428,etf
IE00B78JSG98,etf
IE00B7J7TB45,etf
IE00B7K93397,etf
IE00B7KMNP07,etf
IE00B7KQ7B66,etf
IE00B7LGZ558,etf
IE00B7LW6Y90,etf
IE00B7N3YW49,etf
IE00B7VB3908,etf
IE00B7WK2W23,etf
IE00B7XYN974,etf
IE00B7Y34M31,etf
IE00B802KR88,etf
IE00B810Q511,etf
IE00B86MWN23,etf
IE00B87G8S03,etf
IE00B87RLX93,etf
IE00B88DZ566,etf
IE00B8BVCK12,etf
IE00B8CJW150,etf
IE00B8FHGS14,etf
IE00B8GF1M35,etf
IE00B8GKDB10,etf
IE00B8HGT870,etf
IE00B8J37J31,etf
IE00B8JVMZ80,etf
IE00B8K7KM88,etf
IE00B8KGV557,etf
IE00B8KMSQ34,etf
IE00B8KQFS66,etf
IE00B8NB3063,etf
IE00B8X9NW27,etf
IE00B8X9NX34,etf
IE00B8X9NY41,etf
IE00B8X9NZ57,etf
IE00B910VR50,etf
IE00B945VV12,etf
IE00B94QKC83,etf
IE00B94QKF15,etf
IE00B94QKG22,etf
IE00B94QKJ52,etf
IE00B94QLN63,etf
IE00B94QLR02,etf
IE00B94ZB998,etf
IE00B95PGT31,etf
IE00B979GK47,etf
IE00B988C465,etf
IE00B99FL386,etf
IE00B9CQXS71,etf
IE00B9F5YL18,etf
IE00B9KNR336,etf
IE00B9M04V95,etf
IE00B9M6RS56,etf
IE00B9M6SJ31,etf
IE00B9MRHC27,etf
IE00B9MRJJ36,etf
IE00BBGBF313,etf
IE00BBQ2W338,etf
IE00BC7GZJ81,etf
IE00BC7GZW19,etf
IE00BC7GZX26,etf
IE00BCBJF711,etf
IE00BCBJG560,etf
IE00BCHWNQ94,etf
IE00BCHWNS19,etf
IE00BCHWNT26,etf
IE00BCHWNV48,etf
IE00BCHWNW54,etf
IE00BCLWRB83,etf
IE00BCLWRD08,etf
IE00BCLWRF22,etf
IE00BCLWRG39,etf
IE00BCRY5Y77,etf
IE00BCRY6003,etf
IE00BCRY6227,etf
IE00BCRY6441,etf
IE00BCRY6557,etf
IE00BD08DL65,etf
IE00BD09ZV33,etf
IE00BD09ZW40,etf
IE00BD0B9B76,etf
IE00BD0Q9673,etf
IE00BD1F4K20,etf
IE00BD1F4L37,etf
IE00BD1F4M44,etf
IE00BD1F4N50,etf
IE00BD1JRY91,etf
IE00BD1JRZ09,etf
IE00BD26N851,etf
IE00BD34DB16,etf
IE00BD34DK07,etf
IE00BD34DL14,etf
IE00BD3RYZ16,etf
IE00BD3V0B10,etf
IE00BD45KH83,etf
IE00BD45YS76,etf
IE00BD495N16,etf
IE00BD4DX952,etf
IE00BD4DXB77,etf
IE00BD4TXS21,etf
IE00BD4TXV59,etf
IE00BD4TXW66,etf
IE00BD4TY345,etf
IE00BD4TY451,etf
IE00BD4TYF66,etf
IE00BD4TYG73,etf
IE00BD4TYL27,etf
IE00BD5FCF91,etf
IE00BD5HBQ97,etf
IE00BD5HBR05,etf
IE00BD5HBS12,etf
IE00BD6FTQ80,etf
IE00BD6GCF16,etf
IE00BD6RZT93,etf
IE00BD6RZW23,etf
IE00BD6RZZ53,etf
IE00BD842Y21,etf
IE00BD8D5G25,etf
IE00BD8D5H32,etf
IE00BD8KRH84,etf
IE00BD8PGZ49,etf
IE00BD8PH067,etf
IE00BD8PH174,etf
IE00BD93YH54,etf
IE00BD9MMC32,etf
IE00BD9MMD49,etf
IE00BD9MMF62,etf
IE00BD9MMG79,etf
IE00BD9N0445,etf
IE00BDB7J586,etf
IE00BDBRDM35,etf
IE00BDBRT036,etf
IE00BDD48R20,etf
IE00BDD48S37,etf
IE00BDDRDW15,etf
IE00BDDRDY39,etf
IE00BDDRDZ46,etf
IE00BDDRF478,etf
IE00BDDRF700,etf
IE00BDDRH417,etf
IE00BDDRH631,etf
IE00BDDRH961,etf
IE00BDDRHB81,etf
IE00BDF12W49,etf
IE00BDF16007,etf
IE00BDF16114,etf
IE00BDFBTQ78,etf
IE00BDFC6G93,etf
IE00BDFC6Q91,etf
IE00BDFGJ627,etf
IE00BDFGJ734,etf
IE00BDFGJ841,etf
IE00BDFJYL11,etf
IE00BDFJYM28,etf
IE00BDFJYN35,etf
IE00BDFJYP58,etf
IE00BDFK1573,etf
IE00BDFK1680,etf
IE00BDFK1N50,etf
IE00BDFK3736,etf
IE00BDFK3G24,etf
IE00BDFK3H31,etf
IE00BDFL4P12,etf
IE00BDGN9Z19,etf
IE00BDGV0308,etf
IE00BDGV0415,etf
IE00BDGV0746,etf
IE00BDGV0C91,etf
IE00BDQYWQ65,etf
IE00BDQZ5152,etf
IE00BDQZMX67,etf
IE00BDQZN113,etf
IE00BDQZN337,etf
IE00BDQZN550,etf
IE00BDQZN667,etf
IE00BDQZN774,etf
IE00BDR55364,etf
IE00BDR55471,etf
IE00BDR55703,etf
IE00BDR55927,etf
IE00BDR55B48,etf
IE00BDR55D61,etf
IE00BDR55F85,etf
IE00BDR5GT91,etf
IE00BDR5GV14,etf
IE00BDR5H073,etf
IE00BDR5H297,etf
IE00BDR5H412,etf
IE00BDR5HM97,etf
IE00BDR5HN05,etf
IE00BDS67326,etf
IE00BDT6FP91,etf
IE00BDT6FR16,etf
IE00BDT6FS23,etf
IE00BDT6FT30,etf
IE00BDT8V027,etf
IE00BDVJF675,etf
IE00BDVPNG13,etf
IE00BDVPNS35,etf
IE00BDVPNV63,etf
IE00BDVPTJ63,etf
IE00BDZCKK11,etf
IE00BDZVH859,etf
IE00BDZVH966,etf
IE00BDZVHB89,etf
IE00BDZVHC96,etf
IE00BDZVHD04,etf
IE00BDZVHG35,etf
IE00BDZZTM54,etf
IE00BF01VY89,etf
IE00BF03XH11,etf
IE00BF03XP94,etf
IE00BF03XR19,etf
IE00BF0BCP69,etf
IE00BF0H7608,etf
IE00BF0M2Z96,etf
IE00BF0M6N54,etf
IE00BF0V4615,etf
IE00BF11F458,etf
IE00BF11F565,etf
IE00BF16M727,etf
IE00BF1B7272,etf
IE00BF1B7389,etf
IE00BF1QPH33,etf
IE00BF1QPJ56,etf
IE00BF1QPK61,etf
IE00BF1QPL78,etf
IE00BF20LF40,etf
IE00BF2B0K52,etf
IE00BF2B0L69,etf
IE00BF2B0M76,etf
IE00BF2B0P08,etf
IE00BF2FL590,etf
IE00BF2FN646,etf
IE00BF2FN752,etf
IE00BF2FN869,etf
IE00BF2FNB90,etf
IE00BF2FNG46,etf
IE00BF2FNH52,etf
IE00BF2FNJ76,etf
IE00BF2FNL98,etf
IE00BF2FNQ44,etf
IE00BF2FNR50,etf
IE00BF2FPB31,etf
IE00BF2GC043,etf
IE00BF2GFH28,etf
IE00BF2GFJ42,etf
IE00BF2GFK56,etf
IE00BF2GFM70,etf
IE00BF2QSQ20,etf
IE00BF3N6Y61,etf
IE00BF3N6Z78,etf
IE00BF3N7094,etf
IE00BF3N7102,etf
IE00BF3N7219,etf
IE00BF3NC260,etf
IE00BF450720,etf
IE00BF4G6Y48,etf
IE00BF4G6Z54,etf
IE00BF4G7076,etf
IE00BF4G7183,etf
IE00BF4J0300,etf
IE00BF4NQ904,etf
IE00BF4RFH31,etf
IE00BF4TW453,etf
IE00BF4TW560,etf
IE00BF4TW784,etf
IE00BF4TWC33,etf
IE00BF4TWF63,etf
IE00BF51K025,etf
IE00BF51K132,etf
IE00BF51K249,etf
IE00BF540Y54,etf
IE00BF540Z61,etf
IE00BF541080,etf
IE00BF553838,etf
IE00BF59RV63,etf
IE00BF59RW70,etf
IE00BF59RX87,etf
IE00BF5DXP42,etf
IE00BF5GB717,etf
IE00BF7TPM11,etf
IE00BF8HV600,etf
IE00BF8HV717,etf
IE00BF8J5974,etf
IE00BF92J153,etf
IE00BF92LR56,etf
IE00BF92LV92,etf
IE00BFD26097,etf
IE00BFD2H405,etf
IE00BFF5RX68,etf
IE00BFF5RZ82,etf
IE00BFM15T99,etf
IE00BFM6T814,etf
IE00BFM6T921,etf
IE00BFM6TB42,etf
IE00BFM6TC58,etf
IE00BFM6TD65,etf
IE00BFMKQ930,etf
IE00BFMKQC67,etf
IE00BFMM8Y81,etf
IE00BFMM9235,etf
IE00BFMNHK08,etf
IE00BFMNPS42,etf
IE00BFMXVQ44,etf
IE00BFMXXD54,etf
IE00BFMXYP42,etf
IE00BFMXYX26,etf
IE00BFMXYY33,etf
IE00BFMXZJ56,etf
IE00BFNM3B99,etf
IE00BFNM3C07,etf
IE00BFNM3D14,etf
IE00BFNM3F38,etf
IE00BFNM3G45,etf
IE00BFNM3H51,etf
IE00BFNM3J75,etf
IE00BFNM3K80,etf
IE00BFNM3L97,etf
IE00BFNM3M05,etf
IE00BFNM3N12,etf
IE00BFNM3P36,etf
IE00BFNNN012,etf
IE00BFNNN236,etf
IE00BFNNN343,etf
IE00BFNNN459,etf
IE00BFTWP510,etf
IE00BFWFPX50,etf
IE00BFWFPY67,etf
IE00BFWMQ331,etf
IE00BFWXDV39,etf
IE00BFWXDX52,etf
IE00BFWXDY69,etf
IE00BFXR5Q31,etf
IE00BFXR5R48,etf
IE00BFXR5S54,etf
IE00BFXR5T61,etf
IE00BFXR5V83,etf
IE00BFXR5W90,etf
IE00BFXR6159,etf
IE00BFXR7892,etf
IE00BFXR7900,etf
IE00BFXX9Y76,etf
IE00BFXYHY63,etf
IE00BFY0GT14,etf
IE00BFY0GV36,etf
IE00BFYN8Y92,etf
IE00BFYTYS33,etf
IE00BFZPF322,etf
IE00BFZPF439,etf
IE00BFZPF546,etf
IE00BFZXGZ54,etf
IE00BG04LT92,etf
IE00BG04LV15,etf
IE00BG04LY46,etf
IE00BG04LZ52,etf
IE00BG04M077,etf
IE00BG0J4841,etf
IE00BG0J4957,etf
IE00BG0J4B71,etf
IE00BG0J4C88,etf
IE00BG0J9Y53,etf
IE00BG0NY640,etf
IE00BG0SKF03,etf
IE00BG0SSC32,etf
IE00BG0TQ445,etf
IE00BG0TQB18,etf
IE00BG0TQC25,etf
IE00BG0TQD32,etf
IE00BG11HV38,etf
IE00BG13YG34,etf
IE00BG13YH41,etf
IE00BG13YJ64,etf
IE00BG13YK79,etf
IE00BG13YL86,etf
IE00BG13YZ23,etf
IE00BG143G97,etf
IE00BG21M733,etf
IE00BG36TC12,etf
IE00BG370F43,etf
IE00BG47J908,etf
IE00BG47K971,etf
IE00BG47KB92,etf
IE00BG47KF31,etf
IE00BG47KG48,etf
IE00BG47KH54,etf
IE00BG47KJ78,etf
IE00BG482169,etf
IE00BG5QQ390,etf
IE00BG7PP820,etf
IE00BG88WG77,etf
IE00BG88WH84,etf
IE00BG88WL21,etf
IE00BG8BCY43,etf
IE00BGBN6P67,etf
IE00BGCSB447,etf
IE00BGDPWV87,etf
IE00BGDPWW94,etf
IE00BGDQ0L74,etf
IE00BGDQ0T50,etf
IE00BGDQ0V72,etf
IE00BGHQ0G80,etf
IE00BGJWWT11,etf
IE00BGJWWV33,etf
IE00BGJWWW40,etf
IE00BGJWWX56,etf
IE00BGJWWY63,etf
IE00BGJWX091,etf
IE00BGL86Z12,etf
IE00BGPP6473,etf
IE00BGPP6580,etf
IE00BGPP6697,etf
IE00BGPP8L80,etf
IE00BGQ0J979,etf
IE00BGQYRQ28,etf
IE00BGQYRR35,etf
IE00BGQYRS42,etf
IE00BGR7L912,etf
IE00BGSF1X88,etf
IE00BGV5VM45,etf
IE00BGV5VN51,etf
IE00BGV5VR99,etf
IE00BGYWCB81,etf
IE00BGYWFK87,etf
IE00BGYWFL94,etf
IE00BGYWFN19,etf
IE00BGYWFS63,etf
IE00BGYWSV06,etf
IE00BGYWSW13,etf
IE00BGYWSZ44,etf
IE00BGYWT403,etf
IE00BGYWT510,etf
IE00BH04FZ00,etf
IE00BH04GL39,etf
IE00BH04GM46,etf
IE00BH04GW44,etf
IE00BH361H73,etf
IE00BH3X8336,etf
IE00BH3YZ803,etf
IE00BH4G7D40,etf
IE00BH4GPZ28,etf
IE00BH4GR342,etf
IE00BHJYDT11,etf
IE00BHJYDV33,etf
IE00BHXMHK04,etf
IE00BHXMHL11,etf
IE00BHXMHN35,etf
IE00BHXMHQ65,etf
IE00BHXMHR72,etf
IE00BHZPHZ28,etf
IE00BHZPJ015,etf
IE00BHZPJ122,etf
IE00BHZPJ239,etf
IE00BHZPJ346,etf
IE00BHZPJ452,etf
IE00BHZPJ569,etf
IE00BHZPJ676,etf
IE00BHZPJ783,etf
IE00BHZPJ890,etf
IE00BHZPJ908,etf
IE00BHZRQY00,etf
IE00BHZRQZ17,etf
IE00BHZRR030,etf
IE00BHZRR147,etf
IE00BHZRR253,etf
IE00BJ06C044,etf
IE00BJ06C481,etf
IE00BJ06C937,etf
IE00BJ0KDQ92,etf
IE00BJ0KDR00,etf
IE00BJ38QD84,etf
IE00BJ5CNR11,etf
IE00BJ5JMP33,etf
IE00BJ5JNY98,etf
IE00BJ5JNZ06,etf
IE00BJ5JP097,etf
IE00BJ5JP105,etf
IE00BJ5JP212,etf
IE00BJ5JP329,etf
IE00BJ5JP436,etf
IE00BJ5JP659,etf
IE00BJ5JP766,etf
IE00BJ5JPG56,etf
IE00BJ5JPH63,etf
IE00BJ5JPJ87,etf
IE00BJFN5P63,etf
IE00BJGWQN72,etf
IE00BJJPVP04,etf
IE00BJJYYX67,etf
IE00BJK3WF00,etf
IE00BJK55B31,etf
IE00BJK55C48,etf
IE00BJK9H753,etf
IE00BJK9H860,etf
IE00BJK9HD13,etf
IE00BJK9HH50,etf
IE00BJL36X53,etf
IE00BJLKK341,etf
IE00BJLTWS02,etf
IE00BJP26C72,etf
IE00BJP26D89,etf
IE00BJP26F04,etf
IE00BJQRDK83,etf
IE00BJQRDL90,etf
IE00BJQRDM08,etf
IE00BJQRDN15,etf
IE00BJQRDP39,etf
IE00BJQTJ848,etf
IE00BJRCLL96,etf
IE00BJSBC011,etf
IE00BJSBCS90,etf
IE00BJSFQW37,etf
IE00BJSFQX44,etf
IE00BJSFR200,etf
IE00BJXFZ989,etf
IE00BJXRT698,etf
IE00BJXRT706,etf
IE00BJXRT813,etf
IE00BJXRZJ40,etf
IE00BJXT3B87,etf
IE00BJXT3C94,etf
IE00BJXT3G33,etf
IE00BJXT3H40,etf
IE00BJXT3L85,etf
IE00BJZ2DC62,etf
IE00BJZ2DD79,etf
IE00BK0TB144,etf
IE00BK1PV445,etf
IE00BK1PV551,etf
IE00BK4W7N32,etf
IE00BK5BC677,etf
IE00BK5BC891,etf
IE00BK5BCD43,etf
IE00BK5BCH80,etf
IE00BK5BQT80,etf
IE00BK5BQV03,etf
IE00BK5BQW10,etf
IE00BK5BQX27,etf
IE00BK5BQY34,etf
IE00BK5BQZ41,etf
IE00BK5BR626,etf
IE00BK5BR733,etf
IE00BK5BZQ82,etf
IE00BK5BZS07,etf
IE00BK5BZT14,etf
IE00BK5BZV36,etf
IE00BK5BZX59,etf
IE00BK5BZY66,etf
IE00BK5C1B80,etf
IE00BK5C1C97,etf
IE00BK5H8015,etf
IE00BK5LYT47,etf
IE00BK5MT033,etf
IE00BK63RN45,etf
IE00BK6M1392,etf
IE00BK6NC407,etf
IE00BK6NC514,etf
IE00BK6Q9938,etf
IE00BK72HH44,etf
IE00BK72HJ67,etf
IE00BK72HM96,etf
IE00BK72HN04,etf
IE00BK72HT65,etf
IE00BK74KV56,etf
IE00BK7XZ629,etf
IE00BK7Y2P34,etf
IE00BK7Y2Q41,etf
IE00BK7Y2R57,etf
IE00BK7Y2S64,etf
IE00BK80XL30,etf
IE00BK8JH525,etf
IE00BK95B138,etf
IE00BK9YKZ79,etf
IE00BKBF4J08,etf
IE00BKBF6616,etf
IE00BKBF6H24,etf
IE00BKBF6K52,etf
IE00BKC94M46,etf
IE00BKDMN692,etf
IE00BKDMN700,etf
IE00BKF09C98,etf
IE00BKFB6K94,etf
IE00BKFB6L02,etf
IE00BKKCKJ46,etf
IE00BKKKWJ26,etf
IE00BKLC5874,etf
IE00BKLF1R75,etf
IE00BKLTRN76,etf
IE00BKLWY790,etf
IE00BKM4GZ66,etf
IE00BKM4H197,etf
IE00BKM4H312,etf
IE00BKP5L409,etf
IE00BKP5L623,etf
IE00BKP5L730,etf
IE00BKPJY434,etf
IE00BKPJY541,etf
IE00BKPSFC54,etf
IE00BKPSFD61,etf
IE00BKPSPT20,etf
IE00BKPT2R27,etf
IE00BKPT2S34,etf
IE00BKPT2T41,etf
IE00BKPTXQ89,etf
IE00BKPX3K41,etf
IE00BKRWN659,etf
IE00BKS2X200,etf
IE00BKS2X317,etf
IE00BKS7L097,etf
IE00BKS8QM96,etf
IE00BKS8QN04,etf
IE00BKS8QQ35,etf
IE00BKS8QT65,etf
IE00BKSBGS44,etf
IE00BKSBGT50,etf
IE00BKSBGV72,etf
IE00BKSCBW67,etf
IE00BKSCBX74,etf
IE00BKT09032,etf
IE00BKT09149,etf
IE00BKT09255,etf
IE00BKT09479,etf
IE00BKT1CR43,etf
IE00BKT1CS59,etf
IE00BKT66K01,etf
IE00BKT66R79,etf
IE00BKT6BH25,etf
IE00BKT6FT27,etf
IE00BKT6FV49,etf
IE00BKT6RT64,etf
IE00BKT6VQ12,etf
IE00BKT6ZG93,etf
IE00BKTLJB70,etf
IE00BKTLJC87,etf
IE00BKTN1T54,etf
IE00BKTW9M13,etf
IE00BKTW9N20,etf
IE00BKTWZ451,etf
IE00BKTWZ782,etf
IE00BKV0QF55,etf
IE00BKVKW020,etf
IE00BKVL7331,etf
IE00BKVL7778,etf
IE00BKVL7D31,etf
IE00BKW9SV11,etf
IE00BKW9SW28,etf
IE00BKW9SX35,etf
IE00BKWD3743,etf
IE00BKWD3859,etf
IE00BKWD3966,etf
IE00BKWD3B81,etf
IE00BKWD3C98,etf
IE00BKWD3D06,etf
IE00BKWD3F20,etf
IE00BKWQ0C77,etf
IE00BKWQ0D84,etf
IE00BKWQ0F09,etf
IE00BKWQ0G16,etf
IE00BKWQ0H23,etf
IE00BKWQ0J47,etf
IE00BKWQ0K51,etf
IE00BKWQ0L68,etf
IE00BKWQ0M75,etf
IE00BKWQ0N82,etf
IE00BKWQ0P07,etf
IE00BKWQ0Q14,etf
IE00BKX55Q28,etf
IE00BKX55R35,etf
IE00BKX55S42,etf
IE00BKX55T58,etf
IE00BKX8G916,etf
IE00BKY40J65,etf
IE00BKY4W127,etf
IE00BKY53D40,etf
IE00BKY55S33,etf
IE00BKY55W78,etf
IE00BKY58625,etf
IE00BKY58G26,etf
IE00BKY59G90,etf
IE00BKY59K37,etf
IE00BKZGB098,etf
IE00BL0BLZ15,etf
IE00BL0BMX65,etf
IE00BL0BMZ89,etf
IE00BL0L0D23,etf
IE00BL0L0H60,etf
IE00BL25JL35,etf
IE00BL25JM42,etf
IE00BL25JN58,etf
IE00BL25JP72,etf
IE00BL2F2474,etf
IE00BL3J3G74,etf
IE00BL3J3H81,etf
IE00BL4KKV31,etf
IE00BL4KKW48,etf
IE00BL58LJ19,etf
IE00BL58LL31,etf
IE00BL643144,etf
IE00BL6K6H97,etf
IE00BL6K8C82,etf
IE00BL6K8D99,etf
IE00BL977C92,etf
IE00BLB2GQ94,etf
IE00BLB2GS19,etf
IE00BLB2GT26,etf
IE00BLCGR455,etf
IE00BLCH1X54,etf
IE00BLCHJ534,etf
IE00BLCHJ641,etf
IE00BLCHJB90,etf
IE00BLCHJC08,etf
IE00BLCHJH52,etf
IE00BLCHJN13,etf
IE00BLCHJT74,etf
IE00BLCHJZ35,etf
IE00BLCHK052,etf
IE00BLDGH447,etf
IE00BLDGH553,etf
IE00BLDGHF56,etf
IE00BLDGHQ61,etf
IE00BLDGHT92,etf
IE00BLDGHX39,etf
IE00BLF5J438,etf
IE00BLF5J545,etf
IE00BLF5J651,etf
IE00BLF7VX27,etf
IE00BLLZQ797,etf
IE00BLLZQ805,etf
IE00BLLZQ912,etf
IE00BLLZQS08,etf
IE00BLM1CB28,etf
IE00BLNMYC90,etf
IE00BLP53M98,etf
IE00BLP53N06,etf
IE00BLPK3577,etf
IE00BLR6Q544,etf
IE00BLR6Q650,etf
IE00BLR6QB00,etf
IE00BLR6QC17,etf
IE00BLRB0028,etf
IE00BLRB0242,etf
IE00BLRPN388,etf
IE00BLRPPV00,etf
IE00BLRPPW17,etf
IE00BLRPQH31,etf
IE00BLRPQK69,etf
IE00BLRPQL76,etf
IE00BLRPQM83,etf
IE00BLRPQN90,etf
IE00BLRPQP15,etf
IE00BLRPRD67,etf
IE00BLRPRF81,etf
IE00BLRPRJ20,etf
IE00BLRPRL42,etf
IE00BLRPRR04,etf
IE00BLS09N40,etf
IE00BLSN7N96,etf
IE00BLSN7P11,etf
IE00BLSN7W87,etf
IE00BLSN7X94,etf
IE00BLSNMW37,etf
IE00BM67HJ62,etf
IE00BM67HK77,etf
IE00BM67HL84,etf
IE00BM67HM91,etf
IE00BM67HN09,etf
IE00BM67HP23,etf
IE00BM67HQ30,etf
IE00BM67HR47,etf
IE00BM67HS53,etf
IE00BM67HT60,etf
IE00BM67HV82,etf
IE00BM67HW99,etf
IE00BM67HX07,etf
IE00BM8QRY62,etf
IE00BM8QRZ79,etf
IE00BM8QS095,etf
IE00BM8R0H36,etf
IE00BM8R0J59,etf
IE00BM8R0N95,etf
IE00BM97MR69,etf
IE00BM97MV06,etf
IE00BM9GRM34,etf
IE00BM9GRN41,etf
IE00BM9GRP64,etf
IE00BM9GRQ71,etf
IE00BM9TSP27,etf
IE00BM9TV208,etf
IE00BMBKBZ46,etf
IE00BMC38736,etf
IE00BMC5DV85,etf
IE00BMC5DW92,etf
IE00BMC7BF44,etf
IE00BMCZLH06,etf
IE00BMCZLJ20,etf
IE00BMD8KM66,etf
IE00BMD8KP97,etf
IE00BMDBMG37,etf
IE00BMDBMK72,etf
IE00BMDBML89,etf
IE00BMDBMM96,etf
IE00BMDBMN04,etf
IE00BMDBMP28,etf
IE00BMDBMT65,etf
IE00BMDBMV87,etf
IE00BMDBMW94,etf
IE00BMDBMY19,etf
IE00BMDFDY08,etf
IE00BMDH1538,etf
IE00BMDKNW35,etf
IE00BMDPBY65,etf
IE00BMDPBZ72,etf
IE00BMDV7354,etf
IE00BMDV7578,etf
IE00BMDWYZ92,etf
IE00BMFJGP26,etf
IE00BMFKG444,etf
IE00BMFNW783,etf
IE00BMG6Z448,etf
IE00BMG8GR03,etf
IE00BMGNVD65,etf
IE00BMH5T269,etf
IE00BMH5T376,etf
IE00BMH5VP31,etf
IE00BMH5XY61,etf
IE00BMH5Y327,etf
IE00BMH5Y871,etf
IE00BMH5YF48,etf
IE00BMH5YL08,etf
IE00BMH5YR69,etf
IE00BMH5YS76,etf
IE00BMP3HG27,etf
IE00BMP3HM86,etf
IE00BMP3HN93,etf
IE00BMQ5Y557,etf
IE00BMTM6B32,etf
IE00BMTM6D55,etf
IE00BMTX1Y45,etf
IE00BMTX2B82,etf
IE00BMV3LS66,etf
IE00BMVB5K07,etf
IE00BMVB5L14,etf
IE00BMVB5M21,etf
IE00BMVB5N38,etf
IE00BMVB5P51,etf
IE00BMVB5Q68,etf
IE00BMVB5R75,etf
IE00BMVB5S82,etf
IE00BMVJSC76,etf
IE00BMVJSD83,etf
IE00BMVJSF08,etf
IE00BMW13836,etf
IE00BMW3QX54,etf
IE00BMW42074,etf
IE00BMW42181,etf
IE00BMW42298,etf
IE00BMW42306,etf
IE00BMW42413,etf
IE00BMW42520,etf
IE00BMW42637,etf
IE00BMWB9294,etf
IE00BMWB9302,etf
IE00BMWB9526,etf
IE00BMWB9633,etf
IE00BMWPV470,etf
IE00BMWPV587,etf
IE00BMWPV694,etf
IE00BMWPV702,etf
IE00BMWXKN31,etf
IE00BMX0B524,etf
IE00BMX0B631,etf
IE00BMX0DF60,etf
IE00BMXC7V63,etf
IE00BMXC7W70,etf
IE00BMY76136,etf
IE00BMYDM794,etf
IE00BMYDM802,etf
IE00BMYDM919,etf
IE00BMYDMB35,etf
IE00BMYDMC42,etf
IE00BMYHQM42,etf
IE00BMYMHS24,etf
IE00BMZ17T93,etf
IE00BMZ17V16,etf
IE00BMZ17W23,etf
IE00BMZ17X30,etf
IE00BMZ17Y47,etf
IE00BN2BCY94,etf
IE00BN4GXL63,etf
IE00BN4PXC48,etf
IE00BN4Q0370,etf
IE00BN4Q0602,etf
IE00BN4Q0933,etf
IE00BN4Q0L55,etf
IE00BN4Q0P93,etf
IE00BN4Q0X77,etf
IE00BN4Q1675,etf
IE00BN4RDY28,etf
IE00BN7J5Z03,etf
IE00BN7JCJ33,etf
IE00BN92ZL31,etf
IE00BN940Z87,etf
IE00BN941009,etf
IE00BNC0M350,etf
IE00BNC0M913,etf
IE00BNC0MD55,etf
IE00BNC0MH93,etf
IE00BNC1F287,etf
IE00BNC1G699,etf
IE00BNC1G707,etf
IE00BNDS1P30,etf
IE00BNDS1Q47,etf
IE00BNDS1R53,etf
IE00BNDS1S60,etf
IE00BNDS1T77,etf
IE00BNDS1V99,etf
IE00BNDS1W07,etf
IE00BNDS1X14,etf
IE00BNG70R26,etf
IE00BNG8L278,etf
IE00BNG8L385,etf
IE00BNGFMX61,etf
IE00BNGFMY78,etf
IE00BNGJJT35,etf
IE00BNH72088,etf
IE00BNKF6C99,etf
IE00BNRQM384,etf
IE00BNTVVR89,etf
IE00BP2C0316,etf
IE00BP2C1S34,etf
IE00BP2C1V62,etf
IE00BP2NF958,etf
IE00BP3QZ601,etf
IE00BP3QZ825,etf
IE00BP3QZB59,etf
IE00BP3QZD73,etf
IE00BP3QZJ36,etf
IE00BP46NG52,etf
IE00BP8FKB21,etf
IE00BP9F2H18,etf
IE00BP9F2J32,etf
IE00BPRCH686,etf
IE00BPVLQD13,etf
IE00BPVLQF37,etf
IE00BQ70R696,etf
IE00BQN1K562,etf
IE00BQN1K786,etf
IE00BQN1K901,etf
IE00BQN1KC32,etf
IE00BQQ3Q067,etf
IE00BQQP9F84,etf
IE00BQQP9G91,etf
IE00BQQP9H09,etf
IE00BQT3WG13,etf
IE00BQWJFQ70,etf
IE00BQXKVQ19,etf
IE00BQZJBM26,etf
IE00BQZJBQ63,etf
IE00BQZJBX31,etf
IE00BQZJC527,etf
IE00BRB36B93,etf
IE00BRHZ0398,etf
IE00BRKWGL70,etf
IE00BS7K8821,etf
IE00BSJCQV56,etf
IE00BSKRJX20,etf
IE00BSKRJZ44,etf
IE00BSKRK281,etf
IE00BSPLC298,etf
IE00BSPLC306,etf
IE00BSPLC413,etf
IE00BSPLC520,etf
IE00BT9PVG14,etf
IE00BTGD1B38,etf
IE00BTJRMP35,etf
IE00BVDPJP67,etf
IE00BVFZGC04,etf
IE00BVFZGD11,etf
IE00BVGC6645,etf
IE00BVGC6751,etf
IE00BVXBH163,etf
IE00BVXC4854,etf
IE00BVZ6SP04,etf
IE00BVZ6SQ11,etf
IE00BWBXM278,etf
IE00BWBXM385,etf
IE00BWBXM492,etf
IE00BWBXM500,etf
IE00BWBXM617,etf
IE00BWBXM724,etf
IE00BWBXM831,etf
IE00BWBXM948,etf
IE00BWBXMB69,etf
IE00BWC52F58,etf
IE00BWC52G65,etf
IE00BWK1SP74,etf
IE00BWT3KJ20,etf
IE00BWT3KL42,etf
IE00BWT3KN65,etf
IE00BWT3KS11,etf
IE00BWTN6Y99,etf
IE00BWTNM743,etf
IE00BWTNM966,etf
IE00BWTNMB87,etf
IE00BWZN1T31,etf
IE00BX7RQY03,etf
IE00BX7RR706,etf
IE00BX7RRJ27,etf
IE00BX7RS555,etf
IE00BX7RS779,etf
IE00BXDZNH00,etf
IE00BXDZNK39,etf
IE00BXDZNQ90,etf
IE00BYM11H29,etf
IE00BYM11J43,etf
IE00BYM11K57,etf
IE00BYM11L64,etf
IE00BYM31M36,etf
IE00BYM8JD58,etf
IE00BYML9W36,etf
IE00BYMLZY74,etf
IE00BYMS5W68,etf
IE00BYNQMK61,etf
IE00BYNXNS22,etf
IE00BYNXPH56,etf
IE00BYPC1H27,etf
IE00BYPHT736,etf
IE00BYPLS672,etf
IE00BYQ00Y50,etf
IE00BYQCZD50,etf
IE00BYQCZF74,etf
IE00BYQCZJ13,etf
IE00BYQCZL35,etf
IE00BYQCZN58,etf
IE00BYQCZP72,etf
IE00BYQCZQ89,etf
IE00BYQCZT11,etf
IE00BYQCZX56,etf
IE00BYSX4176,etf
IE00BYSX4283,etf
IE00BYSX4408,etf
IE00BYSX4739,etf
IE00BYSX4846,etf
IE00BYSZ5R67,etf
IE00BYSZ5T81,etf
IE00BYSZ5V04,etf
IE00BYSZ6062,etf
IE00BYT5CV85,etf
IE00BYT5CW92,etf
IE00BYT5CX00,etf
IE00BYTH5602,etf
IE00BYTH5R14,etf
IE00BYTH5S21,etf
IE00BYTH5T38,etf
IE00BYTH6121,etf
IE00BYTH6238,etf
IE00BYTRR640,etf
IE00BYTRR756,etf
IE00BYTRR863,etf
IE00BYTRR970,etf
IE00BYTRRB94,etf
IE00BYTRRC02,etf
IE00BYTRRD19,etf
IE00BYTRRF33,etf
IE00BYTRRG40,etf
IE00BYTRRH56,etf
IE00BYTYHM11,etf
IE00BYTYHN28,etf
IE00BYV03C98,etf
IE00BYV12Y75,etf
IE00BYV1Y969,etf
IE00BYV1YF22,etf
IE00BYV1YH46,etf
IE00BYV3HN70,etf
IE00BYVDRC61,etf
IE00BYVDRD78,etf
IE00BYVDRF92,etf
IE00BYVHJM24,etf
IE00BYVJRP78,etf
IE00BYVJRR92,etf
IE00BYVQ9F29,etf
IE00BYVQ9G36,etf
IE00BYVTMS52,etf
IE00BYVTMT69,etf
IE00BYVTMW98,etf
IE00BYVTMX06,etf
IE00BYVTMZ20,etf
IE00BYVTN047,etf
IE00BYVZV757,etf
IE00BYWQWR46,etf
IE00BYWZ0333,etf
IE00BYWZ0440,etf
IE00BYX2JD69,etf
IE00BYX5K108,etf
IE00BYX8XC17,etf
IE00BYX8XD24,etf
IE00BYXG2H39,etf
IE00BYXPSP02,etf
IE00BYXPXK00,etf
IE00BYXPXL17,etf
IE00BYXVGX24,etf
IE00BYXVGY31,etf
IE00BYXVGZ48,etf
IE00BYXVWC37,etf
IE00BYXYX521,etf
IE00BYXYX745,etf
IE00BYXYYJ35,etf
IE00BYXYYK40,etf
IE00BYXYYL56,etf
IE00BYXYYM63,etf
IE00BYXYYN70,etf
IE00BYXYYP94,etf
IE00BYXZ2585,etf
IE00BYYHSM20,etf
IE00BYYHSQ67,etf
IE00BYYLVH00,etf
IE00BYYLVJ24,etf
IE00BYYLVK39,etf
IE00BYYR0489,etf
IE00BYYW2S15,etf
IE00BYYW2V44,etf
IE00BYYXBF44,etf
IE00BYZ28V50,etf
IE00BYZ28W67,etf
IE00BYZK4552,etf
IE00BYZK4669,etf
IE00BYZK4776,etf
IE00BYZK4883,etf
IE00BYZLWM19,etf
IE00BYZNF849,etf
IE00BYZTVT56,etf
IE00BYZTVV78,etf
IE00BZ02LR44,etf
IE00BZ036H21,etf
IE00BZ036J45,etf
IE00BZ043R46,etf
IE00BZ048462,etf
IE00BZ048579,etf
IE00BZ0G8860,etf
IE00BZ0G8977,etf
IE00BZ0G8B96,etf
IE00BZ0G8C04,etf
IE00BZ0PKS76,etf
IE00BZ0PKT83,etf
IE00BZ0PKV06,etf
IE00BZ0RTB90,etf
IE00BZ0XVF52,etf
IE00BZ0XVG69,etf
IE00BZ163G84,etf
IE00BZ163H91,etf
IE00BZ163K21,etf
IE00BZ163L38,etf
IE00BZ163M45,etf
IE00BZ171348,etf
IE00BZ173T46,etf
IE00BZ173V67,etf
IE00BZ173W74,etf
IE00BZ17CN18,etf
IE00BZ1BS790,etf
IE00BZ1GHD37,etf
IE00BZ1NCS44,etf
IE00BZ2GTT26,etf
IE00BZ2GV965,etf
IE00BZ4BMM98,etf
IE00BZ56RD98,etf
IE00BZ56RG20,etf
IE00BZ56RN96,etf
IE00BZ56SW52,etf
IE00BZ56SY76,etf
IE00BZ56TQ67,etf
IE00BZ6V7883,etf
IE00BZBW4Z27,etf
IE00BZCQB185,etf
IL0011425381,closedend
IL0011437006,etf
IL0011437188,etf
IL0011437261,etf
IL0011437345,etf
IL0011437675,etf
IL0011437832,etf
IL0011437915,etf
IL0011438178,etf
IL0011438251,etf
IL0011438335,etf
IL0011438418,etf
IL0011438582,etf
IL0011438665,etf
IL0011438822,etf
IL0011439572,etf
IL0011439655,etf
IL0011439812,etf
IL0011439994,etf
IL0011440133,etf
IL0011440547,etf
IL0011441040,etf
IL0011441123,etf
IL0011441610,etf
IL0011442378,etf
IL0011442527,etf
IL0011442600,etf
IL0011442782,etf
IL0011443103,etf
IL0011443368,etf
IL0011443772,etf
IL0011443855,etf
IL0011444010,etf
IL0011444192,etf
IL0011444275,etf
IL0011444507,etf
IL0011444689,etf
IL0011444846,etf
IL0011445181,etf
IL0011445264,etf
IL0011445348,etf
IL0011445421,etf
IL0011445595,etf
IL0011445751,etf
IL0011445918,etf
IL0011446098,etf
IL0011446338,etf
IL0011446585,etf
IL0011446668,etf
IL0011446908,etf
IL0011447088,etf
IL0011447161,etf
IL0011447245,etf
IL0011448078,etf
IL0011448235,etf
IL0011448318,etf
IL0011448490,etf
IL0011449068,etf
IL0011449142,etf
IL0011449480,etf
IL0011449555,etf
IL0011449712,etf
IL0011449977,etf
IL0011450363,etf
IL0011450447,etf
IL0011450850,etf
IL0011450934,etf
IL0011451015,etf
IL0011451270,etf
IL0011451502,etf
IL0011451684,etf
IL0011451767,etf
IL0011451841,etf
IL0011452344,etf
IL0011452427,etf
IL0011452591,etf
IL0011452831,etf
IL0011453094,etf
IL0011453334,etf
IL0011457137,etf
IL0011457392,etf
IL0011457475,etf
IL0011457541,etf
IL0011458044,etf
IL0011458127,etf
IL0011458200,etf
IL0011458382,etf
IL0011458796,etf
IL0011458879,etf
IL0011459034,etf
IL0011459117,etf
IL0011459299,etf
IL0011459455,etf
IL0011459521,etf
IL0011459604,etf
IL0011459943,etf
IL0011460594,etf
IL0011460677,etf
IL0011460917,etf
IL0011461253,etf
IL0011461337,etf
IL0011461410,etf
IL0011461584,etf
IL0011461667,etf
IL0011461741,etf
IL0011461824,etf
IL0011461907,etf
IL0011462087,etf
IL0011462160,etf
IL0011462244,etf
IL0011462327,etf
IL0011462400,etf
IL0011462574,etf
IL0011462657,etf
IL0011462731,etf
IL0011462814,etf
IL0011463077,etf
IL0011463317,etf
IL0011463564,etf
IL0011463648,etf
IL0011463721,etf
IL0011463804,etf
IL0011464067,etf
IL0011464141,etf
IL0011464224,etf
IL0011464307,etf
IL0011464489,etf
IL0011464554,etf
IL0011464711,etf
IL0011464976,etf
IL0011465056,etf
IL0011465130,etf
IL0011465213,etf
IL0011465395,etf
IL0011465478,etf
IL0011465544,etf
IL0011465627,etf
IL0011465700,etf
IL0011465882,etf
IL0011466047,etf
IL0011466120,etf
IL0011466203,etf
IL0011466385,etf
IL0011466468,etf
IL0011466617,etf
IL0011466799,etf
IL0011466872,etf
IL0011466955,etf
IL0011467037,etf
IL0011467292,etf
IL0011467375,etf
IL0011467458,etf
IL0011467862,etf
IL0011467946,etf
IL0011468100,etf
IL0011468282,etf
IL0011468852,etf
IL0011469199,etf
IL0011469272,etf
IL0011469355,etf
IL0011469439,etf
IL0011469504,etf
IL0011469686,etf
IL0011469769,etf
IL0011469843,etf
IL0011469926,etf
IL0011470080,etf
IL0011470163,etf
IL0011470247,etf
IL0011470320,etf
IL0011470403,etf
IL0011470577,etf
IL0011470650,etf
IL0011470734,etf
IL0011470817,etf
IL0011470999,etf
IL0011471070,etf
IL0011471310,etf
IL0011471567,etf
IL0011471724,etf
IL0011471989,etf
IL0011472144,etf
IL0011472300,etf
IL0011472631,etf
IL0011472714,etf
IL0011472979,etf
IL0011473472,etf
IL0011473621,etf
IL0011473969,etf
IL0011475295,etf
IL0011475451,etf
IL0011478752,etf
IL0011480063,etf
IL0011480485,etf
IL0011481624,etf
IL0011482127,etf
IL0011484776,etf
IL0011487746,etf
IL0011488082,etf
IL0011488991,etf
IL0011489072,etf
IL0011489312,etf
IL0011489494,etf
IL0011489569,etf
IL0011489643,etf
IL0011489809,etf
IL0011490203,etf
IL0011490385,etf
IL0011490534,etf
IL0011491037,etf
IL0011491375,etf
IL0011491607,etf
IL0011492282,etf
IL0011492365,etf
IL0011492449,etf
IL0011492514,etf
IL0011492852,etf
IL0011493017,etf
IL0011493355,etf
IL0011497729,etf
IL0011498305,etf
IL0011498487,etf
IL0011498552,etf
IL0011498636,etf
IL0011498719,etf
IL0011498891,etf
IL0011498974,etf
IL0011499055,etf
IL0011499394,etf
IL0011499543,etf
IL0011499626,etf
IL0011499709,etf
IL0011499881,etf
IL0011499964,etf
IL0011500027,etf
IL0011500100,etf
IL0011500365,etf
IL0011500514,etf
IL0011500696,etf
IL0011501017,etf
IL0011501199,etf
IL0011501355,etf
IL0011501686,etf
IL0011501843,etf
IL0011501926,etf
IL0011502007,etf
IL0011502262,etf
IL0011502429,etf
IL0011502593,etf
IL0011502676,etf
IL0011502759,etf
IL0011502833,etf
IL0011503336,etf
IL0011503419,etf
IL0011503583,etf
IL0011503666,etf
IL0011503740,etf
IL0011503823,etf
IL0011503906,etf
IL0011504086,etf
IL0011504169,etf
IL0011504243,etf
IL0011504326,etf
IL0011504409,etf
IL0011504573,etf
IL0011504730,etf
IL0011504813,etf
IL0011504995,etf
IL0011505075,etf
IL0011505232,etf
IL0011505315,etf
IL0011505497,etf
IL0011505646,etf
IL0011505729,etf
IL0011505984,etf
IL0011506065,etf
IL0011506149,etf
IL0011506222,etf
IL0011506636,etf
IL0011506719,etf
IL0011506891,etf
IL0011507139,etf
IL0011507212,etf
IL0011507394,etf
IL0011507477,etf
IL0011507543,etf
IL0011507626,etf
IL0011507709,etf
IL0011507964,etf
IL0011508616,etf
IL0011550766,etf
IL0011550923,etf
IL0011551004,etf
IL0011551186,etf
IL0011551269,etf
IL0011551590,etf
IL0011551830,etf
IL0011551913,etf
IL0011553240,etf
IL0011553406,etf
IL0011553653,etf
IL0011553737,etf
IL0011573792,etf
IL0011579088,etf
IL0011579161,etf
IL0011579245,etf
IL0011579575,etf
IL0011583288,etf
IL0011596983,etf
IL0011597064,etf
IL0011597148,etf
IL0011601593,etf
IL0011610339,etf
IL0011610586,etf
IL0011618274,etf
IL0011618845,etf
IL0011621898,etf
IL0011623613,etf
IL0011627838,etf
IL0011656530,etf
IL0011656613,etf
IL0011658106,etf
IL0011658288,etf
IL0011658361,etf
IL0011658445,etf
IL0011661720,etf
IL0011672610,etf
IL0011673295,etf
IL0011675688,etf
IL0011675761,etf
IL0011675845,etf
IL0011687154,etf
IL0011687238,etf
IL0011693335,etf
IL0011693418,etf
IL0011694085,etf
IL0011696221,etf
IL0011697963,etf
IL0011707036,etf
IL0011708364,etf
IL0011708448,etf
IL0011710998,etf
IL0011713216,etf
IL0011715864,etf
IL0011715948,etf
IL0011728248,etf
IL0011741191,etf
IL0011760316,etf
IL0011763203,etf
IL0011765364,etf
IL0011783599,etf
IL0011810236,etf
IL0011813875,etf
IL0011814451,etf
IL0011839532,etf
IL0011840928,etf
IL0011851230,etf
IL0011866345,etf
IL0011870792,etf
IL0011877649,etf
IL0011880692,etf
IL0011890188,etf
IL0011893729,etf
IL0011895963,etf
IL0011896045,etf
IL0011898025,etf
IL0011898108,etf
IL0011898280,etf
IL0011903478,etf
IL0011903544,etf
IL0011903627,etf
IL0011906851,etf
IL0011907768,etf
IL0011908592,etf
IL0011918815,etf
IL0011923849,etf
IL0011923922,etf
IL0011930448,etf
IL0011930513,etf
IL0011930695,etf
IL0011931271,etf
IL0011931354,etf
IL0011933178,etf
IL0011936148,etf
IL0011936486,etf
IL0011936551,etf
IL0011936635,etf
IL0011936718,etf
IL0011936890,etf
IL0011937138,etf
IL0011937393,etf
IL0011937476,etf
IL0011937542,etf
IL0011937625,etf
IL0011937880,etf
IL0011938201,etf
IL0011940678,etf
IL0011943805,etf
IL0011953044,etf
IL0011953127,etf
IL0011961468,etf
IL0011961534,etf
IL0011976987,etf
IL0011990582,etf
IL0012001959,etf
IL0012003518,etf
IL0012004359,etf
IL0012004433,etf
IL0012004508,etf
IL0012010034,etf
IL0012016239,etf
IL0012016569,etf
IL0012016643,etf
IL0012016726,etf
IL0012016981,etf
IL0012021833,etf
IL0012038357,etf
IL0012065491,etf
IL0012079013,etf
IL0012094442,etf
IL0012127945,etf
IL0012134206,etf
IL0012134610,etf
IL0012135948,etf
IL0012157710,etf
IL0012164807,etf
IL0012175613,etf
IL0012178351,etf
IL0012189168,etf
IL0012189242,etf
IL0012192949,etf
IL0012201518,etf
IL0012203910,etf
IL0012204090,etf
IL0012216540,etf
IL0012216623,etf
IL0012216706,etf
IL0012222498,etf
IL0012224395,etf
IL0012259946,etf
IL0012269275,etf
IL0012319195,etf
IL0012331703,etf
IL0012358037,etf
IL0012359852,etf
IL0012367442,etf
IL0012367517,etf
IL0012370644,etf
IL0012379165,etf
IL0012381047,etf
IL0012382037,etf
IL0012385592,etf
IL0012385675,etf
IL0012396987,etf
IL0012398629,etf
IL0012429408,etf
IL0012434507,etf
IL0012439977,etf
IL0012445578,etf
IN0020260017,mutual
INE0BWS23018,closedend
INE0GGX23010,closedend
INE0JEI23010,mutual
INE0SF023016,mutual
INE183W23014,closedend
INE1JNC23012,mutual
INF082J01408,etf
INF082J01499,etf
INF0QA701714,etf
INF0QA701722,etf
INF0QA701854,etf
INF0QA701CI0,etf
INF0R8F01034,etf
INF0R8F01042,etf
INF0R8F01059,etf
INF0R8F01067,etf
INF0R8F01091,etf
INF0R8F01133,etf
INF0R8F01141,etf
INF0R8F01166,etf
INF109K012R6,etf
INF109K1A021,etf
INF109K1A153,etf
INF109K1A344,etf
INF109K1A476,etf
INF109K1A567,etf
INF109KB15Y7,etf
INF109KC10S8,etf
INF109KC10V2,etf
INF109KC10W0,etf
INF109KC11V0,etf
INF109KC11W8,etf
INF109KC14A8,etf
INF109KC15I8,etf
INF109KC16E5,etf
INF109KC16I6,etf
INF109KC16V9,etf
INF109KC16X5,etf
INF109KC17C7,etf
INF109KC17L8,etf
INF109KC17V7,etf
INF109KC18O0,etf
INF109KC18U7,etf
INF109KC18V5,etf
INF109KC18W3,etf
INF109KC19O8,etf
INF109KC19U5,etf
INF109KC19V3,etf
INF109KC19W1,etf
INF109KC1KT9,etf
INF109KC1NS5,etf
INF109KC1NT3,etf
INF109KC1Q72,etf
INF109KC1V42,etf
INF109KC1V59,etf
INF109KC1Y56,etf
INF174K014P6,etf
INF174KA1A86,etf
INF174KA1A94,etf
INF174KA1GC5,etf
INF174KA1HJ8,etf
INF174KA1IA5,etf
INF174KA1IY5,etf
INF174KA1JD7,etf
INF174KA1JF2,etf
INF174KA1LV5,etf
INF174KA1UW4,etf
INF174KA1VD2,etf
INF174KA1VW2,etf
INF174KA1WT6,etf
INF174KA1XS6,etf
INF174KA1XV0,etf
INF174KA1YO3,etf
INF174KA1ZB7,etf
INF174KA1ZC5,etf
INF174KA1ZD3,etf
INF174KA1ZE1,etf
INF174KA1ZF8,etf
INF179KC1965,etf
INF179KC1981,etf
INF179KC1CC7,closedend
INF179KC1CT1,closedend
INF179KC1DI2,etf
INF179KC1DJ0,etf
INF179KC1DK8,etf
INF179KC1DL6,etf
INF179KC1EZ4,etf
INF179KC1FB2,etf
INF179KC1HR4,etf
INF179KC1HS2,etf
INF179KC1HT0,etf
INF179KC1HU8,etf
INF179KC1HV6,etf
INF179KC1HW4,etf
INF179KC1HX2,etf
INF179KC1HY0,etf
INF179KC1HZ7,etf
INF179KC1IA8,etf
INF179KC1JG3,etf
INF179KC1KT4,etf
INF194KA1T91,etf
INF194KA1U07,etf
INF194KB1KI9,etf
INF194KB1KJ7,etf
INF1J2R01015,etf
INF1J2R01056,etf
INF1J2R01064,etf
INF1J2R01114,etf
INF1J2R01148,etf
INF1J2R01171,etf
INF200K01VT2,etf
INF200KA10B5,closedend
INF200KA11E7,closedend
INF200KA12A3,closedend
INF200KA12C9,mutual
INF200KA13Z8,etf
INF200KA1572,etf
INF200KA1580,etf
INF200KA1598,etf
INF200KA16D8,etf
INF200KA18C6,closedend
INF200KA19C4,closedend
INF200KA1FS1,etf
INF200KA1JT1,etf
INF200KA1OY1,closedend
INF200KA1Q57,closedend
INF200KA1S14,etf
INF200KA1S22,etf
INF200KA1VQ2,etf
INF200KA1WX6,etf
INF200KA1X17,etf
INF200KA1Z80,closedend
INF200KB1217,etf
INF200KB1282,etf
INF200KB1712,etf
INF200KB1969,etf
INF200KB1AJ0,etf
INF200KB1AK8,etf
INF200KB1AX1,etf
INF200KB1AY9,etf
INF204K014N5,etf
INF204K01V04,mutual
INF204K01V12,mutual
INF204K01V20,mutual
INF204K01V38,mutual
INF204K01V46,mutual
INF204K01V53,mutual
INF204KA10N2,closedend
INF204KA16C2,closedend
INF204KA16L3,closedend
INF204KA17L1,closedend
INF204KA18C8,closedend
INF204KA18L9,closedend
INF204KA18M7,closedend
INF204KA1LD7,etf
INF204KA1MS3,etf
INF204KA1UN7,etf
INF204KB10P5,mutual
INF204KB10Q3,mutual
INF204KB10R1,mutual
INF204KB10U5,mutual
INF204KB11P3,mutual
INF204KB11Q1,mutual
INF204KB11R9,mutual
INF204KB11T5,mutual
INF204KB11U3,mutual
INF204KB1205,closedend
INF204KB1221,closedend
INF204KB12P1,mutual
INF204KB12Q9,mutual
INF204KB12R7,mutual
INF204KB12U1,mutual
INF204KB13P9,mutual
INF204KB13Q7,mutual
INF204KB13R5,mutual
INF204KB13T1,mutual
INF204KB13U9,mutual
INF204KB1486,closedend
INF204KB14I2,etf
INF204KB14O0,mutual
INF204KB14P7,mutual
INF204KB14Q5,mutual
INF204KB14R3,mutual
INF204KB14T9,mutual
INF204KB14U7,mutual
INF204KB15D0,etf
INF204KB15I9,etf
INF204KB15P4,mutual
INF204KB15Q2,mutual
INF204KB15R0,mutual
INF204KB15U4,mutual
INF204KB15V2,etf
INF204KB1643,closedend
INF204KB16I7,etf
INF204KB16O5,mutual
INF204KB16P2,mutual
INF204KB16Q0,closedend
INF204KB16R8,mutual
INF204KB16S6,mutual
INF204KB16U2,mutual
INF204KB17I5,etf
INF204KB17O3,mutual
INF204KB17P0,mutual
INF204KB17Q8,mutual
INF204KB1841,closedend
INF204KB1858,closedend
INF204KB1866,closedend
INF204KB1874,closedend
INF204KB1882,etf
INF204KB18I3,etf
INF204KB18O1,mutual
INF204KB18P8,mutual
INF204KB18Q6,mutual
INF204KB18R4,mutual
INF204KB18S2,mutual
INF204KB18T0,mutual
INF204KB1908,closedend
INF204KB1924,closedend
INF204KB19I1,etf
INF204KB19O9,mutual
INF204KB19P6,mutual
INF204KB19Q4,mutual
INF204KB1BL0,closedend
INF204KB1BN6,closedend
INF204KB1CN4,closedend
INF204KB1CO2,closedend
INF204KB1CP9,closedend
INF204KB1CQ7,closedend
INF204KB1DH4,closedend
INF204KB1DJ0,closedend
INF204KB1DP7,closedend
INF204KB1DR3,closedend
INF204KB1DT9,closedend
INF204KB1DV5,closedend
INF204KB1FI7,closedend
INF204KB1FJ5,closedend
INF204KB1FK3,closedend
INF204KB1FL1,closedend
INF204KB1V68,etf
INF204KC1030,etf
INF204KC1089,etf
INF204KC1337,etf
INF204KC1402,etf
INF204KC1634,closedend
INF204KC1EZ3,etf
INF204KC1FU1,etf
INF204KC1GH6,etf
INF205KA1BP1,etf
INF205KA1CA1,etf
INF205KA1CB9,etf
INF205KA1CC7,etf
INF209KB10C2,etf
INF209KB10E8,etf
INF209KB11D8,etf
INF209KB14K7,etf
INF209KB15K4,etf
INF209KB16D7,etf
INF209KB17D5,etf
INF209KB18D3,etf
INF209KB18T9,etf
INF209KB19D1,etf
INF209KB19F6,etf
INF209KB19Z4,etf
INF209KC1134,etf
INF209KC1142,etf
INF209KC1662,etf
INF209KC1670,etf
INF22M001184,etf
INF247L01023,etf
INF247L01536,etf
INF247L01AK4,etf
INF247L01AP3,etf
INF247L01AU3,etf
INF247L01BB1,etf
INF247L01BE5,etf
INF247L01BH8,etf
INF247L01BK2,etf
INF247L01BL0,etf
INF247L01BU1,etf
INF247L01CH6,etf
INF247L01CI4,etf
INF247L01DJ0,etf
INF247L01DK8,etf
INF247L01EV3,etf
INF247L01FC0,etf
INF247L01FD8,etf
INF247L01FK3,etf
INF247L01FL1,etf
INF247L01FO5,etf
INF247L01FP2,etf
INF247L01FQ0,etf
INF247L01FR8,etf
INF247L01FY4,etf
INF247L01FZ1,etf
INF247L01GG9,etf
INF247L01GH7,etf
INF247L01GI5,etf
INF247L01GJ3,etf
INF247L01GK1,etf
INF247L01GV8,etf
INF247L01HG7,etf
INF247L01HH5,etf
INF251K01159,mutual
INF251K01167,mutual
INF251K01175,mutual
INF251K01183,mutual
INF251K01SU9,etf
INF251K01TL6,etf
INF277K010X4,etf
INF277K015R5,etf
INF277K30013,mutual
INF277KA1364,etf
INF277KA1976,etf
INF277KA1984,etf
INF2F0001370,etf
INF2KCX01012,etf
INF336L01RX2,etf
INF346A01034,etf
INF457M01133,etf
INF579M01BB5,etf
INF579M01BC3,etf
INF579M01BP5,etf
INF582M01KS4,etf
INF666M01IH2,etf
INF666M01IO8,etf
INF666M01IP5,etf
INF666M01JJ6,etf
INF666M01JV1,etf
INF666M01KJ4,etf
INF666M01LB9,etf
INF666M01LI4,etf
INF666M01LL8,etf
INF666M01LM6,etf
INF666M01LZ8,etf
INF666M01MM4,etf
INF666M01MN2,etf
INF666M01MO0,etf
INF666M01MV5,etf
INF666M01NI0,etf
INF666M01NP5,etf
INF666M01NQ3,etf
INF666M01OD9,etf
INF666M01OE7,etf
INF666M01OF4,etf
INF666M01OG2,etf
INF666M01OT5,etf
INF666M01PG9,etf
INF666M01PH7,etf
INF680P01422,etf
INF732E01037,etf
INF732E01045,etf
INF732E01128,etf
INF732E01268,etf
INF740KA1CL0,etf
INF740KA1EU7,etf
INF740KA1QH8,closedend
INF740KA1QI6,closedend
INF740KA1QK2,etf
INF740KA1RX3,etf
INF740KA1SX1,etf
INF740KA1SY9,etf
INF740KA1SZ6,etf
INF740KA1TA7,etf
INF740KA1UM0,etf
INF740KA1UR9,etf
INF740KA1VE5,etf
INF740KA1WU9,etf
INF740KA1WV7,etf
INF740KA1WW5,etf
INF740KA1WX3,etf
INF740KA1XU7,etf
INF740KA1YH2,etf
INF740KA1YI0,closedend
INF740KA1YL4,mutual
INF740KA1YO8,closedend
INF740KA1YR1,closedend
INF740KA1YS9,closedend
INF740KA1ZA4,etf
INF740KA1ZF3,etf
INF740KA1ZG1,etf
INF740KA1ZH9,etf
INF740KA1ZI7,etf
INF740KA1ZP2,etf
INF740KA1ZQ0,etf
INF754K01KO2,etf
INF754K01LE1,etf
INF754K01OB1,etf
INF754K01QX0,etf
INF754K01SE6,etf
INF754K01SF3,etf
INF754K01TE4,etf
INF754K01TF1,etf
INF754K01TX4,etf
INF754K01VV4,etf
INF754K01VW2,etf
INF754K01VX0,etf
INF754K01VY8,etf
INF754K01XF3,etf
INF754K01XG1,etf
INF754K01XH9,etf
INF754K01XI7,etf
INF767K01MV5,etf
INF767K01OS7,etf
INF767K01OT5,etf
INF767K01PC8,etf
INF767K01RN1,etf
INF767K01SM1,etf
INF769K01EG9,etf
INF769K01FN2,etf
INF769K01GS9,etf
INF769K01HF4,etf
INF769K01HI8,etf
INF769K01HP3,etf
INF769K01HS7,etf
INF769K01IB1,etf
INF769K01IC9,etf
INF769K01JP9,etf
INF769K01JU9,etf
INF769K01KF8,etf
INF769K01KG6,etf
INF769K01KR3,etf
INF769K01KS1,etf
INF769K01KT9,etf
INF769K01KU7,etf
INF769K01KV5,etf
INF769K01LC3,etf
INF769K01LJ8,etf
INF769K01LQ3,etf
INF769K01LX9,etf
INF769K01LY7,etf
INF769K01LZ4,etf
INF769K01MY5,etf
INF769K01NS5,etf
INF769K01OA1,etf
INF769K01ON4,etf
INF769K01OO2,etf
INF769K01PB6,etf
INF769K01PQ4,etf
INF769K01PR2,etf
INF769K01PY8,etf
INF769K01PZ5,etf
INF769K01QA6,etf
INF769K01QB4,etf
INF769K01QC2,etf
INF769K01QV2,etf
INF769K01RC0,etf
INF769K01RJ5,etf
INF769K01RK3,etf
INF789F1AG68,etf
INF789F1AG76,etf
INF789F1ARD5,mutual
INF789F1ARE3,mutual
INF789F1ARF0,mutual
INF789F1ARH6,mutual
INF789F1ARI4,mutual
INF789F1ARJ2,mutual
INF789F1ARK0,mutual
INF789F1ARL8,mutual
INF789F1ARM6,mutual
INF789F1ARN4,mutual
INF789F1ARO2,mutual
INF789F1ARP9,mutual
INF789F1ARQ7,mutual
INF789F1ARR5,mutual
INF789F1ARS3,mutual
INF789F1ART1,mutual
INF789F1ARU9,mutual
INF789F1ARV7,mutual
INF789F1ARW5,mutual
INF789F1ARX3,mutual
INF789F1ARY1,mutual
INF789F1ARZ8,mutual
INF789F1ASA9,mutual
INF789F1ASB7,mutual
INF789F1ASC5,mutual
INF789F1ASD3,mutual
INF789F1ASE1,mutual
INF789F1ASF8,mutual
INF789F1ASG6,mutual
INF789F1ASH4,mutual
INF789F1ASI2,mutual
INF789F1ASJ0,mutual
INF789F1ASK8,mutual
INF789F1ASL6,mutual
INF789F1ASM4,mutual
INF789F1ASN2,mutual
INF789F1ASO0,mutual
INF789F1ASP7,mutual
INF789F1ASQ5,mutual
INF789F1ASR3,mutual
INF789F1ASS1,mutual
INF789F1AST9,mutual
INF789F1ASU7,mutual
INF789F1AUU3,etf
INF789F1AUV1,etf
INF789F1AUW9,etf
INF789F1AUX7,etf
INF789F1AYK6,etf
INF789F1AYX9,etf
INF789F1AZC0,etf
INF789F1AZD8,etf
INF789F1AZE6,etf
INF789F1AZF3,etf
INF789FB1X58,etf
INF846K010Q0,etf
INF846K011K1,etf
INF846K016C7,etf
INF846K01W80,etf
INF846K01W98,etf
INF846K01X63,etf
INF846K01Y96,etf
INF846K01Z12,etf
INF846KA1119,etf
INF966L01EI5,etf
IT0003049605,closedend
IT0003922223,closedend
IT0003922249,closedend
IT0004095797,closedend
IT0005204729,closedend
IT0005440323,closedend
JE00B1GXH751,closedend
JE00B1LZS514,closedend
JE00B1VS2W53,etf
JE00B1VS3002,etf
JE00B1VS3333,etf
JE00B1VS3770,etf
JE00B1VS3W29,etf
JE00B24DK645,etf
JE00B24DK975,etf
JE00B24DKC09,etf
JE00B24DKH53,etf
JE00B24DKJ77,etf
JE00B24DKK82,etf
JE00B24DKT75,etf
JE00B24DKZ36,etf
JE00B24DLX86,etf
JE00B24DMC49,etf
JE00B24DMD55,etf
JE00B24DMJ18,etf
JE00B24DMK23,etf
JE00B2NFT427,etf
JE00B2NFTC05,etf
JE00B2NFTD12,etf
JE00B2NFTF36,etf
JE00B2NFTG43,etf
JE00B2NFTL95,etf
JE00B2NFTS64,etf
JE00B2NFTW01,etf
JE00B2NFV134,etf
JE00B2NFV803,etf
JE00B2QXZK10,etf
JE00B2QY0436,etf
JE00B2QY0H68,etf
JE00B3KNMS14,etf
JE00B3L54023,etf
JE00B3LGQQ51,etf
JE00B3LXVB68,etf
JE00B3MQG751,etf
JE00B3MR2Q90,etf
JE00B3MRDD32,etf
JE00B3MWC642,etf
JE00B3N9C970,etf
JE00B3NKMM36,etf
JE00B3NXB475,etf
JE00B3QBQJ84,etf
JE00B3QQ4551,etf
JE00B3RNTN80,etf
JE00B3RQ6R05,etf
JE00B3S71Q64,etf
JE00B3SBFZ51,etf
JE00B3SBYQ91,etf
JE00B3SX3R93,etf
JE00B3T3K772,etf
JE00B3VJDN05,etf
JE00B3W0MY68,etf
JE00B3WCLY57,etf
JE00B3WDZY68,etf
JE00B3WFMB84,etf
JE00B3WPFZ34,etf
JE00B3X9GJ56,etf
JE00B3XGSP64,etf
JE00B3XJ8K03,etf
JE00B3XPTF07,etf
JE00B3XR4V72,etf
JE00B3Y3SZ64,etf
JE00B3Y5F176,etf
JE00B3ZQRP79,etf
JE00B438PT24,etf
JE00B43NB445,etf
JE00B44CBN95,etf
JE00B44F1611,etf
JE00B45CYD99,etf
JE00B460QR00,etf
JE00B4PDKD43,etf
JE00B4RKQV36,etf
JE00B588CD74,etf
JE00B5SV2703,etf
JE00B6173J15,closedend
JE00B63MJ075,etf
JE00B66M4S72,etf
JE00B6822V48,etf
JE00B68GR111,etf
JE00B68GRJ90,etf
JE00B68GS416,etf
JE00B68GSM94,etf
JE00B68GSP26,etf
JE00B68GT596,etf
JE00B6RMDP68,closedend
JE00B6RV6N28,etf
JE00B6SLJ210,etf
JE00B6SV8B36,etf
JE00B6TK3K31,etf
JE00B6VG2P72,etf
JE00B6X05031,etf
JE00B6XF0923,etf
JE00B6XL6W59,etf
JE00B70DCH80,etf
JE00B7305Z55,etf
JE00B766LB87,etf
JE00B78CGV99,etf
JE00B78CP782,etf
JE00B78DPL57,etf
JE00B78NNK09,etf
JE00B78NNM23,etf
JE00B78NNS84,etf
JE00B78NNV14,etf
JE00B78NPQ01,etf
JE00B78NPW60,etf
JE00B78NPY84,etf
JE00B7VG2M16,etf
JE00B8DFY052,etf
JE00B9G79F59,closedend
JE00B9MRHZ51,closedend
JE00BD3QJR55,closedend
JE00BDD9Q733,etf
JE00BDD9Q840,etf
JE00BDD9Q956,etf
JE00BDD9QB77,etf
JE00BDD9QC84,etf
JE00BDD9QD91,etf
JE00BF0D1M25,closedend
JE00BF5FX167,closedend
JE00BMM1X163,etf
JE00BMM1X270,etf
JE00BMM1XC77,etf
JE00BMM1XD84,etf
JE00BN2CJ301,etf
JE00BN7KB334,etf
JE00BN7KB441,etf
JE00BN7KB557,etf
JE00BN7KB664,etf
JE00BN7KB771,etf
JE00BNG8LN89,etf
JE00BP2PWW32,etf
JE00BPH3HM76,closedend
JE00BPRDNL86,etf
JE00BPRDNM93,etf
JE00BQRFDY49,etf
JE00BS6BLD26,etf
JE00BVMWGC49,closedend
JE00BYQY3Z98,etf
JE00BYQY7H96,etf
JE00BYQY8102,etf
JP3013190008,etf
JP3027620008,etf
JP3027630007,etf
JP3027640006,etf
JP3027650005,etf
JP3027660004,etf
JP3027710007,etf
JP3039100007,etf
JP3040140000,etf
JP3040170007,etf
JP3046490003,etf
JP3046510008,etf
JP3046560003,etf
JP3046570002,etf
JP3046580001,etf
JP3046590000,etf
JP3046600007,etf
JP3046610006,etf
JP3046620005,etf
JP3046630004,etf
JP3046640003,etf
JP3046650002,etf
JP3046660001,etf
JP3046670000,etf
JP3046680009,etf
JP3046690008,etf
JP3046700005,etf
JP3046710004,etf
JP3046720003,etf
JP3046760009,etf
JP3046800003,etf
JP3047010008,etf
JP3047030006,etf
JP3047040005,etf
JP3047060003,etf
JP3047080001,etf
JP3047090000,etf
JP3047100007,etf
JP3047110006,etf
JP3047120005,etf
JP3047130004,etf
JP3047170000,etf
JP3047180009,etf
JP3047190008,etf
JP3047200005,etf
JP3047210004,etf
JP3047220003,etf
JP3047240001,etf
JP3047250000,etf
JP3047260009,etf
JP3047290006,etf
JP3047300003,etf
JP3047320001,etf
JP3047330000,etf
JP3047340009,etf
JP3047360007,etf
JP3047370006,etf
JP3047400001,etf
JP3047420009,etf
JP3047440007,etf
JP3047450006,etf
JP3047460005,etf
JP3047470004,etf
JP3047520006,etf
JP3047530005,etf
JP3047560002,etf
JP3047570001,etf
JP3047580000,etf
JP3047590009,etf
JP3047620004,etf
JP3047630003,etf
JP3047670009,etf
JP3047680008,etf
JP3047690007,etf
JP3047700004,etf
JP3047710003,etf
JP3047720002,etf
JP3047740000,etf
JP3047770007,etf
JP3047780006,etf
JP3047790005,etf
JP3047810001,etf
JP3047840008,etf
JP3047850007,etf
JP3047860006,etf
JP3047870005,etf
JP3047880004,etf
JP3047890003,etf
JP3047920008,etf
JP3047930007,etf
JP3047940006,etf
JP3047950005,etf
JP3047970003,etf
JP3047980002,etf
JP3048020006,etf
JP3048050003,etf
JP3048080000,etf
JP3048090009,etf
JP3048100006,etf
JP3048120004,etf
JP3048130003,etf
JP3048140002,etf
JP3048150001,etf
JP3048170009,etf
JP3048220002,etf
JP3048230001,etf
JP3048240000,etf
JP3048250009,etf
JP3048260008,etf
JP3048270007,etf
JP3048280006,etf
JP3048330009,etf
JP3048340008,etf
JP3048350007,etf
JP3048390003,etf
JP3048400000,etf
JP3048430007,etf
JP3048440006,etf
JP3048450005,etf
JP3048460004,etf
JP3048470003,etf
JP3048490001,etf
JP3048500007,etf
JP3048510006,etf
JP3048520005,etf
JP3048530004,etf
JP3048540003,etf
JP3048550002,etf
JP3048560001,etf
JP3048570000,etf
JP3048580009,etf
JP3048600005,etf
JP3048610004,etf
JP3048620003,etf
JP3048630002,etf
JP3048640001,etf
JP3048650000,etf
JP3048660009,etf
JP3048670008,etf
JP3048700003,etf
JP3048710002,etf
JP3048720001,etf
JP3048730000,etf
JP3048740009,etf
JP3048760007,etf
JP3048790004,etf
JP3048800001,etf
JP3048830008,etf
JP3048840007,etf
JP3048850006,etf
JP3048860005,etf
JP3048870004,etf
JP3048890002,etf
JP3048900009,etf
JP3048910008,etf
JP3048920007,etf
JP3048930006,etf
JP3048940005,etf
JP3048950004,etf
JP3048970002,etf
JP3048980001,etf
JP3048990000,etf
JP3049010006,etf
JP3049020005,etf
JP3049030004,etf
JP3049040003,etf
JP3049050002,etf
JP3049060001,etf
JP3049070000,etf
JP3049080009,etf
JP3049090008,etf
JP3049100005,etf
JP3049120003,etf
JP3049130002,etf
JP3049140001,etf
JP3049150000,etf
JP3049160009,etf
JP3049170008,etf
JP3049180007,etf
JP3049190006,etf
JP3049200003,etf
JP3049210002,etf
JP3049220001,etf
JP3049230000,etf
JP3049240009,etf
JP3049250008,etf
JP3049260007,etf
JP3049280005,etf
JP3049290004,etf
JP3049300001,etf
JP3049310000,etf
JP3049320009,etf
JP3049330008,etf
JP3049340007,etf
JP3049350006,etf
JP3049360005,etf
JP3049370004,etf
JP3049380003,etf
JP3049390002,etf
JP3049400009,etf
JP3049410008,etf
JP3049420007,etf
JP3049430006,etf
JP3049440005,etf
JP3049450004,etf
JP3049460003,etf
JP3049470002,etf
JP3049480001,etf
JP3049490000,etf
JP3049500006,etf
JP3049520004,etf
JP3049530003,etf
JP3049540002,etf
JP3049550001,etf
JP3049560000,etf
JP3049580008,etf
JP3049590007,etf
JP3049600004,etf
JP3049610003,etf
JP3049620002,etf
JP3049630001,etf
JP3049640000,etf
JP3049650009,etf
JP3049660008,etf
JP3049670007,etf
JP3049680006,etf
JP3049690005,etf
JP3049710001,etf
JP3049720000,etf
JP3049730009,etf
JP3049740008,etf
JP3049750007,etf
JP3049760006,etf
JP3049770005,etf
JP3049780004,etf
JP3049790003,etf
JP3049800000,etf
JP3049810009,etf
JP3049820008,etf
JP3049830007,etf
JP3049840006,etf
JP3049850005,etf
JP3049860004,etf
JP3049870003,etf
JP3049880002,etf
JP3049900008,etf
JP3049910007,etf
JP3049920006,etf
JP3049930005,etf
JP3049940004,etf
JP3049950003,etf
JP3049960002,etf
JP3049970001,etf
JP3049980000,etf
JP3049990009,etf
JP3050000003,etf
JP3050010002,etf
JP3050020001,etf
JP3050030000,etf
JP3050040009,etf
JP3050050008,etf
JP3050060007,etf
JP3050070006,etf
JP3050080005,etf
JP3050090004,etf
JP3050100001,etf
JP3050110000,etf
JP3050120009,etf
JP3050130008,etf
JP3050140007,etf
JP3050150006,etf
JP3050160005,etf
JP3050170004,etf
JP3050180003,etf
JP3050190002,etf
JP3050200009,etf
JP3050210008,etf
JP3050220007,etf
JP3050230006,etf
JP3050240005,etf
JP3050250004,etf
JP3050260003,etf
JP3050270002,etf
JP3050280001,etf
JP3050290000,etf
JP3050300007,etf
JP3050310006,etf
JP3050320005,etf
JP3050330004,etf
JP3050340003,etf
JP3050350002,etf
JP3050360001,etf
JP3050370000,etf
JP3050380009,etf
JP3050390008,etf
JP3050400005,etf
JP3050410004,etf
JP3050420003,etf
JP3050430002,etf
JP3050440001,etf
JP3050450000,etf
JP3050460009,etf
JP3050470008,etf
JP3050480007,etf
JP3050490006,etf
JP3050500002,etf
JP3050510001,etf
JP3050520000,etf
JP3050530009,etf
JP3050540008,etf
JP3050550007,etf
JP3050560006,etf
JP3050570005,etf
JP3050580004,etf
JP3050590003,etf
JP3050600000,etf
JP3050610009,etf
JP3050620008,etf
JP3050630007,etf
JP3050640006,etf
JP3050650005,etf
JP3050660004,etf
JP3050670003,etf
JP3050680002,etf
JP3050690001,etf
JP3050700008,etf
JP3050710007,etf
JP3050720006,etf
JP3050730005,etf
JP3050740004,etf
JP3050750003,etf
JP3050760002,etf
JP3050770001,etf
JP3050780000,etf
JP3050790009,etf
JP3050800006,etf
JP3050810005,etf
JP3050820004,etf
JP3050830003,etf
JP3050840002,etf
JP3050850001,etf
JP3050860000,etf
JP3050880008,etf
JP3050890007,etf
JP3050900004,etf
JP3050910003,etf
JP3050920002,etf
JP3050930001,etf
JP3050940000,etf
JP3050950009,etf
JP3050960008,etf
JP3050970007,etf
JP3050980006,etf
JP3050990005,etf
JP3051000002,etf
JP3051010001,etf
JP3051020000,etf
JP3051030009,etf
JP3051040008,etf
JP3051050007,etf
JP3051060006,etf
JP3051070005,etf
JP3051080004,etf
JP3051090003,etf
JP3051100000,etf
JP3051110009,etf
JP3051120008,etf
JP3051130007,etf
JP3051140006,etf
JP3051150005,etf
JP3051160004,etf
JP3051170003,etf
JP3051180002,etf
JP3051190001,etf
JP3051200008,etf
JP3051210007,etf
JP3051220006,etf
JP3051230005,etf
JP3051240004,etf
JP3051250003,etf
JP3051260002,etf
JP3051270001,etf
JP3051280000,etf
JP3051290009,etf
JP3051300006,etf
JP3051310005,etf
JP3051320004,etf
JP3051330003,etf
JP3051340002,etf
JP3051350001,etf
JP3051360000,etf
JP3051370009,etf
JP3051380008,etf
JP3051390007,etf
JP3051400004,etf
JP3051410003,etf
JP3051420002,etf
JP3051430001,etf
JP3051440000,etf
JP3051450009,etf
JP3051460008,etf
JP3051470007,etf
JP3051480006,etf
JP3051490005,etf
JP3051500001,etf
JP3051510000,etf
JP3051520009,etf
JP3051530008,etf
JP3051540007,etf
JP3051550006,etf
JP3051560005,etf
JP3051570004,etf
JP3051580003,etf
JP3051590002,etf
JP3051600009,etf
JP3051610008,etf
JP3051620007,etf
JP3051630006,etf
JP3051640005,etf
JP3051650004,etf
JP3051660003,etf
JP3051670002,etf
JP3051680001,etf
JP5392010004,etf
JP5392020003,etf
JP5392030002,etf
JP5392050000,etf
JP5392060009,etf
JP5392070008,etf
JP5392080007,etf
JP5392090006,etf
JP5392100003,etf
JP5528190001,etf
JP5528200008,etf
JP5528210007,etf
JP5528220006,etf
JP5528240004,etf
JP5528250003,etf
JP5528260002,etf
JP5528270001,etf
JP5528280000,etf
JP5528290009,etf
JP5528300006,etf
JP5528310005,etf
JP5528320004,etf
JP5528330003,etf
JP5528340002,etf
JP5528350001,etf
JP5528360000,etf
JP5528380008,etf
JP5528400004,etf
JP5528420002,etf
JP5528440000,etf
KR575701BA78,closedend
KR70000D0009,etf
KR70000H0005,etf
KR70000J0003,etf
KR70000Y0004,etf
KR70000Z0003,etf
KR70001P0004,etf
KR70002C0008,etf
KR70004G0002,etf
KR70005A0007,etf
KR70005C0005,etf
KR70005D0004,etf
KR70005G0001,etf
KR70007F0000,etf
KR70007G0009,etf
KR70007N0000,etf
KR70008E0000,etf
KR70008S0004,etf
KR70008T0003,etf
KR70013P0000,etf
KR70013R0008,etf
KR70015B0004,etf
KR70015E0001,etf
KR70015F0000,etf
KR70015K0003,etf
KR70016X0007,etf
KR70017Y0005,etf
KR70018C0000,etf
KR70018Z0003,etf
KR70019K0009,etf
KR70020H0001,etf
KR70022T0005,etf
KR70023A0005,etf
KR70023B0004,etf
KR70025N0008,etf
KR70026E0008,etf
KR70026S0002,etf
KR70028X0003,etf
KR70035T0000,etf
KR70036R0001,etf
KR70036Z0001,etf
KR70038A0008,etf
KR70040S0004,etf
KR70040X0007,etf
KR70040Y0006,etf
KR70041D0000,etf
KR70041E0009,etf
KR70043B0000,etf
KR70043Y0003,etf
KR70046A0008,etf
KR70046Y0000,etf
KR70047A0007,etf
KR70047N0002,etf
KR70047P0000,etf
KR70047R0008,etf
KR70048J0007,etf
KR70048K0004,etf
KR70049K0003,etf
KR70049M0001,etf
KR70050E0007,etf
KR70051A0000,etf
KR70051G0004,etf
KR70052D0006,etf
KR70052S0009,etf
KR70052T0008,etf
KR70053L0005,etf
KR70053M0004,etf
KR70057H0007,etf
KR70060H0002,etf
KR70061Z0009,etf
KR70064K0003,etf
KR70065G0008,etf
KR70066W0007,etf
KR70067V0007,etf
KR70067Y0004,etf
KR70068M0007,etf
KR70069M0006,etf
KR70072R0006,etf
KR70073X0007,etf
KR70074K0001,etf
KR70078V0004,etf
KR70079X0001,etf
KR70080G0009,etf
KR70080X0008,etf
KR70080Y0007,etf
KR70082F0008,etf
KR70082V0008,etf
KR70083S0002,etf
KR70084D0008,etf
KR70084E0007,etf
KR70085N0005,etf
KR70085P0003,etf
KR70086B0008,etf
KR70086C0007,etf
KR70087F0003,etf
KR70088N0002,etf
KR70089B0005,etf
KR70089C0004,etf
KR70089D0003,etf
KR70090B0002,etf
KR70091C0000,etf
KR70091M0008,etf
KR70091P0005,etf
KR70092B0000,etf
KR70092C0009,etf
KR70093A0000,etf
KR70093B0009,etf
KR70093D0007,etf
KR70094K0007,etf
KR70094L0006,etf
KR70094M0005,etf
KR70094X0002,etf
KR70097L0003,etf
KR70098F0000,etf
KR70098N0000,etf
KR70098Z0006,etf
KR70099L0001,etf
KR70100K0009,etf
KR70101N0005,etf
KR70102A0009,etf
KR70102X0002,etf
KR70103T0007,etf
KR70104G0001,etf
KR70104H0000,etf
KR70104N0002,etf
KR70104P0000,etf
KR70105D0003,etf
KR70105E0002,etf
KR70106J0006,etf
KR70107F0009,etf
KR70111J0009,etf
KR70111P0001,etf
KR70112X0000,etf
KR70113D0003,etf
KR70113G0000,etf
KR70113P0009,etf
KR70114X0008,etf
KR70115C0002,etf
KR70115D0001,etf
KR70115E0000,etf
KR70117L0009,etf
KR70117V0007,etf
KR70118S0001,etf
KR70118Z0002,etf
KR70119H0003,etf
KR70120J0008,etf
KR70122W0009,etf
KR70123G0008,etf
KR70123S0004,etf
KR70127M0006,etf
KR70127P0003,etf
KR70127R0001,etf
KR70127T0009,etf
KR70127V0005,etf
KR70128D0006,etf
KR70131A0004,etf
KR70131V0009,etf
KR70131W0008,etf
KR70132D0000,etf
KR70132H0006,etf
KR70132K0001,etf
KR70133E0008,etf
KR70135Y0002,etf
KR70137V0003,etf
KR70137W0002,etf
KR70138D0004,etf
KR70138T0006,etf
KR70138Y0009,etf
KR70139F0001,etf
KR70139P0009,etf
KR70141S0002,etf
KR70141T0001,etf
KR70142D0008,etf
KR70144L0006,etf
KR70144M0005,etf
KR70148J0006,etf
KR70150K0008,etf
KR70151P0002,etf
KR70151S0009,etf
KR70152E0004,etf
KR70153K0005,etf
KR70153P0000,etf
KR70153X0000,etf
KR70154F0001,etf
KR70154H0009,etf
KR70155M0001,etf
KR70155N0000,etf
KR70162L0003,etf
KR70162M0002,etf
KR70162Y0008,etf
KR70162Z0007,etf
KR70163Y0007,etf
KR70164G0008,etf
KR70166N0007,etf
KR70166S0002,etf
KR70166T0001,etf
KR70167A0001,etf
KR70167B0000,etf
KR70167Z0002,etf
KR70168K0008,etf
KR70172V0009,etf
KR70172Y0006,etf
KR70173Y0005,etf
KR70174B0001,etf
KR70174J0003,etf
KR70174R0003,etf
KR70176E0006,etf
KR70176P0003,etf
KR70177A0009,etf
KR70177N0004,etf
KR70177R0000,etf
KR70177X0002,etf
KR70178H0001,etf
KR70180V0009,etf
KR70181B0002,etf
KR70181L0000,etf
KR70182R0003,etf
KR70182S0002,etf
KR70183J0002,etf
KR70183V0006,etf
KR70184E0006,etf
KR70184L0007,etf
KR70184N0005,etf
KR70184V0005,etf
KR70185L0006,etf
KR70186L0005,etf
KR70186S0008,etf
KR70189B0004,etf
KR70189Z0006,etf
KR70190C0000,etf
KR70190G0006,etf
KR70190M0008,etf
KR70190Y0004,etf
KR70191B0000,etf
KR70191M0007,etf
KR70191S0001,etf
KR70191W0005,etf
KR70192L0007,etf
KR70192M0006,etf
KR70192S0000,etf
KR70192T0009,etf
KR70192Z0001,etf
KR70193G0003,etf
KR70193K0007,etf
KR70193L0006,etf
KR70193M0005,etf
KR70193T0008,etf
KR70193W0003,etf
KR70194M0004,etf
KR70194N0003,etf
KR70194R0009,etf
KR70194T0007,etf
KR70195R0008,etf
KR70195S0007,etf
KR70197W0009,etf
KR70197X0008,etf
KR70198A0004,etf
KR70198B0003,etf
KR70198D0001,etf
KR70199C0001,etf
KR70203D0004,etf
KR70203R0008,etf
KR70203S0007,etf
KR70204D0003,etf
KR70204S0006,etf
KR70206G0008,etf
KR70207G0007,etf
KR70207Z0004,etf
KR70208N0007,etf
KR70209D0008,etf
KR70209Z0002,etf
KR70210A0008,etf
KR70210E0004,etf
KR70214M0000,etf
KR70215T0002,etf
KR70216K0000,etf
KR70216Z0003,etf
KR70218J0001,etf
KR70218K0008,etf
KR70219B0008,etf
KR70219E0005,etf
KR70219Z0000,etf
KR70220A0006,etf
KR70220B0005,etf
KR70221V0000,etf
KR70221Z0006,etf
KR70222D0001,etf
KR70222F0009,etf
KR70223A0003,etf
KR70223R0004,etf
KR70224D0009,etf
KR70224X0005,etf
KR70225V0006,etf
KR70226A0000,etf
KR70226D0007,etf
KR70226G0004,etf
KR70227K0007,etf
KR70228G0002,etf
KR70231Z0004,etf
KR70233A0001,etf
KR70233J0002,etf
KR7069500007,etf
KR7069660009,etf
KR7088980008,closedend
KR7091160002,etf
KR7091170001,etf
KR7091180000,etf
KR7091220004,etf
KR7091230003,etf
KR7099140006,etf
KR7100910009,etf
KR7101280006,etf
KR7102110004,etf
KR7102780004,etf
KR7102960002,etf
KR7102970001,etf
KR7104520002,etf
KR7104530001,etf
KR7105010003,etf
KR7105190003,etf
KR7105780001,etf
KR7108450008,etf
KR7108590001,etf
KR7114100001,etf
KR7114260003,etf
KR7114460009,etf
KR7114470008,etf
KR7114800006,etf
KR7114820004,etf
KR7117460006,etf
KR7117680009,etf
KR7117690008,etf
KR7117700005,etf
KR7122090004,etf
KR7122260003,etf
KR7122630007,etf
KR7123310005,etf
KR7123320004,etf
KR7130680002,etf
KR7130730005,etf
KR7131890006,etf
KR7132030008,etf
KR7133690008,etf
KR7136340007,etf
KR7137610002,etf
KR7138230008,etf
KR7138520002,etf
KR7138530001,etf
KR7138540000,etf
KR7138910005,etf
KR7138920004,etf
KR7139220008,etf
KR7139230007,etf
KR7139240006,etf
KR7139250005,etf
KR7139260004,etf
KR7139270003,etf
KR7139280002,etf
KR7139290001,etf
KR7139320006,etf
KR7139660005,etf
KR7140570003,etf
KR7140580002,etf
KR7140700006,etf
KR7140710005,etf
KR7140950007,etf
KR7143850006,etf
KR7143860005,etf
KR7144600004,etf
KR7145670006,etf
KR7145850004,etf
KR7147970008,etf
KR7148020001,etf
KR7148070006,etf
KR7150460004,etf
KR7152100004,etf
KR7152380002,etf
KR7152500005,etf
KR7152870002,etf
KR7153130000,etf
KR7153270004,etf
KR7156080004,etf
KR7157450008,etf
KR7157490004,etf
KR7157500000,etf
KR7159800002,etf
KR7160580007,etf
KR7161510003,etf
KR7166400002,etf
KR7167860006,etf
KR7168580009,etf
KR7169950003,etf
KR7174350009,etf
KR7174360008,etf
KR7176950004,etf
KR7181480005,etf
KR7182480004,etf
KR7182490003,etf
KR7183700004,etf
KR7183710003,etf
KR7185680006,etf
KR7189400005,etf
KR7190620005,etf
KR7192090009,etf
KR7192720001,etf
KR7195920004,etf
KR7195930003,etf
KR7195970009,etf
KR7195980008,etf
KR7196030001,etf
KR7196230007,etf
KR7200030005,etf
KR7200250009,etf
KR7203780002,etf
KR7204450001,etf
KR7204480008,etf
KR7205720006,etf
KR7210780003,etf
KR7211560008,etf
KR7211900006,etf
KR7213610009,etf
KR7213630007,etf
KR7214980005,etf
KR7215620006,etf
KR7217770007,etf
KR7217780006,etf
KR7218420008,etf
KR7219390002,etf
KR7219480001,etf
KR7219900008,etf
KR7220130009,etf
KR7223190000,etf
KR7225030006,etf
KR7225040005,etf
KR7225050004,etf
KR7225060003,etf
KR7225130004,etf
KR7225800002,etf
KR7226380004,etf
KR7226490001,etf
KR7226980001,etf
KR7227540002,etf
KR7227550001,etf
KR7227560000,etf
KR7227570009,etf
KR7227830007,etf
KR7228790002,etf
KR7228800009,etf
KR7228810008,etf
KR7228820007,etf
KR7229200001,etf
KR7229720008,etf
KR7230480006,etf
KR7232080002,etf
KR7233160001,etf
KR7233740000,etf
KR7234310001,etf
KR7236350005,etf
KR7237350004,etf
KR7237370002,etf
KR7237440003,etf
KR7238670004,etf
KR7238720007,etf
KR7239660004,etf
KR7241180009,etf
KR7241390004,etf
KR7243880002,etf
KR7243890001,etf
KR7244580007,etf
KR7244620001,etf
KR7244660007,etf
KR7244670006,etf
KR7245340005,etf
KR7245350004,etf
KR7245360003,etf
KR7245710009,etf
KR7248270001,etf
KR7250730009,etf
KR7250780004,etf
KR7251340006,etf
KR7251350005,etf
KR7251590006,etf
KR7251600003,etf
KR7252000005,etf
KR7252400007,etf
KR7252410006,etf
KR7252420005,etf
KR7252650007,etf
KR7252670005,etf
KR7252710009,etf
KR7253150007,etf
KR7253160006,etf
KR7253230007,etf
KR7253240006,etf
KR7253250005,etf
KR7253280002,etf
KR7253290001,etf
KR7256440009,etf
KR7256450008,etf
KR7256750001,etf
KR7261060008,etf
KR7261070007,etf
KR7261110001,etf
KR7261120000,etf
KR7261140008,etf
KR7261220008,etf
KR7261240006,etf
KR7261250005,etf
KR7261260004,etf
KR7261270003,etf
KR7261920003,etf
KR7266160001,etf
KR7266360007,etf
KR7266370006,etf
KR7266390004,etf
KR7266410000,etf
KR7266420009,etf
KR7266550003,etf
KR7267440006,etf
KR7267450005,etf
KR7267490001,etf
KR7267770006,etf
KR7269370003,etf
KR7269420006,etf
KR7269530002,etf
KR7269540001,etf
KR7270800006,etf
KR7270810005,etf
KR7271050007,etf
KR7271060006,etf
KR7272560004,etf
KR7272570003,etf
KR7272580002,etf
KR7272910001,etf
KR7273130005,etf
KR7273140004,etf
KR7275280006,etf
KR7275290005,etf
KR7275300002,etf
KR7275750008,etf
KR7275980001,etf
KR7276000007,etf
KR7276650009,etf
KR7276970001,etf
KR7276990009,etf
KR7277540001,etf
KR7277630000,etf
KR7277640009,etf
KR7277650008,etf
KR7278240007,etf
KR7278530001,etf
KR7278540000,etf
KR7278620000,etf
KR7279530000,etf
KR7279540009,etf
KR7280320003,etf
KR7280920000,etf
KR7280930009,etf
KR7280940008,etf
KR7281990002,etf
KR7282000009,etf
KR7283580009,etf
KR7284430006,etf
KR7284980000,etf
KR7285690004,etf
KR7287180004,etf
KR7289040008,etf
KR7289250003,etf
KR7289260002,etf
KR7289480006,etf
KR7289670002,etf
KR7290080001,etf
KR7290130004,etf
KR7291130003,etf
KR7291620003,etf
KR7291630002,etf
KR7291680007,etf
KR7291890002,etf
KR7292050002,etf
KR7292150000,etf
KR7292160009,etf
KR7292190006,etf
KR7292500006,etf
KR7292560000,etf
KR7292770005,etf
KR7293180006,etf
KR7294400007,etf
KR7295000004,etf
KR7295020002,etf
KR7295040000,etf
KR7298340001,etf
KR7298770009,etf
KR7300610003,etf
KR7300640000,etf
KR7300950003,etf
KR7301400008,etf
KR7302190004,etf
KR7302450002,etf
KR7304660004,etf
KR7304670003,etf
KR7304760002,etf
KR7304770001,etf
KR7304780000,etf
KR7304940000,etf
KR7305050007,etf
KR7305080004,etf
KR7305540007,etf
KR7305720005,etf
KR7306520008,etf
KR7306530007,etf
KR7306950007,etf
KR7307510008,etf
KR7307520007,etf
KR7308620004,etf
KR7309230001,etf
KR7310080007,etf
KR7310960000,etf
KR7310970009,etf
KR7314250002,etf
KR7314700006,etf
KR7315270009,etf
KR7315930008,etf
KR7315960005,etf
KR7316300003,etf
KR7316670009,etf
KR7319640009,etf
KR7321410003,etf
KR7322400003,etf
KR7322410002,etf
KR7325010007,etf
KR7325020006,etf
KR7326230000,etf
KR7326240009,etf
KR7328370002,etf
KR7329200000,etf
KR7329650006,etf
KR7329660005,etf
KR7329670004,etf
KR7329750004,etf
KR7332500008,etf
KR7332610005,etf
KR7332620004,etf
KR7332930007,etf
KR7332940006,etf
KR7334690005,etf
KR7334700002,etf
KR7336160007,etf
KR7337120000,etf
KR7337140008,etf
KR7337150007,etf
KR7337160006,etf
KR7341850006,etf
KR7352540009,etf
KR7352560007,etf
KR7354240004,etf
KR7354350001,etf
KR7354500001,etf
KR7356540005,etf
KR7357870005,etf
KR7359210002,etf
KR7360140008,etf
KR7360150007,etf
KR7360200000,etf
KR7360750004,etf
KR7361580004,etf
KR7363510009,etf
KR7363570003,etf
KR7363580002,etf
KR7364690008,etf
KR7364960005,etf
KR7364970004,etf
KR7364980003,etf
KR7364990002,etf
KR7365000009,etf
KR7365040005,etf
KR7365780006,etf
KR7367380003,etf
KR7367740008,etf
KR7367760006,etf
KR7367770005,etf
KR7368190005,etf
KR7368590006,etf
KR7368680005,etf
KR7371150004,etf
KR7371160003,etf
KR7371450008,etf
KR7371460007,etf
KR7371470006,etf
KR7371870007,etf
KR7372330001,etf
KR7373490002,etf
KR7373790005,etf
KR7375270006,etf
KR7375760006,etf
KR7375770005,etf
KR7376410007,etf
KR7377990007,etf
KR7379780000,etf
KR7379790009,etf
KR7379800006,etf
KR7379810005,etf
KR7380340000,etf
KR7381170000,etf
KR7381180009,etf
KR7381560002,etf
KR7381570001,etf
KR7385510003,etf
KR7385520002,etf
KR7385540000,etf
KR7385550009,etf
KR7385560008,etf
KR7385590005,etf
KR7385600002,etf
KR7385710009,etf
KR7385720008,etf
KR7387270002,etf
KR7387280001,etf
KR7388280000,etf
KR7388420002,etf
KR7390390003,etf
KR7390400000,etf
KR7391600004,etf
KR7391670007,etf
KR7394660005,etf
KR7394670004,etf
KR7395150006,etf
KR7395160005,etf
KR7395170004,etf
KR7395270002,etf
KR7395280001,etf
KR7395290000,etf
KR7395750003,etf
KR7395760002,etf
KR7396500001,etf
KR7396510000,etf
KR7396520009,etf
KR7399110006,etf
KR7399580000,etf
KR7400570008,etf
KR7400580007,etf
KR7400590006,etf
KR7400970000,etf
KR7401170006,etf
KR7401470000,etf
KR7401590005,etf
KR7402460000,etf
KR7402970008,etf
KR7403790009,etf
KR7404120008,etf
KR7404260002,etf
KR7404540007,etf
KR7404650004,etf
KR7407300003,etf
KR7407310002,etf
KR7407820000,etf
KR7407830009,etf
KR7409810009,etf
KR7409820008,etf
KR7410870000,etf
KR7411060007,etf
KR7411420003,etf
KR7411540008,etf
KR7411860000,etf
KR7412560005,etf
KR7412570004,etf
KR7412770000,etf
KR7413220005,etf
KR7413930009,etf
KR7414270009,etf
KR7414780007,etf
KR7415340009,etf
KR7415760008,etf
KR7415920008,etf
KR7416090009,etf
KR7417450004,etf
KR7417630001,etf
KR7418660007,etf
KR7418670006,etf
KR7419420005,etf
KR7419430004,etf
KR7419650007,etf
KR7419890009,etf
KR7421320003,etf
KR7422420000,etf
KR7423160001,etf
KR7423170000,etf
KR7423920008,etf
KR7426020004,etf
KR7426030003,etf
KR7426150009,etf
KR7427120001,etf
KR7428510002,etf
KR7428560007,etf
KR7429000003,etf
KR7429010002,etf
KR7429740004,etf
KR7429760002,etf
KR7429980006,etf
KR7430500009,etf
KR7432600005,etf
KR7432840007,etf
KR7433220001,etf
KR7433250008,etf
KR7433330008,etf
KR7433500006,etf
KR7433880002,etf
KR7433970001,etf
KR7433980000,etf
KR7434060000,etf
KR7434730008,etf
KR7434960001,etf
KR7435040001,etf
KR7435420005,etf
KR7435530001,etf
KR7435540000,etf
KR7435550009,etf
KR7436140008,etf
KR7437070006,etf
KR7437080005,etf
KR7437350002,etf
KR7437370000,etf
KR7438080004,etf
KR7438100000,etf
KR7438320004,etf
KR7438330003,etf
KR7438560005,etf
KR7438570004,etf
KR7438740003,etf
KR7438900003,etf
KR7439860008,etf
KR7439870007,etf
KR7440340008,etf
KR7440640001,etf
KR7440650000,etf
KR7440910008,etf
KR7441540002,etf
KR7441640000,etf
KR7441680006,etf
KR7441800000,etf
KR7442090007,etf
KR7442260006,etf
KR7442320008,etf
KR7442550000,etf
KR7442560009,etf
KR7442570008,etf
KR7442580007,etf
KR7444200000,etf
KR7444490007,etf
KR7445150006,etf
KR7445290000,etf
KR7445690001,etf
KR7445910003,etf
KR7446690000,etf
KR7446700007,etf
KR7446720005,etf
KR7446770000,etf
KR7447430000,etf
KR7447620006,etf
KR7447660002,etf
KR7447770009,etf
KR7448100008,etf
KR7448290007,etf
KR7448300004,etf
KR7448330001,etf
KR7448490003,etf
KR7448540005,etf
KR7448570002,etf
KR7448630004,etf
KR7449170000,etf
KR7449180009,etf
KR7449190008,etf
KR7449450006,etf
KR7449580000,etf
KR7449680008,etf
KR7449690007,etf
KR7449770007,etf
KR7449780006,etf
KR7450180005,etf
KR7450190004,etf
KR7450910005,etf
KR7451000004,etf
KR7451060008,etf
KR7451150007,etf
KR7451530000,etf
KR7451540009,etf
KR7451600001,etf
KR7451670004,etf
KR7452250004,etf
KR7452360001,etf
KR7453010001,etf
KR7453060006,etf
KR7453080004,etf
KR7453330003,etf
KR7453630006,etf
KR7453640005,etf
KR7453650004,etf
KR7453660003,etf
KR7453810004,etf
KR7453820003,etf
KR7453850000,etf
KR7453870008,etf
KR7453950008,etf
KR7454180001,etf
KR7454320003,etf
KR7454780008,etf
KR7455030007,etf
KR7455660001,etf
KR7455850008,etf
KR7455860007,etf
KR7455890004,etf
KR7455960005,etf
KR7456200005,etf
KR7456250000,etf
KR7456600006,etf
KR7456610005,etf
KR7456680008,etf
KR7456880004,etf
KR7457480002,etf
KR7457690006,etf
KR7457700003,etf
KR7457930006,etf
KR7457990000,etf
KR7458030004,etf
KR7458210002,etf
KR7458250008,etf
KR7458260007,etf
KR7458730009,etf
KR7458750007,etf
KR7458760006,etf
KR7459560009,etf
KR7459580007,etf
KR7459750006,etf
KR7459790002,etf
KR7460270002,etf
KR7460660004,etf
KR7460960008,etf
KR7461340002,etf
KR7461450009,etf
KR7461460008,etf
KR7461490005,etf
KR7461500001,etf
KR7461580003,etf
KR7461600009,etf
KR7461900003,etf
KR7461910002,etf
KR7461950008,etf
KR7462010000,etf
KR7462330002,etf
KR7462340001,etf
KR7462900002,etf
KR7463050005,etf
KR7463250001,etf
KR7463290007,etf
KR7463300004,etf
KR7463640003,etf
KR7463680009,etf
KR7463690008,etf
KR7464240001,etf
KR7464310002,etf
KR7464470004,etf
KR7464600006,etf
KR7464610005,etf
KR7464920008,etf
KR7464930007,etf
KR7465330009,etf
KR7465350007,etf
KR7465580009,etf
KR7465610004,etf
KR7465620003,etf
KR7465660009,etf
KR7465670008,etf
KR7465780005,etf
KR7466810009,etf
KR7466920006,etf
KR7466930005,etf
KR7466940004,etf
KR7466950003,etf
KR7468370002,etf
KR7468380001,etf
KR7468630009,etf
KR7469050009,etf
KR7469060008,etf
KR7469070007,etf
KR7469150007,etf
KR7469160006,etf
KR7469170005,etf
KR7469530000,etf
KR7469790000,etf
KR7469830004,etf
KR7470310004,etf
KR7471040006,etf
KR7471230003,etf
KR7471460006,etf
KR7471760009,etf
KR7471780007,etf
KR7471990002,etf
KR7472150002,etf
KR7472160001,etf
KR7472170000,etf
KR7472720002,etf
KR7472830009,etf
KR7472840008,etf
KR7472870005,etf
KR7472920008,etf
KR7473290005,etf
KR7473330009,etf
KR7473440006,etf
KR7473460004,etf
KR7473490001,etf
KR7473590008,etf
KR7473640001,etf
KR7474220001,etf
KR7474390002,etf
KR7474590007,etf
KR7474800000,etf
KR7474920006,etf
KR7475050001,etf
KR7475070009,etf
KR7475080008,etf
KR7475260006,etf
KR7475270005,etf
KR7475280004,etf
KR7475300000,etf
KR7475310009,etf
KR7475350005,etf
KR7475380002,etf
KR7475630000,etf
KR7475720009,etf
KR7476000005,etf
KR7476030002,etf
KR7476070008,etf
KR7476260005,etf
KR7476310008,etf
KR7476450002,etf
KR7476550009,etf
KR7476690003,etf
KR7476750005,etf
KR7476760004,etf
KR7476800008,etf
KR7476850003,etf
KR7477050009,etf
KR7477080006,etf
KR7477490007,etf
KR7477730006,etf
KR7478150006,etf
KR7479080004,etf
KR7479520009,etf
KR7479620007,etf
KR7479730004,etf
KR7479850000,etf
KR7480020007,etf
KR7480030006,etf
KR7480040005,etf
KR7480260009,etf
KR7480310002,etf
KR7480460005,etf
KR7481050003,etf
KR7481060002,etf
KR7481180008,etf
KR7481190007,etf
KR7481340008,etf
KR7481430007,etf
KR7482030004,etf
KR7482730009,etf
KR7483020004,etf
KR7483030003,etf
KR7483280004,etf
KR7483290003,etf
KR7483320008,etf
KR7483330007,etf
KR7483340006,etf
KR7483570008,etf
KR7484790001,etf
KR7484880000,etf
KR7484890009,etf
KR7485540009,etf
KR7485690002,etf
KR7485810006,etf
KR7486240005,etf
KR7486290000,etf
KR7486450000,etf
KR7486830003,etf
KR7487130007,etf
KR7487230005,etf
KR7487240004,etf
KR7487340002,etf
KR7487750002,etf
KR7487910002,etf
KR7487920001,etf
KR7487950008,etf
KR7488080003,etf
KR7488200007,etf
KR7488210006,etf
KR7488290008,etf
KR7488480005,etf
KR7488500000,etf
KR7488720004,etf
KR7488770009,etf
KR7488980004,etf
KR7489000000,etf
KR7489030007,etf
KR7489250001,etf
KR7489290007,etf
KR7489860007,etf
KR7490090008,etf
KR7490330008,etf
KR7490480001,etf
KR7490490000,etf
KR7490590007,etf
KR7490600004,etf
KR7491010005,etf
KR7491090007,etf
KR7491220000,etf
KR7491230009,etf
KR7491510004,etf
KR7491610002,etf
KR7491620001,etf
KR7491630000,etf
KR7491700001,etf
KR7491820007,etf
KR7491830006,etf
KR7492500004,etf
KR7493420004,etf
KR7493810006,etf
KR7494180003,etf
KR7494210008,etf
KR7494220007,etf
KR7494300007,etf
KR7494310006,etf
KR7494330004,etf
KR7494340003,etf
KR7494410004,etf
KR7494420003,etf
KR7494670003,etf
KR7494840002,etf
KR7494890007,etf
KR7495040008,etf
KR7495050007,etf
KR7495060006,etf
KR7495230005,etf
KR7495330003,etf
KR7495550006,etf
KR7495750002,etf
KR7495850000,etf
KR7495940009,etf
KR7496020009,etf
KR7496080003,etf
KR7496090002,etf
KR7496120007,etf
KR7496130006,etf
KR7496770009,etf
KR7497510008,etf
KR7497520007,etf
KR7497570002,etf
KR7497780007,etf
KR7497880005,etf
KR7498050004,etf
KR7498180009,etf
KR7498270008,etf
KR7498400001,etf
KR7498410000,etf
KR7498610005,etf
KR7498860006,etf
KR7499150001,etf
KR7499660009,etf
KRG500000614,etf
KRG500000630,etf
KRG500000671,etf
KRG500000689,etf
KRG500000697,etf
KRG500000713,etf
KRG500000721,etf
KRG500000853,etf
KRG500000861,etf
KRG500000911,etf
KRG500000937,etf
KRG500000945,etf
KRG500000952,etf
KRG500000960,etf
KRG500000978,etf
KRG500000986,etf
KRG500000994,etf
KRG500001000,etf
KRG500001018,etf
KRG500001026,etf
KRG501500356,etf
KRG501500364,etf
KRG502100503,etf
KRG502100511,etf
KRG502400234,structured
KRG502400242,structured
KRG502400291,etf
KRG502400309,etf
KRG502400374,etf
KRG502400382,etf
KRG502400408,etf
KRG502400416,etf
KRG510000273,structured
KRG510000430,etf
KRG510000448,etf
KRG510000455,etf
KRG520000370,etf
KRG520000388,etf
KRG520000396,etf
KRG520000404,etf
KRG520000461,etf
KRG520000479,etf
KRG520000545,etf
KRG520000560,etf
KRG520000578,etf
KRG520000644,etf
KRG520000651,etf
KRG520000669,etf
KRG520000727,etf
KRG520000735,etf
KRG520000743,etf
KRG520000750,etf
KRG520000768,etf
KRG520000776,etf
KRG520000784,etf
KRG520000792,etf
KRG520000800,etf
KRG520000818,etf
KRG520000826,etf
KRG520000834,etf
KRG520000842,etf
KRG520000859,etf
KRG520000867,etf
KRG520000875,etf
KRG520000883,etf
KRG520000891,etf
KRG520000909,etf
KRG520000917,etf
KRG520000925,etf
KRG520000933,etf
KRG520000941,etf
KRG520000958,etf
KRG520000966,etf
KRG520000974,etf
KRG520000982,etf
KRG520000990,etf
KRG520001006,etf
KRG520001014,etf
KRG520001022,etf
KRG530000899,etf
KRG530000907,etf
KRG530000923,etf
KRG530000949,etf
KRG530000956,etf
KRG530000964,etf
KRG530001046,structured
KRG530001061,structured
KRG530001079,structured
KRG530001129,etf
KRG530001137,etf
KRG530001145,etf
KRG530001152,etf
KRG530001160,etf
KRG530001178,etf
KRG530001186,etf
KRG530001194,etf
KRG530001202,etf
KRG530001210,etf
KRG530001228,etf
KRG530001236,etf
KRG530001244,etf
KRG530001251,etf
KRG530001269,etf
KRG530001277,etf
KRG530001285,etf
KRG530001293,etf
KRG530001301,etf
KRG530001319,etf
KRG530001327,etf
KRG530001335,etf
KRG530001343,etf
KRG530001350,etf
KRG530001368,etf
KRG530001376,etf
KRG530001384,etf
KRG530001392,etf
KRG530001400,etf
KRG530001418,etf
KRG530001426,etf
KRG530001434,etf
KRG530001459,etf
KRG531400676,etf
KRG531800602,etf
KRG532400311,etf
KRG532400550,etf
KRG532400568,etf
KRG532400618,etf
KRG532400626,etf
KRG532400634,etf
KRG532400642,etf
KRG550000647,etf
KRG550000696,etf
KRG550000704,etf
KRG550000829,etf
KRG550000845,etf
KRG550000852,etf
KRG550000878,etf
KRG550000886,etf
KRG550000894,etf
KRG550000910,etf
KRG550000928,etf
KRG550000936,etf
KRG550000951,etf
KRG550000969,etf
KRG550000977,etf
KRG550000985,etf
KRG550000993,etf
KRG550001009,etf
KRG552100411,etf
KRG570000478,etf
KRG570000502,etf
KRG570000510,etf
KRG570000619,etf
KRG570000635,etf
KRG570000643,etf
KRG570000650,etf
KRG570000668,etf
KRG570000692,etf
KRG570000700,etf
KRG570000718,etf
KRG570000726,etf
KRG570000734,etf
KRG570000742,etf
KRG570000817,etf
KRG570000825,etf
KRG570000858,etf
KRG570000908,etf
KRG570000916,etf
KRG570000924,etf
KRG570000940,etf
KRG570000957,etf
KRG570000965,etf
KRG570000973,etf
KRG570000981,etf
KRG570000999,etf
KRG570001005,etf
KRG570001013,etf
KRG570001021,etf
KRG570001039,etf
KRG570001047,etf
KRG570001054,etf
KRG570001062,etf
KRG570001070,etf
KRG570001088,etf
KRG570001096,etf
KRG570001104,etf
KRG570001112,etf
KRG570001146,etf
KRG570001153,etf
KRG570001161,etf
KRG570001179,etf
KRG570001187,etf
KRG570001195,etf
KRG570001203,etf
KRG570001211,etf
KRG570001229,etf
KRG570001237,etf
KRG570001245,etf
KRG570001252,etf
KRG570001260,etf
KRG570001278,etf
KRG571100194,etf
KRG571100293,etf
KRG572100227,etf
KRG572100235,etf
KRG580000260,etf
KRG580000328,etf
KRG580000336,etf
KRG580000344,etf
KRG580000351,etf
KRG580000393,structured
KRG580000435,structured
KRG580000443,structured
KRG580000476,etf
KRG580000484,etf
KRG580000492,etf
KRG580000500,etf
KRG580000518,etf
KRG580000526,etf
KRG580000534,etf
KRG580000542,etf
KRG580000567,etf
KRG580000575,etf
KRG580000583,etf
KRG580000591,etf
KRG580000609,etf
KRG580000617,etf
KRG580000625,etf
KRG580000633,etf
KRG580000641,etf
KRG580000658,etf
KRG580000666,etf
KRG580000674,etf
KRG580000682,etf
KRG580000690,etf
KRG580000708,etf
KRG580000716,etf
KRG580000724,etf
KRG580000732,etf
KRG580000740,etf
KRG580000757,etf
KRG580000765,etf
KRG580000773,etf
KRG580000781,etf
KRG580000799,etf
KRG580000807,etf
KRG580000815,etf
KRG580000823,etf
KRG580000831,etf
KRG580000849,etf
KRG580000856,etf
KRG580000864,etf
KRG580000872,etf
KRG580000880,etf
KRG580000898,etf
KRG580000906,etf
KRG581100101,etf
KRG610000017,etf
KRG610000033,etf
KRG610000074,etf
KRG610000181,etf
KRG610000207,etf
KRG610000223,etf
KRG610000231,etf
KRG610000249,etf
KRG610000256,etf
KRG610000280,etf
KRG610000298,etf
KRG610000306,etf
KRG610000348,etf
KRG610000355,etf
KRG610000363,etf
KRG610000371,etf
KRG610000389,etf
KRG610000397,etf
KRG610000405,etf
KRG610000454,etf
KRG610000470,etf
KRG610000496,etf
KRG610000512,etf
KRG610000553,etf
KRG610000561,etf
KRG610000579,etf
KRG610000587,etf
KRG610000595,etf
KRG610000603,etf
KRG610000611,etf
KRG610000629,etf
KRG610000637,etf
KRG610000645,etf
KRG610000660,etf
KRG610000686,etf
KRG610000694,etf
KRG610000702,etf
KRG610000710,etf
KRG610000728,etf
KRG610000736,etf
KRG610000744,etf
KRG610000751,etf
KRG610000769,etf
KRG610000777,etf
KRG610000785,etf
KRG610000793,etf
KRG610000801,etf
KRG610000819,etf
KRG610000827,etf
KRG610000835,etf
KRG610000843,etf
KRG610000850,etf
KRG610000868,etf
KRG610000876,etf
KRG610000884,etf
KRG610000892,etf
KRG610000900,etf
KRG610000918,etf
KRG610000926,etf
KRG610000934,etf
KRG610000942,etf
KRG610000959,etf
KRG610000967,etf
KRG610000975,etf
KRG610000983,etf
KRG610000991,etf
KRG610001007,etf
KRG610001015,etf
KRG610001023,etf
KRG610001031,etf
KRG610001049,etf
KRG610001056,etf
KRG610001064,etf
KRG700000117,etf
KRG700000125,etf
KRG700000133,etf
KRG700000141,etf
KRG700000174,structured
KRG700000182,structured
KRG700000224,etf
KRG700000232,etf
KRG700000265,etf
KRG700000273,etf
KRG700000281,etf
KRG700000299,etf
KRG700000307,etf
KRG700000315,etf
KRG700000323,etf
KRG700000331,etf
KRG700000349,etf
KRG700000356,etf
KRG700000364,etf
KRG760000049,etf
KRG760000056,etf
KRG760000064,etf
KRG760000072,etf
KRG760000080,etf
KRG760000098,etf
KRG760000106,etf
KRG760000114,etf
KRG760000122,etf
KRG760000130,etf
KRG760000148,etf
KRG760000155,etf
KRG760000163,etf
KRG760000171,etf
KRG760000189,etf
KRG760000213,etf
KRG760000221,etf
KRG760000239,etf
KRG760000247,etf
KRG760000254,etf
KRG760000262,etf
KRG760000270,etf
KRG760000288,etf
KRG760000320,etf
KYG005821254,unit
KYG0081J1296,unit
KYG012921535,closedend
KYG013361251,unit
KYG013411171,unit
KYG015581161,unit
KYG0233J1269,unit
KYG0344N1236,unit
KYG034561293,unit
KYG041041164,unit
KYG041261275,unit
KYG045371179,unit
KYG0453R1213,unit
KYG0511G1257,unit
KYG0579E1290,unit
KYG0679A1269,unit
KYG0701G1257,unit
KYG0750N1209,unit
KYG0R30P1369,unit
KYG0R38G1206,unit
KYG0R78B1228,unit
KYG1051H1276,unit
KYG1051M1261,unit
KYG1143H1276,unit
KYG1148A1278,unit
KYG1154S1295,unit
KYG1170M1226,unit
KYG1196A1287,unit
KYG1368A1206,unit
KYG1535G1257,unit
KYG1810A1242,unit
KYG1871M1244,unit
KYG193161273,unit
KYG1955J1206,unit
KYG1R08A1272,unit
KYG1R59W1274,unit
KYG2003N1135,unit
KYG2104X1271,unit
KYG2131A1242,unit
KYG2131M1289,unit
KYG2132G1203,unit
KYG2254C1050,unit
KYG227411215,unit
KYG2284A1296,unit
KYG2294A1278,unit
KYG2296W1270,unit
KYG230171251,unit
KYG255071238,unit
KYG2584S1350,unit
KYG267451105,unit
KYG2775W1270,unit
KYG2851K1206,unit
KYG2867S1259,unit
KYG2868C1298,unit
KYG2946P1265,unit
KYG2949T1250,unit
KYG321681176,unit
KYG3226F1274,unit
KYG3303U1123,unit
KYG3415K1278,unit
KYG3473K1269,unit
KYG3530C1336,unit
KYG3624C1226,unit
KYG3645W1235,unit
KYG370681226,unit
KYG370731229,unit
KYG3710B1297,unit
KYG373071243,unit
KYG3730U1233,unit
KYG3793T1123,unit
KYG3810N1227,unit
KYG3933N1088,unit
KYG3R25N1241,unit
KYG400081231,unit
KYG4036C1143,unit
KYG407051088,etf
KYG4330A1296,unit
KYG4365E1290,unit
KYG4365S1286,unit
KYG440551128,unit
KYG4569C1270,unit
KYG470AU1269,unit
KYG4727U1269,unit
KYG4790S1232,unit
KYG479181268,unit
KYG4791J1224,unit
KYG4802J1296,unit
KYG4814G1212,unit
KYG490971275,unit
KYG4924G1284,unit
KYG4939F1155,unit
KYG4949K1206,unit
KYG4977S1286,unit
KYG500041291,unit
KYG507371162,unit
KYG5093B1216,unit
KYG5225W1261,unit
KYG5226B1216,unit
KYG5226N1253,unit
KYG5235S1232,unit
KYG5235S1315,unit
KYG525391143,unit
KYG5304D1227,unit
KYG531571225,unit
KYG5315G1221,unit
KYG534261212,unit
KYG5414D1299,unit
KYG5501C1252,unit
KYG5701H1222,unit
KYG5897M1740,closedend
KYG5897M2243,closedend
KYG5897M2326,closedend
KYG58A7W1201,unit
KYG6001S1232,unit
KYG6004G1266,unit
KYG6004M1235,unit
KYG6005T1278,unit
KYG6029D1245,unit
KYG6032N1271,unit
KYG604201254,unit
KYG6071J1287,unit
KYG6301L1251,unit
KYG631131235,unit
KYG632211242,unit
KYG633251239,unit
KYG6439S1259,unit
KYG6476A1287,unit
KYG6486E1281,unit
KYG6486G1230,unit
KYG6659W1371,unit
KYG6757R1213,unit
KYG6791A1269,unit
KYG6841G1230,unit
KYG6858G1230,unit
KYG6951A1224,unit
KYG6956D1218,unit
KYG698221234,unit
KYG6S74K1224,unit
KYG7010A1031,unit
KYG7115W1252,unit
KYG7117W1235,unit
KYG7134A1123,unit
KYG713821240,unit
KYG7257A1132,unit
KYG7315L1279,unit
KYG7318R1213,unit
KYG7341A1296,unit
KYG735911102,unit
KYG7375J1296,unit
KYG7490F1191,unit
KYG7515A1114,unit
KYG753891251,unit
KYG7553X1227,unit
KYG7576K1233,unit
KYG7610P1202,unit
KYG7633M1208,unit
KYG770AL1119,unit
KYG7862H1231,unit
KYG7S17G1112,unit
KYG806391002,closedend
KYG8118C1087,unit
KYG813061051,unit
KYG8148S1232,unit
KYG8193F1256,unit
KYG8251A1250,unit
KYG8254P1292,unit
KYG8274J1296,unit
KYG8280M1327,unit
KYG829341299,unit
KYG829411324,unit
KYG8375S1277,unit
KYG8431T1278,unit
KYG8443M1289,unit
KYG8475V1297,unit
KYG850961247,unit
KYG8557R1294,unit
KYG8559L1041,unit
KYG866521159,unit
KYG8772L1216,unit
KYG8773A1168,unit
KYG8775A1224,unit
KYG8858A1224,unit
KYG8T0881250,unit
KYG9009S1295,unit
KYG904201293,unit
KYG9145D1271,unit
KYG92ALM1242,unit
KYG9361H1092,closedend
KYG93Y0A1201,unit
KYG93Y7F1225,unit
KYG9582G1203,unit
KYG9600E1237,unit
KYG9601D1161,unit
KYG9640P1202,unit
KYG9709D1253,unit
KYG9717M1252,unit
KYG9831H1276,unit
KYG9833K1287,unit
KYG9834D1236,unit
KYG986591082,unit
KYG986651217,unit
KYG9877L1234,unit
KYG9R39C1291,unit
LK0492U00000,closedend
LK0498U00007,closedend
LK0511U00007,closedend
LU0048575426,closedend
LU0136234068,etf
LU0136234654,etf
LU0136240974,etf
LU0136242590,etf
LU0147308422,etf
LU0192223062,etf
LU0249326488,etf
LU0252633754,etf
LU0252634307,etf
LU0259322260,etf
LU0274208692,etf
LU0274209237,etf
LU0274209740,etf
LU0274210672,etf
LU0274211217,etf
LU0274211480,etf
LU0274212538,etf
LU0274221281,etf
LU0290355717,etf
LU0290356871,etf
LU0290356954,etf
LU0290357176,etf
LU0290357259,etf
LU0290357507,etf
LU0290357846,etf
LU0290357929,etf
LU0290358224,etf
LU0290358497,etf
LU0292095535,etf
LU0292096186,etf
LU0292097234,etf
LU0292097317,etf
LU0292097747,etf
LU0292100046,etf
LU0292100806,etf
LU0292103222,etf
LU0292103651,etf
LU0292104030,etf
LU0292104469,etf
LU0292104899,etf
LU0292105359,etf
LU0292106084,etf
LU0292106167,etf
LU0292106241,etf
LU0292106753,etf
LU0292107645,etf
LU0292107991,etf
LU0292108619,etf
LU0292109005,etf
LU0292109187,etf
LU0292109344,etf
LU0292109690,etf
LU0292109856,etf
LU0321462870,etf
LU0321462953,etf
LU0321464652,etf
LU0321465469,etf
LU0322248146,etf
LU0322250712,etf
LU0322250985,etf
LU0322251520,etf
LU0322252171,etf
LU0322252338,etf
LU0322252924,etf
LU0322253229,etf
LU0322253732,etf
LU0322253906,etf
LU0328473581,etf
LU0328474803,etf
LU0328475792,etf
LU0328476410,etf
LU0335044896,etf
LU0340285161,etf
LU0378818131,etf
LU0378818560,etf
LU0380865021,etf
LU0397221945,etf
LU0411075020,etf
LU0411075376,etf
LU0411078552,etf
LU0411078636,etf
LU0429458895,etf
LU0429459356,etf
LU0429790743,etf
LU0446734104,etf
LU0446734369,etf
LU0446734526,etf
LU0446734872,etf
LU0460391732,etf
LU0460391906,etf
LU0468896575,etf
LU0468897110,etf
LU0476289466,etf
LU0476289540,etf
LU0476289623,etf
LU0478205379,etf
LU0478205965,etf
LU0480132876,etf
LU0484968812,etf
LU0484968903,etf
LU0484969463,etf
LU0486851024,etf
LU0489337690,etf
LU0490618542,etf
LU0494592974,etf
LU0496786574,etf
LU0496786657,etf
LU0496786905,etf
LU0514694370,etf
LU0514694701,etf
LU0514695187,etf
LU0514695690,etf
LU0524480265,etf
LU0533032859,etf
LU0533033071,etf
LU0533033238,etf
LU0533033311,etf
LU0533033667,etf
LU0533033741,etf
LU0592215403,etf
LU0592216393,etf
LU0592217524,etf
LU0599612842,etf
LU0599613147,etf
LU0613540268,etf
LU0614173549,etf
LU0614173895,etf
LU0629459743,etf
LU0629460089,etf
LU0629460675,etf
LU0629460832,etf
LU0641006290,etf
LU0641006456,etf
LU0641006613,etf
LU0641007009,etf
LU0641007264,etf
LU0641007421,etf
LU0643975161,etf
LU0643975591,etf
LU0659578842,etf
LU0659579063,etf
LU0659579147,etf
LU0659579733,etf
LU0659580079,etf
LU0671493277,etf
LU0677077884,etf
LU0690964092,etf
LU0721552544,etf
LU0721552973,etf
LU0779800910,etf
LU0811899946,etf
LU0832435464,etf
LU0832436512,etf
LU0838780707,etf
LU0838782315,etf
LU0839027447,etf
LU0846194776,etf
LU0855692520,etf
LU0875160326,etf
LU0879397742,etf
LU0879399441,etf
LU0908500753,etf
LU0908501058,etf
LU0908501132,etf
LU0908508731,etf
LU0908508814,etf
LU0925589839,etf
LU0927735406,etf
LU0937836467,etf
LU0940748279,etf
LU0942970103,etf
LU0942970285,etf
LU0942970368,etf
LU0942970442,etf
LU0942970798,etf
LU0943504760,etf
LU0950381748,etf
LU0950668367,etf
LU0950668524,etf
LU0950668870,etf
LU0950669845,etf
LU0950670009,etf
LU0950670777,etf
LU0950670850,etf
LU0950671825,etf
LU0950672807,etf
LU0950674175,etf
LU0950674332,etf
LU0950674761,etf
LU0950674928,etf
LU0950676113,etf
LU0950676469,etf
LU0950677863,etf
LU0952581584,etf
LU0959210278,etf
LU0959210781,etf
LU0959211243,etf
LU0959211326,etf
LU0962071741,etf
LU0962078753,etf
LU0969639128,etf
LU0969639474,etf
LU0977261329,etf
LU0979892907,etf
LU0994505336,etf
LU1040688639,etf
LU1048313891,etf
LU1048313974,etf
LU1048314196,etf
LU1048314949,etf
LU1048315086,etf
LU1048315243,etf
LU1048315326,etf
LU1048315755,etf
LU1048316647,etf
LU1048316720,etf
LU1048317025,etf
LU1048317298,etf
LU1048317538,etf
LU1079841273,etf
LU1079841513,etf
LU1079842321,etf
LU1094612022,etf
LU1107559376,etf
LU1107559533,etf
LU1107559616,etf
LU1107559962,etf
LU1107560036,etf
LU1109939865,etf
LU1109941689,etf
LU1109942653,etf
LU1109943388,etf
LU1126036976,etf
LU1127514245,etf
LU1127516455,etf
LU1130155432,etf
LU1130155606,etf
LU1130155861,etf
LU1130156323,etf
LU1130156596,etf
LU1135865084,etf
LU1169819635,etf
LU1169819809,etf
LU1169819981,etf
LU1169820138,etf
LU1169820997,etf
LU1169821029,etf
LU1169821292,etf
LU1169821375,etf
LU1169821458,etf
LU1169821888,etf
LU1169822001,etf
LU1169822266,etf
LU1169822340,etf
LU1169822779,etf
LU1169825954,etf
LU1169827224,etf
LU1169830012,etf
LU1169830103,etf
LU1169830285,etf
LU1169830368,etf
LU1169830442,etf
LU1169830525,etf
LU1184092051,etf
LU1190417599,etf
LU1215415214,etf
LU1215451524,etf
LU1215452092,etf
LU1215452928,etf
LU1215454460,etf
LU1215461085,etf
LU1215461168,etf
LU1215461325,etf
LU1215461598,etf
LU1215461754,etf
LU1215827756,etf
LU1215828218,etf
LU1220245556,etf
LU1221100792,etf
LU1221102491,etf
LU1230136894,etf
LU1230561679,etf
LU1230563022,etf
LU1233598447,etf
LU1242369327,etf
LU1248511575,etf
LU1273488475,etf
LU1273488715,etf
LU1273489440,etf
LU1273641503,etf
LU1273642816,etf
LU1273642907,etf
LU1280300770,etf
LU1280300853,etf
LU1280303014,etf
LU1285959703,etf
LU1285959885,etf
LU1285960032,etf
LU1287022708,etf
LU1287023003,etf
LU1287023185,etf
LU1287023268,etf
LU1287023342,etf
LU1291097779,etf
LU1291098314,etf
LU1291098827,etf
LU1291099718,etf
LU1291101555,etf
LU1291102447,etf
LU1291103338,etf
LU1291104575,etf
LU1291106356,etf
LU1291108642,etf
LU1291109533,etf
LU1291109616,etf
LU1302703878,etf
LU1310477036,etf
LU1324510525,etf
LU1324516050,etf
LU1324516308,etf
LU1324516480,etf
LU1324516720,etf
LU1324517454,etf
LU1327051279,etf
LU1349386927,etf
LU1377381717,etf
LU1377382103,etf
LU1377382285,etf
LU1377382368,etf
LU1377382442,etf
LU1390062245,etf
LU1390062831,etf
LU1399300455,etf
LU1407887089,etf
LU1407887162,etf
LU1407887329,etf
LU1407887675,etf
LU1407887915,etf
LU1407888053,etf
LU1407888137,etf
LU1407888483,etf
LU1407888723,etf
LU1407888996,etf
LU1407889457,etf
LU1407890547,etf
LU1407890620,etf
LU1407890976,etf
LU1407891271,etf
LU1407892592,etf
LU1407893301,etf
LU1435356065,etf
LU1435356149,etf
LU1435356495,etf
LU1437015735,etf
LU1437016204,etf
LU1437017350,etf
LU1437018168,etf
LU1437018598,etf
LU1437018838,etf
LU1437024729,etf
LU1437025023,etf
LU1437025296,etf
LU1439943090,etf
LU1446552652,etf
LU1452600197,etf
LU1452600270,etf
LU1452600437,etf
LU1452600601,etf
LU1459799943,etf
LU1459800030,etf
LU1459800113,etf
LU1459801434,etf
LU1459801517,etf
LU1459801780,etf
LU1459801947,etf
LU1459802168,etf
LU1459802754,etf
LU1459802838,etf
LU1459803059,etf
LU1459803133,etf
LU1459803216,etf
LU1481201025,etf
LU1481201611,etf
LU1481201702,etf
LU1481202692,etf
LU1481203070,etf
LU1484799769,etf
LU1484799843,etf
LU1484799926,etf
LU1484800955,etf
LU1508359509,closedend
LU1525418643,etf
LU1525418726,etf
LU1547515053,etf
LU1547515137,etf
LU1547516291,etf
LU1563454310,etf
LU1563454401,etf
LU1563454823,etf
LU1563455630,etf
LU1563455713,etf
LU1574142243,etf
LU1589327680,etf
LU1589349734,etf
LU1598688189,etf
LU1598689153,etf
LU1598690169,etf
LU1598691050,etf
LU1598691217,etf
LU1600334798,etf
LU1602144575,etf
LU1602144732,etf
LU1602144906,etf
LU1602145036,etf
LU1603795458,etf
LU1603797587,etf
LU1615090864,etf
LU1615092217,etf
LU1617164998,etf
LU1645380368,etf
LU1645380442,etf
LU1645381689,etf
LU1645385839,etf
LU1645385912,etf
LU1645386217,etf
LU1645386308,etf
LU1645386480,etf
LU1645386647,etf
LU1646359619,etf
LU1646359882,etf
LU1646360039,etf
LU1646360542,etf
LU1646360971,etf
LU1646361276,etf
LU1650487413,etf
LU1650487926,etf
LU1650488494,etf
LU1650488817,etf
LU1650489385,etf
LU1650489898,etf
LU1650491282,etf
LU1650491795,etf
LU1650492173,etf
LU1650492256,etf
LU1650492330,etf
LU1650492504,etf
LU1655103486,etf
LU1655103643,etf
LU1655103726,etf
LU1659681230,etf
LU1659681313,etf
LU1659681586,etf
LU1659681669,etf
LU1681037518,etf
LU1681037609,etf
LU1681037781,etf
LU1681037864,etf
LU1681037948,etf
LU1681038086,etf
LU1681038169,etf
LU1681038243,etf
LU1681038326,etf
LU1681038599,etf
LU1681038672,etf
LU1681038839,etf
LU1681038912,etf
LU1681039050,etf
LU1681039134,etf
LU1681039217,etf
LU1681039308,etf
LU1681039480,etf
LU1681039647,etf
LU1681040223,etf
LU1681040496,etf
LU1681040900,etf
LU1681041031,etf
LU1681041114,etf
LU1681041205,etf
LU1681041460,etf
LU1681041544,etf
LU1681041627,etf
LU1681041890,etf
LU1681041973,etf
LU1681042435,etf
LU1681042518,etf
LU1681042609,etf
LU1681042864,etf
LU1681042948,etf
LU1681043086,etf
LU1681043169,etf
LU1681043599,etf
LU1681043672,etf
LU1681043912,etf
LU1681044050,etf
LU1681044308,etf
LU1681044480,etf
LU1681044563,etf
LU1681044647,etf
LU1681044720,etf
LU1681044993,etf
LU1681045024,etf
LU1681045297,etf
LU1681045370,etf
LU1681045453,etf
LU1681045537,etf
LU1681046006,etf
LU1681046188,etf
LU1681046261,etf
LU1681046345,etf
LU1681046691,etf
LU1681046774,etf
LU1681046857,etf
LU1681046931,etf
LU1681047079,etf
LU1681047236,etf
LU1681047319,etf
LU1681047400,etf
LU1681047665,etf
LU1681048127,etf
LU1681048556,etf
LU1681048630,etf
LU1681048713,etf
LU1681048804,etf
LU1681049018,etf
LU1681049109,etf
LU1686830065,etf
LU1686830909,etf
LU1686831030,etf
LU1686832194,etf
LU1686832277,etf
LU1691909508,etf
LU1708330235,etf
LU1708330318,etf
LU1720938841,etf
LU1720938924,etf
LU1737652310,etf
LU1737652583,etf
LU1737652823,etf
LU1737653631,etf
LU1737653714,etf
LU1737653987,etf
LU1737654019,etf
LU1750178011,etf
LU1753045332,etf
LU1753045415,etf
LU1753045845,etf
LU1753045928,etf
LU1772333404,etf
LU1778293313,etf
LU1781541096,etf
LU1781541252,etf
LU1781541682,etf
LU1781541849,etf
LU1804202403,etf
LU1805389258,etf
LU1805389506,etf
LU1806495575,etf
LU1812090543,etf
LU1812091194,etf
LU1812092168,etf
LU1829218749,etf
LU1829218822,etf
LU1829219127,etf
LU1829219390,etf
LU1829219556,etf
LU1829219713,etf
LU1829220133,etf
LU1829220216,etf
LU1829221024,etf
LU1832418773,etf
LU1834983477,etf
LU1834983550,etf
LU1834983634,etf
LU1834985845,etf
LU1834986900,etf
LU1834987890,etf
LU1834987973,etf
LU1834988278,etf
LU1834988518,etf
LU1834988609,etf
LU1834988781,etf
LU1834988864,etf
LU1841731745,etf
LU1847674733,etf
LU1852211215,etf
LU1852211561,etf
LU1852211645,etf
LU1852211991,etf
LU1852212023,etf
LU1852212965,etf
LU1859444769,etf
LU1861132840,etf
LU1861137484,etf
LU1861138961,etf
LU1875395870,etf
LU1900065811,etf
LU1900066033,etf
LU1900066207,etf
LU1900066462,etf
LU1900066975,etf
LU1900067601,etf
LU1900067940,etf
LU1900068161,etf
LU1900068328,etf
LU1900068914,etf
LU1900069219,etf
LU1910939849,etf
LU1910940268,etf
LU1910940425,etf
LU1920015366,etf
LU1920015440,etf
LU1920015523,etf
LU1920015796,etf
LU1923163676,etf
LU1923163759,etf
LU1931974262,etf
LU1931974429,etf
LU1931974775,etf
LU1931975079,etf
LU1931975152,etf
LU1931975236,etf
LU1931975319,etf
LU1940199711,etf
LU1940199984,etf
LU1950341179,etf
LU1953136287,etf
LU1953136527,etf
LU1953137681,etf
LU1953188833,etf
LU1954152853,etf
LU1971906802,etf
LU1971906984,etf
LU1974693662,etf
LU1974694397,etf
LU1974694470,etf
LU1974694553,etf
LU1974694637,etf
LU1974695790,etf
LU1974696095,etf
LU1974696418,etf
LU1981859819,etf
LU1981860072,etf
LU1981860239,etf
LU1981860585,etf
LU1981860668,etf
LU1981860742,etf
LU2008760592,etf
LU2008761053,etf
LU2008763935,etf
LU2009147591,etf
LU2009147757,etf
LU2009202107,etf
LU2018762653,etf
LU2018762901,etf
LU2023678282,etf
LU2023678449,etf
LU2023678878,etf
LU2023679090,etf
LU2037748345,etf
LU2037748774,etf
LU2037749152,etf
LU2050966394,etf
LU2059756325,etf
LU2059756598,etf
LU2059756754,etf
LU2069380306,etf
LU2082996112,etf
LU2082996385,etf
LU2082996542,etf
LU2082997359,etf
LU2082997516,etf
LU2082997789,etf
LU2082997946,etf
LU2082998167,etf
LU2082998837,etf
LU2082999058,etf
LU2082999132,etf
LU2082999215,etf
LU2082999306,etf
LU2089238039,etf
LU2089238112,etf
LU2089238385,etf
LU2089238625,etf
LU2089238898,etf
LU2089238971,etf
LU2089239193,etf
LU2089239276,etf
LU2090062352,etf
LU2090062436,etf
LU2090062600,etf
LU2090062782,etf
LU2090062865,etf
LU2090062949,etf
LU2090063160,etf
LU2090063327,etf
LU2090063673,etf
LU2093217771,etf
LU2095995895,etf
LU2098179695,etf
LU2098180271,etf
LU2098887180,etf
LU2099288503,etf
LU2099289147,etf
LU2099295466,etf
LU2099296274,etf
LU2099991536,etf
LU2099991882,etf
LU2099992005,etf
LU2099992187,etf
LU2099992260,etf
LU2109787049,etf
LU2109787551,etf
LU2109787635,etf
LU2130768844,etf
LU2133056387,etf
LU2158769930,etf
LU2178481649,etf
LU2181361846,etf
LU2182388152,etf
LU2182388236,etf
LU2182388582,etf
LU2182388665,etf
LU2182388749,etf
LU2194286006,etf
LU2194447293,etf
LU2194449075,etf
LU2195226068,etf
LU2196470426,etf
LU2196472984,etf
LU2196473016,etf
LU2197908721,etf
LU2206597804,etf
LU2206598109,etf
LU2216829809,etf
LU2233156582,etf
LU2233156749,etf
LU2240851688,etf
LU2244386053,etf
LU2244386137,etf
LU2244387457,etf
LU2244387887,etf
LU2250132763,etf
LU2263803533,etf
LU2265794276,etf
LU2265794789,etf
LU2265794946,etf
LU2266995542,etf
LU2269164310,etf
LU2277591868,etf
LU2278080713,etf
LU2296661775,etf
LU2297533809,etf
LU2300294316,etf
LU2300294589,etf
LU2300294746,etf
LU2300295123,etf
LU2314312849,etf
LU2314312922,etf
LU2338178481,etf
LU2339731064,etf
LU2343997487,etf
LU2345046655,etf
LU2346257210,etf
LU2355200523,etf
LU2355200796,etf
LU2356220926,etf
LU2361257269,etf
LU2365458145,etf
LU2365458731,etf
LU2365458814,etf
LU2368674045,etf
LU2368674631,etf
LU2368674714,etf
LU2370241684,etf
LU2376679564,etf
LU2382233182,etf
LU2385068163,etf
LU2385068247,etf
LU2385068320,etf
LU2385068593,etf
LU2391437253,etf
LU2402389261,etf
LU2408467723,etf
LU2408468291,etf
LU2408468887,etf
LU2418815390,etf
LU2418815473,etf
LU2439113387,etf
LU2439119236,etf
LU2439733507,etf
LU2439734141,etf
LU2439735890,etf
LU2439874319,etf
LU2446383254,etf
LU2446383338,etf
LU2451511526,etf
LU2456436083,etf
LU2462217071,etf
LU2468423459,etf
LU2469335298,etf
LU2469335371,etf
LU2469335538,etf
LU2469335611,etf
LU2469335884,etf
LU2469465822,etf
LU2470620761,etf
LU2470620845,etf
LU2470620928,etf
LU2484583138,etf
LU2484583302,etf
LU2490201840,etf
LU2491210618,etf
LU2491211004,etf
LU2504532131,etf
LU2504532487,etf
LU2504537445,etf
LU2523865728,etf
LU2523865991,etf
LU2523866023,etf
LU2523866296,etf
LU2523866379,etf
LU2533810276,etf
LU2533810789,etf
LU2533810862,etf
LU2533811910,etf
LU2533812058,etf
LU2533812728,etf
LU2533812991,etf
LU2533813023,etf
LU2533813296,etf
LU2552296563,etf
LU2555926372,etf
LU2555926455,etf
LU2564007743,etf
LU2572256662,etf
LU2572256746,etf
LU2572257124,etf
LU2572257397,etf
LU2572257470,etf
LU2573966905,etf
LU2573967036,etf
LU2581375073,etf
LU2581375156,etf
LU2581375230,etf
LU2606055775,etf
LU2606231335,etf
LU2606231418,etf
LU2608817958,etf
LU2610432036,etf
LU2611731667,etf
LU2611731741,etf
LU2611731824,etf
LU2611732046,etf
LU2611732129,etf
LU2611732475,etf
LU2611732558,etf
LU2611732632,etf
LU2611732806,etf
LU2616774076,etf
LU2616776444,etf
LU2621112452,etf
LU2641054122,etf
LU2641054551,etf
LU2641925016,etf
LU2655993207,etf
LU2662649412,etf
LU2662649503,etf
LU2662649685,etf
LU2668197069,etf
LU2673522830,etf
LU2673522913,etf
LU2673523051,etf
LU2673523135,etf
LU2673523218,etf
LU2673523309,etf
LU2673523481,etf
LU2673523564,etf
LU2675291913,etf
LU2678230652,etf
LU2679277744,etf
LU2697596745,etf
LU2697596828,etf
LU2697597552,etf
LU2697597719,etf
LU2742532745,etf
LU2742532828,etf
LU2742533552,etf
LU2742533636,etf
LU2755521270,etf
LU2780870932,etf
LU2780871237,etf
LU2780871310,etf
LU2780871401,etf
LU2780871666,etf
LU2780871823,etf
LU2780872128,etf
LU2785470191,etf
LU2788421340,etf
LU2798094087,etf
LU2798197641,etf
LU2800573128,etf
LU2807512947,etf
LU2807513168,etf
LU2809864296,etf
LU2809864452,etf
LU2809864619,etf
LU2810185665,etf
LU2823895250,etf
LU2823895763,etf
LU2823895847,etf
LU2823896738,etf
LU2823896811,etf
LU2825556892,etf
LU2825557270,etf
LU2859297330,etf
LU2859392081,etf
LU2868143954,etf
LU2868144093,etf
LU2870272577,etf
LU2870272650,etf
LU2870272734,etf
LU2870272908,etf
LU2870273039,etf
LU2870273203,etf
LU2870273385,etf
LU2872291435,etf
LU2872291781,etf
LU2872291948,etf
LU2872292086,etf
LU2872292169,etf
LU2872292243,etf
LU2873560481,etf
LU2873560564,etf
LU2880762195,etf
LU2880762781,etf
LU2880762948,etf
LU2881684745,etf
LU2891727930,etf
LU2891728078,etf
LU2895488661,etf
LU2898088419,etf
LU2898088500,etf
LU2903252349,etf
LU2914157412,etf
LU2914558916,etf
LU2924149862,etf
LU2924150019,etf
LU2924150282,etf
LU2924154193,etf
LU2928641757,etf
LU2929405640,etf
LU2932780914,etf
LU2941599081,etf
LU2941599164,etf
LU2941599248,etf
LU2941599594,etf
LU2941599834,etf
LU2951555403,etf
LU2951555585,etf
LU2970735911,etf
LU2976312335,etf
LU2976312418,etf
LU2976313812,etf
LU2976314208,etf
LU2976314463,etf
LU2976314620,etf
LU2976315601,etf
LU2976315866,etf
LU2976318613,etf
LU2976318886,etf
LU2976319009,etf
LU2976320866,etf
LU2976321161,etf
LU2976321328,etf
LU2977964027,etf
LU2977996904,etf
LU2977997118,etf
LU2977997209,etf
LU2977997381,etf
LU2991918421,etf
LU2993390504,etf
LU2993390686,etf
LU2993390769,etf
LU2993390843,etf
LU2993392898,etf
LU2993394241,etf
LU2993397939,etf
LU2993401392,etf
LU2993402101,etf
LU2994520851,etf
LU2994520935,etf
LU2994521073,etf
LU2994521669,etf
LU2996613266,etf
LU2997383372,etf
LU3003217554,etf
LU3003217638,etf
LU3003217711,etf
LU3003217984,etf
LU3003218016,etf
LU3003218107,etf
LU3003218362,etf
LU3003218446,etf
LU3003218792,etf
LU3003218958,etf
LU3008629340,etf
LU3019781460,etf
LU3025345516,etf
LU3025345789,etf
LU3025346910,etf
LU3028243122,etf
LU3028243478,etf
LU3028243718,etf
LU3028243981,etf
LU3035799587,etf
LU3038520774,etf
LU3046359165,etf
LU3046617802,etf
LU3046617984,etf
LU3046618362,etf
LU3046618446,etf
LU3047998896,etf
LU3047998979,etf
LU3053349364,etf
LU3053349448,etf
LU3053350024,etf
LU3053350610,etf
LU3053351261,etf
LU3053352152,etf
LU3061478973,etf
LU3065084744,etf
LU3065087333,etf
LU3065094974,etf
LU3065096839,etf
LU3065099932,etf
LU3075459852,etf
LU3078637314,etf
LU3078637405,etf
LU3078637660,etf
LU3079566835,etf
LU3079566918,etf
LU3079567056,etf
LU3079567130,etf
LU3086262709,etf
LU3086264317,etf
LU3086265710,etf
LU3086267096,etf
LU3086268227,etf
LU3086268573,etf
LU3086269894,etf
LU3086271106,etf
LU3086271288,etf
LU3086272419,etf
LU3086273813,etf
LU3086388124,etf
LU3093383670,etf
LU3098954871,etf
LU3104524593,etf
LU3116008346,etf
LU3116008429,etf
LU3116008692,etf
LU3116008775,etf
LU3119430067,etf
LU3119430141,etf
LU3119430224,etf
LU3119430497,etf
LU3119430570,etf
LU3119987140,etf
LU3120976132,etf
LU3121015211,etf
LU3121015484,etf
LU3121015567,etf
LU3121019551,etf
LU3122198321,etf
LU3123443510,etf
LU3125583602,etf
LU3132432900,etf
LU3132433031,etf
LU3138596492,etf
LU3138596575,etf
LU3142893745,etf
LU3146950038,etf
LU3147499878,etf
LU3147499951,etf
LU3152892546,etf
LU3152892629,etf
LU3168133059,etf
LU3173209654,etf
LU3174346000,etf
LU3178805456,etf
LU3180074463,etf
LU3195985372,etf
LU3206575048,etf
LU3206582846,etf
LU3206582929,etf
LU3206583067,etf
LU3206583901,etf
LU3215527659,etf
LU3215529275,etf
LU3215530521,etf
LU3215536486,etf
LU3215538003,etf
LU3215539589,etf
LU3215541056,etf
LU3227156927,etf
LU3231307524,etf
LU3243907741,etf
LU3243965780,etf
LU3249968184,etf
LU3250315499,etf
LU3254330437,etf
LU3254330601,etf
LU3254343414,etf
LU3254394912,etf
LU3254395307,etf
LU3256186639,etf
LU3257630437,etf
LU3257630510,etf
LU3259261470,etf
LU3277835305,etf
LU3281687312,etf
LU3281687668,etf
LU3281687825,etf
LU3281688120,etf
LU3281688476,etf
LU3281688633,etf
LU3281688807,etf
LU3284391318,etf
LU3299677271,etf
LU3299677438,etf
LU3299677511,etf
LU3307214216,etf
LU3307215619,etf
LU3307215700,etf
LU3307218399,etf
LU3307219520,etf
LU3307219793,etf
LU3307220965,etf
LU3307281595,etf
LU3322521785,etf
LU3322522080,etf
LU3322522163,etf
LU3322522247,etf
LU3322522593,etf
LU3332965949,etf
LU3332966160,etf
LU3333849068,etf
LU3334220699,etf
LU3351069201,etf
LU3359622902,etf
LU3367672022,etf
LU3367672295,etf
LU3370249040,etf
LU3386643970,etf
LU3401048387,etf
LU3401048460,etf
LU3401048544,etf
LU3402750635,etf
LU3405561609,etf
LU3411931689,etf
MX01KO000002,unit
MX1BAN040008,etf
MX1BCH080000,etf
MX1BDI0I0005,etf
MX1BDL030008,etf
MX1BES040009,etf
MX1BFI1E0003,etf
MX1BGE0L0002,etf
MX1BIV080006,etf
MX1BME0F0008,etf
MX1BNA060014,etf
MX1BQV000004,etf
MX1BSM020001,etf
MX1BVM010007,etf
MXP320321310,unit
MYL0800EA002,etf
MYL0820EA000,etf
MYL0821EA008,etf
MYL0823EA004,etf
MYL0824EA002,etf
MYL0825EA009,etf
MYL0827EA005,etf
MYL0828EA003,etf
MYL0829EA001,etf
MYL0829EB009,etf
MYL0834EA001,etf
MYL0838EA002,etf
MYL0839EA000,etf
MYL5108FO003,closedend
NGCHDNIDF005,closedend
NGCNIF000007,closedend
NGMOFIREIF00,closedend
NL0000286318,closedend
NL0000287126,closedend
NL0000289817,closedend
NL0000293140,closedend
NL0000293165,closedend
NL0000293173,closedend
NL0000293181,closedend
NL0000293348,closedend
NL0000442077,closedend
NL0006294092,closedend
NL0006311706,closedend
NL0006311771,closedend
NL0009272749,etf
NL0009272764,etf
NL0009272772,etf
NL0009272780,etf
NL0009690239,etf
NL0009690247,etf
NL0009690254,etf
NL0010273801,etf
NL0010408704,etf
NL0010558805,closedend
NL0010731816,etf
NL0011683594,etf
NL0011923057,etf
NL0014270225,closedend
NL0014270308,closedend
NL0015002QB9,closedend
NO0010257801,etf
NZAGGE0006S8,etf
NZAPAE0002S1,etf
NZASDE0001S1,etf
NZASFE0001S6,etf
NZASPE0001S5,etf
NZASRE0001S1,etf
NZAUEE0001S5,etf
NZAUSE0009S8,etf
NZBOTE0008S9,etf
NZBRME0001S2,closedend
NZBTCE0001S9,etf
NZDIVE0001S8,etf
NZEMFE0001S1,etf
NZEMGE0007S6,etf
NZESGE0008S1,etf
NZEUFE0001S4,etf
NZEUGE0007S9,etf
NZFNZE0002S2,etf
NZFSFE0001S5,closedend
NZGBFE0001S9,etf
NZGGBE0001S7,etf
NZGLDE0001S3,etf
NZGPRE0001S4,etf
NZINFE0008S5,etf
NZJPNE0009S0,etf
NZKFLE0001S0,closedend
NZLIVE0008S6,etf
NZMDZE0002S9,etf
NZMZYE0002S5,etf
NZNGBE0008S8,etf
NZNPFE0001S5,etf
NZNZBE0001S3,etf
NZNZCE0001S1,etf
NZNZGE0009S5,etf
NZNZTE0001S5,etf
NZOZYE0002S1,etf
NZTNZE0002S3,etf
NZTWFE0001S8,etf
NZTWHE0009S7,etf
NZUSAE0009S8,etf
NZUSFE0001S4,etf
NZUSGE0001S2,etf
NZUSHE0001S0,etf
NZUSME0001S0,etf
NZUSSE0001S7,etf
NZUSTE0001S5,etf
NZUSVE0001S1,etf
PEP790058007,etf
PEP790539FD7,closedend
PEP790559FD5,closedend
PEP790569FD4,closedend
PEP790879FD7,closedend
PEP798008004,etf
PHY2491F1195,closedend
PHY4255C1000,etf
PLBETF200011,etf
PLBETF400025,etf
PLBETFN00018,etf
PLBETFS00017,etf
PLBETWT00010,etf
PLBEW2L00019,etf
PLBPHBC00011,closedend
PLBPHBD00019,closedend
PLBPHBP00013,mutual
PLBPHMI00015,closedend
PLBSWTR00014,etf
PLBTBSP00012,etf
PLBTETF00015,etf
PLBTFBN00014,etf
PLBTFDP00015,etf
PLBTN2S00018,etf
PLBTN3L00011,etf
PLBTRLV00011,etf
PLBTRSH00015,etf
PLC239800079,closedend
PLC240000131,closedend
PLC240300218,closedend
PLC249000017,closedend
PLIBURU00017,mutual
PLINVGL00012,mutual
PLINVST00010,closedend
PLIPBNT00018,closedend
PLLEGMS00019,closedend
PLOFOPR00019,closedend
PLPKOAS00016,mutual
PLPKOGB00019,closedend
PLPKOGD00015,mutual
PLPKOSO00017,closedend
PLPZUDG00010,etf
PLPZUFIZ0010,closedend
PLPZUGD00010,etf
PLPZULG00013,closedend
PLPZUMW00018,etf
PLPZUTR00013,etf
PLPZUZM00011,etf
PLQMFIZ00016,closedend
PLTPPFZ00018,closedend
PTGFIBIM0004,closedend
ROETF0000019,etf
ROFIIN000015,closedend
ROFPTAACNOR5,closedend
ROGEF1KGQBE5,etf
ROI5QA8H0ES9,etf
ROR9ULE5VKA1,etf
ROVI0N2LBO40,etf
ROX7TXYKFM40,etf
RU000A0ZZH92,etf
RU000A1000F9,etf
RU000A1000Q6,etf
RU000A1002S8,etf
RU000A100P44,etf
RU000A1011S9,etf
RU000A1011T7,etf
RU000A1011U5,etf
RU000A101368,etf
RU000A1014L8,etf
RU000A101EJ5,etf
RU000A101NZ2,etf
RU000A101PN3,etf
RU000A101R66,etf
RU000A101X50,etf
RU000A101X76,etf
RU000A1020A8,etf
RU000A1024P8,etf
RU000A102E78,etf
RU000A102N02,etf
RU000A102ST2,etf
RU000A102XX4,etf
RU000A1030R1,etf
RU000A1035L3,etf
RU000A1035N9,etf
RU000A1035Q2,etf
RU000A1035R0,etf
RU000A1035S8,etf
RU000A1037V8,etf
RU000A1039N1,etf
RU000A103BX8,etf
RU000A103CA4,etf
RU000A103FW1,etf
RU000A103LL2,etf
RU000A103NR5,etf
RU000A103RF1,etf
RU000A103TD2,etf
RU000A103ZQ1,etf
RU000A1045N8,etf
RU000A1047H6,etf
RU000A104FE7,etf
RU000A104X08,etf
RU000A104Z22,etf
RU000A105385,etf
RU000A105PU9,etf
RU000A105SN8,etf
RU000A106DL2,etf
RU000A106J53,etf
RU000A106XY3,etf
RU000A107563,etf
RU000A107597,etf
RU000A107H96,etf
RU000A107KJ9,etf
RU000A107KW2,etf
RU000A108355,etf
RU000A108BL2,etf
RU000A108G96,etf
RU000A108P04,etf
RU000A108VV9,etf
RU000A108WX3,etf
RU000A108X20,etf
RU000A108ZJ5,etf
RU000A109866,etf
RU000A109JU4,etf
RU000A109LD6,etf
RU000A109PQ9,etf
RU000A109T66,etf
RU000A109VF0,etf
RU000A109X11,etf
RU000A10A0N6,etf
RU000A10A0X5,etf
RU000A10A1L8,etf
RU000A10A7V4,etf
RU000A10AF15,etf
RU000A10AFG4,etf
RU000A10AFH2,etf
RU000A10ASR4,etf
RU000A10AU81,etf
RU000A10AUA6,etf
RU000A10B0G9,etf
RU000A10B5N4,etf
RU000A10B5P9,etf
RU000A10B6F8,etf
RU000A10B7P5,etf
RU000A10BBR8,etf
RU000A10BBT4,etf
RU000A10BBU2,etf
RU000A10BCM7,etf
RU000A10BHQ7,etf
RU000A10BJF6,etf
RU000A10BXL5,etf
RU000A10BXM3,etf
RU000A10C0W5,etf
RU000A10CG53,etf
RU000A10CKU1,etf
RU000A10CKV9,etf
RU000A10CTD8,etf
RU000A10CW79,etf
RU000A10ECQ2,etf
RU000A10EQZ3,etf
RU000A10F561,etf
RU000A10F6R9,etf
RU000A10F9W3,etf
RU000A10F9X1,etf
RU000A10F9Y9,etf
RU000A10FA23,etf
RU000A10FA31,etf
RU000A10FA49,etf
RU000A10FA80,etf
RU000A10FAA7,etf
RU000A10FCC9,etf
RU000A10FLY4,etf
SA12HGA4IS40,etf
SA12L0A4ISH8,etf
SA12T0A4IT43,etf
SA151054ITK3,etf
SA1511I4IU49,etf
SA151G54IUK7,etf
SA1560529E57,etf
SA15HG54IV42,etf
SA15KG54HA19,closedend
SA15OG54IVK6,etf
SA160G54J043,etf
SA1620529F58,closedend
SA162G529FL8,closedend
SA162G54J0L6,etf
SA165054J149,etf
SA165054J1K7,etf
SA168G54J251,etf
SA16JG54J2L5,etf
SE0000693293,etf
SE0001056045,etf
SE0001710914,etf
SE0007126024,etf
SE0007491261,etf
SE0007525332,etf
SE0007897384,closedend
SE0009778954,etf
SE0010296582,etf
SE0011452127,etf
SE0020541639,etf
SE0021149259,etf
SE0021309754,etf
SE0021486156,etf
SE0023260716,etf
SE0024417356,etf
SE0024738389,etf
SE0025159833,etf
SE0026821282,etf
SE0027598038,etf
SE0027598202,etf
SE0028425314,etf
SG1D68018564,mutual
SG1DB9000009,etf
SG1DE9000003,etf
SG1DJ3000008,etf
SG1S08926457,etf
SG1T41930465,etf
SG1U66934613,closedend
SG1W45939194,etf
SG1X52941694,etf
SG1Y89950071,etf
SG2D32970329,etf
SG2D83975482,etf
SG9999002026,etf
SGXC10762612,etf
SGXC15225995,etf
SGXC20553779,etf
SGXC22115700,etf
SGXC22380163,etf
SGXC25065050,etf
SGXC29409643,etf
SGXC30096447,etf
SGXC30293382,etf
SGXC32426998,etf
SGXC34971074,etf
SGXC35358685,etf
SGXC39575946,etf
SGXC42834322,etf
SGXC45242093,etf
SGXC47301129,etf
SGXC49949461,etf
SGXC54700155,etf
SGXC55887332,etf
SGXC56627679,etf
SGXC57624527,etf
SGXC58537918,etf
SGXC60641310,etf
SGXC60722623,etf
SGXC61123532,etf
SGXC68808515,etf
SGXC70121915,etf
SGXC71124538,etf
SGXC73602341,closedend
SGXC76498291,etf
SGXC77800768,etf
SGXC85425921,etf
SGXC85914460,etf
SGXC89667486,etf
SGXC98031534,etf
SGXPU03C7780,etf
SGXZ44536704,closedend
SI0027400017,etf
SI0027400025,etf
TH0827010008,closedend
TH0848010003,closedend
TH0852010006,closedend
TH0948010002,closedend
TH0974010009,closedend
TH0982010009,closedend
TH0983010008,closedend
TH0998010001,closedend
TH1004010001,closedend
TH1013010000,closedend
TH1039010000,closedend
TH1057010007,closedend
TH1060010002,closedend
TH3769010002,closedend
TH4447010000,closedend
TH5097010000,closedend
TH5123010008,closedend
TH6024010006,closedend
TH6247010007,closedend
TH6585010007,closedend
TH6861010002,etf
TH7642010006,closedend
TH8061010006,closedend
TH8092010009,etf
TH9914010003,closedend
THBMCG070000,etf
THBOTZ070006,etf
THHERO070007,etf
THSE50070002,etf
THSE50070028,etf
THSE50070036,etf
THSE50070044,etf
THSEHD070009,etf
THSPDR070012,etf
THWE00070007,etf
TRAISYAT91Q5,closedend
TREIGSY00019,closedend
TREMRYO00017,closedend
TREVRSA00019,closedend
TRMCU1WWWWW3,etf
TRYAKPO01540,etf
TRYAKPO01557,etf
TRYFNBK00030,etf
TRYFNBK00055,etf
TRYFNBK00089,etf
TRYISPO01397,etf
TRYOSMP00201,etf
TRYOSMP00227,etf
TRYOSMP00235,etf
TRYOSMP00243,etf
TRYOSMP00268,etf
TRYZIPO00113,etf
TRYZIPO00121,etf
TRYZIPO00162,etf
TRYZIPO00188,etf
TRYZIPO00212,etf
TRYZIPO00220,etf
TRYZIPO00295,etf
TRYZIPO00873,etf
TW00000400A3,etf
TW00000401A1,etf
TW00000402A9,etf
TW00000403A7,etf
TW00000404A5,etf
TW00000405A2,etf
TW00000406A0,etf
TW00000407A8,etf
TW00000408A6,etf
TW00000410A2,etf
TW00000411A0,etf
TW0000050004,etf
TW0000051002,etf
TW0000052000,etf
TW0000053008,etf
TW0000055003,etf
TW0000056001,etf
TW0000057009,etf
TW0000061001,etf
TW0000062017,etf
TW0000062033,etf
TW0000062041,etf
TW0000062058,etf
TW0000062066,etf
TW0000062074,etf
TW0000062082,etf
TW00000631L0,etf
TW00000632R5,etf
TW00000633L6,etf
TW00000634R1,etf
TW00000635U2,etf
TW0000063601,etf
TW00000636K1,etf
TW00000637L7,etf
TW00000638R2,etf
TW0000063908,etf
TW00000640L1,etf
TW00000641R6,etf
TW00000642U8,etf
TW0000064302,etf
TW00000643K7,etf
TW0000064500,etf
TW0000064609,etf
TW00000647L6,etf
TW00000648R1,etf
TW00000650L0,etf
TW00000651R5,etf
TW0000065200,etf
TW00000653L4,etf
TW00000654R9,etf
TW00000655L9,etf
TW00000656R4,etf
TW0000065705,etf
TW00000657K7,etf
TW0000066000,etf
TW0000066109,etf
TW0000066208,etf
TW00000663L3,etf
TW00000664R8,etf
TW00000665L8,etf
TW00000666R3,etf
TW0000066802,etf
TW00000668K4,etf
TW00000669R7,etf
TW00000670L8,etf
TW00000671R3,etf
TW00000673R9,etf
TW00000674R7,etf
TW00000675L7,etf
TW00000676R2,etf
TW0000067800,etf
TW00000679B0,etf
TW00000680L7,etf
TW00000681R2,etf
TW00000682U4,etf
TW00000683L1,etf
TW00000684R6,etf
TW00000685L6,etf
TW00000686R1,etf
TW00000687B3,etf
TW00000687C1,etf
TW00000688L0,etf
TW00000689R5,etf
TW0000069004,etf
TW0000069202,etf
TW00000693U1,etf
TW00000694B9,etf
TW00000695B6,etf
TW00000696B4,etf
TW00000697B2,etf
TW0000070002,etf
TW0000070101,etf
TW0000070200,etf
TW0000070309,etf
TW00000706L0,etf
TW00000708L6,etf
TW0000070903,etf
TW00000710B3,etf
TW00000711B1,etf
TW0000071208,etf
TW0000071307,etf
TW0000071406,etf
TW00000715L1,etf
TW0000071703,etf
TW00000719B4,etf
TW00000720B2,etf
TW00000722B8,etf
TW00000723B6,etf
TW00000724B4,etf
TW00000725B1,etf
TW00000726B9,etf
TW00000727B7,etf
TW0000072800,etf
TW0000073006,etf
TW0000073105,etf
TW0000073303,etf
TW00000734B3,etf
TW0000073501,etf
TW0000073600,etf
TW0000073709,etf
TW00000738U4,etf
TW0000073907,etf
TW00000740B0,etf
TW00000741B8,etf
TW00000746B7,etf
TW00000749B1,etf
TW00000750B9,etf
TW00000751B7,etf
TW0000075209,etf
TW00000753L2,etf
TW00000754B1,etf
TW00000755B8,etf
TW00000756B6,etf
TW0000075704,etf
TW00000758B2,etf
TW00000759B0,etf
TW00000760B8,etf
TW00000761B6,etf
TW0000076207,etf
TW00000763U2,etf
TW00000764B0,etf
TW00000768B1,etf
TW0000077007,etf
TW0000077106,etf
TW00000772B3,etf
TW00000773B1,etf
TW00000775B6,etf
TW00000777B2,etf
TW00000778B0,etf
TW00000779B8,etf
TW00000780B6,etf
TW00000781B4,etf
TW00000782B2,etf
TW0000078302,etf
TW00000785B5,etf
TW00000786B3,etf
TW00000787B1,etf
TW00000788B9,etf
TW00000789B7,etf
TW00000791B3,etf
TW00000792B1,etf
TW00000793B9,etf
TW00000795B4,etf
TW00000799B6,etf
TW0000083005,etf
TW00000834B1,etf
TW00000836B6,etf
TW00000840B8,etf
TW00000841B6,etf
TW00000842B4,etf
TW00000844B0,etf
TW00000845B7,etf
TW00000846B5,etf
TW00000847B3,etf
TW00000848B1,etf
TW00000849B9,etf
TW0000085000,etf
TW0000085109,etf
TW00000852L2,etf
TW00000853B1,etf
TW00000856B4,etf
TW00000857B2,etf
TW0000085802,etf
TW00000859B8,etf
TW00000860B6,etf
TW0000086107,etf
TW00000862B2,etf
TW00000863B0,etf
TW00000864B8,etf
TW00000865B5,etf
TW00000867B1,etf
TW00000870B5,etf
TW0000087501,etf
TW0000087600,etf
TW0000087709,etf
TW0000087808,etf
TW0000088103,etf
TW0000088202,etf
TW00000884B6,etf
TW0000088509,etf
TW0000088608,etf
TW0000088707,etf
TW0000088806,etf
TW00000890B3,etf
TW0000089101,etf
TW0000089200,etf
TW0000089309,etf
TW0000089408,etf
TW0000089507,etf
TW0000089606,etf
TW0000089705,etf
TW0000089804,etf
TW0000089903,etf
TW0000090000,etf
TW0000090109,etf
TW0000090208,etf
TW0000090307,etf
TW0000090406,etf
TW0000090505,etf
TW0000090703,etf
TW0000090802,etf
TW0000090901,etf
TW0000091008,etf
TW0000091107,etf
TW0000091206,etf
TW0000091305,etf
TW0000091503,etf
TW0000091602,etf
TW0000091701,etf
TW0000091800,etf
TW0000091909,etf
TW0000092006,etf
TW0000092105,etf
TW0000092204,etf
TW0000092303,etf
TW0000092402,etf
TW0000092600,etf
TW0000092709,etf
TW0000092808,etf
TW0000092907,etf
TW0000093004,etf
TW00000931B5,etf
TW0000093202,etf
TW00000933B1,etf
TW0000093400,etf
TW0000093509,etf
TW0000093608,etf
TW00000937B2,etf
TW0000093806,etf
TW0000093905,etf
TW0000094002,etf
TW0000094101,etf
TW00000942B2,etf
TW0000094309,etf
TW0000094408,etf
TW00000945B5,etf
TW0000094606,etf
TW0000094705,etf
TW00000948B9,etf
TW0000094903,etf
TW00000950B5,etf
TW0000095108,etf
TW0000095207,etf
TW00000953B9,etf
TW0000095405,etf
TW0000095504,etf
TW0000095603,etf
TW00000957B0,etf
TW00000958B8,etf
TW00000959B6,etf
TW0000096007,etf
TW0000096106,etf
TW0000096205,etf
TW0000096304,etf
TW0000096403,etf
TW0000096502,etf
TW00000966B1,etf
TW00000967B9,etf
TW00000968B7,etf
TW00000969B5,etf
TW00000970B3,etf
TW0000097104,etf
TW0000097203,etf
TW0000098003,etf
TW0000098011,etf
TW0000098029,etf
TW0000098037,etf
TW0000098045,etf
TW0000098052,etf
TW0000098060,etf
TW0000098078,etf
TW0000098086,etf
TW0000098094,etf
TW00000980A4,etf
TW00000980B2,etf
TW00000980D8,etf
TW00000980T4,etf
TW0000098102,etf
TW0000098110,etf
TW0000098128,etf
TW0000098136,etf
TW0000098144,etf
TW0000098151,etf
TW0000098169,etf
TW0000098177,etf
TW0000098185,etf
TW0000098193,etf
TW00000981A2,etf
TW00000981B0,etf
TW00000981D6,etf
TW00000981T2,etf
TW0000098201,etf
TW0000098219,etf
TW0000098227,etf
TW0000098235,etf
TW0000098243,etf
TW0000098250,etf
TW0000098268,etf
TW0000098292,etf
TW00000982A0,etf
TW00000982B8,etf
TW00000982D4,etf
TW00000982T0,etf
TW00000983A8,etf
TW00000983B6,etf
TW00000983D2,etf
TW00000984A6,etf
TW00000984B4,etf
TW00000984D0,etf
TW00000985A3,etf
TW00000985B1,etf
TW00000985D7,etf
TW00000986A1,etf
TW00000986B9,etf
TW00000986D5,etf
TW00000987A9,etf
TW00000987B7,etf
TW00000987D3,etf
TW00000988A7,etf
TW00000988B5,etf
TW00000989A5,etf
TW00000989B3,etf
TW00000990A3,etf
TW00000990B1,etf
TW00000991A1,etf
TW00000991B9,etf
TW00000992A9,etf
TW00000993A7,etf
TW00000994A5,etf
TW00000995A2,etf
TW00000996A0,etf
TW00000997A8,etf
TW00000998A6,etf
TW00000999A4,etf
TW0000200005,etf
TW0000200120,etf
TW00002001L4,etf
TW0000200203,etf
TW0000200252,etf
TW0000200286,etf
TW0000200294,etf
TW0000200302,etf
TW0000200310,etf
TW0000200328,etf
TW0000200336,etf
TW0000200344,etf
TW0000200351,etf
TW0000200369,etf
TW0000200377,etf
TW0000200385,etf
TW0000200393,etf
TW0000200401,etf
TW0000200419,etf
TW000T1001Y4,mutual
TW000T1010Y5,closedend
US00039J1034,etf
US00039J2024,etf
US00039J3014,etf
US00039J4004,etf
US00039J5092,etf
US00039J6082,etf
US00039J7072,etf
US00039J7312,etf
US00039J7494,etf
US00039J7569,etf
US00039J7643,etf
US00039J7726,etf
US00039J7809,etf
US00039J7981,etf
US00039J8062,etf
US00039J8146,etf
US00039J8229,etf
US00039J8302,etf
US00039J8484,etf
US00039J8559,etf
US00039J8633,etf
US00039J8716,etf
US00039J8898,etf
US00110G4082,etf
US00162Q1067,etf
US00162Q2057,etf
US00162Q3204,etf
US00162Q3386,etf
US00162Q3469,etf
US00162Q3535,etf
US00162Q3790,etf
US00162Q4111,etf
US00162Q4459,etf
US00162Q4525,etf
US00162Q4608,etf
US00162Q4780,etf
US00162Q5100,etf
US00162Q5282,etf
US00162Q5365,etf
US00162Q5936,etf
US00162Q6686,etf
US00162Q6769,etf
US00162Q7189,etf
US00162Q7262,etf
US00162Q7833,etf
US00162Q8583,etf
US00214Q1040,etf
US00214Q2030,etf
US00214Q3020,etf
US00214Q4010,etf
US00214Q5009,etf
US00214Q6098,etf
US00214Q7088,etf
US00214Q7245,etf
US00214Q8078,etf
US00214Q8490,etf
US00214Q8565,etf
US00214Q8649,etf
US00214Q8722,etf
US0030098679,closedend
US0030111118,closedend
US00301W1053,closedend
US0030222667,etf
US0030222741,etf
US00302L2079,closedend
US00302M1062,closedend
US0030571063,closedend
US0032601066,etf
US0032611040,etf
US0032612030,etf
US0032621023,etf
US0032631006,etf
US0032641088,etf
US00326A1043,etf
US00326L1008,closedend
US00326W1062,closedend
US00384X2027,etf
US00384X3017,etf
US00400R6018,etf
US00400R7008,etf
US00400R8097,etf
US00400R8584,etf
US00548F1057,closedend
US0062121043,closedend
US0075W01555,etf
US0075W01639,etf
US00764C1099,closedend
US00764Q5615,etf
US00764Q5797,etf
US00764Q5870,etf
US00764Q5953,etf
US00764Q6118,etf
US00764Q6290,etf
US00764Q6373,etf
US00768Y2063,etf
US00768Y2717,etf
US00768Y2899,etf
US00768Y2972,etf
US00768Y3707,etf
US00768Y4127,etf
US00768Y4382,etf
US00768Y4531,etf
US00768Y4796,etf
US00768Y4879,etf
US00768Y4952,etf
US00768Y5298,etf
US00768Y5603,etf
US00768Y7682,etf
US00768Y8185,etf
US00770X1880,etf
US00770X1963,etf
US00770X2128,etf
US00770X2201,etf
US00770X2466,etf
US00770X2532,etf
US00774Q3469,etf
US00775Y2494,etf
US00775Y2569,etf
US00775Y2643,etf
US00775Y2726,etf
US00775Y3229,etf
US00775Y3633,etf
US00775Y6453,etf
US00775Y6529,etf
US00775Y7105,etf
US00775Y7287,etf
US00777X4135,etf
US00777X4218,etf
US00777X4390,etf
US00777X4473,etf
US00777X4549,etf
US00777X4622,etf
US00777X4705,etf
US00777X4887,etf
US00777X4960,etf
US00777X5207,etf
US00777X5389,etf
US00777X5462,etf
US00777X5538,etf
US00777X5611,etf
US00777X6031,etf
US00791R3012,etf
US00791R6080,etf
US00791R7070,etf
US00791R7237,etf
US00791R7989,etf
US00791R8144,etf
US00791R8227,etf
US00791R8300,etf
US00888H1095,etf
US00888H2085,etf
US00888H3075,etf
US00888H3158,etf
US00888H3232,etf
US00888H3315,etf
US00888H3497,etf
US00888H3562,etf
US00888H3646,etf
US00888H3729,etf
US00888H3984,etf
US00888H4065,etf
US00888H4149,etf
US00888H4222,etf
US00888H4305,etf
US00888H4487,etf
US00888H4552,etf
US00888H4636,etf
US00888H4719,etf
US00888H4891,etf
US00888H4974,etf
US00888H5054,etf
US00888H5138,etf
US00888H5211,etf
US00888H5393,etf
US00888H5476,etf
US00888H5542,etf
US00888H5625,etf
US00888H5708,etf
US00888H5880,etf
US00888H5963,etf
US00888H6045,etf
US00888H6128,etf
US00888H6201,etf
US00888H6383,etf
US00888H6466,etf
US00888H6532,etf
US00888H6615,etf
US00888H6797,etf
US00888H6870,etf
US00888H6953,etf
US00888H7035,etf
US00888H7118,etf
US00888H7290,etf
US00888H7373,etf
US00888H7456,etf
US00888H7522,etf
US00888H7605,etf
US00888H7787,etf
US00888H7860,etf
US00888H7944,etf
US00888H8025,etf
US00888H8108,etf
US00888H8280,etf
US00888H8363,etf
US00888H8447,etf
US00888H8512,etf
US00888H8694,etf
US00888H8777,etf
US0155641071,etf
US0155642061,etf
US0155644042,etf
US0155645031,etf
US0155646021,etf
US01864U1060,closedend
US01879R1068,closedend
US01989A1007,etf
US01989A2096,etf
US01989A3086,etf
US01989A4076,etf
US01989A5065,etf
US01989A6055,etf
US01989A7046,etf
US01989A8036,etf
US02072L1026,etf
US02072L1513,etf
US02072L1695,etf
US02072L1851,etf
US02072L1935,etf
US02072L2016,etf
US02072L2198,etf
US02072L2271,etf
US02072L2354,etf
US02072L2438,etf
US02072L2685,etf
US02072L2768,etf
US02072L2842,etf
US02072L3006,etf
US02072L3261,etf
US02072L3758,etf
US02072L3832,etf
US02072L4095,etf
US02072L4178,etf
US02072L4251,etf
US02072L4335,etf
US02072L4418,etf
US02072L4582,etf
US02072L4665,etf
US02072L4749,etf
US02072L4822,etf
US02072L4905,etf
US02072L5084,etf
US02072L5167,etf
US02072L5324,etf
US02072L5571,etf
US02072L5654,etf
US02072L5738,etf
US02072L5811,etf
US02072L5993,etf
US02072L6074,etf
US02072L6157,etf
US02072L6314,etf
US02072L6496,etf
US02072L6561,etf
US02072L6728,etf
US02072L6801,etf
US02072L6983,etf
US02072L7148,etf
US02072L7221,etf
US02072L7304,etf
US02072L7486,etf
US02072L7718,etf
US02072L7890,etf
US02072L8138,etf
US02072L8393,etf
US02072L8476,etf
US02072L8708,etf
US02072Q1500,etf
US02072Q1765,etf
US02072Q1849,etf
US02072Q1922,etf
US02072Q2185,etf
US02072Q2425,etf
US02072Q2672,etf
US02072Q2755,etf
US02072Q2839,etf
US02072Q3175,etf
US02072Q3258,etf
US02072Q3332,etf
US02072Q3415,etf
US02072Q3589,etf
US02072Q3746,etf
US02072Q3829,etf
US02072Q4082,etf
US02072Q4165,etf
US02072Q4249,etf
US02072Q4819,etf
US02072Q4991,etf
US02072Q5154,etf
US02072Q5238,etf
US02072Q5311,etf
US02072Q5493,etf
US02072Q5568,etf
US02072Q5725,etf
US02072Q5808,etf
US02072Q6228,etf
US02072Q6301,etf
US02072Q6558,etf
US02072Q6632,etf
US02072Q6715,etf
US02072Q6897,etf
US02072Q7051,etf
US02072Q7135,etf
US02072Q7473,etf
US02072Q7549,etf
US02072Q7622,etf
US02072Q7705,etf
US02072Q7887,etf
US02072Q7960,etf
US02072Q8042,etf
US02072Q8125,etf
US02072Q8208,etf
US02072Q8380,etf
US02072Q8463,etf
US02072Q8539,etf
US02072Q8877,etf
US02110A4316,etf
US02210T1088,etf
US02210T2078,etf
US0228658441,etf
US0228658516,etf
US0228658698,etf
US0236342079,unit
US02368W3097,etf
US02368W4087,etf
US02368W5076,etf
US02368W7056,etf
US0250721091,etf
US0250721174,etf
US0250721257,etf
US0250721331,etf
US0250721414,etf
US0250721588,etf
US0250721661,etf
US0250721745,etf
US0250721828,etf
US0250721901,etf
US0250722081,etf
US0250722164,etf
US0250722248,etf
US0250722321,etf
US0250722404,etf
US0250722578,etf
US0250722818,etf
US0250722990,etf
US0250723071,etf
US0250723154,etf
US0250723238,etf
US0250723311,etf
US0250723493,etf
US0250723568,etf
US0250723642,etf
US0250723725,etf
US0250723808,etf
US0250723980,etf
US0250724061,etf
US0250725050,etf
US0250725621,etf
US0250726041,etf
US0250726876,etf
US0250726959,etf
US0250727031,etf
US0250727528,etf
US0250727601,etf
US0250727940,etf
US0250728021,etf
US0250728104,etf
US0250728773,etf
US0250728856,etf
US02507A1016,etf
US02507A2006,etf
US02507A5074,etf
US02507A6064,etf
US02507A7054,etf
US02507A8045,etf
US02507A8615,etf
US03116L1089,etf
US0321081020,etf
US0321082192,etf
US0321082358,etf
US0321082432,etf
US0321082762,etf
US0321082846,etf
US0321082929,etf
US0321083265,etf
US0321083349,etf
US0321083422,etf
US0321083596,etf
US0321083679,etf
US0321083752,etf
US0321083836,etf
US0321083919,etf
US0321084099,etf
US0321084172,etf
US0321084255,etf
US0321084339,etf
US0321084412,etf
US0321084586,etf
US0321084669,etf
US0321084743,etf
US0321084826,etf
US0321085161,etf
US0321085245,etf
US0321085328,etf
US0321085401,etf
US0321085575,etf
US0321085658,etf
US0321085732,etf
US0321085997,etf
US0321086078,etf
US0321086151,etf
US0321086490,etf
US0321086565,etf
US0321086649,etf
US0321086722,etf
US0321086805,etf
US0321086987,etf
US0321087225,etf
US0321087308,etf
US0321088058,etf
US0321088215,etf
US0321088470,etf
US0321088884,etf
US03210A1079,etf
US03210A2069,etf
US03463K7292,etf
US03463K7375,etf
US03463K7458,etf
US03463K7524,etf
US03463K7607,etf
US03464A1007,closedend
US0394916003,etf
US04014F1021,closedend
US04045F1396,etf
US04045F1479,etf
US04045F1545,etf
US04071F1021,etf
US0409191022,etf
US04273H1041,etf
US0427656519,etf
US0427657194,etf
US05528C6672,etf
US05528C6755,etf
US05588W1080,closedend
US05613H1005,etf
US05613H2094,etf
US05613H3084,etf
US05613H4074,etf
US05613H5063,etf
US05613H6053,etf
US05613H7044,etf
US05613H8034,etf
US05613H8604,etf
US05613H8786,etf
US05613H8869,etf
US05686D1019,etf
US05686D2009,etf
US05686D3098,etf
US05686D4088,etf
US05686D5077,etf
US0596951063,closedend
US0636792865,etf
US0636792949,etf
US0636793285,etf
US0636793368,etf
US0636793442,etf
US0636793517,etf
US0636793855,etf
US0636794275,etf
US0636794358,etf
US0636794689,etf
US0636794762,etf
US0636794846,etf
US0636794929,etf
US0636795264,etf
US0636795421,etf
US0636795595,etf
US0636795678,etf
US0636795835,etf
US0636798565,etf
US06367V6911,etf
US06367V7174,etf
US06367V7257,etf
US06367V7331,etf
US06367V7414,etf
US06367V7588,etf
US06367V7661,etf
US06367V7745,etf
US06367V7828,etf
US06367V7901,etf
US06367V8164,etf
US06367V8248,etf
US06367V8321,etf
US06368B5049,etf
US06368J2006,etf
US06368J4085,etf
US06368L3042,etf
US06368L4032,etf
US06368L8827,etf
US06368M2035,etf
US06368M3025,etf
US06738C7781,etf
US06742C7231,etf
US06747C3227,etf
US06748M1889,etf
US06748M1962,etf
US06759X1072,closedend
US06760L1008,closedend
US06761A1034,closedend
US06829D1072,etf
US06829D2062,etf
US06829D3052,etf
US06829D4043,etf
US06829D5032,etf
US06829D6022,etf
US06829D7012,etf
US0917482020,etf
US0917483010,etf
US0917485098,etf
US0917491013,etf
US09174C1045,etf
US09174D2018,etf
US09174F1075,etf
US09174Y1064,etf
US09175C1036,etf
US09175Q1022,etf
US09175T1060,etf
US0919411043,closedend
US0919481095,etf
US0919491078,etf
US0919551046,etf
US09247F2092,closedend
US0924811005,closedend
US09248D1046,closedend
US09248X1000,closedend
US09249E1010,closedend
US09249W1018,closedend
US0925011050,closedend
US0925081004,closedend
US09250U1016,closedend
US09250W1071,closedend
US09251A1043,closedend
US0925241079,closedend
US0925281083,etf
US0925282073,etf
US0925284053,etf
US0925285043,etf
US0925286033,etf
US0925287023,etf
US0925287932,etf
US0925288013,etf
US0925288195,etf
US0925288278,etf
US0925288351,etf
US0925288435,etf
US0925288500,etf
US0925288682,etf
US0925288765,etf
US0925288849,etf
US09253N1046,closedend
US09254E1038,closedend
US09254F1003,closedend
US09254J1025,closedend
US09254L1070,closedend
US09254V1052,closedend
US09254X1019,closedend
US09255E1029,closedend
US09255G1076,closedend
US09255P1075,closedend
US09255R2022,closedend
US09255X1000,closedend
US09256A1097,closedend
US09256U1051,closedend
US09257A1088,closedend
US09257D1028,closedend
US09257P1057,closedend
US09257R1014,closedend
US09258A1079,closedend
US09258G1040,closedend
US09260E1055,closedend
US09260K1016,closedend
US09260Q1085,closedend
US09260U1097,closedend
US09262F1003,closedend
US09262G1085,closedend
US09290C1036,etf
US09290C4006,etf
US09290C5094,etf
US09290C5904,etf
US09290C6084,etf
US09290C6167,etf
US09290C6241,etf
US09290C6407,etf
US09290C6571,etf
US09290C6654,etf
US09290C6738,etf
US09290C6811,etf
US09290C6993,etf
US09290C7157,etf
US09290C7231,etf
US09290C7314,etf
US09290C7496,etf
US09290C7561,etf
US09290C7645,etf
US09290C7728,etf
US09290C7801,etf
US09290C7983,etf
US09290C8064,etf
US09290C8221,etf
US09290C8304,etf
US09290C8486,etf
US09290C8551,etf
US09290C8635,etf
US09290C8890,etf
US09631P1021,closedend
US09660L1052,closedend
US09661T1079,etf
US09661T2069,etf
US09661T3059,etf
US09661T4040,etf
US09661T5039,etf
US09661T6029,etf
US09661T7845,etf
US09661T8009,etf
US09661T8264,etf
US09661T8348,etf
US09661T8595,etf
US09662E1091,closedend
US09662W1099,closedend
US09789C6637,etf
US09789C6710,etf
US09789C6975,etf
US09789C7056,etf
US09789C7213,etf
US09789C7478,etf
US09789C7544,etf
US09789C7627,etf
US09789C7700,etf
US09789C7882,etf
US09789C7965,etf
US09789C8047,etf
US09789C8120,etf
US09789C8203,etf
US09789C8385,etf
US09789C8468,etf
US09789C8534,etf
US09789C8617,etf
US09789C8799,etf
US09789C8872,etf
US1015071012,closedend
US10537L1044,closedend
US10950A2050,unit
US1128301041,closedend
US12009B1017,etf
US12504G1004,closedend
US1281171082,closedend
US1281181065,closedend
US12811L1070,closedend
US12811P1084,closedend
US12811T1189,etf
US12811T1262,etf
US12811T1346,etf
US12811T2096,etf
US12811T3086,etf
US12811T4076,etf
US12811T4985,etf
US12811T5065,etf
US12811T5149,etf
US12811T5222,etf
US12811T5305,etf
US12811T5487,etf
US12811T5552,etf
US12811T5636,etf
US12811T5719,etf
US12811T5891,etf
US12811T5974,etf
US12811T6055,etf
US12811T6139,etf
US12811T6212,etf
US12811T6394,etf
US12811T6477,etf
US12811T6543,etf
US12811T6626,etf
US12811T6709,etf
US12811T6881,etf
US12811T7046,etf
US12811T7129,etf
US12811T7202,etf
US12811T7384,etf
US12811T7467,etf
US12811T7533,etf
US12811T7616,etf
US12811T7798,etf
US12811T7871,etf
US12811T7954,etf
US12811T8036,etf
US12811T8119,etf
US12811T8291,etf
US12811T8374,etf
US12811T8457,etf
US12811T8523,etf
US12811T8606,etf
US12811T8788,etf
US12811T8861,etf
US12811V1052,closedend
US1281251017,closedend
US12812C1062,closedend
US1320612013,etf
US1320613003,etf
US1320614092,etf
US1320615081,etf
US1320616071,etf
US1320617061,etf
US1320617632,etf
US1320617715,etf
US1320617897,etf
US1320617970,etf
US1320618135,etf
US1320618390,etf
US1320618622,etf
US1320618887,etf
US1369451026,etf
US1372211078,etf
US13722V1017,etf
US13723L1026,etf
US13723M1009,etf
US14016P1075,etf
US14016P2065,etf
US14019W1099,etf
US14020G1013,etf
US14020R1077,etf
US14020U1007,etf
US14020V1089,etf
US14020W1062,etf
US14020X1046,etf
US14020Y1029,etf
US14020Y2019,etf
US14020Y3009,etf
US14020Y4098,etf
US14020Y5087,etf
US14020Y6077,etf
US14020Y7067,etf
US14020Y8057,etf
US14020Y8701,etf
US14020Y8883,etf
US14021D1072,etf
US14021L1098,etf
US14021M1071,etf
US14021N1054,etf
US14021T1025,etf
US14022A1025,etf
US14022A2015,etf
US14022A3005,etf
US14064D4280,etf
US14064D4363,etf
US14064D4447,etf
US14064D4850,etf
US14064D5196,etf
US14064D5501,etf
US14214M2605,etf
US14214M2787,etf
US14214M2860,etf
US1534361001,closedend
US1551231020,closedend
US16140T8062,etf
US18469P2092,closedend
US18913Y1038,closedend
US18914C1009,closedend
US18914E1064,closedend
US19247L1061,closedend
US19247R1032,closedend
US19247X1000,closedend
US19248A1097,closedend
US19248C1053,closedend
US19248P1066,closedend
US19248Y1073,closedend
US19249Q1031,closedend
US19249U1043,etf
US19249U2033,etf
US19249U3023,etf
US19249U4013,etf
US19249U5002,etf
US19249U6091,etf
US19249U7081,etf
US19249X1081,closedend
US19423L3915,etf
US19423L4178,etf
US19423L4251,etf
US19423L4335,etf
US19423L4418,etf
US19423L4582,etf
US19423L4665,etf
US19423L5241,etf
US19423L5407,etf
US19423L5738,etf
US19423L5811,etf
US19423L6157,etf
US19423L6728,etf
US19423L7148,etf
US19423L7221,etf
US19761L5084,etf
US19761L6074,etf
US19761L7064,etf
US19761L7221,etf
US19761L7304,etf
US19761L7486,etf
US19761L7551,etf
US19761L7635,etf
US19761L7718,etf
US19761L7890,etf
US19761L7973,etf
US19761L8054,etf
US19761L8138,etf
US19761L8211,etf
US19761L8393,etf
US19761L8476,etf
US19761L8542,etf
US19761L8625,etf
US19761L8708,etf
US19761L8880,etf
US19762B2025,etf
US19762B5093,etf
US19762B7073,etf
US19842X1090,closedend
US2003005079,structured
US2103221030,etf
US2103222020,etf
US2103223010,etf
US2103224000,etf
US2103225098,etf
US2103225338,etf
US2103225411,etf
US2103225668,etf
US2103225742,etf
US2103225825,etf
US2103225908,etf
US2103226088,etf
US2103226658,etf
US2103226732,etf
US2103226815,etf
US2103226997,etf
US2103227078,etf
US2103227151,etf
US2103227318,etf
US2103227490,etf
US2103227565,etf
US2103227649,etf
US2103227722,etf
US2103227805,etf
US2103227987,etf
US2103228068,etf
US2103228142,etf
US2103228225,etf
US2103228308,etf
US2103228480,etf
US2103228555,etf
US2103228639,etf
US2103228712,etf
US2103228894,etf
US21874J1079,etf
US21874J1236,etf
US21874J1319,etf
US21874J1491,etf
US21874J1566,etf
US21874J1640,etf
US21874J1723,etf
US21874J1806,etf
US21874J1988,etf
US21874J2069,etf
US21874J2143,etf
US21874J2226,etf
US21874J2309,etf
US21874J2481,etf
US21874J2556,etf
US21874J2630,etf
US21874J2713,etf
US21874J2895,etf
US21874J2978,etf
US21874J3059,etf
US21874J3133,etf
US21874J3216,etf
US21874J3398,etf
US21874J3471,etf
US21874J3547,etf
US21874J3620,etf
US21874J3703,etf
US21874J3885,etf
US21874J3968,etf
US21874J4040,etf
US21874J4123,etf
US21874J4206,etf
US21874J4388,etf
US21874J4461,etf
US21874J4537,etf
US21874J4610,etf
US21874J4792,etf
US21874J4875,etf
US21874J4958,etf
US21874J5039,etf
US21874J5112,etf
US21874J5294,etf
US21874J5377,etf
US21874J5450,etf
US21874J5526,etf
US21874J5609,etf
US21874J5781,etf
US21874J5864,etf
US21874J5948,etf
US21874J6029,etf
US21874J6102,etf
US21874J6284,etf
US21874J6367,etf
US21874J6441,etf
US21874J6516,etf
US21874J6698,etf
US21874J6771,etf
US21874J6854,etf
US21874J6938,etf
US21874J7019,etf
US21874J7191,etf
US21874J7274,etf
US21874J7357,etf
US21874J7431,etf
US21874J7506,etf
US21874J7688,etf
US21874K1043,etf
US21874K2033,etf
US21874K3023,etf
US21874K4013,etf
US21874K5002,etf
US21874K6091,etf
US21874K6588,etf
US21874K6661,etf
US21874K6745,etf
US21874K6828,etf
US21874K6901,etf
US21874K7081,etf
US21874K7164,etf
US21874K7248,etf
US21874K7321,etf
US21874K7404,etf
US21874K7578,etf
US21874K7651,etf
US21874K7735,etf
US21874K7818,etf
US21874K7990,etf
US21874K8071,etf
US21874K8154,etf
US21874K8238,etf
US21874K8311,etf
US21874K8493,etf
US21874K8568,etf
US21874K8642,etf
US21874K8725,etf
US21874K8808,etf
US21874W2070,etf
US21874W3060,etf
US21874W3482,etf
US21874W3557,etf
US21874W3631,etf
US21874W3714,etf
US21874W3896,etf
US21874W3979,etf
US21874W4050,etf
US21874W4134,etf
US21874W4217,etf
US21874W4399,etf
US21874W4472,etf
US21874W4548,etf
US21874W4621,etf
US21874W4704,etf
US21874W4886,etf
US21874W4969,etf
US21874W5040,etf
US21874W5123,etf
US21874W5206,etf
US21874W5388,etf
US21874W5461,etf
US21874W5537,etf
US21874W5610,etf
US21874W5792,etf
US21874W5875,etf
US21874W5958,etf
US21874W6113,etf
US21874W6295,etf
US21874W6782,etf
US21874W6949,etf
US21874W7103,etf
US21874W7285,etf
US21874W7368,etf
US21874W7442,etf
US21874W7517,etf
US21874W7699,etf
US21874W7772,etf
US21874W7855,etf
US21874W7939,etf
US21874W8010,etf
US21874W8192,etf
US21874W8275,etf
US21874W8358,etf
US21874W8432,etf
US21874W8507,etf
US21874W8689,etf
US21874W8762,etf
US21874W8846,etf
US2189461013,etf
US2189461195,etf
US2189461278,etf
US2189461351,etf
US2189461435,etf
US2189461500,etf
US2189461682,etf
US2189461765,etf
US2189461922,etf
US2189462003,etf
US2189463092,etf
US2189463332,etf
US2189464082,etf
US2189465071,etf
US2189465154,etf
US2189465238,etf
US2189465311,etf
US2189465493,etf
US2189465568,etf
US2189465642,etf
US2189465725,etf
US2189465808,etf
US2189465980,etf
US2189466061,etf
US2189466145,etf
US2189466228,etf
US2189466301,etf
US2189466483,etf
US2189466558,etf
US2189466632,etf
US2189466715,etf
US2189466897,etf
US2189466970,etf
US2189467051,etf
US2189467135,etf
US2189467390,etf
US2189467473,etf
US2189467549,etf
US2189467622,etf
US2189467705,etf
US2189467887,etf
US2189467960,etf
US2189468042,etf
US2189468125,etf
US2189468208,etf
US2189468380,etf
US2189468463,etf
US2189468539,etf
US2189468612,etf
US2189468794,etf
US2189468877,etf
US21924B3024,closedend
US21924U3005,closedend
US21988K8595,structured
US22080E2054,structured
US2220671000,etf
US2249161066,closedend
US22539U6029,etf
US22542D2255,etf
US22542D2339,etf
US22544F1030,closedend
US22767F1030,etf
US22767F2020,etf
US2316313004,closedend
US2316472073,closedend
US2330511013,etf
US2330511278,etf
US2330511351,etf
US2330511435,etf
US2330511500,etf
US2330511922,etf
US2330512003,etf
US2330512185,etf
US2330512268,etf
US2330512425,etf
US2330512599,etf
US2330512672,etf
US2330512839,etf
US2330514322,etf
US2330514819,etf
US2330515071,etf
US2330515154,etf
US2330516301,etf
US2330516970,etf
US2330517051,etf
US2330517549,etf
US2330518208,etf
US2330518463,etf
US2330518539,etf
US2330518794,etf
US23306X2099,etf
US23306X3089,etf
US23306X4079,etf
US23306X5068,etf
US23306X6058,etf
US23306X7049,etf
US23306X7619,etf
US23306X7791,etf
US23306X7874,etf
US23306X7957,etf
US23306X8039,etf
US23306X8112,etf
US23306X8294,etf
US23306X8377,etf
US23306X8609,etf
US23306X8781,etf
US23306X8864,etf
US23325P1049,closedend
US23334J1079,closedend
US2333681094,closedend
US23908L1089,etf
US23908L2079,etf
US23908L3069,etf
US23908L4059,etf
US2394671034,closedend
US25063F1075,closedend
US25065A5020,closedend
US25154H5587,structured
US25154H7310,etf
US25154H7492,etf
US25154H7567,etf
US25154K8669,structured
US25239Y2384,etf
US25239Y2467,etf
US25264S3206,etf
US25434D4685,etf
US25434V1044,etf
US25434V2034,etf
US25434V3024,etf
US25434V4014,etf
US25434V5003,etf
US25434V5268,etf
US25434V5342,etf
US25434V5425,etf
US25434V5599,etf
US25434V5672,etf
US25434V5755,etf
US25434V5839,etf
US25434V5912,etf
US25434V6092,etf
US25434V6175,etf
US25434V6258,etf
US25434V6332,etf
US25434V6415,etf
US25434V6589,etf
US25434V6662,etf
US25434V6746,etf
US25434V6829,etf
US25434V6902,etf
US25434V7082,etf
US25434V7165,etf
US25434V7249,etf
US25434V7322,etf
US25434V7405,etf
US25434V7579,etf
US25434V7652,etf
US25434V7736,etf
US25434V7819,etf
US25434V7991,etf
US25434V8072,etf
US25434V8155,etf
US25434V8239,etf
US25434V8312,etf
US25434V8494,etf
US25434V8569,etf
US25434V8643,etf
US25434V8726,etf
US25434V8809,etf
US25459W1027,etf
US25459W4583,etf
US25459W5572,etf
US25459W5655,etf
US25459W7305,etf
US25459W7552,etf
US25459W8477,etf
US25459W8626,etf
US25459Y1652,etf
US25459Y2072,etf
US25459Y2809,etf
US25459Y6941,etf
US25459Y8012,etf
US25459Y8764,etf
US25460E1901,etf
US25460E2164,etf
US25460E2818,etf
US25460E3071,etf
US25460E3642,etf
US25460E6462,etf
US25460E6611,etf
US25460E6793,etf
US25460E7114,etf
US25460E7379,etf
US25460E8690,etf
US25460G1206,etf
US25460G1388,etf
US25460G1537,etf
US25460G1610,etf
US25460G1792,etf
US25460G1875,etf
US25460G1958,etf
US25460G2865,etf
US25460G4192,etf
US25460G5009,etf
US25460G6098,etf
US25460G7088,etf
US25460G7815,etf
US25460G8151,etf
US25460G8235,etf
US25460G8318,etf
US25460G8490,etf
US25460G8565,etf
US25461A1060,etf
US25461A1631,etf
US25461A1714,etf
US25461A1896,etf
US25461A1979,etf
US25461A2050,etf
US25461A2217,etf
US25461A2548,etf
US25461A2621,etf
US25461A2704,etf
US25461A2886,etf
US25461A3041,etf
US25461A3124,etf
US25461A3389,etf
US25461A3538,etf
US25461A3611,etf
US25461A3793,etf
US25461A3876,etf
US25461A4031,etf
US25461A4114,etf
US25461A4296,etf
US25461A4452,etf
US25461A4528,etf
US25461A4601,etf
US25461A4866,etf
US25461A5020,etf
US25461A5285,etf
US25461A5368,etf
US25461A5442,etf
US25461A5517,etf
US25461A5699,etf
US25461A6432,etf
US25461A6507,etf
US25461A6689,etf
US25461A7182,etf
US25461A7265,etf
US25461A8099,etf
US25461A8339,etf
US25461A8412,etf
US25461A8586,etf
US25461A8669,etf
US25461A8743,etf
US25461A8826,etf
US25461H1014,etf
US25461H2004,etf
US25461H2426,etf
US25461H2590,etf
US25461H2673,etf
US25461H2756,etf
US25461H2830,etf
US25461H2913,etf
US25461H3093,etf
US25461H3176,etf
US25461H3259,etf
US25461H3416,etf
US25461H3580,etf
US25461H3663,etf
US25461H3747,etf
US25461H3903,etf
US25461H4083,etf
US25461H4166,etf
US25461H4406,etf
US25461H4570,etf
US25461H4737,etf
US25461H4992,etf
US25461H5239,etf
US25461H5494,etf
US25461H5569,etf
US25461H5643,etf
US25461H5809,etf
US25461H5981,etf
US25461H6146,etf
US25461H6229,etf
US25461H6302,etf
US25461H6484,etf
US25461H6559,etf
US25461H6633,etf
US25461H7052,etf
US25461H7888,etf
US25461H7961,etf
US25461H8043,etf
US25461H8126,etf
US25461H8209,etf
US25461H8381,etf
US25461H8530,etf
US25461H8613,etf
US25461H8878,etf
US25490K2814,etf
US25490K3317,etf
US25490K5965,etf
US25490K8696,etf
US25538A2042,closedend
US25861R1059,etf
US25861R2040,etf
US25861R3030,etf
US25861R4020,etf
US25861R5019,etf
US25861R6009,etf
US25861R7098,etf
US25861R8088,etf
US25861R8732,etf
US25861R8815,etf
US2586221093,closedend
US2586231076,closedend
US25862D1054,closedend
US26433C1053,closedend
US26441C8819,unit
US26824D1000,etf
US26824D2099,etf
US26824D5068,etf
US26824D6058,etf
US26824D7049,etf
US26824D7791,etf
US26824D7874,etf
US26824D7957,etf
US26824D8294,etf
US26824D8526,etf
US26824D8609,etf
US26824D8781,etf
US2689613154,etf
US2689613238,etf
US2689613311,etf
US2689615050,etf
US2689615621,etf
US2689615704,etf
US2689615886,etf
US2689615969,etf
US2689616041,etf
US2689616124,etf
US2689616207,etf
US2689617031,etf
US2689618021,etf
US2689618443,etf
US2689618518,etf
US2689618690,etf
US2689618773,etf
US2689618856,etf
US26922A1319,etf
US26922A1988,etf
US26922A2226,etf
US26922A2309,etf
US26922A2481,etf
US26922A2630,etf
US26922A2895,etf
US26922A2978,etf
US26922A3216,etf
US26922A3885,etf
US26922A4040,etf
US26922A4206,etf
US26922A4461,etf
US26922A4537,etf
US26922A5039,etf
US26922A5112,etf
US26922A5948,etf
US26922A6029,etf
US26922A7019,etf
US26922A7191,etf
US26922A7274,etf
US26922A7845,etf
US26922A8421,etf
US26922B1052,etf
US26922B2795,etf
US26922B2951,etf
US26922B3298,etf
US26922B3785,etf
US26922B3942,etf
US26922B4023,etf
US26922B4106,etf
US26922B4288,etf
US26922B4445,etf
US26922B4510,etf
US26922B4692,etf
US26922B4775,etf
US26922B4858,etf
US26922B4932,etf
US26922B5012,etf
US26922B5194,etf
US26922B5277,etf
US26922B5350,etf
US26922B6424,etf
US26922B6671,etf
US26922B6838,etf
US26922B7091,etf
US26922B7331,etf
US26922B7745,etf
US26922B8321,etf
US26922B8404,etf
US26922B8651,etf
US26923G2021,etf
US26923G3011,etf
US26923G4001,etf
US26923G7079,etf
US26923G7640,etf
US26923G7723,etf
US26923G7806,etf
US26923G7988,etf
US26923G8069,etf
US26923G8226,etf
US26923N1081,etf
US26923N1651,etf
US26923N1818,etf
US26923N1990,etf
US26923N2154,etf
US26923N2311,etf
US26923N2493,etf
US26923N2808,etf
US26923N3061,etf
US26923N3897,etf
US26923N3970,etf
US26923N4051,etf
US26923N4135,etf
US26923N4390,etf
US26923N4473,etf
US26923N4705,etf
US26923N5041,etf
US26923N5124,etf
US26923N5389,etf
US26923N5462,etf
US26923N5538,etf
US26923N5793,etf
US26923N5959,etf
US26923N6296,etf
US26923N6379,etf
US26923N6601,etf
US26923N6866,etf
US26923N7021,etf
US26923N7443,etf
US26923N8011,etf
US26923N8193,etf
US26923N8359,etf
US26923N8680,etf
US26923N8763,etf
US26923Q1195,etf
US26923Q1278,etf
US26923Q1435,etf
US26923Q2672,etf
US26923Q2755,etf
US26923Q4165,etf
US26923Q4249,etf
US26923Q4322,etf
US26923Q4579,etf
US26923Q4652,etf
US26923Q5154,etf
US26923Q5493,etf
US26923Q5808,etf
US26923Q5980,etf
US26923Q6897,etf
US26923Q6970,etf
US26923Q7135,etf
US26923Q7218,etf
US26923Q7390,etf
US26923Q7473,etf
US26923V1917,etf
US26923V3244,etf
US26923V3327,etf
US26923V3657,etf
US26923V3731,etf
US26923V3814,etf
US26923V4150,etf
US26923V4317,etf
US26923V4564,etf
US26923V4648,etf
US26923V4721,etf
US26923V5140,etf
US26923V5306,etf
US26923V5975,etf
US26923V6130,etf
US26923V6213,etf
US26923V6395,etf
US26923V6478,etf
US26923V6700,etf
US26923W1080,etf
US26923W1577,etf
US26923W1734,etf
US26923W1999,etf
US26923W2070,etf
US26923W2153,etf
US26923W2724,etf
US26923W2989,etf
US26923W3060,etf
US26923W3631,etf
US26923W3714,etf
US26923W8275,etf
US26923W8689,etf
US26923Y1047,etf
US26923Y2037,etf
US26923Y3027,etf
US26923Y4017,etf
US26923Y5006,etf
US26923Y6095,etf
US26923Y7085,etf
US2694511005,closedend
US2698081013,closedend
US2698171020,closedend
US2759132002,unit
US27826F1012,closedend
US27826S1033,closedend
US27826U1088,closedend
US2782741050,closedend
US2782771081,closedend
US2782791048,closedend
US27827X1019,closedend
US27828G1076,closedend
US27828H1059,closedend
US27828N1028,closedend
US27828Q1058,closedend
US27828S1015,closedend
US27828U1060,closedend
US27828V1044,closedend
US27828X1000,closedend
US27828Y1082,closedend
US27829C1053,closedend
US27829F1084,closedend
US27829G1067,closedend
US27829L1052,closedend
US27829U1051,closedend
US2885781078,closedend
US2890741067,closedend
US29287L1061,etf
US29287L2051,etf
US29287L3042,etf
US29287L5021,etf
US29287L6011,etf
US29287L7001,etf
US29287L8090,etf
US29287L8413,etf
US29287L8587,etf
US29287L8660,etf
US29287L8744,etf
US2938288774,etf
US2947661003,closedend
US2987681028,closedend
US3014711085,etf
US3014718015,etf
US3014718841,etf
US3015053198,etf
US3015053354,etf
US3015053438,etf
US3015053503,etf
US3015053685,etf
US3015053768,etf
US3015053842,etf
US3015053925,etf
US3015054188,etf
US3015054261,etf
US3015054345,etf
US3015054675,etf
US3015054758,etf
US3015054832,etf
US3015055581,etf
US3015055904,etf
US3015056167,etf
US3015056654,etf
US3015056738,etf
US3015056811,etf
US3015056993,etf
US3015057074,etf
US3015057231,etf
US3015057314,etf
US3015058890,etf
US30151E3356,etf
US30151E3430,etf
US30151E3927,etf
US30151E4347,etf
US30151E4420,etf
US30151E4594,etf
US30151E4677,etf
US30151E4750,etf
US30151E4834,etf
US30151E4917,etf
US30151E5179,etf
US30151E5252,etf
US30151E5336,etf
US30151E5419,etf
US30151E5583,etf
US30151E5666,etf
US30151E6243,etf
US30151E7159,etf
US30151E7233,etf
US30151E7803,etf
US30151E8066,etf
US30191Y1010,etf
US30254T4114,etf
US30254T4296,etf
US30254T4452,etf
US30254T4783,etf
US30254T5772,etf
US30290Y1010,closedend
US31423L1070,etf
US31423L2060,etf
US31423L3050,etf
US31423L4041,etf
US31423L5030,etf
US31423L6020,etf
US31423L7010,etf
US31423L8000,etf
US31423L8596,etf
US31423L8679,etf
US31423L8752,etf
US31423L8836,etf
US31423P1084,closedend
US3159128087,etf
US3159481098,etf
US3160921132,etf
US3160921215,etf
US3160921397,etf
US3160921470,etf
US3160921546,etf
US3160921629,etf
US3160921702,etf
US3160921884,etf
US3160921967,etf
US3160922049,etf
US3160922122,etf
US3160922205,etf
US3160922460,etf
US3160922536,etf
US3160922619,etf
US3160922957,etf
US3160923039,etf
US3160923112,etf
US3160923294,etf
US3160923377,etf
US3160923450,etf
US3160923526,etf
US3160923609,etf
US3160923781,etf
US3160923864,etf
US3160924029,etf
US3160925018,etf
US3160925273,etf
US3160925356,etf
US3160925430,etf
US3160926008,etf
US3160926180,etf
US3160927097,etf
US3160927170,etf
US3160927253,etf
US3160927824,etf
US3160927907,etf
US3160928087,etf
US3160928160,etf
US3160928244,etf
US3160928327,etf
US3160928400,etf
US3160928574,etf
US3160928657,etf
US3160928731,etf
US3160928814,etf
US31609A1079,etf
US31609A2069,etf
US31609A3059,etf
US31609A4040,etf
US31609A5039,etf
US31609A6029,etf
US31609A7019,etf
US31609A7928,etf
US31609A8009,etf
US31609A8181,etf
US31609A8264,etf
US31609A8348,etf
US31609A8421,etf
US31609A8595,etf
US31609A8678,etf
US31609A8751,etf
US31609A8835,etf
US31613E1038,etf
US3161881012,etf
US3161882002,etf
US3161883091,etf
US3161884081,etf
US3161886060,etf
US3161887050,etf
US3161888389,etf
US3161888462,etf
US3161888538,etf
US3161888611,etf
US3161888793,etf
US31624J6203,etf
US31624J7292,etf
US31624J7375,etf
US31624J7458,etf
US31635W4042,etf
US31638A7485,etf
US31638R6595,etf
US31641G1040,etf
US31761T8861,etf
US32012B1044,etf
US32012B2034,etf
US32012B3024,etf
US32012B4014,etf
US3369171091,etf
US3369201039,etf
US33718M1053,etf
US33718W1036,closedend
US33719L1061,etf
US3373181094,closedend
US33733A2015,etf
US33733B1008,etf
US33733C1080,etf
US33733E1047,etf
US33733E2037,etf
US33733E3027,etf
US33733E4017,etf
US33733E5006,etf
US33733E6251,etf
US33733E6335,etf
US33733E6418,etf
US33733E6582,etf
US33733E6665,etf
US33733E6749,etf
US33733E6822,etf
US33733E6905,etf
US33733E7085,etf
US33733E7242,etf
US33733E7325,etf
US33733E7408,etf
US33733E7739,etf
US33733E7994,etf
US33733E8075,etf
US33733E8158,etf
US33733E8232,etf
US33733E8315,etf
US33733E8497,etf
US33733E8562,etf
US33733E8729,etf
US33733F1012,etf
US3373441050,etf
US3373451026,etf
US33734E1038,closedend
US33734G1085,etf
US33734H1068,etf
US33734K1097,etf
US33734X1019,etf
US33734X1191,etf
US33734X1274,etf
US33734X1357,etf
US33734X1431,etf
US33734X1506,etf
US33734X1688,etf
US33734X1761,etf
US33734X1845,etf
US33734X1928,etf
US33734X2009,etf
US33734X3098,etf
US33734X6893,etf
US33734X6976,etf
US33734X7131,etf
US33734X7214,etf
US33734X7396,etf
US33734X7479,etf
US33734X7545,etf
US33734X7628,etf
US33734X7701,etf
US33734X7883,etf
US33734X8121,etf
US33734X8386,etf
US33734X8469,etf
US33734X8535,etf
US33734Y1091,etf
US33735B1089,etf
US33735J1016,etf
US33735K1088,etf
US33735T1097,etf
US33736G1067,etf
US33736M1036,etf
US33736N1019,etf
US33736Q1040,etf
US33737A1088,etf
US33737J1097,etf
US33737J1170,etf
US33737J1253,etf
US33737J1410,etf
US33737J1584,etf
US33737J1741,etf
US33737J1824,etf
US33737J1907,etf
US33737J2244,etf
US33737J2327,etf
US33737J3077,etf
US33737J4067,etf
US33737J5056,etf
US33737J8027,etf
US33737K2050,etf
US33737M1027,etf
US33737M2017,etf
US33737M3007,etf
US33737M4096,etf
US33738D1019,etf
US33738D3098,etf
US33738D4088,etf
US33738D4815,etf
US33738D5499,etf
US33738D5721,etf
US33738D6067,etf
US33738D6307,etf
US33738D7057,etf
US33738D7131,etf
US33738D7214,etf
US33738D7396,etf
US33738D7479,etf
US33738D7545,etf
US33738D7628,etf
US33738D7701,etf
US33738D7883,etf
US33738D7966,etf
US33738D8048,etf
US33738D8121,etf
US33738D8204,etf
US33738D8386,etf
US33738D8469,etf
US33738D8790,etf
US33738R1005,etf
US33738R1187,etf
US33738R3084,etf
US33738R4074,etf
US33738R5063,etf
US33738R5634,etf
US33738R5717,etf
US33738R5899,etf
US33738R5972,etf
US33738R6053,etf
US33738R6137,etf
US33738R6210,etf
US33738R6392,etf
US33738R6475,etf
US33738R6624,etf
US33738R6889,etf
US33738R6962,etf
US33738R7044,etf
US33738R7127,etf
US33738R7200,etf
US33738R7382,etf
US33738R7465,etf
US33738R7531,etf
US33738R7614,etf
US33738R7796,etf
US33738R7952,etf
US33738R8117,etf
US33738R8299,etf
US33738R8372,etf
US33738R8455,etf
US33738R8521,etf
US33738R8604,etf
US33738R8786,etf
US33738R8869,etf
US33739E1082,etf
US33739G1031,etf
US33739H1014,etf
US33739H2004,etf
US33739N1081,etf
US33739P1030,etf
US33739P2020,etf
US33739P3010,etf
US33739P6088,etf
US33739P7078,etf
US33739P8225,etf
US33739P8308,etf
US33739P8555,etf
US33739P8639,etf
US33739P8712,etf
US33739P8894,etf
US33739Q2003,etf
US33739Q3092,etf
US33739Q4082,etf
US33739Q5071,etf
US33739Q7051,etf
US33739Q8042,etf
US33740F1286,etf
US33740F1369,etf
US33740F1443,etf
US33740F1518,etf
US33740F1690,etf
US33740F1773,etf
US33740F1856,etf
US33740F1930,etf
US33740F2193,etf
US33740F2276,etf
US33740F2359,etf
US33740F2433,etf
US33740F2508,etf
US33740F2680,etf
US33740F2763,etf
US33740F2847,etf
US33740F2920,etf
US33740F3183,etf
US33740F3266,etf
US33740F3340,etf
US33740F3423,etf
US33740F3670,etf
US33740F3753,etf
US33740F3837,etf
US33740F3910,etf
US33740F4090,etf
US33740F4173,etf
US33740F4256,etf
US33740F4330,etf
US33740F4413,etf
US33740F4587,etf
US33740F4660,etf
US33740F4744,etf
US33740F4827,etf
US33740F4900,etf
US33740F5089,etf
US33740F5162,etf
US33740F5402,etf
US33740F5576,etf
US33740F5659,etf
US33740F5733,etf
US33740F5816,etf
US33740F5998,etf
US33740F6152,etf
US33740F6236,etf
US33740F6319,etf
US33740F6491,etf
US33740F6566,etf
US33740F6640,etf
US33740F6723,etf
US33740F6806,etf
US33740F6988,etf
US33740F7143,etf
US33740F7226,etf
US33740F7309,etf
US33740F7481,etf
US33740F7556,etf
US33740F7630,etf
US33740F7713,etf
US33740F7895,etf
US33740F7978,etf
US33740F8059,etf
US33740F8133,etf
US33740F8216,etf
US33740F8398,etf
US33740F8471,etf
US33740F8547,etf
US33740F8620,etf
US33740F8703,etf
US33740F8885,etf
US33740J1043,etf
US33740J2033,etf
US33740U1097,etf
US33740U2087,etf
US33740U2400,etf
US33740U2574,etf
US33740U2657,etf
US33740U2731,etf
US33740U2814,etf
US33740U3077,etf
US33740U3150,etf
US33740U3234,etf
US33740U3499,etf
US33740U3564,etf
US33740U3648,etf
US33740U3721,etf
US33740U3804,etf
US33740U3986,etf
US33740U4067,etf
US33740U4224,etf
US33740U4307,etf
US33740U4489,etf
US33740U4554,etf
US33740U4638,etf
US33740U4711,etf
US33740U4893,etf
US33740U4976,etf
US33740U5056,etf
US33740U5130,etf
US33740U5213,etf
US33740U5395,etf
US33740U5478,etf
US33740U5544,etf
US33740U5627,etf
US33740U5700,etf
US33740U5882,etf
US33740U5965,etf
US33740U6120,etf
US33740U6203,etf
US33740U6385,etf
US33740U6534,etf
US33740U6617,etf
US33740U6799,etf
US33740U6872,etf
US33740U6955,etf
US33740U7037,etf
US33740U7110,etf
US33740U7292,etf
US33740U7375,etf
US33740U7524,etf
US33740U7607,etf
US33740U7789,etf
US33740U7862,etf
US33740U7946,etf
US33740U8027,etf
US33740U8100,etf
US33740U8282,etf
US33740U8365,etf
US33740U8449,etf
US33740U8514,etf
US33740U8696,etf
US33740U8852,etf
US33740Y1010,etf
US33741L1089,etf
US33741L2079,etf
US33741Q1076,closedend
US33741X1028,etf
US33741X2018,etf
US33741X3008,etf
US33741Y1001,etf
US33744U1051,etf
US33744U2042,etf
US33744U3032,etf
US33744U4022,etf
US33744U5011,etf
US33744U6001,etf
US33744U7090,etf
US33744U8080,etf
US33744U8650,etf
US33744U8734,etf
US33744U8817,etf
US33766Y1001,closedend
US3379591007,etf
US3379592096,etf
US3379593086,etf
US3379594076,etf
US3379595065,etf
US3379596055,etf
US3384781007,closedend
US3384791089,closedend
US3384801060,closedend
US33848E1064,closedend
US33848W1062,closedend
US33939L1008,etf
US33939L3087,etf
US33939L4077,etf
US33939L5066,etf
US33939L5710,etf
US33939L5975,etf
US33939L6056,etf
US33939L6130,etf
US33939L6395,etf
US33939L6478,etf
US33939L6544,etf
US33939L6627,etf
US33939L6700,etf
US33939L6882,etf
US33939L6965,etf
US33939L7468,etf
US33939L7534,etf
US33939L7617,etf
US33939L7799,etf
US33939L7872,etf
US33939L7955,etf
US33939L8037,etf
US33939L8292,etf
US33939L8375,etf
US33939L8458,etf
US33939L8607,etf
US33939L8862,etf
US3509331076,etf
US3516452055,closedend
US35349C1099,etf
US3535061085,etf
US35351J1097,etf
US3546461019,etf
US35472T1016,closedend
US35473M1053,etf
US35473P1084,etf
US35473P2074,etf
US35473P2983,etf
US35473P3064,etf
US35473P3148,etf
US35473P3221,etf
US35473P3304,etf
US35473P3486,etf
US35473P3551,etf
US35473P3635,etf
US35473P3718,etf
US35473P3890,etf
US35473P3973,etf
US35473P4054,etf
US35473P4138,etf
US35473P4211,etf
US35473P4393,etf
US35473P4625,etf
US35473P4708,etf
US35473P4880,etf
US35473P4963,etf
US35473P5044,etf
US35473P5127,etf
US35473P5200,etf
US35473P5382,etf
US35473P5465,etf
US35473P5531,etf
US35473P5614,etf
US35473P5879,etf
US35473P5952,etf
US35473P6034,etf
US35473P6117,etf
US35473P6299,etf
US35473P6372,etf
US35473P6455,etf
US35473P6521,etf
US35473P6604,etf
US35473P6786,etf
US35473P6869,etf
US35473P6943,etf
US35473P7107,etf
US35473P7362,etf
US35473P7446,etf
US35473P7693,etf
US35473P7859,etf
US35473P8014,etf
US35473P8196,etf
US35473P8279,etf
US35473P8352,etf
US35473P8436,etf
US35473P8501,etf
US35473P8683,etf
US35473P8766,etf
US35473P8840,etf
US3549211080,etf
US3551451038,closedend
US3552331072,etf
US3608521072,closedend
US3608768095,etf
US3608768418,etf
US3608768665,etf
US3608768749,etf
US3608768822,etf
US36087T3538,etf
US36087T3793,etf
US36087T3876,etf
US36087T3959,etf
US36087T4114,etf
US36087T4296,etf
US3615701048,closedend
US3623971013,closedend
US36239Q1094,closedend
US36240A1016,closedend
US36240B1098,closedend
US36242H1041,closedend
US36242L1052,closedend
US36246K1034,closedend
US36249W1045,closedend
US36261K1034,etf
US36261K2024,etf
US36261K3014,etf
US36261K4004,etf
US36261K5092,etf
US36261K7072,etf
US36261K8062,etf
US36261K8898,etf
US36275C1053,etf
US36465A1097,closedend
US36465E1010,closedend
US3688021043,closedend
US37950E1010,etf
US37950E2596,etf
US37950E2919,etf
US37950E3339,etf
US37950E3412,etf
US37950E4089,etf
US37950E4162,etf
US37950E6480,etf
US37954Y1376,etf
US37954Y1863,etf
US37954Y1947,etf
US37954Y2366,etf
US37954Y2697,etf
US37954Y2770,etf
US37954Y2937,etf
US37954Y3190,etf
US37954Y3273,etf
US37954Y3430,etf
US37954Y3505,etf
US37954Y3687,etf
US37954Y3760,etf
US37954Y3844,etf
US37954Y3927,etf
US37954Y4180,etf
US37954Y4420,etf
US37954Y4594,etf
US37954Y4677,etf
US37954Y4750,etf
US37954Y4834,etf
US37954Y4917,etf
US37954Y5740,etf
US37954Y6169,etf
US37954Y6243,etf
US37954Y6326,etf
US37954Y6573,etf
US37954Y6730,etf
US37954Y6995,etf
US37954Y7159,etf
US37954Y7316,etf
US37954Y7647,etf
US37954Y7720,etf
US37954Y7803,etf
US37954Y8066,etf
US37954Y8140,etf
US37954Y8306,etf
US37954Y8488,etf
US37954Y8553,etf
US37954Y8637,etf
US37954Y8710,etf
US37954Y8892,etf
US37960A1079,etf
US37960A1640,etf
US37960A1723,etf
US37960A1806,etf
US37960A1988,etf
US37960A2069,etf
US37960A2143,etf
US37960A2226,etf
US37960A2309,etf
US37960A2481,etf
US37960A2556,etf
US37960A2630,etf
US37960A2713,etf
US37960A2895,etf
US37960A2978,etf
US37960A3059,etf
US37960A3133,etf
US37960A3216,etf
US37960A3398,etf
US37960A3471,etf
US37960A3547,etf
US37960A3620,etf
US37960A3703,etf
US37960A3885,etf
US37960A3968,etf
US37960A4040,etf
US37960A4123,etf
US37960A4206,etf
US37960A4388,etf
US37960A4461,etf
US37960A4537,etf
US37960A4792,etf
US37960A4875,etf
US37960A5039,etf
US37960A5112,etf
US37960A5294,etf
US37960A5526,etf
US37960A5609,etf
US37960A5781,etf
US37960A6029,etf
US37960A6367,etf
US37960A6441,etf
US37960A6516,etf
US37960A6698,etf
US37960A6771,etf
US37960A7274,etf
US37960A7357,etf
US37960A7431,etf
US37960A7761,etf
US37960A7928,etf
US37960A8595,etf
US37960A8678,etf
US37960A8835,etf
US37966B1098,etf
US37966B2088,etf
US37966B3078,etf
US37966B4068,etf
US37966B5057,etf
US37966B6048,etf
US37966B7038,etf
US37966B7608,etf
US37966B7780,etf
US37966B7947,etf
US37966B8028,etf
US37966B8770,etf
US37966B8853,etf
US3814301079,etf
US3814301236,etf
US3814301640,etf
US3814301806,etf
US3814302069,etf
US3814302309,etf
US3814303059,etf
US3814303620,etf
US3814303885,etf
US3814303968,etf
US3814304040,etf
US3814304388,etf
US3814304537,etf
US3814304792,etf
US3814305039,etf
US3814305294,etf
US3814305450,etf
US3814306029,etf
US38144L8524,structured
US38149W1018,etf
US38149W1273,etf
US38149W3824,etf
US38149W4160,etf
US38149W4244,etf
US38149W4327,etf
US38149W4400,etf
US38149W4574,etf
US38149W4657,etf
US38149W4731,etf
US38149W4814,etf
US38149W5498,etf
US38149W5563,etf
US38149W5647,etf
US38149W5720,etf
US38149W5803,etf
US38149W5985,etf
US38149W6140,etf
US38149W6223,etf
US38149W6306,etf
US38149W7395,etf
US38149W7700,etf
US38149W8120,etf
US38149W8203,etf
US38150K1034,etf
US38150W1071,etf
US38150W2061,etf
US38151N8092,etf
US38151N8829,etf
US38747R1086,etf
US38747R1169,etf
US38747R1243,etf
US38747R1326,etf
US38747R1409,etf
US38747R1573,etf
US38747R1656,etf
US38747R1730,etf
US38747R1813,etf
US38747R1995,etf
US38747R2159,etf
US38747R2233,etf
US38747R2316,etf
US38747R2498,etf
US38747R2563,etf
US38747R2647,etf
US38747R2720,etf
US38747R2985,etf
US38747R3066,etf
US38747R3140,etf
US38747R3223,etf
US38747R3306,etf
US38747R3637,etf
US38747R4130,etf
US38747R4213,etf
US38747R4395,etf
US38747R4478,etf
US38747R4544,etf
US38747R4700,etf
US38747R4965,etf
US38747R5129,etf
US38747R5202,etf
US38747R5467,etf
US38747R5533,etf
US38747R5616,etf
US38747R5798,etf
US38747R5871,etf
US38747R5954,etf
US38747R6036,etf
US38747R6291,etf
US38747R6374,etf
US38747R6457,etf
US38747R6523,etf
US38747R6788,etf
US38747R6945,etf
US38747R7026,etf
US38747R7109,etf
US38747R7364,etf
US38747R7448,etf
US38747R7513,etf
US38747R7778,etf
US38747R8016,etf
US38747R8271,etf
US38747R8438,etf
US38747R8685,etf
US38747R8842,etf
US38747T2868,etf
US38747T2942,etf
US38747T3106,etf
US38747T3288,etf
US38747T3361,etf
US38747T3445,etf
US38747T3510,etf
US38747T3692,etf
US38747T3775,etf
US38747T4500,etf
US38747T4682,etf
US38747T4765,etf
US38747T4849,etf
US38747T4922,etf
US38747T5184,etf
US38747T5267,etf
US38747T5341,etf
US38747T5424,etf
US38747T5598,etf
US38747T5671,etf
US38747T5754,etf
US38747T5838,etf
US38747T5911,etf
US38747T6174,etf
US38747T6257,etf
US38747T6331,etf
US38747T6414,etf
US38747T6588,etf
US38747T6661,etf
US38747T6745,etf
US38747T6828,etf
US38747T6901,etf
US38747T7164,etf
US38747T7248,etf
US38748G1013,etf
US38748T1034,etf
US3896371099,etf
US3896381072,etf
US38963A1025,etf
US38963G1094,closedend
US38963H2067,etf
US38963H3057,etf
US38963H4048,etf
US38963H5037,etf
US38963H6027,etf
US38963P1093,closedend
US38963Q1076,closedend
US38963R1059,closedend
US38963T1016,closedend
US38963U1088,closedend
US38963V1061,etf
US38963W1045,closedend
US38964G1085,etf
US38964N1037,closedend
US38964P1084,closedend
US38964R2031,etf
US38964T1007,etf
US38965D1046,etf
US38965L1061,etf
US3899231035,etf
US3899302075,etf
US3899361055,etf
US4016641072,closedend
US40167F1012,closedend
US40169J4168,etf
US40169J4408,etf
US40169J4572,etf
US40169J4655,etf
US40170T1060,closedend
US4020317776,etf
US4020318196,etf
US4020318352,etf
US4020318436,etf
US4020318766,etf
US4097352060,closedend
US4101231037,closedend
US41013T1051,closedend
US41013V1008,closedend
US41013W1080,closedend
US41013X1063,closedend
US4101421034,closedend
US41021P1030,closedend
US41151J1097,etf
US41151J2087,etf
US41151J4067,etf
US41151J4489,etf
US41151J4554,etf
US41151J4638,etf
US41151J4711,etf
US41151J4893,etf
US41151J4976,etf
US41151J5056,etf
US41151J5130,etf
US41151J5213,etf
US41151J5395,etf
US41151J5478,etf
US41151J5544,etf
US41151J5627,etf
US41151J5700,etf
US41151J5882,etf
US41151J5965,etf
US41151J6120,etf
US41151J6203,etf
US41151J6385,etf
US41151J6468,etf
US41151J6534,etf
US41151J6617,etf
US41151J6799,etf
US41151J6872,etf
US41151J6955,etf
US41151J7037,etf
US41151J7110,etf
US41151J7292,etf
US41151J7375,etf
US41151J7458,etf
US41151J7524,etf
US41151J7789,etf
US41151J7862,etf
US41151J7946,etf
US41151J8282,etf
US41151J8365,etf
US41151J8514,etf
US41151J8696,etf
US41151J8779,etf
US41151J8852,etf
US4122956364,etf
US41456U1060,etf
US41456U2050,etf
US41456U3041,etf
US41653L3050,etf
US41653L4041,etf
US41653L5030,etf
US41653L6020,etf
US41653L7010,etf
US41653L8265,etf
US41653L8349,etf
US41653L8422,etf
US41653L8596,etf
US41653L8752,etf
US41653L8836,etf
US41809Y1029,etf
US42588P6925,etf
US42804T2050,closedend
US42968F1084,closedend
US43010E4044,closedend
US43010T1043,closedend
US44053A3582,etf
US44053A3665,etf
US44053A4242,etf
US44053A4408,etf
US44053A4655,etf
US44053A4739,etf
US44053A4812,etf
US44053A4994,etf
US44053A5231,etf
US44053A5314,etf
US44053A5496,etf
US44053A5561,etf
US44053A5645,etf
US44053A6221,etf
US44053A6304,etf
US44134R3966,etf
US44134R4121,etf
US44134R4204,etf
US44134R4386,etf
US45259A1007,etf
US45259A1676,etf
US45259A1759,etf
US45259A2096,etf
US45259A2336,etf
US45259A2419,etf
US45259A2583,etf
US45259A2666,etf
US45259A3169,etf
US45259A4076,etf
US45259A4498,etf
US45259A4647,etf
US45259A5149,etf
US45259A5487,etf
US45259A5636,etf
US45259A5719,etf
US45259A6881,etf
US45259A6964,etf
US45259A7046,etf
US45259A7616,etf
US45259A7798,etf
US45259A7871,etf
US45259A7954,etf
US45259A8036,etf
US45259A8374,etf
US45259A8457,etf
US45259A8523,etf
US45259A8606,etf
US45259A8788,etf
US45259A8861,etf
US45407J4094,etf
US4540891037,closedend
US45409B1070,etf
US45409B2482,etf
US45409B2557,etf
US45409B2631,etf
US45409B4538,etf
US45409B4611,etf
US45409B5600,etf
US45409B8000,etf
US45409F6869,etf
US45409F7107,etf
US45409F7362,etf
US45409F7511,etf
US45409F7693,etf
US45409F7776,etf
US45409F7859,etf
US45409F8279,etf
US45409F8436,etf
US45782C1282,etf
US45782C2355,etf
US45782C2439,etf
US45782C2769,etf
US45782C2843,etf
US45782C2926,etf
US45782C3007,etf
US45782C3189,etf
US45782C3262,etf
US45782C3346,etf
US45782C3429,etf
US45782C3593,etf
US45782C3676,etf
US45782C3759,etf
US45782C3833,etf
US45782C3916,etf
US45782C4096,etf
US45782C4179,etf
US45782C4252,etf
US45782C4336,etf
US45782C4666,etf
US45782C4740,etf
US45782C5085,etf
US45782C5168,etf
US45782C5242,etf
US45782C5325,etf
US45782C5408,etf
US45782C5572,etf
US45782C5655,etf
US45782C5739,etf
US45782C5812,etf
US45782C5994,etf
US45782C6158,etf
US45782C6232,etf
US45782C6315,etf
US45782C6497,etf
US45782C6562,etf
US45782C6646,etf
US45782C6729,etf
US45782C6802,etf
US45782C6984,etf
US45782C7149,etf
US45782C7222,etf
US45782C7305,etf
US45782C7487,etf
US45782C7552,etf
US45782C7719,etf
US45782C7891,etf
US45782C7974,etf
US45782C8055,etf
US45782C8139,etf
US45782C8212,etf
US45782C8394,etf
US45782C8626,etf
US45782C8709,etf
US45782C8881,etf
US45783Y1038,etf
US45783Y1111,etf
US45783Y1293,etf
US45783Y1376,etf
US45783Y1459,etf
US45783Y1608,etf
US45783Y1780,etf
US45783Y1863,etf
US45783Y2101,etf
US45783Y2283,etf
US45783Y2366,etf
US45783Y2440,etf
US45783Y2515,etf
US45783Y2697,etf
US45783Y2770,etf
US45783Y2853,etf
US45783Y2937,etf
US45783Y3018,etf
US45783Y3190,etf
US45783Y3356,etf
US45783Y3430,etf
US45783Y3505,etf
US45783Y3687,etf
US45783Y3760,etf
US45783Y4008,etf
US45783Y4180,etf
US45783Y4263,etf
US45783Y4347,etf
US45783Y4420,etf
US45783Y4594,etf
US45783Y4750,etf
US45783Y4917,etf
US45783Y5096,etf
US45783Y5252,etf
US45783Y5336,etf
US45783Y5419,etf
US45783Y5666,etf
US45783Y5823,etf
US45783Y6086,etf
US45783Y6169,etf
US45783Y6243,etf
US45783Y6573,etf
US45783Y6730,etf
US45783Y6813,etf
US45783Y6995,etf
US45783Y7233,etf
US45783Y7316,etf
US45783Y7563,etf
US45783Y7720,etf
US45783Y7803,etf
US45783Y7985,etf
US45783Y8066,etf
US45783Y8140,etf
US45783Y8223,etf
US45783Y8306,etf
US45783Y8488,etf
US45783Y8553,etf
US45783Y8710,etf
US45783Y8892,etf
US45784N1063,etf
US45784N1717,etf
US45784N1899,etf
US45784N1972,etf
US45784N2053,etf
US45784N2137,etf
US45784N2624,etf
US45784N2707,etf
US45784N2889,etf
US45784N2962,etf
US45784N3044,etf
US45784N3127,etf
US45784N3200,etf
US45784N3382,etf
US45784N3465,etf
US45784N3531,etf
US45784N3614,etf
US45784N3796,etf
US45784N3879,etf
US45784N3952,etf
US45784N4034,etf
US45784N4117,etf
US45784N4299,etf
US45784N4372,etf
US45784N4455,etf
US45784N4521,etf
US45784N4604,etf
US45784N4786,etf
US45784N4869,etf
US45784N4943,etf
US45784N5023,etf
US45784N5106,etf
US45784N5288,etf
US45784N5361,etf
US45784N5445,etf
US45784N5510,etf
US45784N5775,etf
US45784N5858,etf
US45784N5932,etf
US45784N6013,etf
US45784N6195,etf
US45784N6435,etf
US45784N6500,etf
US45784N6682,etf
US45784N6765,etf
US45784N6922,etf
US45784N7003,etf
US45784N7268,etf
US45784N7342,etf
US45784N7425,etf
US45784N7599,etf
US45784N7672,etf
US45784N7755,etf
US45784N7839,etf
US45784N7912,etf
US45784N8092,etf
US45784N8175,etf
US45784N8258,etf
US45784N8332,etf
US45784N8415,etf
US45784N8589,etf
US45784N8662,etf
US45784N8746,etf
US45784N8829,etf
US46090A1016,etf
US46090A6551,etf
US46090A6635,etf
US46090A6718,etf
US46090A6890,etf
US46090A6973,etf
US46090A7054,etf
US46090A7138,etf
US46090A7211,etf
US46090A7393,etf
US46090A7476,etf
US46090A7542,etf
US46090A8045,etf
US46090A8532,etf
US46090A8797,etf
US46090A8870,etf
US46090E1038,etf
US46090F1003,etf
US46090F2092,etf
US46090F3082,etf
US46090N1037,etf
US46091J1016,etf
US46092D1292,etf
US46092D1458,etf
US46092D1607,etf
US46092D2027,etf
US46092D2696,etf
US46092D2779,etf
US46092D3686,etf
US46092D3769,etf
US46092D3843,etf
US46092D3926,etf
US46092D4346,etf
US46092D4593,etf
US46092D5905,etf
US46092D6325,etf
US46092D6655,etf
US46092D6739,etf
US46092D6812,etf
US46092D7315,etf
US46092D7497,etf
US46092D7562,etf
US46127B1061,etf
US46127B2051,etf
US46127B3042,etf
US46127B4032,etf
US46127B5021,etf
US46127B6011,etf
US46127B7001,etf
US46127B8090,etf
US46127B8827,etf
US46131F1012,closedend
US46131H1077,closedend
US46131J1034,closedend
US46131M1062,closedend
US46131T1016,closedend
US46132C1071,closedend
US46132E1038,closedend
US46132H1068,closedend
US46132K1097,closedend
US46132L1070,closedend
US46132P1084,closedend
US46132X1019,closedend
US46133G1076,closedend
US46137R1095,etf
US46137V1008,etf
US46137V1180,etf
US46137V1347,etf
US46137V1420,etf
US46137V1594,etf
US46137V1677,etf
US46137V1750,etf
US46137V1917,etf
US46137V2170,etf
US46137V2253,etf
US46137V2337,etf
US46137V2410,etf
US46137V2584,etf
US46137V2667,etf
US46137V2741,etf
US46137V2824,etf
US46137V2907,etf
US46137V3087,etf
US46137V3160,etf
US46137V3244,etf
US46137V3327,etf
US46137V3400,etf
US46137V3574,etf
US46137V3657,etf
US46137V3731,etf
US46137V3814,etf
US46137V3996,etf
US46137V4077,etf
US46137V4234,etf
US46137V4317,etf
US46137V4499,etf
US46137V4564,etf
US46137V4648,etf
US46137V4721,etf
US46137V4804,etf
US46137V4986,etf
US46137V5066,etf
US46137V5223,etf
US46137V5306,etf
US46137V5488,etf
US46137V5637,etf
US46137V5710,etf
US46137V5975,etf
US46137V6056,etf
US46137V6130,etf
US46137V6213,etf
US46137V6395,etf
US46137V6478,etf
US46137V6627,etf
US46137V6882,etf
US46137V6965,etf
US46137V7047,etf
US46137V7120,etf
US46137V7203,etf
US46137V7385,etf
US46137V7468,etf
US46137V7534,etf
US46137V7617,etf
US46137V7799,etf
US46137V7872,etf
US46137V7955,etf
US46137V8037,etf
US46137V8110,etf
US46137V8375,etf
US46137V8458,etf
US46137V8524,etf
US46137V8607,etf
US46137V8789,etf
US46137V8862,etf
US46137Y4017,etf
US46137Y5006,etf
US46137Y6095,etf
US46137Y8729,etf
US46138B1035,etf
US46138E1073,etf
US46138E1156,etf
US46138E1230,etf
US46138E1313,etf
US46138E1495,etf
US46138E1560,etf
US46138E1727,etf
US46138E1800,etf
US46138E1982,etf
US46138E2063,etf
US46138E2147,etf
US46138E2220,etf
US46138E2303,etf
US46138E2634,etf
US46138E2899,etf
US46138E2972,etf
US46138E3392,etf
US46138E3541,etf
US46138E3624,etf
US46138E3707,etf
US46138E3962,etf
US46138E4044,etf
US46138E4200,etf
US46138E4614,etf
US46138E4952,etf
US46138E5116,etf
US46138E5298,etf
US46138E5371,etf
US46138E5454,etf
US46138E5785,etf
US46138E5868,etf
US46138E5942,etf
US46138E6106,etf
US46138E6288,etf
US46138E6361,etf
US46138E6445,etf
US46138E6510,etf
US46138E6692,etf
US46138E6932,etf
US46138E7195,etf
US46138E7278,etf
US46138E7351,etf
US46138E7435,etf
US46138E7849,etf
US46138E8003,etf
US46138E8425,etf
US46138E8672,etf
US46138E8755,etf
US46138G1022,etf
US46138G2012,etf
US46138G3002,etf
US46138G3754,etf
US46138G3838,etf
US46138G3911,etf
US46138G4091,etf
US46138G4174,etf
US46138G4257,etf
US46138G4331,etf
US46138G4414,etf
US46138G4588,etf
US46138G4661,etf
US46138G4745,etf
US46138G4828,etf
US46138G5080,etf
US46138G5163,etf
US46138G5403,etf
US46138G5577,etf
US46138G5650,etf
US46138G5734,etf
US46138G5817,etf
US46138G5999,etf
US46138G6153,etf
US46138G6310,etf
US46138G6492,etf
US46138G6567,etf
US46138G6641,etf
US46138G6724,etf
US46138G6989,etf
US46138G7060,etf
US46138G8050,etf
US46138G8472,etf
US46138G8621,etf
US46138G8704,etf
US46138G8886,etf
US46138J2704,etf
US46138J2886,etf
US46138J2969,etf
US46138J3124,etf
US46138J3207,etf
US46138J3389,etf
US46138J3462,etf
US46138J3538,etf
US46138J3959,etf
US46138J4114,etf
US46138J4296,etf
US46138J4379,etf
US46138J4452,etf
US46138J4528,etf
US46138J4601,etf
US46138J4783,etf
US46138J4866,etf
US46138J4940,etf
US46138J5103,etf
US46138J5772,etf
US46138J5855,etf
US46138J5939,etf
US46138J6192,etf
US46138J6358,etf
US46138J6432,etf
US46138J7422,etf
US46138J7752,etf
US46138J7836,etf
US46138J7919,etf
US46138K1034,etf
US46138M1099,etf
US46138R1086,etf
US46138T1043,etf
US46138W1071,etf
US46139W5022,etf
US46139W7424,etf
US46139W7598,etf
US46139W7671,etf
US46139W7754,etf
US46139W7838,etf
US46139W7911,etf
US46139W8174,etf
US46139W8257,etf
US46139W8331,etf
US46139W8414,etf
US46139W8588,etf
US46140H1068,etf
US46140H3049,etf
US46140H4039,etf
US46140H5028,etf
US46140H7008,etf
US46141D1046,etf
US46141D2036,etf
US46141T1170,etf
US46143U4500,etf
US46143U5184,etf
US46143U5341,etf
US46143U5424,etf
US46144X1155,etf
US46144X1312,etf
US46144X3961,etf
US46144X4878,etf
US46144X4951,etf
US46144X5867,etf
US46144X6105,etf
US46148D1072,etf
US46152A1631,etf
US46152A2134,etf
US46152A2217,etf
US46152A2399,etf
US46152A2472,etf
US46152A2548,etf
US46152A2621,etf
US46152A2704,etf
US46152A2886,etf
US46152A2969,etf
US46152A3124,etf
US46152A3207,etf
US46152A3389,etf
US46152A3462,etf
US46152A3538,etf
US46152A3793,etf
US46152A3876,etf
US46152A3959,etf
US46152A4296,etf
US46152A4379,etf
US46152A4452,etf
US46152A4528,etf
US46152A4601,etf
US46152A4783,etf
US46152A4866,etf
US46152A4940,etf
US46152A5103,etf
US46152A5285,etf
US46152A5368,etf
US46152A5442,etf
US46152A5517,etf
US46152A5699,etf
US46152A6507,etf
US46152A6689,etf
US46152A7182,etf
US46152A7349,etf
US46152A7422,etf
US46152A7596,etf
US46152N2071,etf
US46152N3061,etf
US46152N4051,etf
US46152N6031,etf
US46152N6940,etf
US46152N7104,etf
US46152N7286,etf
US46152N7369,etf
US46152N7443,etf
US46152N7518,etf
US46152N7690,etf
US46152N7856,etf
US46152N7930,etf
US46152N8011,etf
US46152N8193,etf
US46152N8276,etf
US46152N8359,etf
US46152N8433,etf
US46152N8847,etf
US46283H2022,unit
US4642852044,etf
US4642861037,etf
US4642861789,etf
US4642862027,etf
US4642862100,etf
US4642862514,etf
US4642862852,etf
US4642862936,etf
US4642863017,etf
US4642863199,etf
US4642863272,etf
US4642863439,etf
US4642863504,etf
US4642863926,etf
US4642864007,etf
US4642864262,etf
US4642864759,etf
US4642865095,etf
US4642865178,etf
US4642865251,etf
US4642865335,etf
US4642865822,etf
US4642866085,etf
US4642866242,etf
US4642866325,etf
US4642866408,etf
US4642866572,etf
US4642866655,etf
US4642866812,etf
US4642867075,etf
US4642867158,etf
US4642867497,etf
US4642867562,etf
US4642867646,etf
US4642867729,etf
US4642867802,etf
US4642868065,etf
US4642868149,etf
US4642868222,etf
US4642868719,etf
US4642871010,etf
US4642871192,etf
US4642871275,etf
US4642871507,etf
US4642871689,etf
US4642871762,etf
US4642871846,etf
US4642871929,etf
US4642872000,etf
US4642872265,etf
US4642872349,etf
US4642872422,etf
US4642872752,etf
US4642872919,etf
US4642873099,etf
US4642873255,etf
US4642873339,etf
US4642873412,etf
US4642873743,etf
US4642873826,etf
US4642873909,etf
US4642874089,etf
US4642874329,etf
US4642874402,etf
US4642874576,etf
US4642874659,etf
US4642874733,etf
US4642874816,etf
US4642874998,etf
US4642875078,etf
US4642875151,etf
US4642875235,etf
US4642875318,etf
US4642875490,etf
US4642875565,etf
US4642875649,etf
US4642875722,etf
US4642875805,etf
US4642875987,etf
US4642876068,etf
US4642876142,etf
US4642876225,etf
US4642876308,etf
US4642876480,etf
US4642876555,etf
US4642876639,etf
US4642876712,etf
US4642876894,etf
US4642876977,etf
US4642877058,etf
US4642877132,etf
US4642877215,etf
US4642877397,etf
US4642877546,etf
US4642877629,etf
US4642877702,etf
US4642877884,etf
US4642877967,etf
US4642878049,etf
US4642878122,etf
US4642878387,etf
US4642878460,etf
US4642878619,etf
US4642878791,etf
US4642878874,etf
US4642881092,etf
US4642881175,etf
US4642881258,etf
US4642881589,etf
US4642881662,etf
US4642881746,etf
US4642881829,etf
US4642882082,etf
US4642882165,etf
US4642882249,etf
US4642882405,etf
US4642882579,etf
US4642882652,etf
US4642882736,etf
US4642882819,etf
US4642883072,etf
US4642883239,etf
US4642883569,etf
US4642883726,etf
US4642884062,etf
US4642884146,etf
US4642884302,etf
US4642884484,etf
US4642884898,etf
US4642884971,etf
US4642885051,etf
US4642885135,etf
US4642885218,etf
US4642885622,etf
US4642885705,etf
US4642885887,etf
US4642885960,etf
US4642886042,etf
US4642886125,etf
US4642886208,etf
US4642886380,etf
US4642886463,etf
US4642886539,etf
US4642886612,etf
US4642886794,etf
US4642886877,etf
US4642886950,etf
US4642887032,etf
US4642887115,etf
US4642887297,etf
US4642887370,etf
US4642887453,etf
US4642887529,etf
US4642887602,etf
US4642887784,etf
US4642887867,etf
US4642887941,etf
US4642888022,etf
US4642888105,etf
US4642888287,etf
US4642888360,etf
US4642888444,etf
US4642888519,etf
US4642888691,etf
US4642888774,etf
US4642888857,etf
US4642891232,etf
US4642891315,etf
US4642891802,etf
US4642894202,etf
US4642894384,etf
US4642894467,etf
US4642894798,etf
US4642895118,etf
US4642895290,etf
US4642898427,etf
US4642898591,etf
US4642898674,etf
US4642898757,etf
US4642898831,etf
US46428Q1094,etf
US46428R1077,etf
US46429B2007,etf
US46429B2676,etf
US46429B2916,etf
US46429B3096,etf
US46429B3336,etf
US46429B3666,etf
US46429B4086,etf
US46429B4169,etf
US46429B4995,etf
US46429B5075,etf
US46429B5158,etf
US46429B5232,etf
US46429B5984,etf
US46429B6065,etf
US46429B6149,etf
US46429B6552,etf
US46429B6636,etf
US46429B6719,etf
US46429B6891,etf
US46429B6974,etf
US46429B7477,etf
US46431W5076,etf
US46431W5159,etf
US46431W5803,etf
US46431W5985,etf
US46431W6066,etf
US46431W6488,etf
US46431W7056,etf
US46431W8120,etf
US46431W8385,etf
US46431W8534,etf
US46432F3394,etf
US46432F3709,etf
US46432F3881,etf
US46432F3964,etf
US46432F8344,etf
US46432F8427,etf
US46432F8591,etf
US46432F8757,etf
US46434G1031,etf
US46434G5099,etf
US46434G7640,etf
US46434G7723,etf
US46434G7806,etf
US46434G8143,etf
US46434G8226,etf
US46434G8309,etf
US46434G8481,etf
US46434G8556,etf
US46434G8630,etf
US46434G8895,etf
US46434V1008,etf
US46434V2667,etf
US46434V2741,etf
US46434V2824,etf
US46434V2907,etf
US46434V3160,etf
US46434V3814,etf
US46434V4077,etf
US46434V4234,etf
US46434V4499,etf
US46434V4564,etf
US46434V4648,etf
US46434V5140,etf
US46434V6130,etf
US46434V6213,etf
US46434V6395,etf
US46434V6478,etf
US46434V6965,etf
US46434V7385,etf
US46434V7617,etf
US46434V7799,etf
US46434V7872,etf
US46434V8037,etf
US46434V8607,etf
US46434V8789,etf
US46434V8862,etf
US46435G1022,etf
US46435G1931,etf
US46435G2194,etf
US46435G2434,etf
US46435G2509,etf
US46435G2681,etf
US46435G3267,etf
US46435G3341,etf
US46435G3424,etf
US46435G4091,etf
US46435G4174,etf
US46435G4257,etf
US46435G4331,etf
US46435G4414,etf
US46435G4745,etf
US46435G5163,etf
US46435G5247,etf
US46435G5320,etf
US46435G6724,etf
US46435G8399,etf
US46435G8472,etf
US46435GAA04,etf
US46435U1354,etf
US46435U1925,etf
US46435U2188,etf
US46435U2592,etf
US46435U2832,etf
US46435U3251,etf
US46435U3665,etf
US46435U3749,etf
US46435U4408,etf
US46435U4739,etf
US46435U5157,etf
US46435U5496,etf
US46435U5561,etf
US46435U6635,etf
US46435U7138,etf
US46435U7963,etf
US46435U8532,etf
US46435U8615,etf
US46435UAA97,etf
US46436E1221,etf
US46436E1304,etf
US46436E1486,etf
US46436E1551,etf
US46436E1635,etf
US46436E1718,etf
US46436E1890,etf
US46436E1973,etf
US46436E2054,etf
US46436E2211,etf
US46436E2393,etf
US46436E2542,etf
US46436E2625,etf
US46436E2708,etf
US46436E2880,etf
US46436E2963,etf
US46436E3128,etf
US46436E3201,etf
US46436E3383,etf
US46436E3532,etf
US46436E3615,etf
US46436E3797,etf
US46436E3870,etf
US46436E4035,etf
US46436E4118,etf
US46436E4290,etf
US46436E4456,etf
US46436E4605,etf
US46436E4787,etf
US46436E4860,etf
US46436E4944,etf
US46436E5024,etf
US46436E5107,etf
US46436E5289,etf
US46436E5362,etf
US46436E5446,etf
US46436E5511,etf
US46436E5693,etf
US46436E5933,etf
US46436E6014,etf
US46436E6196,etf
US46436E7186,etf
US46436E7269,etf
US46436E7426,etf
US46436E7590,etf
US46436E7673,etf
US46436E8176,etf
US46436E8259,etf
US46436E8333,etf
US46436E8416,etf
US46436E8580,etf
US46436F1030,etf
US46438F1012,etf
US46438G1094,etf
US46438G1177,etf
US46438G1250,etf
US46438G1334,etf
US46438G1417,etf
US46438G1581,etf
US46438G1664,etf
US46438G1748,etf
US46438G1821,etf
US46438G1904,etf
US46438G2084,etf
US46438G2167,etf
US46438G2241,etf
US46438G2324,etf
US46438G2407,etf
US46438G2571,etf
US46438G2654,etf
US46438G2738,etf
US46438G2811,etf
US46438G2993,etf
US46438G3157,etf
US46438G3231,etf
US46438G3314,etf
US46438G3496,etf
US46438G3561,etf
US46438G3645,etf
US46438G3728,etf
US46438G3801,etf
US46438G3983,etf
US46438G4148,etf
US46438G4221,etf
US46438G4304,etf
US46438G4486,etf
US46438G4551,etf
US46438G4635,etf
US46438G4718,etf
US46438G4890,etf
US46438G4973,etf
US46438G5053,etf
US46438G5137,etf
US46438G5210,etf
US46438G5392,etf
US46438G5475,etf
US46438G5541,etf
US46438G5624,etf
US46438G5707,etf
US46438G5889,etf
US46438G5962,etf
US46438G6044,etf
US46438G6127,etf
US46438G6200,etf
US46438G6382,etf
US46438G6465,etf
US46438G6531,etf
US46438G6614,etf
US46438G6796,etf
US46438G6879,etf
US46438G6952,etf
US46438G7034,etf
US46438G7117,etf
US46438G7299,etf
US46438G7372,etf
US46438G7455,etf
US46438G7521,etf
US46438G7604,etf
US46438G7786,etf
US46438G7869,etf
US46438G7943,etf
US46438G8024,etf
US46438G8107,etf
US46438G8289,etf
US46438G8446,etf
US46438G8511,etf
US46438G8693,etf
US46438G8776,etf
US46438G8859,etf
US46438M1062,etf
US46438R1059,etf
US46438T1016,etf
US46438T2006,etf
US46438T3095,etf
US46439G1085,etf
US46641Q1186,etf
US46641Q1269,etf
US46641Q1343,etf
US46641Q1590,etf
US46641Q1673,etf
US46641Q1913,etf
US46641Q2093,etf
US46641Q2176,etf
US46641Q2259,etf
US46641Q2333,etf
US46641Q2416,etf
US46641Q2663,etf
US46641Q2747,etf
US46641Q2903,etf
US46641Q3083,etf
US46641Q3240,etf
US46641Q3323,etf
US46641Q3406,etf
US46641Q3737,etf
US46641Q3992,etf
US46641Q4073,etf
US46641Q4495,etf
US46641Q7381,etf
US46641Q7464,etf
US46641Q7530,etf
US46641Q7613,etf
US46641Q7795,etf
US46641Q8371,etf
US46641Q8454,etf
US46641Q8785,etf
US46641Q8868,etf
US46654Q2030,etf
US46654Q4432,etf
US46654Q4507,etf
US46654Q4689,etf
US46654Q4762,etf
US46654Q4846,etf
US46654Q4929,etf
US46654Q5181,etf
US46654Q5264,etf
US46654Q5348,etf
US46654Q5421,etf
US46654Q5595,etf
US46654Q5678,etf
US46654Q5751,etf
US46654Q5835,etf
US46654Q5918,etf
US46654Q6098,etf
US46654Q6171,etf
US46654Q6254,etf
US46654Q6338,etf
US46654Q6411,etf
US46654Q6585,etf
US46654Q6668,etf
US46654Q6742,etf
US46654Q6825,etf
US46654Q6908,etf
US46654Q7088,etf
US46654Q7161,etf
US46654Q7245,etf
US46654Q7328,etf
US46654Q7401,etf
US46654Q7575,etf
US46654Q7658,etf
US46654Q7815,etf
US46654Q7997,etf
US46654Q8078,etf
US46654Q8151,etf
US46654Q8318,etf
US46654Q8490,etf
US46654Q8565,etf
US46654Q8805,etf
US47103U1007,etf
US47103U2096,etf
US47103U6139,etf
US47103U6394,etf
US47103U6477,etf
US47103U6543,etf
US47103U6709,etf
US47103U6881,etf
US47103U6964,etf
US47103U7129,etf
US47103U7202,etf
US47103U7384,etf
US47103U7467,etf
US47103U7533,etf
US47103U7798,etf
US47103U8457,etf
US47103U8523,etf
US47103U8861,etf
US47109U1043,closedend
US47804J1079,etf
US47804J2069,etf
US47804J6441,etf
US47804J6516,etf
US47804J6698,etf
US47804J6771,etf
US47804J6854,etf
US47804J6938,etf
US47804J7191,etf
US47804J7274,etf
US47804J7357,etf
US47804J7431,etf
US47804J7506,etf
US47804J7688,etf
US47804J7761,etf
US47804J7928,etf
US47804J8181,etf
US47804J8348,etf
US47804J8421,etf
US47804J8595,etf
US47804L1026,closedend
US48133Q3092,etf
US48133Q4082,etf
US48249T1060,closedend
US4866061066,closedend
US48817R8705,etf
US5006342092,closedend
US5007671408,etf
US5007671739,etf
US5007671812,etf
US5007671994,etf
US5007672158,etf
US5007672232,etf
US5007672497,etf
US5007672729,etf
US5007672802,etf
US5007673065,etf
US5007673149,etf
US5007673222,etf
US5007673305,etf
US5007673487,etf
US5007673552,etf
US5007673636,etf
US5007673891,etf
US5007673974,etf
US5007674055,etf
US5007674139,etf
US5007674212,etf
US5007675532,etf
US5007675797,etf
US5007676456,etf
US5007676522,etf
US5007676787,etf
US5007676944,etf
US5007677363,etf
US5007677512,etf
US5007677694,etf
US5007678270,etf
US5007678353,etf
US5007678437,etf
US5007678502,etf
US5007678684,etf
US5007678767,etf
US5009481046,etf
US5009482036,etf
US5009483026,etf
US5009484016,etf
US5009485005,etf
US5009486094,etf
US5009486417,etf
US5009487084,etf
US5009487654,etf
US5009487811,etf
US5009488074,etf
US5009488314,etf
US5009488496,etf
US5009488645,etf
US5009488728,etf
US5009488801,etf
US50208A1025,closedend
US5184161025,etf
US5184162015,etf
US5184164094,etf
US5184165083,etf
US5184168392,etf
US5184168475,etf
US5184168707,etf
US52106W1036,closedend
US52110K1034,etf
US52110K2024,etf
US52110K3014,etf
US52110K4004,etf
US52110K5092,etf
US52110K6082,etf
US52110K7072,etf
US5246822002,etf
US5246823091,etf
US52468L4068,etf
US52468L5057,etf
US52468L8770,etf
US5299001025,closedend
US5301581048,closedend
US53656F1286,etf
US53656F1443,etf
US53656F1518,etf
US53656F1690,etf
US53656F2680,etf
US53656F3837,etf
US53656F4173,etf
US53656F4256,etf
US53656F5733,etf
US53656F5816,etf
US53656F5998,etf
US53656F6079,etf
US53656F6236,etf
US53656F7069,etf
US53656F7895,etf
US53656F8059,etf
US53656F8471,etf
US53656F8547,etf
US53656F8620,etf
US53656F8703,etf
US53656F8885,etf
US53656G1590,etf
US53656G1756,etf
US53656G2093,etf
US53656G2333,etf
US53656G2820,etf
US53656G3166,etf
US53656G3323,etf
US53656G3570,etf
US53656G4982,etf
US53656G5146,etf
US53656G5559,etf
US53656G5633,etf
US53656H5798,etf
US53656H5871,etf
US53656H5954,etf
US53656H6788,etf
US53656H6861,etf
US53656H7281,etf
US53656H7364,etf
US53656H7448,etf
US53656H7513,etf
US53656H7695,etf
US53656H7778,etf
US53656H7851,etf
US53656H8354,etf
US53656H8438,etf
US53700T7515,etf
US53700T8273,etf
US5527371083,closedend
US5527381066,closedend
US55273C1071,closedend
US55286W1080,etf
US55286W1163,etf
US55286W1247,etf
US55286W2070,etf
US55286W3060,etf
US55286W4050,etf
US55286W5040,etf
US55286W6030,etf
US55286W7020,etf
US55286W8010,etf
US55286W8846,etf
US5529391006,closedend
US5559271029,etf
US5559272019,etf
US5559273009,etf
US5559274098,etf
US5559275087,etf
US5559276077,etf
US5559278628,etf
US5559278701,etf
US5559278883,etf
US5574371002,closedend
US5574412012,etf
US5574413002,etf
US5574414091,etf
US5574415080,etf
US56064K1007,closedend
US56064Q1076,closedend
US56164V1052,etf
US56164V2043,etf
US56164V3033,etf
US56164V4023,etf
US56167N1836,etf
US56167N1919,etf
US56167R6062,etf
US56167R7052,etf
US56167R7961,etf
US56167R8209,etf
US56170L6121,etf
US56170L6535,etf
US56170L6618,etf
US56170L6790,etf
US56170L6873,etf
US56170L6956,etf
US5748171023,etf
US5771257350,etf
US5771257434,etf
US5771257848,etf
US5771257921,etf
US5771258184,etf
US5771258267,etf
US5771258341,etf
US5771305787,etf
US5771305860,etf
US5771305944,etf
US5771306108,etf
US5771306280,etf
US5928341057,closedend
US5928351023,closedend
US60055P8216,etf
US6008251034,etf
US6008252024,etf
US61692G1094,etf
US61744H1059,closedend
US61745C1053,closedend
US6174681030,closedend
US6174771047,closedend
US61769L8413,etf
US61769L8587,etf
US61774R1068,etf
US61774R1142,etf
US61774R2058,etf
US61774R3049,etf
US61774R4039,etf
US61774R6018,etf
US61774R7008,etf
US61774R7677,etf
US61774R7750,etf
US61774R7834,etf
US61774R8097,etf
US61774R8170,etf
US61774R8253,etf
US61774R8337,etf
US61774R8410,etf
US61774R8584,etf
US61774R8667,etf
US61774R8741,etf
US61774R8824,etf
US61780R1086,etf
US61780V1098,etf
US63873X3070,etf
US63873X4060,etf
US63873X5059,etf
US63875W2089,etf
US63875W4069,etf
US64124P1012,closedend
US64128C1062,closedend
US64129H1041,closedend
US64133Q1085,closedend
US64135A1016,etf
US64135A2006,etf
US64135A4085,etf
US64135A5074,etf
US64135A7054,etf
US64135A7708,etf
US64135A7880,etf
US64135A7963,etf
US64135A8045,etf
US64135A8383,etf
US64135A8466,etf
US64135A8532,etf
US64135A8615,etf
US64135A8797,etf
US64135A8870,etf
US64190A1034,closedend
US6443231070,closedend
US6444651060,closedend
US64944P3073,unit
US64953X1000,etf
US64953X2099,etf
US64953X3089,etf
US64953X4079,etf
US65339F1194,unit
US65339F6557,unit
US65339F6631,unit
US6649257085,etf
US6649257655,etf
US6649258075,etf
US6649258232,etf
US6649258646,etf
US6649258802,etf
US6651621111,etf
US6651621293,etf
US6651621376,etf
US6651621459,etf
US6651621525,etf
US6651621608,etf
US6651621780,etf
US6651621863,etf
US6651621947,etf
US6651622101,etf
US6651622283,etf
US66516K3014,etf
US66516K4004,etf
US66516K5092,etf
US66516K6082,etf
US66516K7072,etf
US66516K8062,etf
US66516K8633,etf
US66516K8716,etf
US66516K8898,etf
US66537J4085,etf
US66537J5074,etf
US66537J6064,etf
US66537J7054,etf
US66537J7880,etf
US66537J7963,etf
US66537J8045,etf
US66537J8128,etf
US66537J8201,etf
US66537J8383,etf
US66537J8466,etf
US66537J8532,etf
US66537J8615,etf
US66537J8797,etf
US66537J8870,etf
US66538F1407,etf
US66538F1571,etf
US66538F1654,etf
US66538F1993,etf
US66538F2157,etf
US66538F2314,etf
US66538H1793,etf
US66538H1876,etf
US66538H2114,etf
US66538H2379,etf
US66538H2452,etf
US66538H2528,etf
US66538H2601,etf
US66538H2783,etf
US66538H3690,etf
US66538H3930,etf
US66538H4193,etf
US66538H5349,etf
US66538H5919,etf
US66538H6339,etf
US66538H6412,etf
US66538H6586,etf
US66538J2419,etf
US66538J2583,etf
US66538J2823,etf
US66538J2906,etf
US66538J3243,etf
US66538J3326,etf
US66538J7202,etf
US66538J7384,etf
US66538R4415,etf
US66538R5248,etf
US66538R5321,etf
US66538R5404,etf
US66538R7228,etf
US66538R7301,etf
US66538R7483,etf
US67061E1047,closedend
US67061T1016,closedend
US67061W1045,closedend
US67062C1071,closedend
US67062F1003,closedend
US67062J1025,closedend
US67062M1053,closedend
US67064R1023,closedend
US6706511085,closedend
US6706561072,closedend
US6706571055,closedend
US6706631032,closedend
US67066V1017,closedend
US67066X1072,closedend
US67066Y1055,closedend
US6706821039,closedend
US6706935482,etf
US6706951059,closedend
US6706991071,closedend
US6706EW1000,closedend
US67070X1019,closedend
US6707136353,etf
US67071B1089,closedend
US67071L1061,closedend
US67072T1088,closedend
US6707341029,closedend
US6707351093,closedend
US67073B1061,closedend
US67073D1028,closedend
US67074C1036,closedend
US67074Y1055,closedend
US6707501085,closedend
US67075G1031,closedend
US67075J1079,closedend
US67079X1028,closedend
US67080D1037,closedend
US67080R1023,closedend
US67090X1072,closedend
US6709281009,closedend
US67092P1021,etf
US67092P1104,etf
US67092P2011,etf
US67092P3001,etf
US67092P4090,etf
US67092P5089,etf
US67092P6079,etf
US67092P6723,etf
US67092P6806,etf
US67092P6988,etf
US67092P7069,etf
US67092P7143,etf
US67092P7226,etf
US67092P7309,etf
US67092P7556,etf
US67092P7630,etf
US67092P7713,etf
US67092P7978,etf
US67092P8059,etf
US67092P8133,etf
US67092P8547,etf
US67092P8620,etf
US67092P8703,etf
US67092P8885,etf
US67111Q1076,closedend
US67122G1067,etf
US67125A1060,etf
US68190A2033,etf
US68190A3023,etf
US68190A4013,etf
US68839C2061,etf
US6915438476,closedend
US69323T1016,closedend
US69344A1079,etf
US69344A2069,etf
US69344A6938,etf
US69344A7019,etf
US69344A7191,etf
US69344A7274,etf
US69344A7357,etf
US69344A7431,etf
US69344A7506,etf
US69344A7688,etf
US69344A7761,etf
US69344A7845,etf
US69344A7928,etf
US69344A8009,etf
US69344A8181,etf
US69344A8348,etf
US69344A8421,etf
US69344A8595,etf
US69344A8678,etf
US69344A8751,etf
US69344A8835,etf
US69346H1005,closedend
US69346J1060,closedend
US69346N1072,closedend
US69351T8669,unit
US69355J1043,closedend
US69355M1071,closedend
US69374H1059,etf
US69374H1133,etf
US69374H1216,etf
US69374H1398,etf
US69374H1471,etf
US69374H1547,etf
US69374H1620,etf
US69374H1703,etf
US69374H1885,etf
US69374H1968,etf
US69374H2040,etf
US69374H2123,etf
US69374H2206,etf
US69374H2388,etf
US69374H2461,etf
US69374H2537,etf
US69374H2610,etf
US69374H2792,etf
US69374H2875,etf
US69374H2958,etf
US69374H3030,etf
US69374H3113,etf
US69374H3295,etf
US69374H3451,etf
US69374H3527,etf
US69374H3600,etf
US69374H3782,etf
US69374H3865,etf
US69374H3949,etf
US69374H4020,etf
US69374H4103,etf
US69374H4285,etf
US69374H4368,etf
US69374H4517,etf
US69374H4699,etf
US69374H4772,etf
US69374H4855,etf
US69374H4939,etf
US69374H5191,etf
US69374H5274,etf
US69374H5357,etf
US69374H5431,etf
US69374H5506,etf
US69374H5688,etf
US69374H5761,etf
US69374H5845,etf
US69374H6009,etf
US69374H6348,etf
US69374H6421,etf
US69374H6595,etf
US69374H6678,etf
US69374H6751,etf
US69374H6835,etf
US69374H7098,etf
US69374H7171,etf
US69374H7254,etf
US69374H7411,etf
US69374H7668,etf
US69374H8088,etf
US69374H8161,etf
US69374H8401,etf
US69374H8575,etf
US69374H8658,etf
US69374H8732,etf
US69374H8815,etf
US69384J1097,etf
US69384J2087,etf
US69384J3077,etf
US69384J4067,etf
US69384J5056,etf
US69384J6047,etf
US69384J7037,etf
US69420N1063,etf
US69420N2053,etf
US69420N3044,etf
US69420N4034,etf
US69420N4604,etf
US69420N4786,etf
US69420N4869,etf
US69420N4943,etf
US69420N5023,etf
US69420N5106,etf
US69420N5288,etf
US69420N5361,etf
US69420N5445,etf
US69420N5510,etf
US69420N5692,etf
US69420N5775,etf
US69420N5858,etf
US69420N5932,etf
US69420N6013,etf
US69420N6195,etf
US69420N6278,etf
US69420N6351,etf
US69420N6435,etf
US69420N6500,etf
US69420N6682,etf
US69420N6765,etf
US69420N6849,etf
US69420N6922,etf
US69420N7003,etf
US69420N7185,etf
US69420N7268,etf
US69420N7342,etf
US69420N7425,etf
US69420N7599,etf
US69420N7672,etf
US69420N7755,etf
US69420N7839,etf
US69420N7912,etf
US69420N8092,etf
US69420N8175,etf
US69420N8258,etf
US69420N8332,etf
US69420N8415,etf
US69420N8589,etf
US69420N8662,etf
US69420N8746,etf
US69420N8829,etf
US6969301067,etf
US6969302057,etf
US7017695070,etf
US7017696060,etf
US7042233871,etf
US70476Q1004,closedend
US72200N1063,closedend
US72200U1007,closedend
US72200W1062,closedend
US72200X1046,closedend
US72200Y1029,closedend
US7220111030,closedend
US7220141078,closedend
US72201B1017,closedend
US72201H1086,closedend
US72201J1043,closedend
US72201R2058,etf
US72201R3049,etf
US72201R4039,etf
US72201R5440,etf
US72201R5515,etf
US72201R5697,etf
US72201R5770,etf
US72201R5853,etf
US72201R5937,etf
US72201R6190,etf
US72201R6273,etf
US72201R6356,etf
US72201R6430,etf
US72201R7180,etf
US72201R7750,etf
US72201R7834,etf
US72201R8170,etf
US72201R8337,etf
US72201R8667,etf
US72201R8741,etf
US72201R8824,etf
US72201T3427,etf
US72201Y1010,closedend
US72202L3630,etf
US72202L3713,etf
US72202L3895,etf
US72203T1007,closedend
US74006E7287,etf
US74006E7360,etf
US74006E7444,etf
US74016W6194,etf
US74016W7002,etf
US74016W7341,etf
US74016W7598,etf
US74016W7838,etf
US74016W8174,etf
US74016W8414,etf
US74016W8745,etf
US74255X1046,closedend
US74255Y1029,etf
US74255Y2019,etf
US74255Y3009,etf
US74255Y6077,etf
US74255Y6317,etf
US74255Y6499,etf
US74255Y6564,etf
US74255Y6648,etf
US74255Y6721,etf
US74255Y6804,etf
US74255Y6986,etf
US74255Y7141,etf
US74255Y7224,etf
US74255Y7638,etf
US74255Y8214,etf
US74255Y8701,etf
US74255Y8883,etf
US74280R2058,etf
US74316P5382,etf
US74316P5796,etf
US74316P5879,etf
US74316P6372,etf
US74316P6455,etf
US74347B1695,etf
US74347B2016,etf
US74347B2354,etf
US74347B2503,etf
US74347B3758,etf
US74347B3915,etf
US74347B4905,etf
US74347B5084,etf
US74347B5407,etf
US74347B5571,etf
US74347B5654,etf
US74347B5738,etf
US74347B5811,etf
US74347B6074,etf
US74347B6801,etf
US74347B6983,etf
US74347B8393,etf
US74347B8476,etf
US74347G1351,etf
US74347G1435,etf
US74347G1500,etf
US74347G1682,etf
US74347G1765,etf
US74347G1849,etf
US74347G2342,etf
US74347G2425,etf
US74347G2672,etf
US74347G3175,etf
US74347G3258,etf
US74347G3662,etf
US74347G3746,etf
US74347G4405,etf
US74347G4579,etf
US74347G4652,etf
US74347G4736,etf
US74347G4819,etf
US74347G5071,etf
US74347G5154,etf
US74347G5238,etf
US74347G5725,etf
US74347G5808,etf
US74347G6061,etf
US74347G6715,etf
US74347G7051,etf
US74347G7705,etf
US74347G7887,etf
US74347G7960,etf
US74347G8042,etf
US74347G8877,etf
US74347R1077,etf
US74347R1317,etf
US74347R1721,etf
US74347R1804,etf
US74347R2067,etf
US74347R2141,etf
US74347R2489,etf
US74347R2638,etf
US74347R3057,etf
US74347R3131,etf
US74347R4048,etf
US74347R6696,etf
US74347R6852,etf
US74347R6936,etf
US74347R7272,etf
US74347R7355,etf
US74347R7504,etf
US74347R7686,etf
US74347R7769,etf
US74347R8189,etf
US74347R8429,etf
US74347W1302,etf
US74347W2706,etf
US74347W3381,etf
US74347W3530,etf
US74347W5691,etf
US74347W6012,etf
US74347W8745,etf
US74347W8828,etf
US74347X2945,etf
US74347X3026,etf
US74347X5005,etf
US74347X5260,etf
US74347X6250,etf
US74347X6334,etf
US74347X7084,etf
US74347X7993,etf
US74347X8157,etf
US74347X8231,etf
US74347X8314,etf
US74347X8496,etf
US74347X8645,etf
US74347X8801,etf
US74347Y6564,etf
US74347Y6648,etf
US74347Y6721,etf
US74347Y6804,etf
US74347Y6986,etf
US74347Y7307,etf
US74347Y8131,etf
US74347Y8883,etf
US74348A1455,etf
US74348A2107,etf
US74348A4673,etf
US74348A5332,etf
US74348A5415,etf
US74348A5662,etf
US74348A6082,etf
US74348A7072,etf
US74348A8146,etf
US74349Y1001,etf
US74349Y3080,etf
US74349Y3734,etf
US74349Y3817,etf
US74349Y3999,etf
US74349Y4070,etf
US74349Y4492,etf
US74349Y4641,etf
US74349Y5309,etf
US74349Y5481,etf
US74349Y5630,etf
US74349Y5713,etf
US74349Y5895,etf
US74349Y5978,etf
US74349Y6133,etf
US74349Y6885,etf
US74349Y6968,etf
US74349Y7040,etf
US74349Y7123,etf
US74349Y7206,etf
US74349Y7388,etf
US74349Y7461,etf
US74349Y7537,etf
US74349Y7610,etf
US74349Y7875,etf
US74349Y8295,etf
US74349Y8378,etf
US74350P3863,etf
US74350P3947,etf
US74350P4101,etf
US74350P4283,etf
US74350P4366,etf
US74350P4440,etf
US74350P4515,etf
US74350P4697,etf
US74350P4770,etf
US74350P4853,etf
US74350P4937,etf
US74350P5199,etf
US74350P5272,etf
US74350P5355,etf
US74350P5439,etf
US74350P5504,etf
US74350P5769,etf
US74350P5843,etf
US74350P5926,etf
US74350P6262,etf
US74350P6346,etf
US74350P6429,etf
US74350P6593,etf
US74350P6676,etf
US74350P6759,etf
US74350P6833,etf
US74350P6916,etf
US74350U1043,etf
US74350U2033,etf
US74350U3023,etf
US74350U4922,etf
US74350U5184,etf
US74350U6745,etf
US74350U6828,etf
US74350U6901,etf
US74350U7164,etf
US74350U7404,etf
US7467293004,etf
US7467294093,etf
US7467295082,etf
US7467297302,etf
US7467297484,etf
US7467297559,etf
US7467297633,etf
US7467297716,etf
US7467297898,etf
US7467297971,etf
US7467298136,etf
US7467298219,etf
US7467298391,etf
US7467298474,etf
US7468231037,closedend
US7468531006,closedend
US7469091000,closedend
US7469221037,closedend
US74741A1060,etf
US74933W1146,etf
US74933W1484,etf
US74933W1559,etf
US74933W1633,etf
US74933W1898,etf
US74933W1971,etf
US74933W2136,etf
US74933W2219,etf
US74933W2391,etf
US74933W2540,etf
US74933W2623,etf
US74933W3951,etf
US74933W4116,etf
US74933W4298,etf
US74933W4454,etf
US74933W4520,etf
US74933W4603,etf
US74933W4785,etf
US74933W4868,etf
US74933W4942,etf
US74933W5105,etf
US74933W5287,etf
US74933W5360,etf
US74933W5444,etf
US74933W5519,etf
US74933W5774,etf
US74933W5931,etf
US74933W6012,etf
US74933W6277,etf
US74933W6350,etf
US74933W6434,etf
US74933W6509,etf
US74933W8745,etf
US74938Y8003,etf
US74938Y8342,etf
US74938Y8672,etf
US74938Y8755,etf
US75281Y8672,etf
US7546401008,etf
US7546403087,etf
US75526L6130,etf
US75526L6395,etf
US75526L6627,etf
US75526L6700,etf
US75526L6882,etf
US75526L7534,etf
US75526L7617,etf
US75526L7799,etf
US75526L7872,etf
US75526L8110,etf
US75526L8458,etf
US75526L8524,etf
US75526L8607,etf
US75526L8789,etf
US75526L8862,etf
US7561581015,closedend
US7597201059,closedend
US7599372049,etf
US7599373039,etf
US7615623052,etf
US7615624043,etf
US7615625032,etf
US7615628267,etf
US7615628424,etf
US7615628598,etf
US7615628671,etf
US7615628754,etf
US76881Y1091,closedend
US76882B1089,closedend
US76882G1076,closedend
US76882H1059,closedend
US76882M1045,closedend
US76883F1084,closedend
US76883H1041,closedend
US76883Y1073,closedend
US7707011000,closedend
US7709201062,closedend
US77106T1079,closedend
US77926X2053,etf
US77926X2962,etf
US77926X3044,etf
US77926X3200,etf
US77926X3382,etf
US77926X3465,etf
US77926X3531,etf
US77926X3952,etf
US77926X4786,etf
US77926X4869,etf
US77926X4943,etf
US77926X5023,etf
US77926X5106,etf
US77926X5288,etf
US77926X5361,etf
US77926X5445,etf
US77926X5858,etf
US77926X5932,etf
US77926X6195,etf
US77926X6278,etf
US77926X6351,etf
US77926X6435,etf
US77926X6500,etf
US77926X6682,etf
US77926X6765,etf
US77926X6849,etf
US77926X6922,etf
US77926X7003,etf
US77926X7185,etf
US77926X7268,etf
US77926X7342,etf
US77926X7425,etf
US77926X7599,etf
US77926X7672,etf
US77926X7755,etf
US77926X7839,etf
US77926X7912,etf
US77926X8175,etf
US77926X8258,etf
US77926X8332,etf
US77926X8415,etf
US77926X8589,etf
US77926X8662,etf
US77926X8746,etf
US77926X8829,etf
US77926Y7085,etf
US77926Y8802,etf
US78081T1043,closedend
US7809101055,closedend
US7809151043,closedend
US78249U1007,etf
US78249U2096,etf
US78249U3086,etf
US78249U4076,etf
US78249U5065,etf
US78249U6055,etf
US78249U7046,etf
US78410K6670,etf
US78433H3030,etf
US78433H4020,etf
US78433H4772,etf
US78433H4855,etf
US78433H4939,etf
US78433H5019,etf
US78433H5191,etf
US78433H5274,etf
US78433H5357,etf
US78433H5431,etf
US78433H5506,etf
US78433H5688,etf
US78433H5761,etf
US78433H5845,etf
US78433H5928,etf
US78433H6181,etf
US78433H6348,etf
US78433H6421,etf
US78433H6751,etf
US78462F1030,etf
US78463V1070,etf
US78463X1037,etf
US78463X1524,etf
US78463X1946,etf
US78463X2027,etf
US78463X3017,etf
US78463X4007,etf
US78463X4189,etf
US78463X4262,etf
US78463X4346,etf
US78463X4593,etf
US78463X4759,etf
US78463X5095,etf
US78463X5335,etf
US78463X5418,etf
US78463X7497,etf
US78463X7562,etf
US78463X7729,etf
US78463X8487,etf
US78463X8552,etf
US78463X8636,etf
US78463X8719,etf
US78463X8891,etf
US78464A1025,etf
US78464A1108,etf
US78464A1280,etf
US78464A1447,etf
US78464A1512,etf
US78464A2015,etf
US78464A2841,etf
US78464A2924,etf
US78464A3005,etf
US78464A3344,etf
US78464A3591,etf
US78464A3674,etf
US78464A3757,etf
US78464A3831,etf
US78464A3914,etf
US78464A4094,etf
US78464A4748,etf
US78464A4904,etf
US78464A5083,etf
US78464A5166,etf
US78464A5323,etf
US78464A5406,etf
US78464A5737,etf
US78464A5810,etf
US78464A5992,etf
US78464A6073,etf
US78464A6313,etf
US78464A6495,etf
US78464A6560,etf
US78464A6644,etf
US78464A6727,etf
US78464A6982,etf
US78464A7063,etf
US78464A7147,etf
US78464A7220,etf
US78464A7550,etf
US78464A7634,etf
US78464A7717,etf
US78464A7899,etf
US78464A7972,etf
US78464A8053,etf
US78464A8210,etf
US78464A8392,etf
US78464A8475,etf
US78464A8541,etf
US78464A8624,etf
US78464A8707,etf
US78464A8889,etf
US78467V1035,etf
US78467V2025,etf
US78467V4005,etf
US78467V6083,etf
US78467V7073,etf
US78467V8485,etf
US78467X1090,etf
US78467Y1073,etf
US78468R1014,etf
US78468R2004,etf
US78468R3903,etf
US78468R4083,etf
US78468R4240,etf
US78468R4323,etf
US78468R4406,etf
US78468R4570,etf
US78468R4653,etf
US78468R5155,etf
US78468R5239,etf
US78468R5312,etf
US78468R5494,etf
US78468R5569,etf
US78468R6062,etf
US78468R6229,etf
US78468R6302,etf
US78468R6484,etf
US78468R6559,etf
US78468R6633,etf
US78468R6716,etf
US78468R6898,etf
US78468R6971,etf
US78468R7052,etf
US78468R7219,etf
US78468R7391,etf
US78468R7474,etf
US78468R7540,etf
US78468R7623,etf
US78468R7706,etf
US78468R7888,etf
US78468R7961,etf
US78468R8043,etf
US78468R8126,etf
US78468R8530,etf
US78468R8613,etf
US78468R8878,etf
US78470E1064,etf
US78470E2054,etf
US78470E7004,etf
US78470P2002,etf
US78470P4081,etf
US78470P5070,etf
US78470P5237,etf
US78470P5310,etf
US78470P5492,etf
US78470P5567,etf
US78470P5641,etf
US78470P5724,etf
US78470P5807,etf
US78470P5989,etf
US78470P6144,etf
US78470P6227,etf
US78470P6300,etf
US78470P6482,etf
US78470P6557,etf
US78470P6631,etf
US78470P6714,etf
US78470P6896,etf
US78470P6979,etf
US78470P7050,etf
US78470P7134,etf
US78470P7217,etf
US78470P7399,etf
US78470P7472,etf
US78470P7548,etf
US78470P7621,etf
US78470P7704,etf
US78470P7886,etf
US78470P7969,etf
US78470P8041,etf
US78470P8124,etf
US78470P8207,etf
US78470P8389,etf
US78470P8462,etf
US78518H2022,closedend
US8085241029,etf
US8085242019,etf
US8085243009,etf
US8085244098,etf
US8085245087,etf
US8085245814,etf
US8085245996,etf
US8085246077,etf
US8085246150,etf
US8085246234,etf
US8085246317,etf
US8085246499,etf
US8085246564,etf
US8085246721,etf
US8085246804,etf
US8085246986,etf
US8085247067,etf
US8085247141,etf
US8085247224,etf
US8085247307,etf
US8085247489,etf
US8085247554,etf
US8085247638,etf
US8085247711,etf
US8085247893,etf
US8085247976,etf
US8085248057,etf
US8085248396,etf
US8085248479,etf
US8085248545,etf
US8085248628,etf
US8085248701,etf
US8085248883,etf
US81369Y1001,etf
US81369Y2090,etf
US81369Y3080,etf
US81369Y4070,etf
US81369Y5069,etf
US81369Y6059,etf
US81369Y7040,etf
US81369Y7388,etf
US81369Y7461,etf
US81369Y7537,etf
US81369Y7610,etf
US81369Y7792,etf
US81369Y7875,etf
US81369Y7958,etf
US81369Y8030,etf
US81369Y8113,etf
US81369Y8295,etf
US81369Y8378,etf
US81369Y8451,etf
US81369Y8527,etf
US81369Y8600,etf
US81369Y8865,etf
US81580H4496,etf
US81589A1060,etf
US81589A2050,etf
US81589A3041,etf
US81589A4031,etf
US81589A5020,etf
US81589A6010,etf
US81589A7000,etf
US81589A8099,etf
US81589A8669,etf
US81589A8743,etf
US81589A8826,etf
US81752T3611,etf
US81752T3793,etf
US81752T3876,etf
US81752T3959,etf
US81752T4114,etf
US81752T4296,etf
US81752T4379,etf
US81752T4452,etf
US81752T4866,etf
US81752T5285,etf
US81752T5368,etf
US81752T6192,etf
US82889N1037,etf
US82889N1862,etf
US82889N1946,etf
US82889N2027,etf
US82889N2100,etf
US82889N2282,etf
US82889N2365,etf
US82889N2514,etf
US82889N2696,etf
US82889N2779,etf
US82889N3017,etf
US82889N3272,etf
US82889N3355,etf
US82889N3439,etf
US82889N3504,etf
US82889N3686,etf
US82889N3769,etf
US82889N3843,etf
US82889N4262,etf
US82889N4429,etf
US82889N4593,etf
US82889N4759,etf
US82889N4916,etf
US82889N5251,etf
US82889N5335,etf
US82889N5582,etf
US82889N5665,etf
US82889N6242,etf
US82889N6325,etf
US82889N6408,etf
US82889N6572,etf
US82889N6739,etf
US82889N6994,etf
US82889N7232,etf
US82889N7646,etf
US82889N7729,etf
US82889N7984,etf
US82889N8305,etf
US82889N8487,etf
US82889N8552,etf
US82889N8636,etf
US82889N8891,etf
US8361443034,closedend
US83617A1088,closedend
US8425878423,structured
US84612A1016,etf
US84612A2006,etf
US84741T1043,closedend
US84858T2024,etf
US84858T6652,etf
US84858T6736,etf
US84858T6819,etf
US84858T7239,etf
US84858T7494,etf
US84858T7569,etf
US84858T7643,etf
US84858T7726,etf
US84858T7809,etf
US84858T7981,etf
US84858T8302,etf
US84858T8484,etf
US84858T8559,etf
US84858T8633,etf
US85208J1097,closedend
US85208P3038,etf
US85208P4028,etf
US85208P5017,etf
US85208P6007,etf
US85208P7096,etf
US85208P8086,etf
US85208P8326,etf
US85208P8573,etf
US85208P8656,etf
US85208P8730,etf
US85208P8813,etf
US85210B1026,etf
US85210B2016,etf
US85521B7423,etf
US85521B7597,etf
US85521B7753,etf
US85521B7837,etf
US85749T2859,etf
US85917K4397,etf
US85917K4470,etf
US85917K4546,etf
US85917K4629,etf
US85917K4702,etf
US86164T1079,closedend
US86172A2490,etf
US86172B5856,etf
US86172B5930,etf
US86172B6193,etf
US86172B6276,etf
US86172B6359,etf
US86172B6433,etf
US86172B6508,etf
US86172B6680,etf
US86172B6763,etf
US86172B6847,etf
US86172B6920,etf
US8617801043,closedend
US86280R1187,etf
US86280R1260,etf
US86280R1344,etf
US86280R5063,etf
US86280R7614,etf
US86280R7796,etf
US86280R7879,etf
US86280R7952,etf
US86280R8034,etf
US86280R8117,etf
US86280R8299,etf
US86280R8604,etf
US86280R8786,etf
US86280R8869,etf
US8708751016,closedend
US87166N8746,etf
US87166N8829,etf
US87190B8880,etf
US87191E1055,etf
US8723401043,closedend
US87279N1000,etf
US87283Q1076,etf
US87283Q2066,etf
US87283Q3056,etf
US87283Q4047,etf
US87283Q5036,etf
US87283Q6026,etf
US87283Q6281,etf
US87283Q6364,etf
US87283Q6448,etf
US87283Q6513,etf
US87283Q6695,etf
US87283Q6778,etf
US87283Q6851,etf
US87283Q6935,etf
US87283Q7016,etf
US87283Q7198,etf
US87283Q7271,etf
US87283Q7354,etf
US87283Q7438,etf
US87283Q7503,etf
US87283Q7685,etf
US87283Q7768,etf
US87283Q7842,etf
US87283Q7925,etf
US87283Q8006,etf
US87283Q8188,etf
US87283Q8261,etf
US87283Q8345,etf
US87283Q8428,etf
US87283Q8592,etf
US87283Q8675,etf
US87283Q8758,etf
US87283Q8832,etf
US8740361063,closedend
US8791051043,closedend
US87911J1034,closedend
US87911K1007,closedend
US87911L1089,closedend
US87975E1073,etf
US87975E6023,etf
US87975E7013,etf
US87975E7351,etf
US87975E7435,etf
US87975E7500,etf
US87975E7682,etf
US87975E7765,etf
US87975E7849,etf
US87975E7922,etf
US87975E8268,etf
US87975E8342,etf
US87975E8839,etf
US88018T1016,closedend
US8801911012,closedend
US8801921094,closedend
US8801982054,closedend
US88166A1025,etf
US88166A4094,etf
US88166A6073,etf
US88166A7063,etf
US88166A8707,etf
US88166A8889,etf
US88224A1025,etf
US88224A3005,etf
US88224A5083,etf
US8826641057,etf
US8826642048,etf
US8829271225,etf
US8829271639,etf
US8829271894,etf
US8829272058,etf
US8829272470,etf
US8829272967,etf
US8829273049,etf
US8829273122,etf
US8829273387,etf
US8829273536,etf
US8829273874,etf
US8829273957,etf
US8829274294,etf
US8829274377,etf
US8829274526,etf
US8829274609,etf
US8829274781,etf
US8829274948,etf
US8829275028,etf
US8829275770,etf
US8829275853,etf
US8829276018,etf
US8829276190,etf
US8829276273,etf
US8829276356,etf
US8829276430,etf
US8829276505,etf
US8829276687,etf
US8829276760,etf
US8829276844,etf
US8829277008,etf
US8829277594,etf
US8829277677,etf
US8829277750,etf
US8829277834,etf
US8829278170,etf
US8829278337,etf
US8829278667,etf
US8829278824,etf
US88339Y1029,etf
US88340C1154,etf
US88340C1238,etf
US88340C1311,etf
US88340C1493,etf
US88340C1568,etf
US88340C1642,etf
US88340C2558,etf
US88340C2632,etf
US88340C2715,etf
US88340C2897,etf
US88340C3135,etf
US88340C3473,etf
US88340C3549,etf
US88340C3622,etf
US88340C3887,etf
US88340C3960,etf
US88340C4125,etf
US88340C4208,etf
US88340C4380,etf
US88340C4463,etf
US88340C4539,etf
US88340C4794,etf
US88340C4877,etf
US88340C6773,etf
US88340C6930,etf
US88340C7276,etf
US88340C7508,etf
US88340C7920,etf
US88340C8183,etf
US88340C8266,etf
US88340C8340,etf
US88340C8423,etf
US88340C8837,etf
US88340F1003,etf
US88340F1599,etf
US88340F2092,etf
US88340F2746,etf
US88340F2829,etf
US88340F3082,etf
US88340F4072,etf
US88340F5061,etf
US88340F6051,etf
US88340F6960,etf
US88340F7042,etf
US88340F7125,etf
US88340F7463,etf
US88340F7539,etf
US88340F8370,etf
US88340F8453,etf
US88340G1085,etf
US88340G2075,etf
US88340G4055,etf
US88340G7025,etf
US88340G8015,etf
US88340G8502,etf
US88340G8841,etf
US88340W2281,etf
US88340W2364,etf
US88340W2448,etf
US88340W2513,etf
US88340W2695,etf
US88340W2778,etf
US88340W2851,etf
US88340W2935,etf
US88340W3016,etf
US88340W3198,etf
US88340W3271,etf
US88340W3354,etf
US88340W3438,etf
US88340W3503,etf
US88340W3925,etf
US88340W4188,etf
US88340W4261,etf
US88340W4345,etf
US88340W4428,etf
US88340W4592,etf
US88340W4675,etf
US88340W4832,etf
US88340W5094,etf
US88340W5177,etf
US88340W5250,etf
US88340W6167,etf
US88340W6407,etf
US88340W6811,etf
US88340W7074,etf
US88340W7157,etf
US88340W7801,etf
US88340W7983,etf
US88340W8221,etf
US88340W8486,etf
US8851551015,etf
US8851552005,etf
US8851553094,etf
US8852131080,closedend
US8852162184,etf
US8852162267,etf
US88521L1089,etf
US88521L2079,etf
US88521L3069,etf
US88521L4059,etf
US88521L5049,etf
US88588B1008,etf
US88588G1094,etf
US88588G2084,etf
US88588G3074,etf
US88588G4064,etf
US88588G5053,etf
US88588G6044,etf
US88588G7034,etf
US88634T1051,etf
US88634T2380,etf
US88634T2463,etf
US88634T2612,etf
US88634T2950,etf
US88634T3115,etf
US88634T3297,etf
US88634T3370,etf
US88634T3453,etf
US88634T3941,etf
US88634T4105,etf
US88634T4287,etf
US88634T4360,etf
US88634T5193,etf
US88634T5359,etf
US88634T7744,etf
US88634T7827,etf
US88634T7900,etf
US88634T8163,etf
US88634T8320,etf
US88634T8403,etf
US88634T8577,etf
US88634T8817,etf
US88634W1080,etf
US88634W2070,etf
US88634W3060,etf
US88634W4050,etf
US88634W5040,etf
US88634W6030,etf
US88634W7020,etf
US88634W8846,etf
US88635A1051,etf
US88635A2042,etf
US88635A3032,etf
US88635U1016,etf
US88635U2006,etf
US88635U3095,etf
US88635U4085,etf
US88635U5074,etf
US88635U6064,etf
US88635U7054,etf
US8863641168,etf
US8863641408,etf
US8863641572,etf
US8863641655,etf
US8863641739,etf
US8863641812,etf
US8863641994,etf
US8863642315,etf
US8863642562,etf
US8863642646,etf
US8863642729,etf
US8863642802,etf
US8863643222,etf
US8863643636,etf
US8863643719,etf
US8863643891,etf
US8863643974,etf
US8863644055,etf
US8863644394,etf
US8863644709,etf
US8863645201,etf
US8863645870,etf
US8863645953,etf
US8863646035,etf
US8863646373,etf
US8863646456,etf
US8863646522,etf
US8863646605,etf
US8863647025,etf
US8863647108,etf
US8863647694,etf
US8863647934,etf
US8863648015,etf
US8863648197,etf
US8863648353,etf
US8863648502,etf
US8863648767,etf
US8863651050,etf
US8863653031,etf
US88636J1051,etf
US88636J1390,etf
US88636J1473,etf
US88636J1549,etf
US88636J1622,etf
US88636J2042,etf
US88636J2380,etf
US88636J2612,etf
US88636J2950,etf
US88636J3297,etf
US88636J3370,etf
US88636J3453,etf
US88636J3529,etf
US88636J3784,etf
US88636J3941,etf
US88636J4022,etf
US88636J4105,etf
US88636J4519,etf
US88636J5011,etf
US88636J5359,etf
US88636J5433,etf
US88636J5680,etf
US88636J5763,etf
US88636J6001,etf
US88636J6423,etf
US88636J6597,etf
US88636J6753,etf
US88636J7256,etf
US88636J7744,etf
US88636J8163,etf
US88636J8577,etf
US88636J8734,etf
US88636N1063,etf
US88636N2053,etf
US88636N3044,etf
US88636N4034,etf
US88636N5023,etf
US88636N6013,etf
US88636N7003,etf
US88636N7755,etf
US88636N8589,etf
US88636R1077,etf
US88636R2067,etf
US88636R2224,etf
US88636R3057,etf
US88636R3479,etf
US88636R4048,etf
US88636R4790,etf
US88636R5375,etf
US88636R5458,etf
US88636R5524,etf
US88636R5607,etf
US88636R5789,etf
US88636R5862,etf
US88636R6027,etf
US88636R6779,etf
US88636R6936,etf
US88636R7272,etf
US88636R7355,etf
US88636R7439,etf
US88636R7504,etf
US88636R7769,etf
US88636R8007,etf
US88636R8189,etf
US88636R8346,etf
US88636R8593,etf
US88636R8676,etf
US88636R8833,etf
US88636V4216,etf
US88636V4547,etf
US88636V4620,etf
US88636V5460,etf
US88636V5791,etf
US88636V6526,etf
US88636V6781,etf
US88636V7029,etf
US88636V7284,etf
US88636V7441,etf
US88636V7516,etf
US88636V7698,etf
US88636V8191,etf
US88636V8845,etf
US88636W1146,etf
US88636W1229,etf
US88636W1302,etf
US88636W1484,etf
US88636W1633,etf
US88636W1716,etf
US88636W1898,etf
US88636W1971,etf
US88636W2219,etf
US88636W2391,etf
US88636W2474,etf
US88636W2540,etf
US88636W2623,etf
US88636W2888,etf
US88636W3530,etf
US88636W3795,etf
US88636W4868,etf
US88636W5519,etf
US88636W5857,etf
US88636W6194,etf
US88636W6277,etf
US88636W7184,etf
US88636W8331,etf
US88636W8661,etf
US88636X1046,etf
US88636X1798,etf
US88636X1871,etf
US88636X2036,etf
US88636X2291,etf
US88636X2374,etf
US88636X2457,etf
US88636X2523,etf
US88636X2606,etf
US88636X2788,etf
US88636X2861,etf
US88636X3026,etf
US88636X4768,etf
US88636X4842,etf
US88636X5005,etf
US88636X5591,etf
US88636X6094,etf
US88636X6250,etf
US88636X6581,etf
US88636X6664,etf
US88636X7084,etf
US88636X7241,etf
US88636X7324,etf
US88636X7407,etf
US88636X8074,etf
US88636X8157,etf
US88636X8561,etf
US88636X8645,etf
US88636X8728,etf
US88636X8801,etf
US88636Y1029,etf
US88636Y2019,etf
US88636Y3009,etf
US88636Y4098,etf
US88636Y5087,etf
US88636Y6077,etf
US88636Y6150,etf
US88636Y6234,etf
US88636Y6317,etf
US88636Y6499,etf
US88636Y6564,etf
US88636Y6648,etf
US88636Y6986,etf
US88636Y7067,etf
US88636Y7141,etf
US88636Y7224,etf
US88636Y7489,etf
US88636Y7554,etf
US88636Y7638,etf
US88636Y7711,etf
US88636Y7893,etf
US88636Y7976,etf
US88636Y8396,etf
US88636Y8545,etf
US88636Y8628,etf
US88636Y8883,etf
US8874322352,etf
US8874322436,etf
US8874322501,etf
US8874323269,etf
US8874323343,etf
US8874323426,etf
US8874323590,etf
US8909301009,etf
US8909302098,etf
US8909303088,etf
US8909304078,etf
US8909308038,etf
US8909308780,etf
US8909308863,etf
US89147L8862,closedend
US89157W1036,etf
US89157W2026,etf
US89157W3016,etf
US89157W4006,etf
US89157W6084,etf
US89157W7074,etf
US89157W8064,etf
US89157W8635,etf
US89157W8718,etf
US89157W8890,etf
US8946262099,closedend
US8954361031,closedend
US89628W3025,etf
US89628W4015,etf
US89628W5004,etf
US89628W6093,etf
US89628W7083,etf
US89628W8800,etf
US89834G5624,etf
US89834G5707,etf
US89834G7299,etf
US89834G7372,etf
US89834G7455,etf
US89834G7521,etf
US89834G7604,etf
US89834G8362,etf
US89844T1097,etf
US89844T2087,etf
US89844T3077,etf
US89844T4067,etf
US89844T5056,etf
US89844T8852,etf
US9009341002,etf
US9009342091,etf
US9009343081,etf
US9009344071,etf
US9009345060,etf
US9009347041,etf
US9009347876,etf
US9009347959,etf
US9009348031,etf
US9009348379,etf
US9009348452,etf
US9009348528,etf
US9009348601,etf
US9009348783,etf
US9009348866,etf
US90137M1080,etf
US90137N1063,etf
US90137T1034,etf
US90137U1007,etf
US90137V1089,etf
US90139B1008,etf
US90139K1007,etf
US90139K3086,etf
US90139K4076,etf
US90139K5065,etf
US90139K6055,etf
US90139K8606,etf
US90139K8788,etf
US90139K8861,etf
US90214Q1058,etf
US90214Q4516,etf
US90214Q4698,etf
US90214Q4771,etf
US90214Q5760,etf
US90214Q5844,etf
US90214Q6750,etf
US90214Q6917,etf
US90214Q7741,etf
US90269A2603,etf
US90269A2785,etf
US90269A2868,etf
US90269A3445,etf
US90269A4849,etf
US90274D3742,etf
US90274D3825,etf
US90274D3908,etf
US90274D4161,etf
US90274E1661,etf
US90274E1745,etf
US90278V7689,etf
US90290T7679,etf
US90290T8099,etf
US90290T8255,etf
US90290T8412,etf
US90290T8586,etf
US90290T8669,etf
US90290T8743,etf
US90290T8826,etf
US90386K5305,etf
US90386K5487,etf
US90386K5719,etf
US90386K5891,etf
US90386K6394,etf
US90470L2951,etf
US90470L4445,etf
US90470L4692,etf
US90470L5194,etf
US90470L5277,etf
US90470L5509,etf
US90470L5681,etf
US91167Q1004,etf
US9117171069,etf
US9117181043,etf
US91201T1025,etf
US9123184098,etf
US91232N2071,etf
US91288V1035,etf
US91288X1090,etf
US9182842099,unit
US91916J1007,etf
US91917A2078,etf
US91917A6038,etf
US91917A7028,etf
US92046L2705,etf
US92046L2887,etf
US92046L2960,etf
US92046L3125,etf
US92046L3380,etf
US92046L3539,etf
US9210781012,etf
US92107P7649,etf
US92107P7722,etf
US92107P7805,etf
US92188R1014,etf
US92189F1066,etf
US92189F1140,etf
US92189F1223,etf
US92189F1306,etf
US92189F1488,etf
US92189F1710,etf
US92189F2056,etf
US92189F3047,etf
US92189F3534,etf
US92189F3799,etf
US92189F3872,etf
US92189F4110,etf
US92189F4292,etf
US92189F4375,etf
US92189F4458,etf
US92189F4524,etf
US92189F4607,etf
US92189F4862,etf
US92189F5026,etf
US92189F5281,etf
US92189F5364,etf
US92189F5851,etf
US92189F5935,etf
US92189F6016,etf
US92189F6271,etf
US92189F6354,etf
US92189F6438,etf
US92189F6768,etf
US92189F6842,etf
US92189F6925,etf
US92189F7006,etf
US92189F7261,etf
US92189F7675,etf
US92189F7915,etf
US92189F8178,etf
US92189F8251,etf
US92189F8335,etf
US92189F8418,etf
US92189F8665,etf
US92189F8822,etf
US92189H1023,etf
US92189H2013,etf
US92189H3003,etf
US92189H4092,etf
US92189H5651,etf
US92189H5735,etf
US92189H5818,etf
US92189H5990,etf
US92189H6071,etf
US92189H6238,etf
US92189H6311,etf
US92189H6493,etf
US92189H6568,etf
US92189H6642,etf
US92189H6725,etf
US92189H7145,etf
US92189H7301,etf
US92189H7483,etf
US92189H7715,etf
US92189H7897,etf
US92189H8051,etf
US92189H8218,etf
US92189H8390,etf
US92189H8549,etf
US92189H8622,etf
US92189H8705,etf
US92189K1051,etf
US92189L1035,etf
US92189M1018,etf
US92189Y2046,etf
US92189Y4026,etf
US92189Y5015,etf
US92189Y6005,etf
US92189Y7094,etf
US92189Y8084,etf
US92189Y8241,etf
US92189Y8324,etf
US92189Y8407,etf
US92189Y8571,etf
US92189Y8654,etf
US92189Y8738,etf
US92189Y8811,etf
US9219088443,etf
US9219097683,etf
US9219106674,etf
US9219106757,etf
US9219106831,etf
US9219106914,etf
US9219107094,etf
US9219107250,etf
US9219107334,etf
US9219108167,etf
US9219108407,etf
US9219108738,etf
US9219138693,etf
US9219325050,etf
US9219327031,etf
US9219327783,etf
US9219327940,etf
US9219328286,etf
US9219328443,etf
US9219328690,etf
US9219328856,etf
US9219354092,etf
US9219355081,etf
US9219356071,etf
US9219357061,etf
US9219358051,etf
US9219358705,etf
US9219377937,etf
US9219378190,etf
US9219378273,etf
US9219378356,etf
US9219384032,etf
US9219385021,etf
US9219386011,etf
US9219387001,etf
US9219388090,etf
US9219388173,etf
US9219388256,etf
US9219388330,etf
US9219388413,etf
US9219388587,etf
US9219388660,etf
US9219388744,etf
US9219388827,etf
US9219438580,etf
US9219464065,etf
US9219467944,etf
US9219468108,etf
US9219468850,etf
US92200B1008,etf
US9220206729,etf
US9220206802,etf
US9220206984,etf
US9220207149,etf
US9220207222,etf
US9220207305,etf
US9220207487,etf
US9220207552,etf
US9220208055,etf
US9220216058,etf
US9220316874,etf
US92203C3034,etf
US92203J4076,etf
US9220408457,etf
US9220408523,etf
US9220426764,etf
US9220427184,etf
US9220427424,etf
US9220427754,etf
US9220428588,etf
US9220428661,etf
US9220428745,etf
US92204A1088,etf
US92204A2078,etf
US92204A3068,etf
US92204A4058,etf
US92204A5048,etf
US92204A6038,etf
US92204A7028,etf
US92204A8018,etf
US92204A8760,etf
US92204A8844,etf
US92204H4002,etf
US92206C1027,etf
US92206C4096,etf
US92206C5655,etf
US92206C5739,etf
US92206C5994,etf
US92206C6232,etf
US92206C6497,etf
US92206C6646,etf
US92206C6802,etf
US92206C7065,etf
US92206C7149,etf
US92206C7305,etf
US92206C7719,etf
US92206C8139,etf
US92206C8477,etf
US92206C8709,etf
US92255C4096,etf
US92255C5085,etf
US9229076883,etf
US9229076966,etf
US9229077121,etf
US9229077386,etf
US9229077469,etf
US9229083632,etf
US9229085124,etf
US9229085389,etf
US9229085538,etf
US9229085959,etf
US9229086114,etf
US9229086296,etf
US9229086379,etf
US9229086528,etf
US9229087369,etf
US9229087443,etf
US9229087518,etf
US9229087690,etf
US92535C1045,closedend
US92647N5279,etf
US92647N5352,etf
US92647N5436,etf
US92647N5501,etf
US92647N5683,etf
US92647N5766,etf
US92647N6673,etf
US92647N6913,etf
US92647N7663,etf
US92647N7820,etf
US92647N8240,etf
US92647N8653,etf
US92647N8737,etf
US92647P1268,etf
US92647X7315,etf
US92647X7497,etf
US92647X7562,etf
US92647X7646,etf
US92647X7984,etf
US92647X8222,etf
US92647X8305,etf
US92647X8552,etf
US92647X8636,etf
US92790A2078,etf
US92790A4058,etf
US92790A5048,etf
US92790A6038,etf
US92790A7028,etf
US92790A7283,etf
US92790A7366,etf
US92790A7440,etf
US92790A7515,etf
US92790A7853,etf
US92790A7937,etf
US92790A8018,etf
US92790A8190,etf
US92790A8273,etf
US92790A8430,etf
US92790A8505,etf
US92790A8687,etf
US92790A8760,etf
US92790A8844,etf
US92829B1017,closedend
US92835W1071,closedend
US92838U8018,closedend
US92838X8056,closedend
US92838Y1001,closedend
US92840N1000,closedend
US92840R1014,closedend
US92841M1018,closedend
US92864M2026,etf
US92864M3016,etf
US92864M7801,etf
US92864M7983,etf
US92864M8221,etf
US92865J6799,etf
US92865J6955,etf
US92865J7292,etf
US92865J7375,etf
US92865J7524,etf
US92865J7607,etf
US92865J7862,etf
US92865J7946,etf
US92865J8100,etf
US92865J8365,etf
US92891H1014,etf
US92891H7052,etf
US92912J1025,closedend
US92912P1084,closedend
US92912R1041,closedend
US92912T1007,closedend
US92912X1019,closedend
US9367934398,etf
US9479131099,etf
US9479132089,etf
US9479134069,etf
US94987B1052,closedend
US94987C1036,closedend
US94987D1019,closedend
US94987E1091,closedend
US9576641057,closedend
US95766A1016,closedend
US95766B1098,closedend
US95766J1025,closedend
US95766K1097,closedend
US95766M1053,closedend
US95766N1037,closedend
US95766Q1067,closedend
US95766R1041,closedend
US95766T1007,closedend
US95768B1070,closedend
US95790A1016,closedend
US95790B1098,closedend
US95790C1071,closedend
US95790K1097,closedend
US9584351095,closedend
US97717W1099,etf
US97717W1255,etf
US97717W1339,etf
US97717W2089,etf
US97717W2816,etf
US97717W3079,etf
US97717W3152,etf
US97717W3236,etf
US97717W3319,etf
US97717W3806,etf
US97717W4069,etf
US97717W4226,etf
US97717W4309,etf
US97717W4713,etf
US97717W5058,etf
US97717W5215,etf
US97717W5470,etf
US97717W5629,etf
US97717W5702,etf
US97717W5884,etf
US97717W6049,etf
US97717W7039,etf
US97717W7609,etf
US97717W7781,etf
US97717W7864,etf
US97717W7948,etf
US97717W8029,etf
US97717W8367,etf
US97717W8441,etf
US97717W8516,etf
US97717W8698,etf
US97717W8771,etf
US97717X1312,etf
US97717X1569,etf
US97717X1726,etf
US97717X1981,etf
US97717X2633,etf
US97717X2716,etf
US97717X5115,etf
US97717X5529,etf
US97717X5602,etf
US97717X5784,etf
US97717X5941,etf
US97717X6105,etf
US97717X6519,etf
US97717X6691,etf
US97717X7012,etf
US97717X7194,etf
US97717X7848,etf
US97717X8671,etf
US97717Y1626,etf
US97717Y1881,etf
US97717Y2129,etf
US97717Y2202,etf
US97717Y2384,etf
US97717Y2467,etf
US97717Y2616,etf
US97717Y2871,etf
US97717Y2954,etf
US97717Y3119,etf
US97717Y3291,etf
US97717Y3374,etf
US97717Y3457,etf
US97717Y3523,etf
US97717Y3788,etf
US97717Y3861,etf
US97717Y3945,etf
US97717Y4109,etf
US97717Y4281,etf
US97717Y4364,etf
US97717Y4448,etf
US97717Y4513,etf
US97717Y4695,etf
US97717Y4778,etf
US97717Y5270,etf
US97717Y5353,etf
US97717Y5437,etf
US97717Y5502,etf
US97717Y5684,etf
US97717Y6187,etf
US97717Y6260,etf
US97717Y6344,etf
US97717Y6427,etf
US97717Y6591,etf
US97717Y6757,etf
US97717Y6831,etf
US97717Y6914,etf
US97717Y7250,etf
US97717Y7748,etf
US97717Y7821,etf
US97717Y7904,etf
US97717Y8084,etf
US97717Y8571,etf
US97720F1012,etf
US98148L7385,etf
US98148L7468,etf
US98148L7534,etf
US98149E3036,etf
US98400T3041,closedend
US98422R1041,etf
US98888G1058,etf
US98888G2049,etf
US98888G8087,etf
US98888G8657,etf
US98888G8731,etf
US98888G8814,etf
VGG0544A1378,unit
VGG1069P1374,unit
VGG131351196,mutual
VGG1514D1197,unit
VGG244981004,unit
VGG2616T1277,unit
VGG548121059,closedend
VGG629801264,unit
VGG669031327,unit
VGG961931182,unit
VN0E1VFVN306,etf
VN0FUCTVGF47,closedend
VN0FUCTVGF54,closedend
VN0FUEDCMID9,etf
VN0FUEFCV505,etf
VN0FUEIP1007,etf
VN0FUEKIV304,etf
VN0FUEKIVFS6,etf
VN0FUEKIVND2,etf
VN0FUEMAV307,etf
VN0FUEMAVND5,etf
VN0FUEMITEC3,etf
VN0FUESSV306,etf
VN0FUESSV504,etf
VN0FUESSVFL3,etf
VN0FUETCC506,etf
VN0FUETPVND8,etf
VN0FUEVFVND5,etf
VN0FUEVN1002,etf
VN0FUEVN50G0,etf
XS1101721923,etf
XS1101723622,etf
XS1101724513,etf
XS2115336336,etf
XS2183935274,etf
XS2183935605,etf
XS2284324667,etf
XS2297550308,etf
XS2297551454,etf
XS2297552932,etf
XS2297553153,etf
XS2297636107,etf
XS2335553801,etf
XS2337085422,etf
XS2337087980,etf
XS2337090422,etf
XS2337090851,etf
XS2337092550,etf
XS2337093525,etf
XS2337093798,etf
XS2337100163,etf
XS2337100320,etf
XS2337104231,etf
XS2338070282,etf
XS2353177293,etf
XS2376095068,etf
XS2399364152,etf
XS2399364582,etf
XS2399364822,etf
XS2399365043,etf
XS2399367254,etf
XS2399367502,etf
XS2399368062,etf
XS2399368575,etf
XS2399369037,etf
XS2399369110,etf
XS2399369540,etf
XS2399369623,etf
XS2399369896,etf
XS2399370555,etf
XS2425312480,etf
XS2425312563,etf
XS2425312720,etf
XS2425314429,etf
XS2425314692,etf
XS2425314932,etf
XS2425315152,etf
XS2425315236,etf
XS2425315665,etf
XS2425315749,etf
XS2425316713,etf
XS2425316804,etf
XS2425317109,etf
XS2425317448,etf
XS2425317794,etf
XS2425317877,etf
XS2425318099,etf
XS2425318412,etf
XS2425318685,etf
XS2425318768,etf
XS2425319493,etf
XS2425319659,etf
XS2425319733,etf
XS2425319816,etf
XS2425320152,etf
XS2425320236,etf
XS2425320400,etf
XS2425320665,etf
XS2425320749,etf
XS2425321390,etf
XS2425321473,etf
XS2425321556,etf
XS2425321630,etf
XS2425321804,etf
XS2425321986,etf
XS2425322018,etf
XS2425322794,etf
XS2425842106,etf
XS2425848053,etf
XS2427354985,etf
XS2427355958,etf
XS2427362145,etf
XS2427363036,etf
XS2427363895,etf
XS2427474023,etf
XS2434891219,etf
XS2435549261,etf
XS2435550947,etf
XS2435551598,etf
XS2437455608,etf
XS2472195101,etf
XS2472195283,etf
XS2472195366,etf
XS2472195440,etf
XS2472195952,etf
XS2472196257,etf
XS2472196414,etf
XS2472196505,etf
XS2472196687,etf
XS2472196844,etf
XS2472196927,etf
XS2472197065,etf
XS2472197149,etf
XS2472331995,etf
XS2472332290,etf
XS2472333348,etf
XS2472334239,etf
XS2497911219,etf
XS2531767502,etf
XS2531767767,etf
XS2575914176,etf
XS2583354498,etf
XS2595366340,etf
XS2595670501,etf
XS2595671657,etf
XS2595671814,etf
XS2595671905,etf
XS2595672036,etf
XS2595672382,etf
XS2595672549,etf
XS2595672895,etf
XS2595673190,etf
XS2595673786,etf
XS2595675302,etf
XS2595675567,etf
XS2595675641,etf
XS2595675724,etf
XS2596085972,etf
XS2596086350,etf
XS2596087242,etf
XS2596087671,etf
XS2602441086,etf
XS2617255760,etf
XS2620728274,etf
XS2637076568,etf
XS2637077020,etf
XS2637077533,etf
XS2656469561,etf
XS2656472193,etf
XS2662640627,etf
XS2662640973,etf
XS2662641195,etf
XS2663694680,etf
XS2663694847,etf
XS2663695067,etf
XS2665005059,etf
XS2671672223,etf
XS2671672819,etf
XS2671672900,etf
XS2675292218,etf
XS2675292309,etf
XS2675718139,etf
XS2675718642,etf
XS2675739135,etf
XS2679084603,etf
XS2679090162,etf
XS2679091996,etf
XS2691006303,etf
XS2691035823,etf
XS2691036805,etf
XS2691037282,etf
XS2691037878,etf
XS2691038843,etf
XS2698604308,etf
XS2698604563,etf
XS2702787875,etf
XS2703639117,etf
XS2703639893,etf
XS2703640123,etf
XS2706221277,etf
XS2708145227,etf
XS2708145573,etf
XS2708145904,etf
XS2710197422,etf
XS2710197851,etf
XS2710197935,etf
XS2712623888,etf
XS2712624423,etf
XS2712624696,etf
XS2712624779,etf
XS2722160020,etf
XS2722160707,etf
XS2722161424,etf
XS2734938835,etf
XS2757381400,etf
XS2757381749,etf
XS2771500696,etf
XS2771502718,etf
XS2771503104,etf
XS2771611840,etf
XS2771642134,etf
XS2771642308,etf
XS2771642720,etf
XS2771643025,etf
XS2779861082,etf
XS2779861249,etf
XS2779861595,etf
XS2779861751,etf
XS2788042245,etf
XS2800709128,etf
XS2800709557,etf
XS2819843223,etf
XS2819843736,etf
XS2819843900,etf
XS2819844031,etf
XS2819844387,etf
XS2820604770,etf
XS2820604853,etf
XS2820605157,etf
XS2820605314,etf
XS2836701123,etf
XS2838543614,etf
XS2842095320,etf
XS2842095676,etf
XS2842095759,etf
XS2846982663,etf
XS2846983042,etf
XS2852999429,etf
XS2852999692,etf
XS2852999775,etf
XS2856105833,etf
XS2856106302,etf
XS2856106567,etf
XS2872232850,etf
XS2872233403,etf
XS2875105608,etf
XS2875106242,etf
XS2879867773,etf
XS2892961827,etf
XS2892962718,etf
XS2892963286,etf
XS2901884408,etf
XS2901884663,etf
XS2901885041,etf
XS2901885553,etf
XS2901886288,etf
XS2901886445,etf
XS2937253818,etf
XS2940466316,etf
XS2944874416,etf
XS2944878912,etf
XS2944880066,etf
XS2944886188,etf
XS2944886931,etf
XS2944889109,etf
XS2970736307,etf
XS2970736489,etf
XS3003323741,etf
XS3003324129,etf
XS3003325795,etf
XS3005160091,etf
XS3005160257,etf
XS3022291473,etf
XS3035884850,etf
XS3037640110,etf
XS3060315465,etf
XS3060315895,etf
XS3068761710,etf
XS3068771271,etf
XS3068774614,etf
XS3068774887,etf
XS3068775009,etf
XS3068775264,etf
XS3068775694,etf
XS3068776312,etf
XS3068776585,etf
XS3068777393,etf
XS3068786386,etf
XS3068786543,etf
XS3068786626,etf
XS3068786972,etf
XS3068788838,etf
XS3068789307,etf
XS3068789562,etf
XS3068789729,etf
XS3068790065,etf
XS3068790222,etf
XS3068790651,etf
XS3068791030,etf
XS3069873134,etf
XS3069876582,etf
XS3069877556,etf
XS3069879768,etf
XS3072228334,etf
XS3075487044,etf
XS3075487556,etf
XS3075487713,etf
XS3075487986,etf
XS3081791413,etf
XS3081792064,etf
XS3087774306,etf
XS3091646797,etf
XS3091654114,etf
XS3091657307,etf
XS3091657729,etf
XS3091985815,etf
XS3107205695,etf
XS3107206156,etf
XS3135031279,etf
XS3135032160,etf
XS3142919219,etf
XS3145731611,etf
XS3151431957,etf
XS3151433813,etf
XS3172423520,etf
XS3196138112,etf
XS3216520422,etf
XS3218061631,etf
XS3231934442,etf
XS3231939599,etf
XS3246964079,etf
XS3246967098,etf
XS3269544030,structured
XS3299458714,etf
XS3299459951,etf
XS3299460611,etf
XS3299460702,etf
XS3299460884,etf
XS3299460967,etf
XS3299461189,etf
XS3299461262,etf
XS3299461346,etf
XS3299461692,etf
XS3299462070,etf
XS3299462153,etf
XS3299463045,etf
XS3299463128,etf
XS3299464019,etf
XS3299464100,etf
XS3299464282,etf
XS3299464365,etf
XS3299464795,etf
XS3299464951,etf
XS3299465099,etf
XS3299465172,etf
XS3299465412,etf
XS3299465503,etf
XS3299465768,etf
XS3299466063,etf
XS3299466147,etf
XS3299466220,etf
XS3299466493,etf
XS3299466816,etf
XS3299467897,etf
XS3299468515,etf
XS3299468788,etf
XS3299468861,etf
XS3299468945,etf
XS3299469083,etf
XS3299469166,etf
XS3299469323,etf
XS3299469679,etf
XS3299469752,etf
XS3299469919,etf
XS3299470099,etf
XS3299470172,etf
XS3299470339,etf
XS3299470503,etf
XS3299470768,etf
XS3299470842,etf
XS3302918423,etf
XS3304269429,etf
XS3304270351,etf
XS3306516876,etf
XS3306516959,etf
XS3306517098,etf
XS3306517338,etf
XS3306517502,etf
XS3306517924,etf
XS3306518492,etf
XS3306518658,etf
XS3306519201,etf
XS3306519896,etf
XS3308592610,etf
XS3323626740,etf
XS3324655540,etf
XS3330165328,etf
XS3332092090,etf
XS3337011384,etf
XS3337011541,etf
XS3337012515,etf
XS3337012861,etf
XS3337013166,etf
XS3337051174,etf
XS3337099884,etf
XS3337164027,etf
XS3337171154,etf
XS3337173440,etf
XS3337192234,etf
XS3337192408,etf
XS3337205077,etf
XS3337307741,etf
XS3337373370,etf
XS3337373701,etf
XS3337373966,etf
XS3337374261,etf
XS3337374691,etf
XS3337374774,etf
XS3337375078,etf
XS3343238971,etf
XS3373414203,structured
XS3373438483,structured
XS3373440034,structured
XS3373449761,etf
XS3384723154,structured
XS3388189477,etf
XS3388190053,etf
XS3388190301,etf
XS3388190996,etf
XS3388191457,etf
XS3388191531,etf
XS3393942290,etf
XS3408769977,etf
XS3415294688,etf
XS3415294928,etf
XS3415295149,etf
XS3415295495,etf
XS3415295578,etf
XS3415295651,etf
XS3415296899,etf
XS3415297350,etf
XS3415298085,etf
XS3415298242,etf
XS3420365036,etf
XS3430764525,etf
XS3430765092,etf
XS3430765258,etf
XS3447535397,etf
ZAE000027108,etf
ZAE000036356,etf
ZAE000036364,etf
ZAE000060067,etf
ZAE000078622,etf
ZAE000102018,etf
ZAE000126033,etf
ZAE000162541,etf
ZAE000162558,etf
ZAE000162566,etf
ZAE000162590,etf
ZAE000162608,etf
ZAE000177580,etf
ZAE000182507,etf
ZAE000182523,etf
ZAE000182531,etf
ZAE000182556,etf
ZAE000204327,etf
ZAE000210787,etf
ZAE000234977,etf
ZAE000240123,etf
ZAE000240131,etf
ZAE000246104,etf
ZAE000246633,etf
ZAE000246641,etf
ZAE000247987,etf
ZAE000249512,etf
ZAE000249520,etf
ZAE000249538,etf
ZAE000249546,etf
ZAE000249553,etf
ZAE000251179,etf
ZAE000251351,etf
ZAE000251369,etf
ZAE000251377,etf
ZAE000252433,etf
ZAE000254249,etf
ZAE000255055,etf
ZAE000255063,etf
ZAE000255170,etf
ZAE000255188,etf
ZAE000255196,etf
ZAE000256301,etf
ZAE000264008,etf
ZAE000268660,etf
ZAE000268694,etf
ZAE000273165,etf
ZAE000278446,etf
ZAE000279212,etf
ZAE000279238,etf
ZAE000285433,etf
ZAE000285441,etf
ZAE000285862,etf
ZAE000288361,etf
ZAE000289526,etf
ZAE000289948,etf
ZAE000289963,etf
ZAE000291142,etf
ZAE000291159,etf
ZAE000291167,etf
ZAE000291175,etf
ZAE000291183,etf
ZAE000291191,etf
ZAE000291209,etf
ZAE000291217,etf
ZAE000291225,etf
ZAE000291233,etf
ZAE000291241,etf
ZAE000291258,etf
ZAE000291266,etf
ZAE000291274,etf
ZAE000291282,etf
ZAE000291290,etf
ZAE000291308,etf
ZAE000291340,etf
ZAE000291373,etf
ZAE000291381,etf
ZAE000293445,etf
ZAE000293452,etf
ZAE000293494,etf
ZAE000293528,etf
ZAE000293536,etf
ZAE000293544,etf
ZAE000293551,etf
ZAE000293569,etf
ZAE000293577,etf
ZAE000293593,etf
ZAE000293601,etf
ZAE000293619,etf
ZAE000293627,etf
ZAE000293635,etf
ZAE000296778,etf
ZAE000297776,etf
ZAE000297792,etf
ZAE000300349,etf
ZAE000300356,etf
ZAE000300380,etf
ZAE000300398,etf
ZAE000300489,etf
ZAE000300497,etf
ZAE000300521,etf
ZAE000301586,etf
ZAE000303103,etf
ZAE000303111,etf
ZAE000303129,etf
ZAE000303137,etf
ZAE000303145,etf
ZAE000303905,etf
ZAE000306924,etf
ZAE000309159,etf
ZAE000312245,etf
ZAE000313391,etf
ZAE000313409,etf
ZAE000316162,etf
ZAE000316659,etf
ZAE000318275,etf
ZAE000318283,etf
ZAE000318325,etf
ZAE000318333,etf
ZAE000318614,etf
ZAE000318887,etf
ZAE000318903,etf
ZAE000320784,etf
ZAE000320792,etf
ZAE000320990,etf
ZAE000322186,etf
ZAE000322483,etf
ZAE000325510,etf
ZAE000327870,etf
ZAE000328407,etf
ZAE000328415,etf
ZAE000330452,etf
ZAE000330494,etf
ZAE000330551,etf
ZAE000331021,etf
ZAE000331708,etf
ZAE000331716,etf
ZAE000331724,etf
ZAE000331732,etf
ZAE000331849,etf
ZAE000334157,etf
ZAE000334413,etf
ZAE000334421,etf
ZAE000334439,etf
ZAE000334447,etf
ZAE000334454,etf
ZAE000334462,etf
ZAE000336319,etf
ZAE000337119,etf
ZAE000337135,etf
ZAE000337143,etf
ZAE000337150,etf
ZAE000337168,etf
ZAE000337176,etf
ZAE000338000,etf
ZAE000338216,etf
ZAE000338406,etf
ZAE000338786,etf
ZAE000339180,etf
ZAE000339206,etf
ZAE000339230,etf
ZAE000340022,etf
ZAE000340444,etf
ZAE000340576,etf
ZAE000340642,etf
ZAE000341509,etf
ZAE000341616,etf
ZAE000342127,etf
ZAE000343281,etf
ZAE000343307,etf
ZAE000343372,etf
ZAE000343489,etf
ZAE000343497,etf
ZAE000344974,etf
ZAE000345633,etf
ZAE000345641,etf
ZAE000345666,etf
ZAE000345674,etf
ZAE000345682,etf
ZAE000345690,etf
ZAE000345708,etf
ZAE000345716,etf
ZAE000345724,etf
ZAE000345732,etf
ZAE000345740,etf
ZAE000345864,etf
ZAE000345872,etf
ZAE000345880,etf
ZAE000345898,etf
ZAE000346813,etf
ZAE000346920,etf
ZAE000347043,etf
ZAE000350807,etf
ZAE000353934,etf
ZAE000354932,etf
ZAE000355475,etf
ZAE000355574,etf
ZAE000355962,etf
ZAE000356044,etf
ZAE000356119,etf
ZAE000356432,etf
ZAE000356580,etf
ZAE000357125,etf
ZAE000357992,etf
ZAE000358404,etf
ZAE000358883,etf
ZAE000360442,etf
ZAE000360673,etf
ZAE000360970,etf
ZAE000360988,etf
ZAE000361002,etf
ZAE000361028,etf
ZAE000361069,etf
ZAE000361077,etf
ZAE000361085,etf
ZAE000361283,etf
ZAE000361689,etf
ZAE000366019,etf
